rpm,speed_kmh,gear,throttle_pct,brake,drs,Source,distance_m,Date_pos,Status,x,y,z,Source_pos,SessionTime_pos,season,circuit,event_name,driver,driver_number,team,finish_position,lap_number,lap_time_seconds,compound,time_seconds,session_time_seconds
11543.0,290.0,7,100.0,False,0,car,40.6,,,,,,,,2025,Austria,Austrian Grand Prix,NOR,4,McLaren,1.0,61.0,68.272,MEDIUM,0.504,8606.826
11656.0,290.0,7,99.0,False,0,car,63.15555555555556,,,,,,,,2025,Austria,Austrian Grand Prix,NOR,4,McLaren,1.0,61.0,68.272,MEDIUM,0.784,8607.106
11770.0,294.0,7,100.0,False,0,car,79.4888888888889,,,,,,,,2025,Austria,Austrian Grand Prix,NOR,4,McLaren,1.0,61.0,68.272,MEDIUM,0.984,8607.306
11787.0,295.0,7,100.0,False,0,car,92.6,,,,,,,,2025,Austria,Austrian Grand Prix,NOR,4,McLaren,1.0,61.0,68.272,MEDIUM,1.144,8607.466
10387.0,297.0,7,100.0,False,0,car,109.10000000000001,,,,,,,,2025,Austria,Austrian Grand Prix,NOR,4,McLaren,1.0,61.0,68.272,MEDIUM,1.344,8607.666
10627.0,301.0,8,100.0,False,0,car,139.2,,,,,,,,2025,Austria,Austrian Grand Prix,NOR,4,McLaren,1.0,61.0,68.272,MEDIUM,1.704,8608.026
10722.0,302.0,8,100.0,False,0,car,162.68888888888887,,,,,,,,2025,Austria,Austrian Grand Prix,NOR,4,McLaren,1.0,61.0,68.272,MEDIUM,1.984,8608.306
10672.0,306.0,8,100.0,False,0,car,193.28888888888886,,,,,,,,2025,Austria,Austrian Grand Prix,NOR,4,McLaren,1.0,61.0,68.272,MEDIUM,2.344,8608.666
10710.0,304.0,8,100.0,False,0,car,216.93333333333334,,,,,,,,2025,Austria,Austrian Grand Prix,NOR,4,McLaren,1.0,61.0,68.272,MEDIUM,2.624,8608.946
10686.0,303.0,8,100.0,False,0,car,233.76666666666665,,,,,,,,2025,Austria,Austrian Grand Prix,NOR,4,McLaren,1.0,61.0,68.272,MEDIUM,2.824,8609.146
10673.0,303.0,8,100.0,False,0,car,253.96666666666667,,,,,,,,2025,Austria,Austrian Grand Prix,NOR,4,McLaren,1.0,61.0,68.272,MEDIUM,3.064,8609.386
10599.0,302.0,8,100.0,False,0,car,280.8111111111111,,,,,,,,2025,Austria,Austrian Grand Prix,NOR,4,McLaren,1.0,61.0,68.272,MEDIUM,3.384,8609.706
10324.0,301.0,8,21.0,False,0,car,297.5333333333333,,,,,,,,2025,Austria,Austrian Grand Prix,NOR,4,McLaren,1.0,61.0,68.272,MEDIUM,3.584,8609.906
11167.0,284.0,7,0.0,True,0,car,325.9333333333333,,,,,,,,2025,Austria,Austrian Grand Prix,NOR,4,McLaren,1.0,61.0,68.272,MEDIUM,3.944,8610.266
11092.0,264.0,7,0.0,True,0,car,337.66666666666663,,,,,,,,2025,Austria,Austrian Grand Prix,NOR,4,McLaren,1.0,61.0,68.272,MEDIUM,4.104,8610.426
11260.0,218.0,6,0.0,True,0,car,364.311111111111,,,,,,,,2025,Austria,Austrian Grand Prix,NOR,4,McLaren,1.0,61.0,68.272,MEDIUM,4.544,8610.866
11242.0,172.0,4,0.0,True,0,car,387.1966666666666,,,,,,,,2025,Austria,Austrian Grand Prix,NOR,4,McLaren,1.0,61.0,68.272,MEDIUM,5.023,8611.345
11047.0,165.0,4,0.0,True,0,car,394.5299999999999,,,,,,,,2025,Austria,Austrian Grand Prix,NOR,4,McLaren,1.0,61.0,68.272,MEDIUM,5.183,8611.505
10605.0,153.0,3,0.0,True,0,car,401.3299999999999,,,,,,,,2025,Austria,Austrian Grand Prix,NOR,4,McLaren,1.0,61.0,68.272,MEDIUM,5.343,8611.665
10161.0,146.0,3,0.0,True,0,car,407.8188888888888,,,,,,,,2025,Austria,Austrian Grand Prix,NOR,4,McLaren,1.0,61.0,68.272,MEDIUM,5.503,8611.825
9821.0,139.0,3,0.0,True,0,car,415.54111111111104,,,,,,,,2025,Austria,Austrian Grand Prix,NOR,4,McLaren,1.0,61.0,68.272,MEDIUM,5.703,8612.025
9270.0,134.0,3,0.0,True,0,car,424.4744444444443,,,,,,,,2025,Austria,Austrian Grand Prix,NOR,4,McLaren,1.0,61.0,68.272,MEDIUM,5.943,8612.265
9208.0,128.0,3,0.0,False,0,car,433.0077777777777,,,,,,,,2025,Austria,Austrian Grand Prix,NOR,4,McLaren,1.0,61.0,68.272,MEDIUM,6.183,8612.505
9428.0,127.0,3,31.0,False,0,car,441.4744444444444,,,,,,,,2025,Austria,Austrian Grand Prix,NOR,4,McLaren,1.0,61.0,68.272,MEDIUM,6.423,8612.745
9847.0,131.0,3,49.0,False,0,car,457.4855555555555,,,,,,,,2025,Austria,Austrian Grand Prix,NOR,4,McLaren,1.0,61.0,68.272,MEDIUM,6.863,8613.185
10836.0,144.0,3,80.0,False,0,car,473.52555555555546,,,,,,,,2025,Austria,Austrian Grand Prix,NOR,4,McLaren,1.0,61.0,68.272,MEDIUM,7.264,8613.586
11672.0,155.0,3,96.0,False,0,car,485.581111111111,,,,,,,,2025,Austria,Austrian Grand Prix,NOR,4,McLaren,1.0,61.0,68.272,MEDIUM,7.544,8613.866
10870.0,169.0,4,99.0,False,0,car,498.72555555555545,,,,,,,,2025,Austria,Austrian Grand Prix,NOR,4,McLaren,1.0,61.0,68.272,MEDIUM,7.824,8614.146
11269.0,177.0,4,100.0,False,0,car,508.55888888888876,,,,,,,,2025,Austria,Austrian Grand Prix,NOR,4,McLaren,1.0,61.0,68.272,MEDIUM,8.024,8614.346
11516.0,181.0,4,100.0,False,0,car,516.6033333333332,,,,,,,,2025,Austria,Austrian Grand Prix,NOR,4,McLaren,1.0,61.0,68.272,MEDIUM,8.184,8614.506
10469.0,197.0,4,100.0,False,0,car,536.3033333333333,,,,,,,,2025,Austria,Austrian Grand Prix,NOR,4,McLaren,1.0,61.0,68.272,MEDIUM,8.544,8614.866
11138.0,208.0,5,100.0,False,0,car,557.1033333333332,,,,,,,,2025,Austria,Austrian Grand Prix,NOR,4,McLaren,1.0,61.0,68.272,MEDIUM,8.904,8615.226
11440.0,217.0,5,100.0,False,0,car,569.1588888888888,,,,,,,,2025,Austria,Austrian Grand Prix,NOR,4,McLaren,1.0,61.0,68.272,MEDIUM,9.104,8615.426
11719.0,220.0,5,100.0,False,0,car,578.9366666666666,,,,,,,,2025,Austria,Austrian Grand Prix,NOR,4,McLaren,1.0,61.0,68.272,MEDIUM,9.264,8615.586
10622.0,228.0,6,100.0,False,0,car,594.1366666666667,,,,,,,,2025,Austria,Austrian Grand Prix,NOR,4,McLaren,1.0,61.0,68.272,MEDIUM,9.504,8615.826
10907.0,236.0,6,100.0,False,0,car,617.7366666666667,,,,,,,,2025,Austria,Austrian Grand Prix,NOR,4,McLaren,1.0,61.0,68.272,MEDIUM,9.864,8616.186
11228.0,243.0,6,100.0,False,0,car,639.3366666666666,,,,,,,,2025,Austria,Austrian Grand Prix,NOR,4,McLaren,1.0,61.0,68.272,MEDIUM,10.184,8616.506
11494.0,251.0,6,100.0,False,0,car,664.4366666666667,,,,,,,,2025,Austria,Austrian Grand Prix,NOR,4,McLaren,1.0,61.0,68.272,MEDIUM,10.544,8616.866
11171.0,260.0,6,100.0,False,0,car,699.1033333333332,,,,,,,,2025,Austria,Austrian Grand Prix,NOR,4,McLaren,1.0,61.0,68.272,MEDIUM,11.024,8617.346
10588.0,263.0,7,100.0,False,0,car,713.7144444444444,,,,,,,,2025,Austria,Austrian Grand Prix,NOR,4,McLaren,1.0,61.0,68.272,MEDIUM,11.224,8617.546
10812.0,270.0,7,100.0,False,0,car,743.6394444444444,,,,,,,,2025,Austria,Austrian Grand Prix,NOR,4,McLaren,1.0,61.0,68.272,MEDIUM,11.623,8617.945
11009.0,274.0,7,100.0,False,0,car,771.0394444444445,,,,,,,,2025,Austria,Austrian Grand Prix,NOR,4,McLaren,1.0,61.0,68.272,MEDIUM,11.983,8618.305
11068.0,276.0,7,100.0,False,0,car,783.3061111111111,,,,,,,,2025,Austria,Austrian Grand Prix,NOR,4,McLaren,1.0,61.0,68.272,MEDIUM,12.143,8618.465
11210.0,278.0,7,100.0,False,0,car,801.8394444444443,,,,,,,,2025,Austria,Austrian Grand Prix,NOR,4,McLaren,1.0,61.0,68.272,MEDIUM,12.383,8618.705
11276.0,281.0,7,100.0,False,0,car,814.3283333333333,,,,,,,,2025,Austria,Austrian Grand Prix,NOR,4,McLaren,1.0,61.0,68.272,MEDIUM,12.543,8618.865
11419.0,285.0,7,100.0,False,0,car,842.8283333333334,,,,,,,,2025,Austria,Austrian Grand Prix,NOR,4,McLaren,1.0,61.0,68.272,MEDIUM,12.903,8619.225
11483.0,286.0,7,100.0,False,0,car,855.5394444444445,,,,,,,,2025,Austria,Austrian Grand Prix,NOR,4,McLaren,1.0,61.0,68.272,MEDIUM,13.063,8619.385
11495.0,288.0,7,100.0,False,0,car,868.3394444444446,,,,,,,,2025,Austria,Austrian Grand Prix,NOR,4,McLaren,1.0,61.0,68.272,MEDIUM,13.223,8619.545
11611.0,291.0,7,100.0,False,0,car,890.9727777777779,,,,,,,,2025,Austria,Austrian Grand Prix,NOR,4,McLaren,1.0,61.0,68.272,MEDIUM,13.503,8619.825
11676.0,292.0,7,100.0,False,0,car,907.2761111111113,,,,,,,,2025,Austria,Austrian Grand Prix,NOR,4,McLaren,1.0,61.0,68.272,MEDIUM,13.704,8620.026
10888.0,295.0,7,100.0,False,0,car,936.7761111111113,,,,,,,,2025,Austria,Austrian Grand Prix,NOR,4,McLaren,1.0,61.0,68.272,MEDIUM,14.064,8620.386
10571.0,300.0,8,100.0,False,0,car,976.7761111111113,,,,,,,,2025,Austria,Austrian Grand Prix,NOR,4,McLaren,1.0,61.0,68.272,MEDIUM,14.544,8620.866
10783.0,305.0,8,99.0,False,0,car,1071.6650000000002,,,,,,,,2025,Austria,Austrian Grand Prix,NOR,4,McLaren,1.0,61.0,68.272,MEDIUM,15.664,8621.986
10630.0,307.0,8,99.0,False,0,car,1098.9538888888892,,,,,,,,2025,Austria,Austrian Grand Prix,NOR,4,McLaren,1.0,61.0,68.272,MEDIUM,15.984,8622.306
10751.0,306.0,8,100.0,False,0,car,1122.7538888888892,,,,,,,,2025,Austria,Austrian Grand Prix,NOR,4,McLaren,1.0,61.0,68.272,MEDIUM,16.264,8622.586
10742.0,305.0,8,99.0,False,0,car,1139.6983333333335,,,,,,,,2025,Austria,Austrian Grand Prix,NOR,4,McLaren,1.0,61.0,68.272,MEDIUM,16.464,8622.786
10718.0,305.0,8,100.0,False,0,car,1163.420555555556,,,,,,,,2025,Austria,Austrian Grand Prix,NOR,4,McLaren,1.0,61.0,68.272,MEDIUM,16.744,8623.066
10646.0,303.0,8,100.0,False,0,car,1183.6205555555562,,,,,,,,2025,Austria,Austrian Grand Prix,NOR,4,McLaren,1.0,61.0,68.272,MEDIUM,16.984,8623.306
10601.0,301.0,8,100.0,False,0,car,1203.6872222222228,,,,,,,,2025,Austria,Austrian Grand Prix,NOR,4,McLaren,1.0,61.0,68.272,MEDIUM,17.224,8623.546
10384.0,300.0,8,55.0,False,0,car,1223.6872222222225,,,,,,,,2025,Austria,Austrian Grand Prix,NOR,4,McLaren,1.0,61.0,68.272,MEDIUM,17.464,8623.786
11072.0,280.0,8,0.0,True,0,car,1251.6872222222228,,,,,,,,2025,Austria,Austrian Grand Prix,NOR,4,McLaren,1.0,61.0,68.272,MEDIUM,17.824,8624.146
9654.0,246.0,7,0.0,True,0,car,1273.553888888889,,,,,,,,2025,Austria,Austrian Grand Prix,NOR,4,McLaren,1.0,61.0,68.272,MEDIUM,18.144,8624.466
10153.0,198.0,6,0.0,True,0,car,1295.4988888888893,,,,,,,,2025,Austria,Austrian Grand Prix,NOR,4,McLaren,1.0,61.0,68.272,MEDIUM,18.543,8624.865
10276.0,163.0,5,0.0,True,0,car,1308.1766666666672,,,,,,,,2025,Austria,Austrian Grand Prix,NOR,4,McLaren,1.0,61.0,68.272,MEDIUM,18.823,8625.145
9670.0,141.0,4,0.0,True,0,car,1320.7100000000005,,,,,,,,2025,Austria,Austrian Grand Prix,NOR,4,McLaren,1.0,61.0,68.272,MEDIUM,19.143,8625.465
10199.0,121.0,2,0.0,True,0,car,1331.465555555556,,,,,,,,2025,Austria,Austrian Grand Prix,NOR,4,McLaren,1.0,61.0,68.272,MEDIUM,19.463,8625.785
9043.0,107.0,2,0.0,True,0,car,1339.787777777778,,,,,,,,2025,Austria,Austrian Grand Prix,NOR,4,McLaren,1.0,61.0,68.272,MEDIUM,19.743,8626.065
8283.0,100.0,2,0.0,True,0,car,1346.4544444444448,,,,,,,,2025,Austria,Austrian Grand Prix,NOR,4,McLaren,1.0,61.0,68.272,MEDIUM,19.983,8626.305
7528.0,89.0,2,0.0,True,0,car,1354.390277777778,,,,,,,,2025,Austria,Austrian Grand Prix,NOR,4,McLaren,1.0,61.0,68.272,MEDIUM,20.304,8626.626
7126.0,84.0,2,0.0,True,0,car,1360.9236111111113,,,,,,,,2025,Austria,Austrian Grand Prix,NOR,4,McLaren,1.0,61.0,68.272,MEDIUM,20.584,8626.906
7127.0,76.0,2,0.0,False,0,car,1365.990277777778,,,,,,,,2025,Austria,Austrian Grand Prix,NOR,4,McLaren,1.0,61.0,68.272,MEDIUM,20.824,8627.146
6384.0,72.0,2,0.0,False,0,car,1373.190277777778,,,,,,,,2025,Austria,Austrian Grand Prix,NOR,4,McLaren,1.0,61.0,68.272,MEDIUM,21.184,8627.506
6617.0,71.0,2,17.0,False,0,car,1377.9433333333336,,,,,,,,2025,Austria,Austrian Grand Prix,NOR,4,McLaren,1.0,61.0,68.272,MEDIUM,21.425,8627.747
6907.0,71.0,2,27.0,False,0,car,1382.6569444444447,,,,,,,,2025,Austria,Austrian Grand Prix,NOR,4,McLaren,1.0,61.0,68.272,MEDIUM,21.664,8627.986
7618.0,76.0,2,42.0,False,0,car,1390.2569444444446,,,,,,,,2025,Austria,Austrian Grand Prix,NOR,4,McLaren,1.0,61.0,68.272,MEDIUM,22.024,8628.346
8596.0,90.0,2,55.0,False,0,car,1401.2569444444446,,,,,,,,2025,Austria,Austrian Grand Prix,NOR,4,McLaren,1.0,61.0,68.272,MEDIUM,22.464,8628.786
9927.0,108.0,2,70.0,False,0,car,1412.0569444444448,,,,,,,,2025,Austria,Austrian Grand Prix,NOR,4,McLaren,1.0,61.0,68.272,MEDIUM,22.824,8629.146
10853.0,114.0,2,76.0,False,0,car,1418.390277777778,,,,,,,,2025,Austria,Austrian Grand Prix,NOR,4,McLaren,1.0,61.0,68.272,MEDIUM,23.024,8629.346
11681.0,125.0,2,82.0,False,0,car,1426.7236111111113,,,,,,,,2025,Austria,Austrian Grand Prix,NOR,4,McLaren,1.0,61.0,68.272,MEDIUM,23.264,8629.586
10318.0,134.0,2,87.0,False,0,car,1434.1680555555556,,,,,,,,2025,Austria,Austrian Grand Prix,NOR,4,McLaren,1.0,61.0,68.272,MEDIUM,23.464,8629.786
10810.0,143.0,3,92.0,False,0,car,1440.5236111111112,,,,,,,,2025,Austria,Austrian Grand Prix,NOR,4,McLaren,1.0,61.0,68.272,MEDIUM,23.624,8629.946
10205.0,159.0,3,100.0,False,0,car,1452.890277777778,,,,,,,,2025,Austria,Austrian Grand Prix,NOR,4,McLaren,1.0,61.0,68.272,MEDIUM,23.904,8630.226
10312.0,164.0,4,100.0,False,0,car,1460.179166666667,,,,,,,,2025,Austria,Austrian Grand Prix,NOR,4,McLaren,1.0,61.0,68.272,MEDIUM,24.064,8630.386
11014.0,177.0,4,100.0,False,0,car,1471.979166666667,,,,,,,,2025,Austria,Austrian Grand Prix,NOR,4,McLaren,1.0,61.0,68.272,MEDIUM,24.304,8630.626
10314.0,186.0,4,100.0,False,0,car,1484.379166666667,,,,,,,,2025,Austria,Austrian Grand Prix,NOR,4,McLaren,1.0,61.0,68.272,MEDIUM,24.544,8630.866
10342.0,186.0,4,100.0,False,0,car,1494.7125000000003,,,,,,,,2025,Austria,Austrian Grand Prix,NOR,4,McLaren,1.0,61.0,68.272,MEDIUM,24.744,8631.066
10847.0,201.0,5,100.0,False,0,car,1508.056666666667,,,,,,,,2025,Austria,Austrian Grand Prix,NOR,4,McLaren,1.0,61.0,68.272,MEDIUM,24.983,8631.305
11398.0,214.0,5,100.0,False,0,car,1527.0788888888892,,,,,,,,2025,Austria,Austrian Grand Prix,NOR,4,McLaren,1.0,61.0,68.272,MEDIUM,25.303,8631.625
11405.0,220.0,5,100.0,False,0,car,1539.3011111111114,,,,,,,,2025,Austria,Austrian Grand Prix,NOR,4,McLaren,1.0,61.0,68.272,MEDIUM,25.503,8631.825
10382.0,226.0,5,100.0,False,0,car,1551.8566666666668,,,,,,,,2025,Austria,Austrian Grand Prix,NOR,4,McLaren,1.0,61.0,68.272,MEDIUM,25.703,8632.025
10783.0,232.0,6,100.0,False,0,car,1572.478888888889,,,,,,,,2025,Austria,Austrian Grand Prix,NOR,4,McLaren,1.0,61.0,68.272,MEDIUM,26.023,8632.345
11230.0,242.0,6,100.0,False,0,car,1596.678888888889,,,,,,,,2025,Austria,Austrian Grand Prix,NOR,4,McLaren,1.0,61.0,68.272,MEDIUM,26.383,8632.705
11568.0,251.0,6,100.0,False,0,car,1618.9900000000002,,,,,,,,2025,Austria,Austrian Grand Prix,NOR,4,McLaren,1.0,61.0,68.272,MEDIUM,26.703,8633.025
11667.0,253.0,6,100.0,False,0,car,1630.3047222222226,,,,,,,,2025,Austria,Austrian Grand Prix,NOR,4,McLaren,1.0,61.0,68.272,MEDIUM,26.864,8633.186
11107.0,259.0,6,100.0,False,0,car,1650.4491666666668,,,,,,,,2025,Austria,Austrian Grand Prix,NOR,4,McLaren,1.0,61.0,68.272,MEDIUM,27.144,8633.466
10622.0,263.0,7,100.0,False,0,car,1670.9047222222225,,,,,,,,2025,Austria,Austrian Grand Prix,NOR,4,McLaren,1.0,61.0,68.272,MEDIUM,27.424,8633.746
10824.0,268.0,7,100.0,False,0,car,1688.7713888888893,,,,,,,,2025,Austria,Austrian Grand Prix,NOR,4,McLaren,1.0,61.0,68.272,MEDIUM,27.664,8633.986
10950.0,273.0,7,100.0,False,0,car,1706.9713888888891,,,,,,,,2025,Austria,Austrian Grand Prix,NOR,4,McLaren,1.0,61.0,68.272,MEDIUM,27.904,8634.226
11017.0,274.0,7,100.0,False,0,car,1719.1491666666668,,,,,,,,2025,Austria,Austrian Grand Prix,NOR,4,McLaren,1.0,61.0,68.272,MEDIUM,28.064,8634.386
11220.0,278.0,7,100.0,False,0,car,1746.9491666666668,,,,,,,,2025,Austria,Austrian Grand Prix,NOR,4,McLaren,1.0,61.0,68.272,MEDIUM,28.424,8634.746
11311.0,283.0,7,100.0,False,0,car,1772.1047222222223,,,,,,,,2025,Austria,Austrian Grand Prix,NOR,4,McLaren,1.0,61.0,68.272,MEDIUM,28.744,8635.066
11418.0,286.0,7,100.0,False,0,car,1794.3491666666669,,,,,,,,2025,Austria,Austrian Grand Prix,NOR,4,McLaren,1.0,61.0,68.272,MEDIUM,29.024,8635.346
11540.0,288.0,7,100.0,False,0,car,1819.9491666666668,,,,,,,,2025,Austria,Austrian Grand Prix,NOR,4,McLaren,1.0,61.0,68.272,MEDIUM,29.344,8635.666
11605.0,291.0,7,100.0,False,0,car,1832.8825000000002,,,,,,,,2025,Austria,Austrian Grand Prix,NOR,4,McLaren,1.0,61.0,68.272,MEDIUM,29.504,8635.826
11685.0,293.0,7,100.0,False,0,car,1852.4158333333335,,,,,,,,2025,Austria,Austrian Grand Prix,NOR,4,McLaren,1.0,61.0,68.272,MEDIUM,29.744,8636.066
11778.0,295.0,7,100.0,False,0,car,1878.6380555555556,,,,,,,,2025,Austria,Austrian Grand Prix,NOR,4,McLaren,1.0,61.0,68.272,MEDIUM,30.064,8636.386
11865.0,296.0,7,100.0,False,0,car,1895.0825,,,,,,,,2025,Austria,Austrian Grand Prix,NOR,4,McLaren,1.0,61.0,68.272,MEDIUM,30.264,8636.586
11934.0,299.0,7,100.0,False,0,car,1928.3047222222224,,,,,,,,2025,Austria,Austrian Grand Prix,NOR,4,McLaren,1.0,61.0,68.272,MEDIUM,30.664,8636.986
11911.0,299.0,7,100.0,False,0,car,1941.5936111111114,,,,,,,,2025,Austria,Austrian Grand Prix,NOR,4,McLaren,1.0,61.0,68.272,MEDIUM,30.824,8637.146
11898.0,299.0,7,100.0,False,0,car,1964.8491666666666,,,,,,,,2025,Austria,Austrian Grand Prix,NOR,4,McLaren,1.0,61.0,68.272,MEDIUM,31.104,8637.426
11807.0,297.0,7,100.0,False,0,car,2001.1491666666668,,,,,,,,2025,Austria,Austrian Grand Prix,NOR,4,McLaren,1.0,61.0,68.272,MEDIUM,31.544,8637.866
11792.0,296.0,7,100.0,False,0,car,2014.3047222222224,,,,,,,,2025,Austria,Austrian Grand Prix,NOR,4,McLaren,1.0,61.0,68.272,MEDIUM,31.704,8638.026
11409.0,289.0,7,0.0,True,0,car,2049.5466666666666,,,,,,,,2025,Austria,Austrian Grand Prix,NOR,4,McLaren,1.0,61.0,68.272,MEDIUM,32.143,8638.465
10258.0,262.0,7,0.0,True,0,car,2069.9244444444444,,,,,,,,2025,Austria,Austrian Grand Prix,NOR,4,McLaren,1.0,61.0,68.272,MEDIUM,32.423,8638.745
9258.0,236.0,7,0.0,True,0,car,2085.6577777777775,,,,,,,,2025,Austria,Austrian Grand Prix,NOR,4,McLaren,1.0,61.0,68.272,MEDIUM,32.663,8638.985
9777.0,213.0,6,0.0,True,0,car,2104.591111111111,,,,,,,,2025,Austria,Austrian Grand Prix,NOR,4,McLaren,1.0,61.0,68.272,MEDIUM,32.983,8639.305
10152.0,179.0,5,0.0,True,0,car,2112.5466666666666,,,,,,,,2025,Austria,Austrian Grand Prix,NOR,4,McLaren,1.0,61.0,68.272,MEDIUM,33.143,8639.465
9863.0,149.0,4,0.0,True,0,car,2132.4547222222222,,,,,,,,2025,Austria,Austrian Grand Prix,NOR,4,McLaren,1.0,61.0,68.272,MEDIUM,33.624,8639.946
9230.0,139.0,3,0.0,True,0,car,2138.6324999999997,,,,,,,,2025,Austria,Austrian Grand Prix,NOR,4,McLaren,1.0,61.0,68.272,MEDIUM,33.784,8640.106
8780.0,129.0,3,0.0,True,0,car,2145.7991666666667,,,,,,,,2025,Austria,Austrian Grand Prix,NOR,4,McLaren,1.0,61.0,68.272,MEDIUM,33.984,8640.306
7836.0,116.0,3,0.0,True,0,car,2158.6880555555554,,,,,,,,2025,Austria,Austrian Grand Prix,NOR,4,McLaren,1.0,61.0,68.272,MEDIUM,34.384,8640.706
7481.0,110.0,3,0.0,False,0,car,2167.243611111111,,,,,,,,2025,Austria,Austrian Grand Prix,NOR,4,McLaren,1.0,61.0,68.272,MEDIUM,34.664,8640.986
7197.0,106.0,3,0.0,False,0,car,2173.1324999999997,,,,,,,,2025,Austria,Austrian Grand Prix,NOR,4,McLaren,1.0,61.0,68.272,MEDIUM,34.864,8641.186
6925.0,98.0,3,0.0,False,0,car,2184.021388888889,,,,,,,,2025,Austria,Austrian Grand Prix,NOR,4,McLaren,1.0,61.0,68.272,MEDIUM,35.264,8641.586
7612.0,100.0,3,41.0,False,0,car,2195.1324999999997,,,,,,,,2025,Austria,Austrian Grand Prix,NOR,4,McLaren,1.0,61.0,68.272,MEDIUM,35.664,8641.986
7947.0,104.0,3,46.0,False,0,car,2200.9102777777775,,,,,,,,2025,Austria,Austrian Grand Prix,NOR,4,McLaren,1.0,61.0,68.272,MEDIUM,35.864,8642.186
8324.0,109.0,3,55.0,False,0,car,2208.1769444444444,,,,,,,,2025,Austria,Austrian Grand Prix,NOR,4,McLaren,1.0,61.0,68.272,MEDIUM,36.104,8642.426
9371.0,115.0,3,69.0,False,0,car,2220.9547222222222,,,,,,,,2025,Austria,Austrian Grand Prix,NOR,4,McLaren,1.0,61.0,68.272,MEDIUM,36.504,8642.826
10071.0,115.0,3,79.0,False,0,car,2228.6213888888888,,,,,,,,2025,Austria,Austrian Grand Prix,NOR,4,McLaren,1.0,61.0,68.272,MEDIUM,36.744,8643.066
10760.0,172.0,4,100.0,False,0,car,2270.6658333333335,,,,,,,,2025,Austria,Austrian Grand Prix,NOR,4,McLaren,1.0,61.0,68.272,MEDIUM,37.624,8643.946
11270.0,179.0,4,100.0,False,0,car,2282.5991666666664,,,,,,,,2025,Austria,Austrian Grand Prix,NOR,4,McLaren,1.0,61.0,68.272,MEDIUM,37.864,8644.186
10951.0,188.0,4,100.0,False,0,car,2290.9547222222222,,,,,,,,2025,Austria,Austrian Grand Prix,NOR,4,McLaren,1.0,61.0,68.272,MEDIUM,38.024,8644.346
10640.0,195.0,4,100.0,False,0,car,2303.9547222222222,,,,,,,,2025,Austria,Austrian Grand Prix,NOR,4,McLaren,1.0,61.0,68.272,MEDIUM,38.264,8644.586
11009.0,207.0,5,100.0,False,0,car,2319.9972222222223,,,,,,,,2025,Austria,Austrian Grand Prix,NOR,4,McLaren,1.0,61.0,68.272,MEDIUM,38.543,8644.865
11622.0,219.0,5,100.0,False,0,car,2341.8972222222224,,,,,,,,2025,Austria,Austrian Grand Prix,NOR,4,McLaren,1.0,61.0,68.272,MEDIUM,38.903,8645.225
10436.0,225.0,5,100.0,False,0,car,2359.3972222222224,,,,,,,,2025,Austria,Austrian Grand Prix,NOR,4,McLaren,1.0,61.0,68.272,MEDIUM,39.183,8645.505
10698.0,232.0,6,100.0,False,0,car,2374.863888888889,,,,,,,,2025,Austria,Austrian Grand Prix,NOR,4,McLaren,1.0,61.0,68.272,MEDIUM,39.423,8645.745
11014.0,239.0,6,100.0,False,0,car,2393.452777777778,,,,,,,,2025,Austria,Austrian Grand Prix,NOR,4,McLaren,1.0,61.0,68.272,MEDIUM,39.703,8646.025
11263.0,247.0,6,100.0,False,0,car,2420.965833333333,,,,,,,,2025,Austria,Austrian Grand Prix,NOR,4,McLaren,1.0,61.0,68.272,MEDIUM,40.104,8646.426
11489.0,251.0,6,100.0,False,0,car,2434.910277777778,,,,,,,,2025,Austria,Austrian Grand Prix,NOR,4,McLaren,1.0,61.0,68.272,MEDIUM,40.304,8646.626
11656.0,254.0,6,100.0,False,0,car,2451.843611111111,,,,,,,,2025,Austria,Austrian Grand Prix,NOR,4,McLaren,1.0,61.0,68.272,MEDIUM,40.544,8646.866
10341.0,259.0,6,100.0,False,0,car,2474.8658333333333,,,,,,,,2025,Austria,Austrian Grand Prix,NOR,4,McLaren,1.0,61.0,68.272,MEDIUM,40.864,8647.186
10515.0,261.0,7,100.0,False,0,car,2486.4658333333336,,,,,,,,2025,Austria,Austrian Grand Prix,NOR,4,McLaren,1.0,61.0,68.272,MEDIUM,41.024,8647.346
10542.0,264.0,7,100.0,False,0,car,2509.9325000000003,,,,,,,,2025,Austria,Austrian Grand Prix,NOR,4,McLaren,1.0,61.0,68.272,MEDIUM,41.344,8647.666
10620.0,266.0,7,100.0,False,0,car,2542.4436111111113,,,,,,,,2025,Austria,Austrian Grand Prix,NOR,4,McLaren,1.0,61.0,68.272,MEDIUM,41.784,8648.106
10688.0,266.0,7,100.0,False,0,car,2557.221388888889,,,,,,,,2025,Austria,Austrian Grand Prix,NOR,4,McLaren,1.0,61.0,68.272,MEDIUM,41.984,8648.306
10327.0,262.0,7,0.0,True,0,car,2583.421388888889,,,,,,,,2025,Austria,Austrian Grand Prix,NOR,4,McLaren,1.0,61.0,68.272,MEDIUM,42.344,8648.666
10682.0,242.0,7,0.0,True,0,car,2602.243611111111,,,,,,,,2025,Austria,Austrian Grand Prix,NOR,4,McLaren,1.0,61.0,68.272,MEDIUM,42.624,8648.946
11640.0,228.0,6,0.0,True,0,car,2614.9102777777775,,,,,,,,2025,Austria,Austrian Grand Prix,NOR,4,McLaren,1.0,61.0,68.272,MEDIUM,42.824,8649.146
10896.0,214.0,5,0.0,True,0,car,2631.554722222222,,,,,,,,2025,Austria,Austrian Grand Prix,NOR,4,McLaren,1.0,61.0,68.272,MEDIUM,43.104,8649.426
10687.0,205.0,5,0.0,True,0,car,2645.221388888889,,,,,,,,2025,Austria,Austrian Grand Prix,NOR,4,McLaren,1.0,61.0,68.272,MEDIUM,43.344,8649.666
10167.0,199.0,5,0.0,True,0,car,2654.0658333333336,,,,,,,,2025,Austria,Austrian Grand Prix,NOR,4,McLaren,1.0,61.0,68.272,MEDIUM,43.504,8649.826
9847.0,193.0,5,0.0,False,0,car,2666.9325000000003,,,,,,,,2025,Austria,Austrian Grand Prix,NOR,4,McLaren,1.0,61.0,68.272,MEDIUM,43.744,8650.066
9464.0,190.0,5,0.0,False,0,car,2679.5991666666673,,,,,,,,2025,Austria,Austrian Grand Prix,NOR,4,McLaren,1.0,61.0,68.272,MEDIUM,43.984,8650.306
9297.0,178.0,5,23.0,False,0,car,2695.4213888888894,,,,,,,,2025,Austria,Austrian Grand Prix,NOR,4,McLaren,1.0,61.0,68.272,MEDIUM,44.304,8650.626
9505.0,179.0,5,57.0,False,0,car,2707.3547222222223,,,,,,,,2025,Austria,Austrian Grand Prix,NOR,4,McLaren,1.0,61.0,68.272,MEDIUM,44.544,8650.866
9699.0,180.0,5,64.0,False,0,car,2719.3547222222223,,,,,,,,2025,Austria,Austrian Grand Prix,NOR,4,McLaren,1.0,61.0,68.272,MEDIUM,44.784,8651.106
9961.0,185.0,5,72.0,False,0,car,2733.7436111111115,,,,,,,,2025,Austria,Austrian Grand Prix,NOR,4,McLaren,1.0,61.0,68.272,MEDIUM,45.064,8651.386
10085.0,187.0,5,76.0,False,0,car,2742.0547222222226,,,,,,,,2025,Austria,Austrian Grand Prix,NOR,4,McLaren,1.0,61.0,68.272,MEDIUM,45.224,8651.546
10510.0,195.0,5,83.0,False,0,car,2763.667222222223,,,,,,,,2025,Austria,Austrian Grand Prix,NOR,4,McLaren,1.0,61.0,68.272,MEDIUM,45.623,8651.945
10784.0,201.0,5,89.0,False,0,car,2774.8338888888898,,,,,,,,2025,Austria,Austrian Grand Prix,NOR,4,McLaren,1.0,61.0,68.272,MEDIUM,45.823,8652.145
11092.0,203.0,5,96.0,False,0,car,2783.8561111111117,,,,,,,,2025,Austria,Austrian Grand Prix,NOR,4,McLaren,1.0,61.0,68.272,MEDIUM,45.983,8652.305
11337.0,211.0,5,99.0,False,0,car,2797.9227777777783,,,,,,,,2025,Austria,Austrian Grand Prix,NOR,4,McLaren,1.0,61.0,68.272,MEDIUM,46.223,8652.545
11717.0,219.0,5,99.0,False,0,car,2815.016944444445,,,,,,,,2025,Austria,Austrian Grand Prix,NOR,4,McLaren,1.0,61.0,68.272,MEDIUM,46.504,8652.826
10518.0,226.0,6,100.0,False,0,car,2837.616944444445,,,,,,,,2025,Austria,Austrian Grand Prix,NOR,4,McLaren,1.0,61.0,68.272,MEDIUM,46.864,8653.186
10777.0,232.0,6,100.0,False,0,car,2847.928055555556,,,,,,,,2025,Austria,Austrian Grand Prix,NOR,4,McLaren,1.0,61.0,68.272,MEDIUM,47.024,8653.346
10964.0,237.0,6,100.0,False,0,car,2863.7280555555562,,,,,,,,2025,Austria,Austrian Grand Prix,NOR,4,McLaren,1.0,61.0,68.272,MEDIUM,47.264,8653.586
11163.0,245.0,6,100.0,False,0,car,2880.0613888888893,,,,,,,,2025,Austria,Austrian Grand Prix,NOR,4,McLaren,1.0,61.0,68.272,MEDIUM,47.504,8653.826
11248.0,245.0,6,100.0,False,0,car,2890.9502777777784,,,,,,,,2025,Austria,Austrian Grand Prix,NOR,4,McLaren,1.0,61.0,68.272,MEDIUM,47.664,8653.986
11214.0,247.0,6,85.0,False,0,car,2907.416944444445,,,,,,,,2025,Austria,Austrian Grand Prix,NOR,4,McLaren,1.0,61.0,68.272,MEDIUM,47.904,8654.226
10819.0,247.0,6,0.0,True,0,car,2918.3947222222228,,,,,,,,2025,Austria,Austrian Grand Prix,NOR,4,McLaren,1.0,61.0,68.272,MEDIUM,48.064,8654.386
11799.0,236.0,6,0.0,True,0,car,2934.1280555555563,,,,,,,,2025,Austria,Austrian Grand Prix,NOR,4,McLaren,1.0,61.0,68.272,MEDIUM,48.304,8654.626
11812.0,231.0,5,0.0,True,0,car,2944.3947222222228,,,,,,,,2025,Austria,Austrian Grand Prix,NOR,4,McLaren,1.0,61.0,68.272,MEDIUM,48.464,8654.786
11461.0,224.0,5,0.0,True,0,car,2956.8391666666676,,,,,,,,2025,Austria,Austrian Grand Prix,NOR,4,McLaren,1.0,61.0,68.272,MEDIUM,48.664,8654.986
10938.0,214.0,5,0.0,True,0,car,2971.1058333333344,,,,,,,,2025,Austria,Austrian Grand Prix,NOR,4,McLaren,1.0,61.0,68.272,MEDIUM,48.904,8655.226
10704.0,207.0,5,0.0,False,0,car,2984.905833333334,,,,,,,,2025,Austria,Austrian Grand Prix,NOR,4,McLaren,1.0,61.0,68.272,MEDIUM,49.144,8655.466
10416.0,204.0,5,8.0,False,0,car,2993.972500000001,,,,,,,,2025,Austria,Austrian Grand Prix,NOR,4,McLaren,1.0,61.0,68.272,MEDIUM,49.304,8655.626
10429.0,198.0,5,49.0,False,0,car,3007.172500000001,,,,,,,,2025,Austria,Austrian Grand Prix,NOR,4,McLaren,1.0,61.0,68.272,MEDIUM,49.544,8655.866
10683.0,200.0,5,76.0,False,0,car,3022.7280555555567,,,,,,,,2025,Austria,Austrian Grand Prix,NOR,4,McLaren,1.0,61.0,68.272,MEDIUM,49.824,8656.146
11147.0,207.0,5,99.0,False,0,car,3045.7280555555567,,,,,,,,2025,Austria,Austrian Grand Prix,NOR,4,McLaren,1.0,61.0,68.272,MEDIUM,50.224,8656.546
11377.0,210.0,5,99.0,False,0,car,3055.06138888889,,,,,,,,2025,Austria,Austrian Grand Prix,NOR,4,McLaren,1.0,61.0,68.272,MEDIUM,50.384,8656.706
11653.0,216.0,5,99.0,False,0,car,3076.66138888889,,,,,,,,2025,Austria,Austrian Grand Prix,NOR,4,McLaren,1.0,61.0,68.272,MEDIUM,50.744,8657.066
11980.0,223.0,5,99.0,False,0,car,3086.5725000000016,,,,,,,,2025,Austria,Austrian Grand Prix,NOR,4,McLaren,1.0,61.0,68.272,MEDIUM,50.904,8657.226
10660.0,227.0,5,99.0,False,0,car,3104.2280555555567,,,,,,,,2025,Austria,Austrian Grand Prix,NOR,4,McLaren,1.0,61.0,68.272,MEDIUM,51.184,8657.506
11131.0,238.0,6,100.0,False,0,car,3133.316944444446,,,,,,,,2025,Austria,Austrian Grand Prix,NOR,4,McLaren,1.0,61.0,68.272,MEDIUM,51.624,8657.946
11379.0,245.0,6,100.0,False,0,car,3163.193333333335,,,,,,,,2025,Austria,Austrian Grand Prix,NOR,4,McLaren,1.0,61.0,68.272,MEDIUM,52.063,8658.385
11435.0,249.0,6,100.0,False,0,car,3174.2600000000016,,,,,,,,2025,Austria,Austrian Grand Prix,NOR,4,McLaren,1.0,61.0,68.272,MEDIUM,52.223,8658.545
11655.0,252.0,6,100.0,False,0,car,3191.0600000000018,,,,,,,,2025,Austria,Austrian Grand Prix,NOR,4,McLaren,1.0,61.0,68.272,MEDIUM,52.463,8658.785
10911.0,257.0,6,100.0,False,0,car,3213.904444444446,,,,,,,,2025,Austria,Austrian Grand Prix,NOR,4,McLaren,1.0,61.0,68.272,MEDIUM,52.783,8659.105
10514.0,260.0,7,100.0,False,0,car,3231.2377777777797,,,,,,,,2025,Austria,Austrian Grand Prix,NOR,4,McLaren,1.0,61.0,68.272,MEDIUM,53.023,8659.345
10605.0,264.0,7,100.0,False,0,car,3245.977777777779,,,,,,,,2025,Austria,Austrian Grand Prix,NOR,4,McLaren,1.0,61.0,68.272,MEDIUM,53.224,8659.546
10764.0,267.0,7,100.0,False,0,car,3263.777777777779,,,,,,,,2025,Austria,Austrian Grand Prix,NOR,4,McLaren,1.0,61.0,68.272,MEDIUM,53.464,8659.786
10865.0,270.0,7,100.0,False,0,car,3275.7777777777796,,,,,,,,2025,Austria,Austrian Grand Prix,NOR,4,McLaren,1.0,61.0,68.272,MEDIUM,53.624,8659.946
10942.0,273.0,7,100.0,False,0,car,3293.9777777777795,,,,,,,,2025,Austria,Austrian Grand Prix,NOR,4,McLaren,1.0,61.0,68.272,MEDIUM,53.864,8660.186
11134.0,278.0,7,100.0,False,0,car,3321.777777777779,,,,,,,,2025,Austria,Austrian Grand Prix,NOR,4,McLaren,1.0,61.0,68.272,MEDIUM,54.224,8660.546
11239.0,280.0,7,100.0,False,0,car,3337.333333333335,,,,,,,,2025,Austria,Austrian Grand Prix,NOR,4,McLaren,1.0,61.0,68.272,MEDIUM,54.424,8660.746
11296.0,282.0,7,100.0,False,0,car,3356.133333333335,,,,,,,,2025,Austria,Austrian Grand Prix,NOR,4,McLaren,1.0,61.0,68.272,MEDIUM,54.664,8660.986
11399.0,285.0,7,100.0,False,0,car,3375.133333333335,,,,,,,,2025,Austria,Austrian Grand Prix,NOR,4,McLaren,1.0,61.0,68.272,MEDIUM,54.904,8661.226
11465.0,287.0,7,100.0,False,0,car,3391.077777777779,,,,,,,,2025,Austria,Austrian Grand Prix,NOR,4,McLaren,1.0,61.0,68.272,MEDIUM,55.104,8661.426
11596.0,289.0,7,100.0,False,0,car,3423.18888888889,,,,,,,,2025,Austria,Austrian Grand Prix,NOR,4,McLaren,1.0,61.0,68.272,MEDIUM,55.504,8661.826
11653.0,292.0,7,100.0,False,0,car,3439.4111111111124,,,,,,,,2025,Austria,Austrian Grand Prix,NOR,4,McLaren,1.0,61.0,68.272,MEDIUM,55.704,8662.026
11727.0,293.0,7,100.0,False,0,car,3462.200000000001,,,,,,,,2025,Austria,Austrian Grand Prix,NOR,4,McLaren,1.0,61.0,68.272,MEDIUM,55.984,8662.306
11794.0,295.0,7,100.0,False,0,car,3475.311111111112,,,,,,,,2025,Austria,Austrian Grand Prix,NOR,4,McLaren,1.0,61.0,68.272,MEDIUM,56.144,8662.466
10964.0,295.0,7,100.0,False,0,car,3494.977777777779,,,,,,,,2025,Austria,Austrian Grand Prix,NOR,4,McLaren,1.0,61.0,68.272,MEDIUM,56.384,8662.706
10591.0,299.0,8,100.0,False,0,car,3524.877777777779,,,,,,,,2025,Austria,Austrian Grand Prix,NOR,4,McLaren,1.0,61.0,68.272,MEDIUM,56.744,8663.066
10528.0,299.0,8,100.0,False,0,car,3548.1333333333346,,,,,,,,2025,Austria,Austrian Grand Prix,NOR,4,McLaren,1.0,61.0,68.272,MEDIUM,57.024,8663.346
10522.0,300.0,8,100.0,False,0,car,3568.1333333333346,,,,,,,,2025,Austria,Austrian Grand Prix,NOR,4,McLaren,1.0,61.0,68.272,MEDIUM,57.264,8663.586
10538.0,299.0,8,100.0,False,0,car,3591.3888888888896,,,,,,,,2025,Austria,Austrian Grand Prix,NOR,4,McLaren,1.0,61.0,68.272,MEDIUM,57.544,8663.866
10546.0,299.0,8,100.0,False,0,car,3604.677777777779,,,,,,,,2025,Austria,Austrian Grand Prix,NOR,4,McLaren,1.0,61.0,68.272,MEDIUM,57.704,8664.026
10495.0,298.0,8,100.0,False,0,car,3621.2333333333345,,,,,,,,2025,Austria,Austrian Grand Prix,NOR,4,McLaren,1.0,61.0,68.272,MEDIUM,57.904,8664.226
10201.0,296.0,8,8.0,False,0,car,3647.544444444445,,,,,,,,2025,Austria,Austrian Grand Prix,NOR,4,McLaren,1.0,61.0,68.272,MEDIUM,58.224,8664.546
11023.0,293.0,8,0.0,True,0,car,3660.5666666666675,,,,,,,,2025,Austria,Austrian Grand Prix,NOR,4,McLaren,1.0,61.0,68.272,MEDIUM,58.384,8664.706
11052.0,274.0,7,0.0,True,0,car,3681.8777777777786,,,,,,,,2025,Austria,Austrian Grand Prix,NOR,4,McLaren,1.0,61.0,68.272,MEDIUM,58.664,8664.986
10747.0,234.0,6,27.0,False,0,car,3746.8777777777786,,,,,,,,2025,Austria,Austrian Grand Prix,NOR,4,McLaren,1.0,61.0,68.272,MEDIUM,59.664,8665.986
10812.0,233.0,6,78.0,False,0,car,3767.58888888889,,,,,,,,2025,Austria,Austrian Grand Prix,NOR,4,McLaren,1.0,61.0,68.272,MEDIUM,59.984,8666.306
10817.0,235.0,6,99.0,False,0,car,3780.644444444445,,,,,,,,2025,Austria,Austrian Grand Prix,NOR,4,McLaren,1.0,61.0,68.272,MEDIUM,60.184,8666.506
10892.0,237.0,6,99.0,False,0,car,3793.811111111112,,,,,,,,2025,Austria,Austrian Grand Prix,NOR,4,McLaren,1.0,61.0,68.272,MEDIUM,60.384,8666.706
10940.0,238.0,6,100.0,False,0,car,3809.677777777779,,,,,,,,2025,Austria,Austrian Grand Prix,NOR,4,McLaren,1.0,61.0,68.272,MEDIUM,60.624,8666.946
10999.0,239.0,6,100.0,False,0,car,3820.3000000000006,,,,,,,,2025,Austria,Austrian Grand Prix,NOR,4,McLaren,1.0,61.0,68.272,MEDIUM,60.784,8667.106
11074.0,242.0,6,100.0,False,0,car,3839.1222222222227,,,,,,,,2025,Austria,Austrian Grand Prix,NOR,4,McLaren,1.0,61.0,68.272,MEDIUM,61.064,8667.386
11207.0,247.0,6,99.0,False,0,car,3850.1000000000004,,,,,,,,2025,Austria,Austrian Grand Prix,NOR,4,McLaren,1.0,61.0,68.272,MEDIUM,61.224,8667.546
10815.0,241.0,6,3.0,True,0,car,3868.844444444445,,,,,,,,2025,Austria,Austrian Grand Prix,NOR,4,McLaren,1.0,61.0,68.272,MEDIUM,61.504,8667.826
11006.0,215.0,6,0.0,True,0,car,3887.955555555556,,,,,,,,2025,Austria,Austrian Grand Prix,NOR,4,McLaren,1.0,61.0,68.272,MEDIUM,61.824,8668.146
11784.0,210.0,5,0.0,True,0,car,3897.2888888888897,,,,,,,,2025,Austria,Austrian Grand Prix,NOR,4,McLaren,1.0,61.0,68.272,MEDIUM,61.984,8668.306
11698.0,199.0,5,0.0,True,0,car,3908.344444444445,,,,,,,,2025,Austria,Austrian Grand Prix,NOR,4,McLaren,1.0,61.0,68.272,MEDIUM,62.184,8668.506
11171.0,192.0,4,0.0,True,0,car,3919.011111111112,,,,,,,,2025,Austria,Austrian Grand Prix,NOR,4,McLaren,1.0,61.0,68.272,MEDIUM,62.384,8668.706
10803.0,182.0,4,0.0,True,0,car,3933.1666666666674,,,,,,,,2025,Austria,Austrian Grand Prix,NOR,4,McLaren,1.0,61.0,68.272,MEDIUM,62.664,8668.986
10340.0,173.0,4,0.0,True,0,car,3944.7000000000007,,,,,,,,2025,Austria,Austrian Grand Prix,NOR,4,McLaren,1.0,61.0,68.272,MEDIUM,62.904,8669.226
10519.0,169.0,4,49.0,False,0,car,3959.7222222222226,,,,,,,,2025,Austria,Austrian Grand Prix,NOR,4,McLaren,1.0,61.0,68.272,MEDIUM,63.224,8669.546
10587.0,172.0,4,57.0,False,0,car,3971.1888888888893,,,,,,,,2025,Austria,Austrian Grand Prix,NOR,4,McLaren,1.0,61.0,68.272,MEDIUM,63.464,8669.786
11149.0,176.0,4,79.0,False,0,car,3984.877777777778,,,,,,,,2025,Austria,Austrian Grand Prix,NOR,4,McLaren,1.0,61.0,68.272,MEDIUM,63.744,8670.066
11655.0,185.0,4,100.0,False,0,car,4001.322222222222,,,,,,,,2025,Austria,Austrian Grand Prix,NOR,4,McLaren,1.0,61.0,68.272,MEDIUM,64.064,8670.386
10792.0,198.0,5,99.0,False,0,car,4016.722222222222,,,,,,,,2025,Austria,Austrian Grand Prix,NOR,4,McLaren,1.0,61.0,68.272,MEDIUM,64.344,8670.666
11022.0,203.0,5,100.0,False,0,car,4028.0,,,,,,,,2025,Austria,Austrian Grand Prix,NOR,4,McLaren,1.0,61.0,68.272,MEDIUM,64.544,8670.866
11211.0,211.0,5,100.0,False,0,car,4044.411111111111,,,,,,,,2025,Austria,Austrian Grand Prix,NOR,4,McLaren,1.0,61.0,68.272,MEDIUM,64.824,8671.146
11275.0,219.0,5,100.0,False,0,car,4061.4444444444443,,,,,,,,2025,Austria,Austrian Grand Prix,NOR,4,McLaren,1.0,61.0,68.272,MEDIUM,65.104,8671.426
10252.0,225.0,6,100.0,False,0,car,4073.9444444444443,,,,,,,,2025,Austria,Austrian Grand Prix,NOR,4,McLaren,1.0,61.0,68.272,MEDIUM,65.304,8671.626
10713.0,231.0,6,100.0,False,0,car,4091.846944444444,,,,,,,,2025,Austria,Austrian Grand Prix,NOR,4,McLaren,1.0,61.0,68.272,MEDIUM,65.583,8671.905
10817.0,233.0,6,100.0,False,0,car,4102.202499999999,,,,,,,,2025,Austria,Austrian Grand Prix,NOR,4,McLaren,1.0,61.0,68.272,MEDIUM,65.743,8672.065
11184.0,244.0,6,100.0,False,0,car,4123.891388888889,,,,,,,,2025,Austria,Austrian Grand Prix,NOR,4,McLaren,1.0,61.0,68.272,MEDIUM,66.063,8672.385
11569.0,250.0,6,100.0,False,0,car,4146.183055555556,,,,,,,,2025,Austria,Austrian Grand Prix,NOR,4,McLaren,1.0,61.0,68.272,MEDIUM,66.384,8672.706
11698.0,256.0,6,100.0,False,0,car,4163.249722222223,,,,,,,,2025,Austria,Austrian Grand Prix,NOR,4,McLaren,1.0,61.0,68.272,MEDIUM,66.624,8672.946
11369.0,260.0,6,100.0,False,0,car,4177.694166666667,,,,,,,,2025,Austria,Austrian Grand Prix,NOR,4,McLaren,1.0,61.0,68.272,MEDIUM,66.824,8673.146
10630.0,266.0,7,100.0,False,0,car,4198.383055555556,,,,,,,,2025,Austria,Austrian Grand Prix,NOR,4,McLaren,1.0,61.0,68.272,MEDIUM,67.104,8673.426
10771.0,269.0,7,100.0,False,0,car,4216.316388888889,,,,,,,,2025,Austria,Austrian Grand Prix,NOR,4,McLaren,1.0,61.0,68.272,MEDIUM,67.344,8673.666
10970.0,274.0,7,100.0,False,0,car,4237.6275000000005,,,,,,,,2025,Austria,Austrian Grand Prix,NOR,4,McLaren,1.0,61.0,68.272,MEDIUM,67.624,8673.946
11111.0,277.0,7,100.0,False,0,car,4256.094166666668,,,,,,,,2025,Austria,Austrian Grand Prix,NOR,4,McLaren,1.0,61.0,68.272,MEDIUM,67.864,8674.186
11291.0,282.0,7,100.0,False,0,car,4287.427500000001,,,,,,,,2025,Austria,Austrian Grand Prix,NOR,4,McLaren,1.0,61.0,68.272,MEDIUM,68.264,8674.586
11484.0,286.0,7,99.0,False,0,car,23.912777777777777,,,,,,,,2025,Austria,Austrian Grand Prix,PIA,81,McLaren,2.0,59.0,67.924,MEDIUM,0.301,8472.705
11558.0,291.0,7,99.0,False,0,car,53.01277777777778,,,,,,,,2025,Austria,Austrian Grand Prix,PIA,81,McLaren,2.0,59.0,67.924,MEDIUM,0.661,8473.065
11030.0,295.0,7,99.0,False,0,car,85.79055555555556,,,,,,,,2025,Austria,Austrian Grand Prix,PIA,81,McLaren,2.0,59.0,67.924,MEDIUM,1.061,8473.465
10458.0,297.0,8,99.0,False,0,car,98.99055555555557,,,,,,,,2025,Austria,Austrian Grand Prix,PIA,81,McLaren,2.0,59.0,67.924,MEDIUM,1.221,8473.625
10525.0,297.0,8,99.0,False,0,car,112.19055555555556,,,,,,,,2025,Austria,Austrian Grand Prix,PIA,81,McLaren,2.0,59.0,67.924,MEDIUM,1.381,8473.785
10589.0,301.0,8,99.0,False,0,car,135.6016666666667,,,,,,,,2025,Austria,Austrian Grand Prix,PIA,81,McLaren,2.0,59.0,67.924,MEDIUM,1.661,8474.065
10589.0,301.0,8,99.0,False,0,car,152.32388888888892,,,,,,,,2025,Austria,Austrian Grand Prix,PIA,81,McLaren,2.0,59.0,67.924,MEDIUM,1.861,8474.265
10749.0,304.0,8,99.0,False,0,car,169.2127777777778,,,,,,,,2025,Austria,Austrian Grand Prix,PIA,81,McLaren,2.0,59.0,67.924,MEDIUM,2.061,8474.465
10834.0,307.0,8,99.0,False,0,car,213.55722222222224,,,,,,,,2025,Austria,Austrian Grand Prix,PIA,81,McLaren,2.0,59.0,67.924,MEDIUM,2.581,8474.985
10705.0,305.0,8,99.0,False,0,car,247.53083333333336,,,,,,,,2025,Austria,Austrian Grand Prix,PIA,81,McLaren,2.0,59.0,67.924,MEDIUM,2.982,8475.386
10704.0,304.0,8,99.0,False,0,car,277.93083333333334,,,,,,,,2025,Austria,Austrian Grand Prix,PIA,81,McLaren,2.0,59.0,67.924,MEDIUM,3.342,8475.746
10714.0,303.0,8,85.0,False,0,car,294.68,,,,,,,,2025,Austria,Austrian Grand Prix,PIA,81,McLaren,2.0,59.0,67.924,MEDIUM,3.541,8475.945
10450.0,303.0,8,0.0,True,0,car,314.88000000000005,,,,,,,,2025,Austria,Austrian Grand Prix,PIA,81,McLaren,2.0,59.0,67.924,MEDIUM,3.781,8476.185
9647.0,273.0,8,0.0,True,0,car,333.08000000000004,,,,,,,,2025,Austria,Austrian Grand Prix,PIA,81,McLaren,2.0,59.0,67.924,MEDIUM,4.021,8476.425
8599.0,248.0,8,0.0,True,0,car,346.8577777777778,,,,,,,,2025,Austria,Austrian Grand Prix,PIA,81,McLaren,2.0,59.0,67.924,MEDIUM,4.221,8476.625
8961.0,225.0,8,0.0,True,0,car,361.8577777777778,,,,,,,,2025,Austria,Austrian Grand Prix,PIA,81,McLaren,2.0,59.0,67.924,MEDIUM,4.461,8476.865
9476.0,204.0,7,0.0,True,0,car,373.1911111111111,,,,,,,,2025,Austria,Austrian Grand Prix,PIA,81,McLaren,2.0,59.0,67.924,MEDIUM,4.661,8477.065
10216.0,185.0,7,0.0,True,0,car,383.4688888888889,,,,,,,,2025,Austria,Austrian Grand Prix,PIA,81,McLaren,2.0,59.0,67.924,MEDIUM,4.861,8477.265
10926.0,168.0,5,0.0,True,8,car,394.6688888888889,,,,,,,,2025,Austria,Austrian Grand Prix,PIA,81,McLaren,2.0,59.0,67.924,MEDIUM,5.101,8477.505
10701.0,158.0,4,0.0,True,8,car,401.6911111111111,,,,,,,,2025,Austria,Austrian Grand Prix,PIA,81,McLaren,2.0,59.0,67.924,MEDIUM,5.261,8477.665
10300.0,147.0,3,0.0,True,8,car,413.12444444444446,,,,,,,,2025,Austria,Austrian Grand Prix,PIA,81,McLaren,2.0,59.0,67.924,MEDIUM,5.541,8477.945
9937.0,144.0,3,0.0,True,8,car,419.52444444444444,,,,,,,,2025,Austria,Austrian Grand Prix,PIA,81,McLaren,2.0,59.0,67.924,MEDIUM,5.701,8478.105
9677.0,140.0,3,0.0,False,8,car,427.3022222222222,,,,,,,,2025,Austria,Austrian Grand Prix,PIA,81,McLaren,2.0,59.0,67.924,MEDIUM,5.901,8478.305
9400.0,132.0,3,9.0,False,8,car,440.5022222222222,,,,,,,,2025,Austria,Austrian Grand Prix,PIA,81,McLaren,2.0,59.0,67.924,MEDIUM,6.261,8478.665
9824.0,130.0,3,32.0,False,8,car,453.5022222222222,,,,,,,,2025,Austria,Austrian Grand Prix,PIA,81,McLaren,2.0,59.0,67.924,MEDIUM,6.621,8479.025
10333.0,137.0,3,64.0,False,8,car,470.2466666666666,,,,,,,,2025,Austria,Austrian Grand Prix,PIA,81,McLaren,2.0,59.0,67.924,MEDIUM,7.061,8479.465
10962.0,147.0,3,74.0,False,8,car,480.0466666666666,,,,,,,,2025,Austria,Austrian Grand Prix,PIA,81,McLaren,2.0,59.0,67.924,MEDIUM,7.301,8479.705
11650.0,151.0,3,88.0,False,8,car,486.75777777777773,,,,,,,,2025,Austria,Austrian Grand Prix,PIA,81,McLaren,2.0,59.0,67.924,MEDIUM,7.461,8479.865
11522.0,160.0,3,92.0,False,8,car,493.8688888888889,,,,,,,,2025,Austria,Austrian Grand Prix,PIA,81,McLaren,2.0,59.0,67.924,MEDIUM,7.621,8480.025
11522.0,164.0,4,99.0,False,8,car,506.6244444444444,,,,,,,,2025,Austria,Austrian Grand Prix,PIA,81,McLaren,2.0,59.0,67.924,MEDIUM,7.901,8480.305
11617.0,177.0,4,99.0,False,8,car,520.3911111111111,,,,,,,,2025,Austria,Austrian Grand Prix,PIA,81,McLaren,2.0,59.0,67.924,MEDIUM,8.181,8480.585
10351.0,189.0,5,99.0,False,8,car,537.1911111111111,,,,,,,,2025,Austria,Austrian Grand Prix,PIA,81,McLaren,2.0,59.0,67.924,MEDIUM,8.501,8480.905
10845.0,207.0,5,99.0,False,8,car,562.4911111111112,,,,,,,,2025,Austria,Austrian Grand Prix,PIA,81,McLaren,2.0,59.0,67.924,MEDIUM,8.941,8481.345
11125.0,207.0,5,99.0,False,8,car,571.6911111111112,,,,,,,,2025,Austria,Austrian Grand Prix,PIA,81,McLaren,2.0,59.0,67.924,MEDIUM,9.101,8481.505
11610.0,223.0,5,99.0,False,14,car,596.5308333333335,,,,,,,,2025,Austria,Austrian Grand Prix,PIA,81,McLaren,2.0,59.0,67.924,MEDIUM,9.502,8481.906
10673.0,229.0,5,99.0,False,12,car,609.2530555555556,,,,,,,,2025,Austria,Austrian Grand Prix,PIA,81,McLaren,2.0,59.0,67.924,MEDIUM,9.702,8482.106
11053.0,238.0,6,99.0,False,12,car,627.7641666666667,,,,,,,,2025,Austria,Austrian Grand Prix,PIA,81,McLaren,2.0,59.0,67.924,MEDIUM,9.982,8482.386
11160.0,243.0,6,99.0,False,12,car,638.5641666666667,,,,,,,,2025,Austria,Austrian Grand Prix,PIA,81,McLaren,2.0,59.0,67.924,MEDIUM,10.142,8482.546
11388.0,246.0,6,99.0,False,12,car,649.4291666666667,,,,,,,,2025,Austria,Austrian Grand Prix,PIA,81,McLaren,2.0,59.0,67.924,MEDIUM,10.301,8482.705
11701.0,256.0,6,99.0,False,12,car,672.1847222222223,,,,,,,,2025,Austria,Austrian Grand Prix,PIA,81,McLaren,2.0,59.0,67.924,MEDIUM,10.621,8483.025
10674.0,262.0,7,99.0,False,12,car,704.2069444444444,,,,,,,,2025,Austria,Austrian Grand Prix,PIA,81,McLaren,2.0,59.0,67.924,MEDIUM,11.061,8483.465
10777.0,267.0,7,99.0,False,12,car,719.0402777777776,,,,,,,,2025,Austria,Austrian Grand Prix,PIA,81,McLaren,2.0,59.0,67.924,MEDIUM,11.261,8483.665
10941.0,270.0,7,99.0,False,12,car,737.0402777777776,,,,,,,,2025,Austria,Austrian Grand Prix,PIA,81,McLaren,2.0,59.0,67.924,MEDIUM,11.501,8483.905
11104.0,277.0,7,99.0,False,12,car,755.5069444444443,,,,,,,,2025,Austria,Austrian Grand Prix,PIA,81,McLaren,2.0,59.0,67.924,MEDIUM,11.741,8484.145
11285.0,281.0,7,99.0,False,12,car,771.1180555555555,,,,,,,,2025,Austria,Austrian Grand Prix,PIA,81,McLaren,2.0,59.0,67.924,MEDIUM,11.941,8484.345
11401.0,285.0,7,99.0,False,12,car,796.4513888888888,,,,,,,,2025,Austria,Austrian Grand Prix,PIA,81,McLaren,2.0,59.0,67.924,MEDIUM,12.261,8484.665
11642.0,291.0,7,99.0,False,12,car,828.7847222222222,,,,,,,,2025,Austria,Austrian Grand Prix,PIA,81,McLaren,2.0,59.0,67.924,MEDIUM,12.661,8485.065
10512.0,296.0,8,99.0,False,12,car,858.3847222222223,,,,,,,,2025,Austria,Austrian Grand Prix,PIA,81,McLaren,2.0,59.0,67.924,MEDIUM,13.021,8485.425
10620.0,300.0,8,99.0,False,12,car,881.7180555555556,,,,,,,,2025,Austria,Austrian Grand Prix,PIA,81,McLaren,2.0,59.0,67.924,MEDIUM,13.301,8485.705
10820.0,303.0,8,99.0,False,12,car,915.3847222222223,,,,,,,,2025,Austria,Austrian Grand Prix,PIA,81,McLaren,2.0,59.0,67.924,MEDIUM,13.701,8486.105
10901.0,308.0,8,99.0,False,12,car,935.9180555555556,,,,,,,,2025,Austria,Austrian Grand Prix,PIA,81,McLaren,2.0,59.0,67.924,MEDIUM,13.941,8486.345
11017.0,311.0,8,99.0,False,12,car,967.0180555555555,,,,,,,,2025,Austria,Austrian Grand Prix,PIA,81,McLaren,2.0,59.0,67.924,MEDIUM,14.301,8486.705
11092.0,314.0,8,99.0,False,12,car,987.9513888888889,,,,,,,,2025,Austria,Austrian Grand Prix,PIA,81,McLaren,2.0,59.0,67.924,MEDIUM,14.541,8486.945
11118.0,314.0,8,99.0,False,12,car,1001.9069444444444,,,,,,,,2025,Austria,Austrian Grand Prix,PIA,81,McLaren,2.0,59.0,67.924,MEDIUM,14.701,8487.105
11215.0,318.0,8,99.0,False,12,car,1023.1069444444445,,,,,,,,2025,Austria,Austrian Grand Prix,PIA,81,McLaren,2.0,59.0,67.924,MEDIUM,14.941,8487.345
11213.0,319.0,8,99.0,False,12,car,1115.351111111111,,,,,,,,2025,Austria,Austrian Grand Prix,PIA,81,McLaren,2.0,59.0,67.924,MEDIUM,15.982,8488.386
11193.0,319.0,8,99.0,False,12,car,1140.1622222222222,,,,,,,,2025,Austria,Austrian Grand Prix,PIA,81,McLaren,2.0,59.0,67.924,MEDIUM,16.262,8488.666
11184.0,318.0,8,99.0,False,12,car,1168.4288888888889,,,,,,,,2025,Austria,Austrian Grand Prix,PIA,81,McLaren,2.0,59.0,67.924,MEDIUM,16.582,8488.986
11103.0,316.0,8,99.0,False,12,car,1196.5177777777778,,,,,,,,2025,Austria,Austrian Grand Prix,PIA,81,McLaren,2.0,59.0,67.924,MEDIUM,16.902,8489.306
10861.0,316.0,8,22.0,False,12,car,1217.4966666666664,,,,,,,,2025,Austria,Austrian Grand Prix,PIA,81,McLaren,2.0,59.0,67.924,MEDIUM,17.141,8489.545
11110.0,308.0,8,0.0,True,0,car,1238.03,,,,,,,,2025,Austria,Austrian Grand Prix,PIA,81,McLaren,2.0,59.0,67.924,MEDIUM,17.381,8489.785
9754.0,278.0,8,0.0,True,0,car,1259.6522222222222,,,,,,,,2025,Austria,Austrian Grand Prix,PIA,81,McLaren,2.0,59.0,67.924,MEDIUM,17.661,8490.065
9322.0,238.0,8,0.0,True,0,car,1278.1633333333332,,,,,,,,2025,Austria,Austrian Grand Prix,PIA,81,McLaren,2.0,59.0,67.924,MEDIUM,17.941,8490.345
9440.0,215.0,8,0.0,True,0,car,1290.1077777777775,,,,,,,,2025,Austria,Austrian Grand Prix,PIA,81,McLaren,2.0,59.0,67.924,MEDIUM,18.141,8490.545
8662.0,171.0,6,0.0,True,0,car,1309.1077777777775,,,,,,,,2025,Austria,Austrian Grand Prix,PIA,81,McLaren,2.0,59.0,67.924,MEDIUM,18.541,8490.945
9322.0,144.0,5,0.0,True,0,car,1320.3077777777776,,,,,,,,2025,Austria,Austrian Grand Prix,PIA,81,McLaren,2.0,59.0,67.924,MEDIUM,18.821,8491.225
10387.0,130.0,5,0.0,True,0,car,1330.4188888888887,,,,,,,,2025,Austria,Austrian Grand Prix,PIA,81,McLaren,2.0,59.0,67.924,MEDIUM,19.101,8491.505
8274.0,99.0,2,0.0,True,0,car,1342.5188888888888,,,,,,,,2025,Austria,Austrian Grand Prix,PIA,81,McLaren,2.0,59.0,67.924,MEDIUM,19.541,8491.945
7245.0,89.0,2,0.0,True,0,car,1348.4522222222222,,,,,,,,2025,Austria,Austrian Grand Prix,PIA,81,McLaren,2.0,59.0,67.924,MEDIUM,19.781,8492.185
6794.0,86.0,2,0.0,True,0,car,1352.2744444444445,,,,,,,,2025,Austria,Austrian Grand Prix,PIA,81,McLaren,2.0,59.0,67.924,MEDIUM,19.941,8492.345
6523.0,76.0,2,0.0,True,0,car,1356.4966666666667,,,,,,,,2025,Austria,Austrian Grand Prix,PIA,81,McLaren,2.0,59.0,67.924,MEDIUM,20.141,8492.545
6229.0,69.0,2,0.0,False,0,car,1361.8633333333335,,,,,,,,2025,Austria,Austrian Grand Prix,PIA,81,McLaren,2.0,59.0,67.924,MEDIUM,20.421,8492.825
6119.0,66.0,2,0.0,False,0,car,1366.2633333333335,,,,,,,,2025,Austria,Austrian Grand Prix,PIA,81,McLaren,2.0,59.0,67.924,MEDIUM,20.661,8493.065
6358.0,62.0,2,20.0,False,0,car,1371.7744444444447,,,,,,,,2025,Austria,Austrian Grand Prix,PIA,81,McLaren,2.0,59.0,67.924,MEDIUM,20.981,8493.385
6146.0,63.0,2,28.0,False,0,car,1375.2744444444447,,,,,,,,2025,Austria,Austrian Grand Prix,PIA,81,McLaren,2.0,59.0,67.924,MEDIUM,21.181,8493.585
6375.0,66.0,2,36.0,False,0,car,1381.1411111111113,,,,,,,,2025,Austria,Austrian Grand Prix,PIA,81,McLaren,2.0,59.0,67.924,MEDIUM,21.501,8493.905
7242.0,75.0,2,45.0,False,0,car,1387.807777777778,,,,,,,,2025,Austria,Austrian Grand Prix,PIA,81,McLaren,2.0,59.0,67.924,MEDIUM,21.821,8494.225
7843.0,75.0,2,48.0,False,0,car,1391.1411111111113,,,,,,,,2025,Austria,Austrian Grand Prix,PIA,81,McLaren,2.0,59.0,67.924,MEDIUM,21.981,8494.385
8322.0,83.0,2,51.0,False,0,car,1394.8300000000002,,,,,,,,2025,Austria,Austrian Grand Prix,PIA,81,McLaren,2.0,59.0,67.924,MEDIUM,22.141,8494.545
9199.0,90.0,2,54.0,False,0,car,1399.8300000000002,,,,,,,,2025,Austria,Austrian Grand Prix,PIA,81,McLaren,2.0,59.0,67.924,MEDIUM,22.341,8494.745
9627.0,100.0,2,59.0,False,0,car,1407.6355555555556,,,,,,,,2025,Austria,Austrian Grand Prix,PIA,81,McLaren,2.0,59.0,67.924,MEDIUM,22.622,8495.026
9767.0,113.0,2,72.0,False,0,car,1418.9355555555555,,,,,,,,2025,Austria,Austrian Grand Prix,PIA,81,McLaren,2.0,59.0,67.924,MEDIUM,22.982,8495.386
11447.0,126.0,2,80.0,False,0,car,1430.1355555555556,,,,,,,,2025,Austria,Austrian Grand Prix,PIA,81,McLaren,2.0,59.0,67.924,MEDIUM,23.302,8495.706
10628.0,139.0,3,90.0,False,0,car,1440.9466666666667,,,,,,,,2025,Austria,Austrian Grand Prix,PIA,81,McLaren,2.0,59.0,67.924,MEDIUM,23.582,8495.986
10895.0,154.0,3,98.0,False,0,car,1451.1705555555557,,,,,,,,2025,Austria,Austrian Grand Prix,PIA,81,McLaren,2.0,59.0,67.924,MEDIUM,23.821,8496.225
10171.0,158.0,3,99.0,False,0,car,1458.1927777777778,,,,,,,,2025,Austria,Austrian Grand Prix,PIA,81,McLaren,2.0,59.0,67.924,MEDIUM,23.981,8496.385
10506.0,163.0,4,99.0,False,8,car,1467.2483333333332,,,,,,,,2025,Austria,Austrian Grand Prix,PIA,81,McLaren,2.0,59.0,67.924,MEDIUM,24.181,8496.585
11263.0,177.0,4,99.0,False,14,car,1477.0816666666665,,,,,,,,2025,Austria,Austrian Grand Prix,PIA,81,McLaren,2.0,59.0,67.924,MEDIUM,24.381,8496.785
11531.0,186.0,4,99.0,False,14,car,1487.4149999999997,,,,,,,,2025,Austria,Austrian Grand Prix,PIA,81,McLaren,2.0,59.0,67.924,MEDIUM,24.581,8496.985
10177.0,194.0,5,99.0,False,12,car,1498.1927777777776,,,,,,,,2025,Austria,Austrian Grand Prix,PIA,81,McLaren,2.0,59.0,67.924,MEDIUM,24.781,8497.185
11214.0,201.0,5,99.0,False,12,car,1516.0594444444444,,,,,,,,2025,Austria,Austrian Grand Prix,PIA,81,McLaren,2.0,59.0,67.924,MEDIUM,25.101,8497.505
11595.0,213.0,5,99.0,False,12,car,1527.8927777777776,,,,,,,,2025,Austria,Austrian Grand Prix,PIA,81,McLaren,2.0,59.0,67.924,MEDIUM,25.301,8497.705
11595.0,219.0,5,99.0,False,12,car,1537.626111111111,,,,,,,,2025,Austria,Austrian Grand Prix,PIA,81,McLaren,2.0,59.0,67.924,MEDIUM,25.461,8497.865
10608.0,226.0,5,99.0,False,12,car,1550.1816666666666,,,,,,,,2025,Austria,Austrian Grand Prix,PIA,81,McLaren,2.0,59.0,67.924,MEDIUM,25.661,8498.065
10800.0,233.0,6,99.0,False,12,car,1565.715,,,,,,,,2025,Austria,Austrian Grand Prix,PIA,81,McLaren,2.0,59.0,67.924,MEDIUM,25.901,8498.305
11247.0,241.0,6,99.0,False,12,car,1584.4594444444444,,,,,,,,2025,Austria,Austrian Grand Prix,PIA,81,McLaren,2.0,59.0,67.924,MEDIUM,26.181,8498.585
11743.0,252.0,6,99.0,False,12,car,1612.4594444444444,,,,,,,,2025,Austria,Austrian Grand Prix,PIA,81,McLaren,2.0,59.0,67.924,MEDIUM,26.581,8498.985
10619.0,264.0,7,99.0,False,12,car,1644.726111111111,,,,,,,,2025,Austria,Austrian Grand Prix,PIA,81,McLaren,2.0,59.0,67.924,MEDIUM,27.021,8499.425
10796.0,268.0,7,99.0,False,12,car,1659.615,,,,,,,,2025,Austria,Austrian Grand Prix,PIA,81,McLaren,2.0,59.0,67.924,MEDIUM,27.221,8499.625
11051.0,271.0,7,99.0,False,12,car,1680.6927777777778,,,,,,,,2025,Austria,Austrian Grand Prix,PIA,81,McLaren,2.0,59.0,67.924,MEDIUM,27.501,8499.905
11201.0,277.0,7,99.0,False,12,car,1699.1594444444443,,,,,,,,2025,Austria,Austrian Grand Prix,PIA,81,McLaren,2.0,59.0,67.924,MEDIUM,27.741,8500.145
11340.0,280.0,7,99.0,False,12,car,1711.6038888888886,,,,,,,,2025,Austria,Austrian Grand Prix,PIA,81,McLaren,2.0,59.0,67.924,MEDIUM,27.901,8500.305
11519.0,287.0,7,99.0,False,12,car,1737.1149999999998,,,,,,,,2025,Austria,Austrian Grand Prix,PIA,81,McLaren,2.0,59.0,67.924,MEDIUM,28.221,8500.625
11750.0,294.0,7,99.0,False,12,car,1773.0483333333332,,,,,,,,2025,Austria,Austrian Grand Prix,PIA,81,McLaren,2.0,59.0,67.924,MEDIUM,28.661,8501.065
10540.0,296.0,8,99.0,False,12,car,1796.0705555555553,,,,,,,,2025,Austria,Austrian Grand Prix,PIA,81,McLaren,2.0,59.0,67.924,MEDIUM,28.941,8501.345
10660.0,301.0,8,99.0,False,12,car,1826.2541666666664,,,,,,,,2025,Austria,Austrian Grand Prix,PIA,81,McLaren,2.0,59.0,67.924,MEDIUM,29.302,8501.706
10831.0,305.0,8,99.0,False,12,car,1860.1430555555555,,,,,,,,2025,Austria,Austrian Grand Prix,PIA,81,McLaren,2.0,59.0,67.924,MEDIUM,29.702,8502.106
10851.0,308.0,8,99.0,False,12,car,1877.2541666666666,,,,,,,,2025,Austria,Austrian Grand Prix,PIA,81,McLaren,2.0,59.0,67.924,MEDIUM,29.902,8502.306
10949.0,310.0,8,99.0,False,12,car,1904.8097222222223,,,,,,,,2025,Austria,Austrian Grand Prix,PIA,81,McLaren,2.0,59.0,67.924,MEDIUM,30.222,8502.626
10877.0,311.0,8,99.0,False,12,car,1928.9122222222222,,,,,,,,2025,Austria,Austrian Grand Prix,PIA,81,McLaren,2.0,59.0,67.924,MEDIUM,30.501,8502.905
10976.0,311.0,8,99.0,False,12,car,1953.1011111111109,,,,,,,,2025,Austria,Austrian Grand Prix,PIA,81,McLaren,2.0,59.0,67.924,MEDIUM,30.781,8503.185
11024.0,312.0,8,99.0,False,12,car,1977.3677777777775,,,,,,,,2025,Austria,Austrian Grand Prix,PIA,81,McLaren,2.0,59.0,67.924,MEDIUM,31.061,8503.465
10978.0,312.0,8,99.0,False,12,car,2008.5677777777776,,,,,,,,2025,Austria,Austrian Grand Prix,PIA,81,McLaren,2.0,59.0,67.924,MEDIUM,31.421,8503.825
10435.0,309.0,8,1.0,True,0,car,2036.0344444444443,,,,,,,,2025,Austria,Austrian Grand Prix,PIA,81,McLaren,2.0,59.0,67.924,MEDIUM,31.741,8504.145
9840.0,284.0,8,0.0,True,0,car,2061.2788888888886,,,,,,,,2025,Austria,Austrian Grand Prix,PIA,81,McLaren,2.0,59.0,67.924,MEDIUM,32.061,8504.465
8975.0,284.0,8,0.0,True,0,car,2073.9011111111104,,,,,,,,2025,Austria,Austrian Grand Prix,PIA,81,McLaren,2.0,59.0,67.924,MEDIUM,32.221,8504.625
8168.0,246.0,8,0.0,True,0,car,2090.3011111111105,,,,,,,,2025,Austria,Austrian Grand Prix,PIA,81,McLaren,2.0,59.0,67.924,MEDIUM,32.461,8504.865
8690.0,212.0,8,0.0,True,0,car,2099.723333333333,,,,,,,,2025,Austria,Austrian Grand Prix,PIA,81,McLaren,2.0,59.0,67.924,MEDIUM,32.621,8505.025
9017.0,181.0,7,0.0,True,0,car,2115.812222222222,,,,,,,,2025,Austria,Austrian Grand Prix,PIA,81,McLaren,2.0,59.0,67.924,MEDIUM,32.941,8505.345
9235.0,151.0,7,0.0,True,0,car,2132.5899999999997,,,,,,,,2025,Austria,Austrian Grand Prix,PIA,81,McLaren,2.0,59.0,67.924,MEDIUM,33.341,8505.745
9519.0,139.0,6,0.0,True,0,car,2140.312222222222,,,,,,,,2025,Austria,Austrian Grand Prix,PIA,81,McLaren,2.0,59.0,67.924,MEDIUM,33.541,8505.945
8249.0,122.0,3,0.0,True,0,car,2155.2233333333334,,,,,,,,2025,Austria,Austrian Grand Prix,PIA,81,McLaren,2.0,59.0,67.924,MEDIUM,33.981,8506.385
7580.0,110.0,3,0.0,True,0,car,2168.6677777777777,,,,,,,,2025,Austria,Austrian Grand Prix,PIA,81,McLaren,2.0,59.0,67.924,MEDIUM,34.421,8506.825
7599.0,108.0,3,0.0,False,0,car,2175.867777777778,,,,,,,,2025,Austria,Austrian Grand Prix,PIA,81,McLaren,2.0,59.0,67.924,MEDIUM,34.661,8507.065
7342.0,104.0,3,0.0,False,0,car,2185.1122222222225,,,,,,,,2025,Austria,Austrian Grand Prix,PIA,81,McLaren,2.0,59.0,67.924,MEDIUM,34.981,8507.385
7408.0,101.0,3,12.0,False,0,car,2189.601111111111,,,,,,,,2025,Austria,Austrian Grand Prix,PIA,81,McLaren,2.0,59.0,67.924,MEDIUM,35.141,8507.545
7629.0,102.0,3,30.0,False,0,car,2195.267777777778,,,,,,,,2025,Austria,Austrian Grand Prix,PIA,81,McLaren,2.0,59.0,67.924,MEDIUM,35.341,8507.745
7966.0,107.0,3,44.0,False,0,car,2204.8086111111115,,,,,,,,2025,Austria,Austrian Grand Prix,PIA,81,McLaren,2.0,59.0,67.924,MEDIUM,35.662,8508.066
8532.0,110.0,3,56.0,False,0,car,2212.141944444445,,,,,,,,2025,Austria,Austrian Grand Prix,PIA,81,McLaren,2.0,59.0,67.924,MEDIUM,35.902,8508.306
9037.0,115.0,3,64.0,False,0,car,2218.5308333333337,,,,,,,,2025,Austria,Austrian Grand Prix,PIA,81,McLaren,2.0,59.0,67.924,MEDIUM,36.102,8508.506
9727.0,128.0,3,76.0,False,0,car,2231.330833333334,,,,,,,,2025,Austria,Austrian Grand Prix,PIA,81,McLaren,2.0,59.0,67.924,MEDIUM,36.462,8508.866
10965.0,141.0,3,97.0,False,0,car,2243.8641666666667,,,,,,,,2025,Austria,Austrian Grand Prix,PIA,81,McLaren,2.0,59.0,67.924,MEDIUM,36.782,8509.186
11501.0,157.0,3,98.0,False,0,car,2254.3308333333334,,,,,,,,2025,Austria,Austrian Grand Prix,PIA,81,McLaren,2.0,59.0,67.924,MEDIUM,37.022,8509.426
10910.0,162.0,3,98.0,False,0,car,2261.5308333333337,,,,,,,,2025,Austria,Austrian Grand Prix,PIA,81,McLaren,2.0,59.0,67.924,MEDIUM,37.182,8509.586
10879.0,173.0,4,98.0,False,0,car,2269.171666666667,,,,,,,,2025,Austria,Austrian Grand Prix,PIA,81,McLaren,2.0,59.0,67.924,MEDIUM,37.341,8509.745
11263.0,184.0,4,98.0,False,0,car,2285.5272222222225,,,,,,,,2025,Austria,Austrian Grand Prix,PIA,81,McLaren,2.0,59.0,67.924,MEDIUM,37.661,8510.065
10752.0,191.0,4,98.0,False,0,car,2298.260555555556,,,,,,,,2025,Austria,Austrian Grand Prix,PIA,81,McLaren,2.0,59.0,67.924,MEDIUM,37.901,8510.305
10726.0,200.0,5,98.0,False,0,car,2309.371666666667,,,,,,,,2025,Austria,Austrian Grand Prix,PIA,81,McLaren,2.0,59.0,67.924,MEDIUM,38.101,8510.505
11106.0,206.0,5,98.0,False,0,car,2320.8161111111117,,,,,,,,2025,Austria,Austrian Grand Prix,PIA,81,McLaren,2.0,59.0,67.924,MEDIUM,38.301,8510.705
11723.0,221.0,5,98.0,False,0,car,2347.8272222222226,,,,,,,,2025,Austria,Austrian Grand Prix,PIA,81,McLaren,2.0,59.0,67.924,MEDIUM,38.741,8511.145
11263.0,227.0,5,98.0,False,0,car,2360.438333333334,,,,,,,,2025,Austria,Austrian Grand Prix,PIA,81,McLaren,2.0,59.0,67.924,MEDIUM,38.941,8511.345
10782.0,234.0,6,98.0,False,0,car,2381.238333333334,,,,,,,,2025,Austria,Austrian Grand Prix,PIA,81,McLaren,2.0,59.0,67.924,MEDIUM,39.261,8511.665
10954.0,240.0,6,98.0,False,0,car,2399.905,,,,,,,,2025,Austria,Austrian Grand Prix,PIA,81,McLaren,2.0,59.0,67.924,MEDIUM,39.541,8511.945
11325.0,247.0,6,98.0,False,0,car,2421.860555555556,,,,,,,,2025,Austria,Austrian Grand Prix,PIA,81,McLaren,2.0,59.0,67.924,MEDIUM,39.861,8512.265
11570.0,251.0,6,98.0,False,0,car,2444.171666666667,,,,,,,,2025,Austria,Austrian Grand Prix,PIA,81,McLaren,2.0,59.0,67.924,MEDIUM,40.181,8512.585
11625.0,254.0,6,98.0,False,0,car,2458.2827777777784,,,,,,,,2025,Austria,Austrian Grand Prix,PIA,81,McLaren,2.0,59.0,67.924,MEDIUM,40.381,8512.785
11624.0,256.0,6,98.0,False,0,car,2472.505000000001,,,,,,,,2025,Austria,Austrian Grand Prix,PIA,81,McLaren,2.0,59.0,67.924,MEDIUM,40.581,8512.985
11297.0,260.0,6,99.0,False,0,car,2498.505000000001,,,,,,,,2025,Austria,Austrian Grand Prix,PIA,81,McLaren,2.0,59.0,67.924,MEDIUM,40.941,8513.345
10417.0,260.0,7,99.0,False,0,car,2512.9494444444454,,,,,,,,2025,Austria,Austrian Grand Prix,PIA,81,McLaren,2.0,59.0,67.924,MEDIUM,41.141,8513.545
10468.0,263.0,7,99.0,False,0,car,2527.5605555555567,,,,,,,,2025,Austria,Austrian Grand Prix,PIA,81,McLaren,2.0,59.0,67.924,MEDIUM,41.341,8513.745
10608.0,265.0,7,73.0,False,0,car,2559.9494444444454,,,,,,,,2025,Austria,Austrian Grand Prix,PIA,81,McLaren,2.0,59.0,67.924,MEDIUM,41.781,8514.185
10048.0,263.0,7,3.0,True,0,car,2571.6383333333347,,,,,,,,2025,Austria,Austrian Grand Prix,PIA,81,McLaren,2.0,59.0,67.924,MEDIUM,41.941,8514.345
10899.0,234.0,7,0.0,True,0,car,2602.9033333333346,,,,,,,,2025,Austria,Austrian Grand Prix,PIA,81,McLaren,2.0,59.0,67.924,MEDIUM,42.422,8514.826
11596.0,226.0,7,0.0,True,0,car,2617.970000000001,,,,,,,,2025,Austria,Austrian Grand Prix,PIA,81,McLaren,2.0,59.0,67.924,MEDIUM,42.662,8515.066
10944.0,213.0,5,0.0,True,0,car,2639.2700000000013,,,,,,,,2025,Austria,Austrian Grand Prix,PIA,81,McLaren,2.0,59.0,67.924,MEDIUM,43.022,8515.426
10394.0,204.0,5,0.0,True,0,car,2650.603333333335,,,,,,,,2025,Austria,Austrian Grand Prix,PIA,81,McLaren,2.0,59.0,67.924,MEDIUM,43.222,8515.626
9925.0,194.0,5,1.0,False,0,car,2674.3144444444456,,,,,,,,2025,Austria,Austrian Grand Prix,PIA,81,McLaren,2.0,59.0,67.924,MEDIUM,43.662,8516.066
9697.0,191.0,5,3.0,False,0,car,2687.047777777779,,,,,,,,2025,Austria,Austrian Grand Prix,PIA,81,McLaren,2.0,59.0,67.924,MEDIUM,43.902,8516.306
9307.0,183.0,5,8.0,False,0,car,2705.296944444446,,,,,,,,2025,Austria,Austrian Grand Prix,PIA,81,McLaren,2.0,59.0,67.924,MEDIUM,44.261,8516.665
9584.0,179.0,5,48.0,False,0,car,2713.2525000000014,,,,,,,,2025,Austria,Austrian Grand Prix,PIA,81,McLaren,2.0,59.0,67.924,MEDIUM,44.421,8516.825
9611.0,182.0,5,57.0,False,0,car,2725.3858333333346,,,,,,,,2025,Austria,Austrian Grand Prix,PIA,81,McLaren,2.0,59.0,67.924,MEDIUM,44.661,8517.065
9847.0,184.0,5,70.0,False,0,car,2735.608055555557,,,,,,,,2025,Austria,Austrian Grand Prix,PIA,81,McLaren,2.0,59.0,67.924,MEDIUM,44.861,8517.265
10150.0,189.0,5,79.0,False,0,car,2750.308055555557,,,,,,,,2025,Austria,Austrian Grand Prix,PIA,81,McLaren,2.0,59.0,67.924,MEDIUM,45.141,8517.545
10569.0,194.0,5,90.0,False,0,car,2763.2413888888905,,,,,,,,2025,Austria,Austrian Grand Prix,PIA,81,McLaren,2.0,59.0,67.924,MEDIUM,45.381,8517.785
10773.0,198.0,5,96.0,False,0,car,2774.2413888888905,,,,,,,,2025,Austria,Austrian Grand Prix,PIA,81,McLaren,2.0,59.0,67.924,MEDIUM,45.581,8517.985
11046.0,204.0,5,99.0,False,0,car,2785.5747222222235,,,,,,,,2025,Austria,Austrian Grand Prix,PIA,81,McLaren,2.0,59.0,67.924,MEDIUM,45.781,8518.185
11275.0,209.0,5,99.0,False,0,car,2797.185833333335,,,,,,,,2025,Austria,Austrian Grand Prix,PIA,81,McLaren,2.0,59.0,67.924,MEDIUM,45.981,8518.385
11595.0,215.0,5,99.0,False,0,car,2809.130277777779,,,,,,,,2025,Austria,Austrian Grand Prix,PIA,81,McLaren,2.0,59.0,67.924,MEDIUM,46.181,8518.585
10406.0,226.0,5,99.0,False,0,car,2831.730277777779,,,,,,,,2025,Austria,Austrian Grand Prix,PIA,81,McLaren,2.0,59.0,67.924,MEDIUM,46.541,8518.945
10766.0,233.0,6,99.0,False,0,car,2855.0302777777797,,,,,,,,2025,Austria,Austrian Grand Prix,PIA,81,McLaren,2.0,59.0,67.924,MEDIUM,46.901,8519.305
10996.0,241.0,6,99.0,False,0,car,2884.485833333335,,,,,,,,2025,Austria,Austrian Grand Prix,PIA,81,McLaren,2.0,59.0,67.924,MEDIUM,47.341,8519.745
11072.0,245.0,6,18.0,False,0,car,2908.985833333335,,,,,,,,2025,Austria,Austrian Grand Prix,PIA,81,McLaren,2.0,59.0,67.924,MEDIUM,47.701,8520.105
10798.0,243.0,6,2.0,True,0,car,2922.485833333335,,,,,,,,2025,Austria,Austrian Grand Prix,PIA,81,McLaren,2.0,59.0,67.924,MEDIUM,47.901,8520.305
11597.0,238.0,6,1.0,False,0,car,2935.7080555555567,,,,,,,,2025,Austria,Austrian Grand Prix,PIA,81,McLaren,2.0,59.0,67.924,MEDIUM,48.101,8520.505
11582.0,226.0,5,2.0,False,0,car,2955.7969444444457,,,,,,,,2025,Austria,Austrian Grand Prix,PIA,81,McLaren,2.0,59.0,67.924,MEDIUM,48.421,8520.825
11307.0,221.0,5,3.0,False,0,car,2970.5302777777792,,,,,,,,2025,Austria,Austrian Grand Prix,PIA,81,McLaren,2.0,59.0,67.924,MEDIUM,48.661,8521.065
11075.0,216.0,5,32.0,False,0,car,2984.9902777777793,,,,,,,,2025,Austria,Austrian Grand Prix,PIA,81,McLaren,2.0,59.0,67.924,MEDIUM,48.902,8521.306
11049.0,211.0,5,32.0,False,0,car,2999.056944444446,,,,,,,,2025,Austria,Austrian Grand Prix,PIA,81,McLaren,2.0,59.0,67.924,MEDIUM,49.142,8521.546
10945.0,209.0,5,53.0,False,0,car,3019.956944444446,,,,,,,,2025,Austria,Austrian Grand Prix,PIA,81,McLaren,2.0,59.0,67.924,MEDIUM,49.502,8521.906
11102.0,209.0,5,71.0,False,0,car,3038.534722222224,,,,,,,,2025,Austria,Austrian Grand Prix,PIA,81,McLaren,2.0,59.0,67.924,MEDIUM,49.822,8522.226
11304.0,211.0,5,92.0,False,0,car,3054.9458333333346,,,,,,,,2025,Austria,Austrian Grand Prix,PIA,81,McLaren,2.0,59.0,67.924,MEDIUM,50.102,8522.506
11667.0,214.0,5,99.0,False,0,car,3071.590277777779,,,,,,,,2025,Austria,Austrian Grand Prix,PIA,81,McLaren,2.0,59.0,67.924,MEDIUM,50.382,8522.786
11653.0,221.0,5,99.0,False,0,car,3083.868055555557,,,,,,,,2025,Austria,Austrian Grand Prix,PIA,81,McLaren,2.0,59.0,67.924,MEDIUM,50.582,8522.986
10669.0,232.0,6,99.0,False,0,car,3114.7369444444457,,,,,,,,2025,Austria,Austrian Grand Prix,PIA,81,McLaren,2.0,59.0,67.924,MEDIUM,51.061,8523.465
10875.0,238.0,6,99.0,False,0,car,3127.9591666666684,,,,,,,,2025,Austria,Austrian Grand Prix,PIA,81,McLaren,2.0,59.0,67.924,MEDIUM,51.261,8523.665
11332.0,245.0,6,98.0,False,0,car,3157.9036111111127,,,,,,,,2025,Austria,Austrian Grand Prix,PIA,81,McLaren,2.0,59.0,67.924,MEDIUM,51.701,8524.105
11473.0,248.0,6,98.0,False,0,car,3171.6813888888905,,,,,,,,2025,Austria,Austrian Grand Prix,PIA,81,McLaren,2.0,59.0,67.924,MEDIUM,51.901,8524.305
11473.0,251.0,6,98.0,False,0,car,3182.8369444444456,,,,,,,,2025,Austria,Austrian Grand Prix,PIA,81,McLaren,2.0,59.0,67.924,MEDIUM,52.061,8524.465
11481.0,257.0,6,98.0,False,0,car,3214.2480555555567,,,,,,,,2025,Austria,Austrian Grand Prix,PIA,81,McLaren,2.0,59.0,67.924,MEDIUM,52.501,8524.905
10455.0,260.0,7,98.0,False,0,car,3228.6925000000015,,,,,,,,2025,Austria,Austrian Grand Prix,PIA,81,McLaren,2.0,59.0,67.924,MEDIUM,52.701,8525.105
10637.0,263.0,7,98.0,False,0,car,3243.303611111113,,,,,,,,2025,Austria,Austrian Grand Prix,PIA,81,McLaren,2.0,59.0,67.924,MEDIUM,52.901,8525.305
10737.0,268.0,7,98.0,False,0,car,3267.1258333333344,,,,,,,,2025,Austria,Austrian Grand Prix,PIA,81,McLaren,2.0,59.0,67.924,MEDIUM,53.221,8525.625
10893.0,272.0,7,99.0,False,0,car,3291.3036111111123,,,,,,,,2025,Austria,Austrian Grand Prix,PIA,81,McLaren,2.0,59.0,67.924,MEDIUM,53.541,8525.945
11013.0,274.0,7,99.0,False,0,car,3309.570277777779,,,,,,,,2025,Austria,Austrian Grand Prix,PIA,81,McLaren,2.0,59.0,67.924,MEDIUM,53.781,8526.185
11135.0,279.0,7,99.0,False,0,car,3337.4702777777793,,,,,,,,2025,Austria,Austrian Grand Prix,PIA,81,McLaren,2.0,59.0,67.924,MEDIUM,54.141,8526.545
11226.0,281.0,7,99.0,False,0,car,3353.0813888888906,,,,,,,,2025,Austria,Austrian Grand Prix,PIA,81,McLaren,2.0,59.0,67.924,MEDIUM,54.341,8526.745
11320.0,283.0,7,99.0,False,0,car,3371.9480555555574,,,,,,,,2025,Austria,Austrian Grand Prix,PIA,81,McLaren,2.0,59.0,67.924,MEDIUM,54.581,8526.985
11371.0,285.0,7,99.0,False,0,car,3387.7813888888904,,,,,,,,2025,Austria,Austrian Grand Prix,PIA,81,McLaren,2.0,59.0,67.924,MEDIUM,54.781,8527.185
11456.0,287.0,7,99.0,False,0,car,3400.5369444444464,,,,,,,,2025,Austria,Austrian Grand Prix,PIA,81,McLaren,2.0,59.0,67.924,MEDIUM,54.941,8527.345
11524.0,288.0,7,99.0,False,0,car,3416.536944444446,,,,,,,,2025,Austria,Austrian Grand Prix,PIA,81,McLaren,2.0,59.0,67.924,MEDIUM,55.141,8527.545
11683.0,293.0,7,99.0,False,0,car,3455.6850000000018,,,,,,,,2025,Austria,Austrian Grand Prix,PIA,81,McLaren,2.0,59.0,67.924,MEDIUM,55.622,8528.026
10686.0,295.0,7,99.0,False,0,car,3481.907222222224,,,,,,,,2025,Austria,Austrian Grand Prix,PIA,81,McLaren,2.0,59.0,67.924,MEDIUM,55.942,8528.346
10417.0,296.0,8,99.0,False,0,car,3498.3516666666687,,,,,,,,2025,Austria,Austrian Grand Prix,PIA,81,McLaren,2.0,59.0,67.924,MEDIUM,56.142,8528.546
10501.0,296.0,8,99.0,False,0,car,3514.7961111111126,,,,,,,,2025,Austria,Austrian Grand Prix,PIA,81,McLaren,2.0,59.0,67.924,MEDIUM,56.342,8528.746
10445.0,296.0,8,99.0,False,0,car,3531.2405555555574,,,,,,,,2025,Austria,Austrian Grand Prix,PIA,81,McLaren,2.0,59.0,67.924,MEDIUM,56.542,8528.946
10390.0,296.0,8,99.0,False,0,car,3554.26277777778,,,,,,,,2025,Austria,Austrian Grand Prix,PIA,81,McLaren,2.0,59.0,67.924,MEDIUM,56.822,8529.226
10460.0,296.0,8,99.0,False,0,car,3573.996111111113,,,,,,,,2025,Austria,Austrian Grand Prix,PIA,81,McLaren,2.0,59.0,67.924,MEDIUM,57.062,8529.466
10441.0,296.0,8,99.0,False,0,car,3597.0183333333352,,,,,,,,2025,Austria,Austrian Grand Prix,PIA,81,McLaren,2.0,59.0,67.924,MEDIUM,57.342,8529.746
10447.0,295.0,8,99.0,False,0,car,3619.8808333333354,,,,,,,,2025,Austria,Austrian Grand Prix,PIA,81,McLaren,2.0,59.0,67.924,MEDIUM,57.621,8530.025
10179.0,295.0,8,79.0,False,0,car,3652.6586111111133,,,,,,,,2025,Austria,Austrian Grand Prix,PIA,81,McLaren,2.0,59.0,67.924,MEDIUM,58.021,8530.425
9850.0,284.0,8,1.0,True,0,car,3668.4363888888906,,,,,,,,2025,Austria,Austrian Grand Prix,PIA,81,McLaren,2.0,59.0,67.924,MEDIUM,58.221,8530.625
10598.0,271.0,7,0.0,True,0,car,3689.5141666666686,,,,,,,,2025,Austria,Austrian Grand Prix,PIA,81,McLaren,2.0,59.0,67.924,MEDIUM,58.501,8530.905
11456.0,257.0,6,0.0,True,0,car,3709.5030555555577,,,,,,,,2025,Austria,Austrian Grand Prix,PIA,81,McLaren,2.0,59.0,67.924,MEDIUM,58.781,8531.185
10973.0,245.0,6,0.0,False,0,car,3725.836388888891,,,,,,,,2025,Austria,Austrian Grand Prix,PIA,81,McLaren,2.0,59.0,67.924,MEDIUM,59.021,8531.425
10929.0,243.0,6,17.0,False,0,car,3744.7363888888913,,,,,,,,2025,Austria,Austrian Grand Prix,PIA,81,McLaren,2.0,59.0,67.924,MEDIUM,59.301,8531.705
10858.0,236.0,6,44.0,False,0,car,3755.22527777778,,,,,,,,2025,Austria,Austrian Grand Prix,PIA,81,McLaren,2.0,59.0,67.924,MEDIUM,59.461,8531.865
10872.0,235.0,6,69.0,False,0,car,3765.6697222222247,,,,,,,,2025,Austria,Austrian Grand Prix,PIA,81,McLaren,2.0,59.0,67.924,MEDIUM,59.621,8532.025
11038.0,237.0,6,89.0,False,0,car,3778.836388888891,,,,,,,,2025,Austria,Austrian Grand Prix,PIA,81,McLaren,2.0,59.0,67.924,MEDIUM,59.821,8532.225
10931.0,238.0,6,98.0,False,0,car,3789.414166666669,,,,,,,,2025,Austria,Austrian Grand Prix,PIA,81,McLaren,2.0,59.0,67.924,MEDIUM,59.981,8532.385
10961.0,239.0,6,98.0,False,0,car,3802.6919444444466,,,,,,,,2025,Austria,Austrian Grand Prix,PIA,81,McLaren,2.0,59.0,67.924,MEDIUM,60.181,8532.585
11109.0,241.0,6,98.0,False,0,car,3826.7919444444465,,,,,,,,2025,Austria,Austrian Grand Prix,PIA,81,McLaren,2.0,59.0,67.924,MEDIUM,60.541,8532.945
11260.0,244.0,6,99.0,False,0,car,3853.903055555558,,,,,,,,2025,Austria,Austrian Grand Prix,PIA,81,McLaren,2.0,59.0,67.924,MEDIUM,60.941,8533.345
10695.0,240.0,6,8.0,True,0,car,3880.5697222222243,,,,,,,,2025,Austria,Austrian Grand Prix,PIA,81,McLaren,2.0,59.0,67.924,MEDIUM,61.341,8533.745
11572.0,223.0,6,0.0,True,0,car,3892.958611111113,,,,,,,,2025,Austria,Austrian Grand Prix,PIA,81,McLaren,2.0,59.0,67.924,MEDIUM,61.541,8533.945
11256.0,192.0,4,0.0,True,0,car,3918.611944444446,,,,,,,,2025,Austria,Austrian Grand Prix,PIA,81,McLaren,2.0,59.0,67.924,MEDIUM,62.022,8534.426
10894.0,186.0,4,0.0,False,0,car,3937.211944444446,,,,,,,,2025,Austria,Austrian Grand Prix,PIA,81,McLaren,2.0,59.0,67.924,MEDIUM,62.382,8534.786
10785.0,177.0,4,21.0,False,0,car,3958.8452777777798,,,,,,,,2025,Austria,Austrian Grand Prix,PIA,81,McLaren,2.0,59.0,67.924,MEDIUM,62.822,8535.226
11226.0,176.0,4,75.0,False,0,car,3978.4008333333354,,,,,,,,2025,Austria,Austrian Grand Prix,PIA,81,McLaren,2.0,59.0,67.924,MEDIUM,63.222,8535.626
11604.0,185.0,4,82.0,False,0,car,3994.8452777777798,,,,,,,,2025,Austria,Austrian Grand Prix,PIA,81,McLaren,2.0,59.0,67.924,MEDIUM,63.542,8535.946
12256.0,196.0,4,98.0,False,0,car,4012.267500000002,,,,,,,,2025,Austria,Austrian Grand Prix,PIA,81,McLaren,2.0,59.0,67.924,MEDIUM,63.862,8536.266
11225.0,208.0,5,98.0,False,0,car,4037.6319444444466,,,,,,,,2025,Austria,Austrian Grand Prix,PIA,81,McLaren,2.0,59.0,67.924,MEDIUM,64.301,8536.705
11389.0,214.0,5,98.0,False,0,car,4047.1430555555576,,,,,,,,2025,Austria,Austrian Grand Prix,PIA,81,McLaren,2.0,59.0,67.924,MEDIUM,64.461,8536.865
11239.0,222.0,5,99.0,False,0,car,4064.4097222222244,,,,,,,,2025,Austria,Austrian Grand Prix,PIA,81,McLaren,2.0,59.0,67.924,MEDIUM,64.741,8537.145
10634.0,229.0,6,98.0,False,0,car,4084.7652777777803,,,,,,,,2025,Austria,Austrian Grand Prix,PIA,81,McLaren,2.0,59.0,67.924,MEDIUM,65.061,8537.465
11114.0,243.0,6,99.0,False,0,car,4117.16527777778,,,,,,,,2025,Austria,Austrian Grand Prix,PIA,81,McLaren,2.0,59.0,67.924,MEDIUM,65.541,8537.945
11343.0,247.0,6,99.0,False,0,car,4133.631944444447,,,,,,,,2025,Austria,Austrian Grand Prix,PIA,81,McLaren,2.0,59.0,67.924,MEDIUM,65.781,8538.185
11721.0,254.0,6,99.0,False,0,car,4156.209722222225,,,,,,,,2025,Austria,Austrian Grand Prix,PIA,81,McLaren,2.0,59.0,67.924,MEDIUM,66.101,8538.505
10525.0,262.0,7,99.0,False,0,car,4179.498611111114,,,,,,,,2025,Austria,Austrian Grand Prix,PIA,81,McLaren,2.0,59.0,67.924,MEDIUM,66.421,8538.825
10780.0,268.0,7,99.0,False,0,car,4206.298611111114,,,,,,,,2025,Austria,Austrian Grand Prix,PIA,81,McLaren,2.0,59.0,67.924,MEDIUM,66.781,8539.185
10966.0,273.0,7,99.0,False,0,car,4224.498611111114,,,,,,,,2025,Austria,Austrian Grand Prix,PIA,81,McLaren,2.0,59.0,67.924,MEDIUM,67.021,8539.425
11127.0,277.0,7,99.0,False,0,car,4252.198611111114,,,,,,,,2025,Austria,Austrian Grand Prix,PIA,81,McLaren,2.0,59.0,67.924,MEDIUM,67.381,8539.785
11186.0,280.0,7,99.0,False,0,car,4267.754166666669,,,,,,,,2025,Austria,Austrian Grand Prix,PIA,81,McLaren,2.0,59.0,67.924,MEDIUM,67.581,8539.985
11324.0,284.0,7,99.0,False,0,car,4286.687500000002,,,,,,,,2025,Austria,Austrian Grand Prix,PIA,81,McLaren,2.0,59.0,67.924,MEDIUM,67.821,8540.225
11384.0,283.0,7,100.0,False,0,car,10.376666666666667,,,,,,,,2025,Austria,Austrian Grand Prix,LEC,16,Ferrari,3.0,56.0,68.765,MEDIUM,0.132,8279.625
11512.0,284.0,7,100.0,False,0,car,35.54222222222222,,,,,,,,2025,Austria,Austrian Grand Prix,LEC,16,Ferrari,3.0,56.0,68.765,MEDIUM,0.451,8279.944
11631.0,289.0,7,100.0,False,0,car,64.44222222222223,,,,,,,,2025,Austria,Austrian Grand Prix,LEC,16,Ferrari,3.0,56.0,68.765,MEDIUM,0.811,8280.304
11631.0,291.0,7,100.0,False,0,car,80.60888888888888,,,,,,,,2025,Austria,Austrian Grand Prix,LEC,16,Ferrari,3.0,56.0,68.765,MEDIUM,1.011,8280.504
10553.0,294.0,8,100.0,False,0,car,110.00888888888889,,,,,,,,2025,Austria,Austrian Grand Prix,LEC,16,Ferrari,3.0,56.0,68.765,MEDIUM,1.371,8280.864
10617.0,296.0,8,100.0,False,0,car,126.45333333333333,,,,,,,,2025,Austria,Austrian Grand Prix,LEC,16,Ferrari,3.0,56.0,68.765,MEDIUM,1.571,8281.064
10643.0,298.0,8,100.0,False,0,car,143.0088888888889,,,,,,,,2025,Austria,Austrian Grand Prix,LEC,16,Ferrari,3.0,56.0,68.765,MEDIUM,1.771,8281.264
10696.0,300.0,8,100.0,False,0,car,159.67555555555558,,,,,,,,2025,Austria,Austrian Grand Prix,LEC,16,Ferrari,3.0,56.0,68.765,MEDIUM,1.971,8281.464
10721.0,302.0,8,100.0,False,0,car,179.80888888888887,,,,,,,,2025,Austria,Austrian Grand Prix,LEC,16,Ferrari,3.0,56.0,68.765,MEDIUM,2.211,8281.704
10787.0,303.0,8,100.0,False,0,car,200.0088888888889,,,,,,,,2025,Austria,Austrian Grand Prix,LEC,16,Ferrari,3.0,56.0,68.765,MEDIUM,2.451,8281.944
10767.0,305.0,8,100.0,False,0,car,216.95333333333332,,,,,,,,2025,Austria,Austrian Grand Prix,LEC,16,Ferrari,3.0,56.0,68.765,MEDIUM,2.651,8282.144
10702.0,304.0,8,100.0,False,0,car,240.5977777777778,,,,,,,,2025,Austria,Austrian Grand Prix,LEC,16,Ferrari,3.0,56.0,68.765,MEDIUM,2.931,8282.424
10722.0,304.0,8,100.0,False,0,car,254.1088888888889,,,,,,,,2025,Austria,Austrian Grand Prix,LEC,16,Ferrari,3.0,56.0,68.765,MEDIUM,3.091,8282.584
10721.0,304.0,8,100.0,False,0,car,270.9977777777778,,,,,,,,2025,Austria,Austrian Grand Prix,LEC,16,Ferrari,3.0,56.0,68.765,MEDIUM,3.291,8282.784
10692.0,302.0,8,100.0,False,0,car,294.4866666666667,,,,,,,,2025,Austria,Austrian Grand Prix,LEC,16,Ferrari,3.0,56.0,68.765,MEDIUM,3.571,8283.064
10487.0,298.0,8,0.0,True,0,car,314.35333333333335,,,,,,,,2025,Austria,Austrian Grand Prix,LEC,16,Ferrari,3.0,56.0,68.765,MEDIUM,3.811,8283.304
9589.0,283.0,8,0.0,True,0,car,333.22,,,,,,,,2025,Austria,Austrian Grand Prix,LEC,16,Ferrari,3.0,56.0,68.765,MEDIUM,4.051,8283.544
10006.0,260.0,8,0.0,True,0,car,347.6644444444445,,,,,,,,2025,Austria,Austrian Grand Prix,LEC,16,Ferrari,3.0,56.0,68.765,MEDIUM,4.251,8283.744
9501.0,237.0,8,0.0,True,0,car,368.7311111111111,,,,,,,,2025,Austria,Austrian Grand Prix,LEC,16,Ferrari,3.0,56.0,68.765,MEDIUM,4.571,8284.064
10335.0,182.0,6,0.0,True,0,car,389.0038888888889,,,,,,,,2025,Austria,Austrian Grand Prix,LEC,16,Ferrari,3.0,56.0,68.765,MEDIUM,4.972,8284.465
9547.0,160.0,4,0.0,True,0,car,403.2261111111111,,,,,,,,2025,Austria,Austrian Grand Prix,LEC,16,Ferrari,3.0,56.0,68.765,MEDIUM,5.292,8284.785
8868.0,148.0,4,0.0,True,0,car,413.09277777777777,,,,,,,,2025,Austria,Austrian Grand Prix,LEC,16,Ferrari,3.0,56.0,68.765,MEDIUM,5.532,8285.025
8463.0,142.0,4,1.0,True,0,car,422.55944444444447,,,,,,,,2025,Austria,Austrian Grand Prix,LEC,16,Ferrari,3.0,56.0,68.765,MEDIUM,5.772,8285.265
8313.0,132.0,4,5.0,False,0,car,434.29277777777776,,,,,,,,2025,Austria,Austrian Grand Prix,LEC,16,Ferrari,3.0,56.0,68.765,MEDIUM,6.092,8285.585
8113.0,128.0,4,42.0,False,0,car,445.67055555555555,,,,,,,,2025,Austria,Austrian Grand Prix,LEC,16,Ferrari,3.0,56.0,68.765,MEDIUM,6.412,8285.905
8578.0,129.0,4,52.0,False,0,car,452.83722222222224,,,,,,,,2025,Austria,Austrian Grand Prix,LEC,16,Ferrari,3.0,56.0,68.765,MEDIUM,6.612,8286.105
9017.0,132.0,4,61.0,False,0,car,461.63722222222225,,,,,,,,2025,Austria,Austrian Grand Prix,LEC,16,Ferrari,3.0,56.0,68.765,MEDIUM,6.852,8286.345
9017.0,135.0,4,64.0,False,0,car,467.63722222222225,,,,,,,,2025,Austria,Austrian Grand Prix,LEC,16,Ferrari,3.0,56.0,68.765,MEDIUM,7.012,8286.505
9553.0,138.0,4,73.0,False,0,car,473.7705555555556,,,,,,,,2025,Austria,Austrian Grand Prix,LEC,16,Ferrari,3.0,56.0,68.765,MEDIUM,7.172,8286.665
10125.0,148.0,4,100.0,False,0,car,485.24055555555555,,,,,,,,2025,Austria,Austrian Grand Prix,LEC,16,Ferrari,3.0,56.0,68.765,MEDIUM,7.451,8286.944
10586.0,158.0,4,100.0,False,0,car,494.0183333333333,,,,,,,,2025,Austria,Austrian Grand Prix,LEC,16,Ferrari,3.0,56.0,68.765,MEDIUM,7.651,8287.144
10980.0,169.0,4,100.0,False,0,car,501.52944444444444,,,,,,,,2025,Austria,Austrian Grand Prix,LEC,16,Ferrari,3.0,56.0,68.765,MEDIUM,7.811,8287.304
10863.0,172.0,4,100.0,False,0,car,509.1738888888889,,,,,,,,2025,Austria,Austrian Grand Prix,LEC,16,Ferrari,3.0,56.0,68.765,MEDIUM,7.971,8287.464
11777.0,184.0,4,100.0,False,0,car,521.4405555555555,,,,,,,,2025,Austria,Austrian Grand Prix,LEC,16,Ferrari,3.0,56.0,68.765,MEDIUM,8.211,8287.704
10523.0,188.0,5,100.0,False,0,car,531.885,,,,,,,,2025,Austria,Austrian Grand Prix,LEC,16,Ferrari,3.0,56.0,68.765,MEDIUM,8.411,8287.904
11206.0,205.0,5,100.0,False,0,car,559.2183333333334,,,,,,,,2025,Austria,Austrian Grand Prix,LEC,16,Ferrari,3.0,56.0,68.765,MEDIUM,8.891,8288.384
11710.0,218.0,5,100.0,False,0,car,578.5961111111112,,,,,,,,2025,Austria,Austrian Grand Prix,LEC,16,Ferrari,3.0,56.0,68.765,MEDIUM,9.211,8288.704
10890.0,223.0,5,100.0,False,0,car,595.9405555555556,,,,,,,,2025,Austria,Austrian Grand Prix,LEC,16,Ferrari,3.0,56.0,68.765,MEDIUM,9.491,8288.984
10756.0,229.0,6,100.0,False,0,car,611.2072222222223,,,,,,,,2025,Austria,Austrian Grand Prix,LEC,16,Ferrari,3.0,56.0,68.765,MEDIUM,9.731,8289.224
10971.0,237.0,6,100.0,False,0,car,624.3738888888889,,,,,,,,2025,Austria,Austrian Grand Prix,LEC,16,Ferrari,3.0,56.0,68.765,MEDIUM,9.931,8289.424
11076.0,238.0,6,100.0,False,0,car,634.9516666666667,,,,,,,,2025,Austria,Austrian Grand Prix,LEC,16,Ferrari,3.0,56.0,68.765,MEDIUM,10.091,8289.584
11455.0,250.0,6,100.0,False,0,car,665.5072222222224,,,,,,,,2025,Austria,Austrian Grand Prix,LEC,16,Ferrari,3.0,56.0,68.765,MEDIUM,10.531,8290.024
11685.0,255.0,6,100.0,False,0,car,685.3405555555556,,,,,,,,2025,Austria,Austrian Grand Prix,LEC,16,Ferrari,3.0,56.0,68.765,MEDIUM,10.811,8290.304
10432.0,260.0,7,100.0,False,0,car,708.4516666666667,,,,,,,,2025,Austria,Austrian Grand Prix,LEC,16,Ferrari,3.0,56.0,68.765,MEDIUM,11.131,8290.624
10745.0,266.0,7,100.0,False,0,car,735.0516666666666,,,,,,,,2025,Austria,Austrian Grand Prix,LEC,16,Ferrari,3.0,56.0,68.765,MEDIUM,11.491,8290.984
10836.0,269.0,7,100.0,False,0,car,753.0597222222221,,,,,,,,2025,Austria,Austrian Grand Prix,LEC,16,Ferrari,3.0,56.0,68.765,MEDIUM,11.732,8291.225
10980.0,271.0,7,100.0,False,0,car,768.1152777777778,,,,,,,,2025,Austria,Austrian Grand Prix,LEC,16,Ferrari,3.0,56.0,68.765,MEDIUM,11.932,8291.425
11119.0,276.0,7,100.0,False,0,car,792.6486111111111,,,,,,,,2025,Austria,Austrian Grand Prix,LEC,16,Ferrari,3.0,56.0,68.765,MEDIUM,12.252,8291.745
11255.0,280.0,7,100.0,False,0,car,814.4263888888888,,,,,,,,2025,Austria,Austrian Grand Prix,LEC,16,Ferrari,3.0,56.0,68.765,MEDIUM,12.532,8292.025
11359.0,283.0,7,100.0,False,0,car,836.4374999999999,,,,,,,,2025,Austria,Austrian Grand Prix,LEC,16,Ferrari,3.0,56.0,68.765,MEDIUM,12.812,8292.305
11420.0,283.0,7,100.0,False,0,car,849.0152777777777,,,,,,,,2025,Austria,Austrian Grand Prix,LEC,16,Ferrari,3.0,56.0,68.765,MEDIUM,12.972,8292.465
11501.0,286.0,7,100.0,False,0,car,864.9041666666667,,,,,,,,2025,Austria,Austrian Grand Prix,LEC,16,Ferrari,3.0,56.0,68.765,MEDIUM,13.172,8292.665
11573.0,288.0,7,100.0,False,0,car,877.7041666666667,,,,,,,,2025,Austria,Austrian Grand Prix,LEC,16,Ferrari,3.0,56.0,68.765,MEDIUM,13.332,8292.825
11573.0,290.0,7,100.0,False,0,car,900.2597222222222,,,,,,,,2025,Austria,Austrian Grand Prix,LEC,16,Ferrari,3.0,56.0,68.765,MEDIUM,13.612,8293.105
11713.0,292.0,7,100.0,False,0,car,919.7263888888889,,,,,,,,2025,Austria,Austrian Grand Prix,LEC,16,Ferrari,3.0,56.0,68.765,MEDIUM,13.852,8293.345
11002.0,294.0,7,100.0,False,0,car,935.9780555555556,,,,,,,,2025,Austria,Austrian Grand Prix,LEC,16,Ferrari,3.0,56.0,68.765,MEDIUM,14.051,8293.544
10661.0,295.0,8,100.0,False,0,car,958.9224999999999,,,,,,,,2025,Austria,Austrian Grand Prix,LEC,16,Ferrari,3.0,56.0,68.765,MEDIUM,14.331,8293.824
10646.0,297.0,8,100.0,False,0,car,978.7225,,,,,,,,2025,Austria,Austrian Grand Prix,LEC,16,Ferrari,3.0,56.0,68.765,MEDIUM,14.571,8294.064
10603.0,299.0,8,100.0,False,0,car,998.6558333333334,,,,,,,,2025,Austria,Austrian Grand Prix,LEC,16,Ferrari,3.0,56.0,68.765,MEDIUM,14.811,8294.304
10722.0,300.0,8,100.0,False,0,car,1025.3225,,,,,,,,2025,Austria,Austrian Grand Prix,LEC,16,Ferrari,3.0,56.0,68.765,MEDIUM,15.131,8294.624
10701.0,300.0,8,100.0,False,0,car,1045.3225,,,,,,,,2025,Austria,Austrian Grand Prix,LEC,16,Ferrari,3.0,56.0,68.765,MEDIUM,15.371,8294.864
10748.0,302.0,8,100.0,False,0,car,1075.5225,,,,,,,,2025,Austria,Austrian Grand Prix,LEC,16,Ferrari,3.0,56.0,68.765,MEDIUM,15.731,8295.224
10760.0,302.0,8,100.0,False,0,car,1095.6558333333335,,,,,,,,2025,Austria,Austrian Grand Prix,LEC,16,Ferrari,3.0,56.0,68.765,MEDIUM,15.971,8295.464
10787.0,302.0,8,100.0,False,0,car,1129.211388888889,,,,,,,,2025,Austria,Austrian Grand Prix,LEC,16,Ferrari,3.0,56.0,68.765,MEDIUM,16.371,8295.864
10739.0,302.0,8,100.0,False,0,car,1142.6336111111111,,,,,,,,2025,Austria,Austrian Grand Prix,LEC,16,Ferrari,3.0,56.0,68.765,MEDIUM,16.531,8296.024
10736.0,302.0,8,100.0,False,0,car,1166.1225000000002,,,,,,,,2025,Austria,Austrian Grand Prix,LEC,16,Ferrari,3.0,56.0,68.765,MEDIUM,16.811,8296.304
10804.0,302.0,8,100.0,False,0,car,1179.5447222222224,,,,,,,,2025,Austria,Austrian Grand Prix,LEC,16,Ferrari,3.0,56.0,68.765,MEDIUM,16.971,8296.464
10703.0,300.0,8,100.0,False,0,car,1196.211388888889,,,,,,,,2025,Austria,Austrian Grand Prix,LEC,16,Ferrari,3.0,56.0,68.765,MEDIUM,17.171,8296.664
10205.0,299.0,8,98.0,False,0,car,1212.8225,,,,,,,,2025,Austria,Austrian Grand Prix,LEC,16,Ferrari,3.0,56.0,68.765,MEDIUM,17.371,8296.864
10202.0,290.0,8,0.0,False,0,car,1241.8225000000002,,,,,,,,2025,Austria,Austrian Grand Prix,LEC,16,Ferrari,3.0,56.0,68.765,MEDIUM,17.731,8297.224
9556.0,276.0,8,0.0,True,0,car,1263.2891666666667,,,,,,,,2025,Austria,Austrian Grand Prix,LEC,16,Ferrari,3.0,56.0,68.765,MEDIUM,18.011,8297.504
9597.0,176.0,7,0.0,True,0,car,1304.4047222222223,,,,,,,,2025,Austria,Austrian Grand Prix,LEC,16,Ferrari,3.0,56.0,68.765,MEDIUM,18.852,8298.345
10136.0,148.0,7,0.0,True,0,car,1317.5602777777779,,,,,,,,2025,Austria,Austrian Grand Prix,LEC,16,Ferrari,3.0,56.0,68.765,MEDIUM,19.172,8298.665
10624.0,132.0,7,0.0,True,0,car,1323.4269444444444,,,,,,,,2025,Austria,Austrian Grand Prix,LEC,16,Ferrari,3.0,56.0,68.765,MEDIUM,19.332,8298.825
9877.0,120.0,6,0.0,True,0,car,1330.0936111111112,,,,,,,,2025,Austria,Austrian Grand Prix,LEC,16,Ferrari,3.0,56.0,68.765,MEDIUM,19.532,8299.025
8674.0,114.0,3,0.0,True,0,car,1338.960277777778,,,,,,,,2025,Austria,Austrian Grand Prix,LEC,16,Ferrari,3.0,56.0,68.765,MEDIUM,19.812,8299.305
7625.0,96.0,2,0.0,True,0,car,1346.4269444444446,,,,,,,,2025,Austria,Austrian Grand Prix,LEC,16,Ferrari,3.0,56.0,68.765,MEDIUM,20.092,8299.585
7261.0,83.0,2,0.0,True,0,car,1353.8047222222224,,,,,,,,2025,Austria,Austrian Grand Prix,LEC,16,Ferrari,3.0,56.0,68.765,MEDIUM,20.412,8299.905
6791.0,79.0,2,0.0,True,0,car,1358.1936111111113,,,,,,,,2025,Austria,Austrian Grand Prix,LEC,16,Ferrari,3.0,56.0,68.765,MEDIUM,20.612,8300.105
6598.0,77.0,2,0.0,True,0,car,1361.5944444444447,,,,,,,,2025,Austria,Austrian Grand Prix,LEC,16,Ferrari,3.0,56.0,68.765,MEDIUM,20.771,8300.264
6572.0,70.0,2,8.0,False,0,car,1370.15,,,,,,,,2025,Austria,Austrian Grand Prix,LEC,16,Ferrari,3.0,56.0,68.765,MEDIUM,21.211,8300.704
6496.0,70.0,2,20.0,False,0,car,1375.5944444444447,,,,,,,,2025,Austria,Austrian Grand Prix,LEC,16,Ferrari,3.0,56.0,68.765,MEDIUM,21.491,8300.984
6923.0,72.0,2,38.0,False,0,car,1382.7944444444447,,,,,,,,2025,Austria,Austrian Grand Prix,LEC,16,Ferrari,3.0,56.0,68.765,MEDIUM,21.851,8301.344
7304.0,74.0,2,41.0,False,0,car,1386.9055555555558,,,,,,,,2025,Austria,Austrian Grand Prix,LEC,16,Ferrari,3.0,56.0,68.765,MEDIUM,22.051,8301.544
7619.0,80.0,2,45.0,False,0,car,1392.2388888888893,,,,,,,,2025,Austria,Austrian Grand Prix,LEC,16,Ferrari,3.0,56.0,68.765,MEDIUM,22.291,8301.784
8039.0,88.0,2,45.0,False,0,car,1399.0833333333337,,,,,,,,2025,Austria,Austrian Grand Prix,LEC,16,Ferrari,3.0,56.0,68.765,MEDIUM,22.571,8302.064
9404.0,99.0,2,67.0,False,0,car,1405.6833333333336,,,,,,,,2025,Austria,Austrian Grand Prix,LEC,16,Ferrari,3.0,56.0,68.765,MEDIUM,22.811,8302.304
10013.0,107.0,2,70.0,False,0,car,1412.8166666666668,,,,,,,,2025,Austria,Austrian Grand Prix,LEC,16,Ferrari,3.0,56.0,68.765,MEDIUM,23.051,8302.544
9776.0,120.0,3,80.0,False,0,car,1422.15,,,,,,,,2025,Austria,Austrian Grand Prix,LEC,16,Ferrari,3.0,56.0,68.765,MEDIUM,23.331,8302.824
10449.0,135.0,3,89.0,False,0,car,1432.65,,,,,,,,2025,Austria,Austrian Grand Prix,LEC,16,Ferrari,3.0,56.0,68.765,MEDIUM,23.611,8303.104
11440.0,146.0,3,100.0,False,0,car,1440.7611111111112,,,,,,,,2025,Austria,Austrian Grand Prix,LEC,16,Ferrari,3.0,56.0,68.765,MEDIUM,23.811,8303.304
10479.0,161.0,4,99.0,False,0,car,1455.0722222222223,,,,,,,,2025,Austria,Austrian Grand Prix,LEC,16,Ferrari,3.0,56.0,68.765,MEDIUM,24.131,8303.624
11006.0,174.0,4,100.0,False,0,car,1470.538888888889,,,,,,,,2025,Austria,Austrian Grand Prix,LEC,16,Ferrari,3.0,56.0,68.765,MEDIUM,24.451,8303.944
11006.0,179.0,4,100.0,False,0,car,1484.5108333333335,,,,,,,,2025,Austria,Austrian Grand Prix,LEC,16,Ferrari,3.0,56.0,68.765,MEDIUM,24.732,8304.225
11426.0,187.0,4,100.0,False,0,car,1494.8997222222224,,,,,,,,2025,Austria,Austrian Grand Prix,LEC,16,Ferrari,3.0,56.0,68.765,MEDIUM,24.932,8304.425
11525.0,187.0,4,100.0,False,0,car,1503.2108333333335,,,,,,,,2025,Austria,Austrian Grand Prix,LEC,16,Ferrari,3.0,56.0,68.765,MEDIUM,25.092,8304.585
10920.0,206.0,5,100.0,False,0,car,1512.366388888889,,,,,,,,2025,Austria,Austrian Grand Prix,LEC,16,Ferrari,3.0,56.0,68.765,MEDIUM,25.252,8304.745
10920.0,206.0,5,100.0,False,0,car,1523.8108333333337,,,,,,,,2025,Austria,Austrian Grand Prix,LEC,16,Ferrari,3.0,56.0,68.765,MEDIUM,25.452,8304.945
11828.0,221.0,5,100.0,False,0,car,1540.9997222222223,,,,,,,,2025,Austria,Austrian Grand Prix,LEC,16,Ferrari,3.0,56.0,68.765,MEDIUM,25.732,8305.225
10735.0,229.0,5,100.0,False,0,car,1558.8108333333334,,,,,,,,2025,Austria,Austrian Grand Prix,LEC,16,Ferrari,3.0,56.0,68.765,MEDIUM,26.012,8305.505
11024.0,237.0,6,100.0,False,0,car,1582.5108333333335,,,,,,,,2025,Austria,Austrian Grand Prix,LEC,16,Ferrari,3.0,56.0,68.765,MEDIUM,26.372,8305.865
11180.0,244.0,6,100.0,False,0,car,1598.7775000000001,,,,,,,,2025,Austria,Austrian Grand Prix,LEC,16,Ferrari,3.0,56.0,68.765,MEDIUM,26.612,8306.105
11398.0,246.0,6,100.0,False,0,car,1609.7108333333335,,,,,,,,2025,Austria,Austrian Grand Prix,LEC,16,Ferrari,3.0,56.0,68.765,MEDIUM,26.772,8306.265
11279.0,254.0,6,100.0,False,0,car,1637.933055555556,,,,,,,,2025,Austria,Austrian Grand Prix,LEC,16,Ferrari,3.0,56.0,68.765,MEDIUM,27.172,8306.665
10420.0,260.0,7,100.0,False,0,car,1660.9719444444447,,,,,,,,2025,Austria,Austrian Grand Prix,LEC,16,Ferrari,3.0,56.0,68.765,MEDIUM,27.491,8306.984
10716.0,264.0,7,100.0,False,0,car,1681.5052777777782,,,,,,,,2025,Austria,Austrian Grand Prix,LEC,16,Ferrari,3.0,56.0,68.765,MEDIUM,27.771,8307.264
10716.0,269.0,7,100.0,False,0,car,1693.4608333333338,,,,,,,,2025,Austria,Austrian Grand Prix,LEC,16,Ferrari,3.0,56.0,68.765,MEDIUM,27.931,8307.424
10935.0,272.0,7,100.0,False,0,car,1708.5719444444449,,,,,,,,2025,Austria,Austrian Grand Prix,LEC,16,Ferrari,3.0,56.0,68.765,MEDIUM,28.131,8307.624
11066.0,274.0,7,100.0,False,0,car,1726.8386111111115,,,,,,,,2025,Austria,Austrian Grand Prix,LEC,16,Ferrari,3.0,56.0,68.765,MEDIUM,28.371,8307.864
11273.0,279.0,7,100.0,False,0,car,1754.7386111111118,,,,,,,,2025,Austria,Austrian Grand Prix,LEC,16,Ferrari,3.0,56.0,68.765,MEDIUM,28.731,8308.224
11342.0,283.0,7,100.0,False,0,car,1783.0386111111118,,,,,,,,2025,Austria,Austrian Grand Prix,LEC,16,Ferrari,3.0,56.0,68.765,MEDIUM,29.091,8308.584
11485.0,284.0,7,100.0,False,0,car,1798.8163888888896,,,,,,,,2025,Austria,Austrian Grand Prix,LEC,16,Ferrari,3.0,56.0,68.765,MEDIUM,29.291,8308.784
11664.0,290.0,7,100.0,False,0,car,1827.8163888888896,,,,,,,,2025,Austria,Austrian Grand Prix,LEC,16,Ferrari,3.0,56.0,68.765,MEDIUM,29.651,8309.144
11524.0,291.0,7,100.0,False,0,car,1843.9830555555561,,,,,,,,2025,Austria,Austrian Grand Prix,LEC,16,Ferrari,3.0,56.0,68.765,MEDIUM,29.851,8309.344
10477.0,294.0,8,100.0,False,0,car,1870.1163888888896,,,,,,,,2025,Austria,Austrian Grand Prix,LEC,16,Ferrari,3.0,56.0,68.765,MEDIUM,30.171,8309.664
10516.0,296.0,8,100.0,False,0,car,1896.4275000000007,,,,,,,,2025,Austria,Austrian Grand Prix,LEC,16,Ferrari,3.0,56.0,68.765,MEDIUM,30.491,8309.984
10662.0,299.0,8,100.0,False,0,car,1916.360833333334,,,,,,,,2025,Austria,Austrian Grand Prix,LEC,16,Ferrari,3.0,56.0,68.765,MEDIUM,30.731,8310.224
10686.0,300.0,8,100.0,False,0,car,1933.0275000000006,,,,,,,,2025,Austria,Austrian Grand Prix,LEC,16,Ferrari,3.0,56.0,68.765,MEDIUM,30.931,8310.424
10736.0,301.0,8,100.0,False,0,car,1946.4052777777783,,,,,,,,2025,Austria,Austrian Grand Prix,LEC,16,Ferrari,3.0,56.0,68.765,MEDIUM,31.091,8310.584
10628.0,300.0,8,100.0,False,0,car,1966.4886111111116,,,,,,,,2025,Austria,Austrian Grand Prix,LEC,16,Ferrari,3.0,56.0,68.765,MEDIUM,31.332,8310.825
10622.0,299.0,8,100.0,False,0,car,1989.7441666666668,,,,,,,,2025,Austria,Austrian Grand Prix,LEC,16,Ferrari,3.0,56.0,68.765,MEDIUM,31.612,8311.105
10611.0,299.0,8,100.0,False,0,car,2006.3552777777782,,,,,,,,2025,Austria,Austrian Grand Prix,LEC,16,Ferrari,3.0,56.0,68.765,MEDIUM,31.812,8311.305
10334.0,293.0,8,0.0,False,0,car,2038.9108333333338,,,,,,,,2025,Austria,Austrian Grand Prix,LEC,16,Ferrari,3.0,56.0,68.765,MEDIUM,32.212,8311.705
9814.0,279.0,8,0.0,True,0,car,2063.710833333333,,,,,,,,2025,Austria,Austrian Grand Prix,LEC,16,Ferrari,3.0,56.0,68.765,MEDIUM,32.532,8312.025
9477.0,255.0,8,0.0,True,0,car,2080.710833333333,,,,,,,,2025,Austria,Austrian Grand Prix,LEC,16,Ferrari,3.0,56.0,68.765,MEDIUM,32.772,8312.265
9169.0,229.0,8,0.0,True,0,car,2093.4330555555557,,,,,,,,2025,Austria,Austrian Grand Prix,LEC,16,Ferrari,3.0,56.0,68.765,MEDIUM,32.972,8312.465
10026.0,191.0,8,0.0,True,0,car,2108.2886111111115,,,,,,,,2025,Austria,Austrian Grand Prix,LEC,16,Ferrari,3.0,56.0,68.765,MEDIUM,33.252,8312.745
10644.0,181.0,8,0.0,True,0,car,2118.3441666666668,,,,,,,,2025,Austria,Austrian Grand Prix,LEC,16,Ferrari,3.0,56.0,68.765,MEDIUM,33.452,8312.945
10583.0,143.0,6,0.0,True,0,car,2132.644166666667,,,,,,,,2025,Austria,Austrian Grand Prix,LEC,16,Ferrari,3.0,56.0,68.765,MEDIUM,33.812,8313.305
9331.0,131.0,4,0.0,True,0,car,2141.3775000000005,,,,,,,,2025,Austria,Austrian Grand Prix,LEC,16,Ferrari,3.0,56.0,68.765,MEDIUM,34.052,8313.545
7428.0,105.0,3,2.0,True,0,car,2168.1816666666673,,,,,,,,2025,Austria,Austrian Grand Prix,LEC,16,Ferrari,3.0,56.0,68.765,MEDIUM,34.971,8314.464
7391.0,101.0,3,3.0,False,0,car,2177.159444444445,,,,,,,,2025,Austria,Austrian Grand Prix,LEC,16,Ferrari,3.0,56.0,68.765,MEDIUM,35.291,8314.784
7484.0,98.0,3,29.0,False,0,car,2183.6927777777782,,,,,,,,2025,Austria,Austrian Grand Prix,LEC,16,Ferrari,3.0,56.0,68.765,MEDIUM,35.531,8315.024
7660.0,98.0,3,32.0,False,0,car,2188.048333333334,,,,,,,,2025,Austria,Austrian Grand Prix,LEC,16,Ferrari,3.0,56.0,68.765,MEDIUM,35.691,8315.184
7780.0,100.0,3,44.0,False,0,car,2193.6038888888897,,,,,,,,2025,Austria,Austrian Grand Prix,LEC,16,Ferrari,3.0,56.0,68.765,MEDIUM,35.891,8315.384
8386.0,106.0,3,53.0,False,0,car,2200.6705555555563,,,,,,,,2025,Austria,Austrian Grand Prix,LEC,16,Ferrari,3.0,56.0,68.765,MEDIUM,36.131,8315.624
8796.0,111.0,3,59.0,False,0,car,2206.8372222222233,,,,,,,,2025,Austria,Austrian Grand Prix,LEC,16,Ferrari,3.0,56.0,68.765,MEDIUM,36.331,8315.824
9238.0,117.0,3,65.0,False,0,car,2214.637222222223,,,,,,,,2025,Austria,Austrian Grand Prix,LEC,16,Ferrari,3.0,56.0,68.765,MEDIUM,36.571,8316.064
9845.0,123.0,3,69.0,False,0,car,2221.4705555555565,,,,,,,,2025,Austria,Austrian Grand Prix,LEC,16,Ferrari,3.0,56.0,68.765,MEDIUM,36.771,8316.264
10545.0,131.0,3,83.0,False,0,car,2227.2927777777786,,,,,,,,2025,Austria,Austrian Grand Prix,LEC,16,Ferrari,3.0,56.0,68.765,MEDIUM,36.931,8316.424
10712.0,135.0,3,91.0,False,0,car,2234.7927777777786,,,,,,,,2025,Austria,Austrian Grand Prix,LEC,16,Ferrari,3.0,56.0,68.765,MEDIUM,37.131,8316.624
11581.0,150.0,3,100.0,False,0,car,2243.126111111112,,,,,,,,2025,Austria,Austrian Grand Prix,LEC,16,Ferrari,3.0,56.0,68.765,MEDIUM,37.331,8316.824
10793.0,164.0,4,100.0,False,0,car,2255.8816666666676,,,,,,,,2025,Austria,Austrian Grand Prix,LEC,16,Ferrari,3.0,56.0,68.765,MEDIUM,37.611,8317.104
11575.0,174.0,4,100.0,False,0,car,2269.4633333333345,,,,,,,,2025,Austria,Austrian Grand Prix,LEC,16,Ferrari,3.0,56.0,68.765,MEDIUM,37.892,8317.385
11765.0,178.0,4,100.0,False,0,car,2279.352222222223,,,,,,,,2025,Austria,Austrian Grand Prix,LEC,16,Ferrari,3.0,56.0,68.765,MEDIUM,38.092,8317.585
10639.0,196.0,5,100.0,False,0,car,2296.7744444444456,,,,,,,,2025,Austria,Austrian Grand Prix,LEC,16,Ferrari,3.0,56.0,68.765,MEDIUM,38.412,8317.905
11271.0,206.0,5,100.0,False,0,car,2315.0855555555568,,,,,,,,2025,Austria,Austrian Grand Prix,LEC,16,Ferrari,3.0,56.0,68.765,MEDIUM,38.732,8318.225
11731.0,215.0,5,100.0,False,0,car,2334.196666666668,,,,,,,,2025,Austria,Austrian Grand Prix,LEC,16,Ferrari,3.0,56.0,68.765,MEDIUM,39.052,8318.545
11025.0,227.0,5,100.0,False,0,car,2359.4188888888903,,,,,,,,2025,Austria,Austrian Grand Prix,LEC,16,Ferrari,3.0,56.0,68.765,MEDIUM,39.452,8318.945
10745.0,227.0,6,100.0,False,0,car,2369.507777777779,,,,,,,,2025,Austria,Austrian Grand Prix,LEC,16,Ferrari,3.0,56.0,68.765,MEDIUM,39.612,8319.105
11003.0,233.0,6,100.0,False,0,car,2387.6300000000015,,,,,,,,2025,Austria,Austrian Grand Prix,LEC,16,Ferrari,3.0,56.0,68.765,MEDIUM,39.892,8319.385
11161.0,240.0,6,100.0,False,0,car,2400.9633333333345,,,,,,,,2025,Austria,Austrian Grand Prix,LEC,16,Ferrari,3.0,56.0,68.765,MEDIUM,40.092,8319.585
11388.0,246.0,6,100.0,False,0,car,2420.0966666666677,,,,,,,,2025,Austria,Austrian Grand Prix,LEC,16,Ferrari,3.0,56.0,68.765,MEDIUM,40.372,8319.865
11651.0,251.0,6,100.0,False,0,car,2439.61888888889,,,,,,,,2025,Austria,Austrian Grand Prix,LEC,16,Ferrari,3.0,56.0,68.765,MEDIUM,40.652,8320.145
11703.0,255.0,6,100.0,False,0,car,2450.952222222223,,,,,,,,2025,Austria,Austrian Grand Prix,LEC,16,Ferrari,3.0,56.0,68.765,MEDIUM,40.812,8320.305
10514.0,259.0,6,100.0,False,0,car,2476.780277777779,,,,,,,,2025,Austria,Austrian Grand Prix,LEC,16,Ferrari,3.0,56.0,68.765,MEDIUM,41.171,8320.664
10608.0,264.0,7,100.0,False,0,car,2494.380277777779,,,,,,,,2025,Austria,Austrian Grand Prix,LEC,16,Ferrari,3.0,56.0,68.765,MEDIUM,41.411,8320.904
10648.0,265.0,7,100.0,False,0,car,2514.9913888888905,,,,,,,,2025,Austria,Austrian Grand Prix,LEC,16,Ferrari,3.0,56.0,68.765,MEDIUM,41.691,8321.184
10620.0,266.0,7,100.0,False,0,car,2529.769166666668,,,,,,,,2025,Austria,Austrian Grand Prix,LEC,16,Ferrari,3.0,56.0,68.765,MEDIUM,41.891,8321.384
10687.0,267.0,7,100.0,False,0,car,2541.6358333333346,,,,,,,,2025,Austria,Austrian Grand Prix,LEC,16,Ferrari,3.0,56.0,68.765,MEDIUM,42.051,8321.544
10577.0,244.0,7,3.0,True,0,car,2595.858055555557,,,,,,,,2025,Austria,Austrian Grand Prix,LEC,16,Ferrari,3.0,56.0,68.765,MEDIUM,42.851,8322.344
11312.0,224.0,6,2.0,True,0,car,2618.258055555557,,,,,,,,2025,Austria,Austrian Grand Prix,LEC,16,Ferrari,3.0,56.0,68.765,MEDIUM,43.211,8322.704
10473.0,203.0,5,1.0,True,0,car,2638.558055555557,,,,,,,,2025,Austria,Austrian Grand Prix,LEC,16,Ferrari,3.0,56.0,68.765,MEDIUM,43.571,8323.064
9801.0,191.0,5,2.0,True,0,car,2655.5358333333347,,,,,,,,2025,Austria,Austrian Grand Prix,LEC,16,Ferrari,3.0,56.0,68.765,MEDIUM,43.891,8323.384
9467.0,185.0,5,4.0,True,0,car,2669.924722222224,,,,,,,,2025,Austria,Austrian Grand Prix,LEC,16,Ferrari,3.0,56.0,68.765,MEDIUM,44.171,8323.664
9401.0,177.0,5,21.0,False,0,car,2681.7738888888907,,,,,,,,2025,Austria,Austrian Grand Prix,LEC,16,Ferrari,3.0,56.0,68.765,MEDIUM,44.412,8323.905
9365.0,174.0,5,46.0,False,0,car,2691.4405555555577,,,,,,,,2025,Austria,Austrian Grand Prix,LEC,16,Ferrari,3.0,56.0,68.765,MEDIUM,44.612,8324.105
9452.0,175.0,5,53.0,False,0,car,2701.16277777778,,,,,,,,2025,Austria,Austrian Grand Prix,LEC,16,Ferrari,3.0,56.0,68.765,MEDIUM,44.812,8324.305
9605.0,175.0,5,57.0,False,0,car,2708.9405555555577,,,,,,,,2025,Austria,Austrian Grand Prix,LEC,16,Ferrari,3.0,56.0,68.765,MEDIUM,44.972,8324.465
9605.0,177.0,5,59.0,False,0,car,2716.807222222224,,,,,,,,2025,Austria,Austrian Grand Prix,LEC,16,Ferrari,3.0,56.0,68.765,MEDIUM,45.132,8324.625
9836.0,179.0,5,64.0,False,0,car,2728.7405555555574,,,,,,,,2025,Austria,Austrian Grand Prix,LEC,16,Ferrari,3.0,56.0,68.765,MEDIUM,45.372,8324.865
9902.0,182.0,5,74.0,False,0,car,2736.829444444446,,,,,,,,2025,Austria,Austrian Grand Prix,LEC,16,Ferrari,3.0,56.0,68.765,MEDIUM,45.532,8325.025
10184.0,185.0,5,81.0,False,0,car,2747.1072222222238,,,,,,,,2025,Austria,Austrian Grand Prix,LEC,16,Ferrari,3.0,56.0,68.765,MEDIUM,45.732,8325.225
10415.0,190.0,5,87.0,False,0,car,2759.7738888888907,,,,,,,,2025,Austria,Austrian Grand Prix,LEC,16,Ferrari,3.0,56.0,68.765,MEDIUM,45.972,8325.465
10924.0,196.0,5,99.0,False,0,car,2770.6627777777794,,,,,,,,2025,Austria,Austrian Grand Prix,LEC,16,Ferrari,3.0,56.0,68.765,MEDIUM,46.172,8325.665
11067.0,203.0,5,100.0,False,0,car,2779.6850000000018,,,,,,,,2025,Austria,Austrian Grand Prix,LEC,16,Ferrari,3.0,56.0,68.765,MEDIUM,46.332,8325.825
11633.0,211.0,5,100.0,False,0,car,2800.7850000000017,,,,,,,,2025,Austria,Austrian Grand Prix,LEC,16,Ferrari,3.0,56.0,68.765,MEDIUM,46.692,8326.185
11806.0,221.0,5,99.0,False,0,car,2815.5183333333352,,,,,,,,2025,Austria,Austrian Grand Prix,LEC,16,Ferrari,3.0,56.0,68.765,MEDIUM,46.932,8326.425
10749.0,228.0,6,100.0,False,0,car,2833.251666666669,,,,,,,,2025,Austria,Austrian Grand Prix,LEC,16,Ferrari,3.0,56.0,68.765,MEDIUM,47.212,8326.705
10759.0,234.0,6,100.0,False,0,car,2851.4516666666686,,,,,,,,2025,Austria,Austrian Grand Prix,LEC,16,Ferrari,3.0,56.0,68.765,MEDIUM,47.492,8326.985
11002.0,240.0,6,100.0,False,0,car,2880.7183333333355,,,,,,,,2025,Austria,Austrian Grand Prix,LEC,16,Ferrari,3.0,56.0,68.765,MEDIUM,47.931,8327.424
11163.0,243.0,6,99.0,False,0,car,2902.3183333333354,,,,,,,,2025,Austria,Austrian Grand Prix,LEC,16,Ferrari,3.0,56.0,68.765,MEDIUM,48.251,8327.744
10672.0,243.0,6,28.0,True,0,car,2918.5183333333357,,,,,,,,2025,Austria,Austrian Grand Prix,LEC,16,Ferrari,3.0,56.0,68.765,MEDIUM,48.491,8327.984
10384.0,235.0,6,8.0,True,0,car,2928.9627777777805,,,,,,,,2025,Austria,Austrian Grand Prix,LEC,16,Ferrari,3.0,56.0,68.765,MEDIUM,48.651,8328.144
11424.0,222.0,6,14.0,True,0,car,2948.6961111111136,,,,,,,,2025,Austria,Austrian Grand Prix,LEC,16,Ferrari,3.0,56.0,68.765,MEDIUM,48.971,8328.464
11385.0,217.0,5,20.0,False,0,car,2960.7516666666693,,,,,,,,2025,Austria,Austrian Grand Prix,LEC,16,Ferrari,3.0,56.0,68.765,MEDIUM,49.171,8328.664
11063.0,209.0,5,29.0,False,0,car,2970.0405555555585,,,,,,,,2025,Austria,Austrian Grand Prix,LEC,16,Ferrari,3.0,56.0,68.765,MEDIUM,49.331,8328.824
10920.0,208.0,5,40.0,False,0,car,2979.2850000000026,,,,,,,,2025,Austria,Austrian Grand Prix,LEC,16,Ferrari,3.0,56.0,68.765,MEDIUM,49.491,8328.984
10933.0,205.0,5,56.0,False,0,car,2992.9516666666696,,,,,,,,2025,Austria,Austrian Grand Prix,LEC,16,Ferrari,3.0,56.0,68.765,MEDIUM,49.731,8329.224
10910.0,205.0,5,55.0,False,0,car,3006.618333333336,,,,,,,,2025,Austria,Austrian Grand Prix,LEC,16,Ferrari,3.0,56.0,68.765,MEDIUM,49.971,8329.464
10875.0,203.0,5,57.0,False,0,car,3029.1738888888917,,,,,,,,2025,Austria,Austrian Grand Prix,LEC,16,Ferrari,3.0,56.0,68.765,MEDIUM,50.371,8329.864
11298.0,207.0,5,80.0,False,0,car,3052.1738888888917,,,,,,,,2025,Austria,Austrian Grand Prix,LEC,16,Ferrari,3.0,56.0,68.765,MEDIUM,50.771,8330.264
11317.0,210.0,5,90.0,False,0,car,3063.8988888888916,,,,,,,,2025,Austria,Austrian Grand Prix,LEC,16,Ferrari,3.0,56.0,68.765,MEDIUM,50.972,8330.465
11928.0,220.0,5,100.0,False,0,car,3093.2322222222247,,,,,,,,2025,Austria,Austrian Grand Prix,LEC,16,Ferrari,3.0,56.0,68.765,MEDIUM,51.452,8330.945
11275.0,222.0,5,100.0,False,0,car,3105.565555555558,,,,,,,,2025,Austria,Austrian Grand Prix,LEC,16,Ferrari,3.0,56.0,68.765,MEDIUM,51.652,8331.145
10911.0,233.0,6,100.0,False,0,car,3123.6877777777804,,,,,,,,2025,Austria,Austrian Grand Prix,LEC,16,Ferrari,3.0,56.0,68.765,MEDIUM,51.932,8331.425
11143.0,238.0,6,100.0,False,0,car,3147.4877777777806,,,,,,,,2025,Austria,Austrian Grand Prix,LEC,16,Ferrari,3.0,56.0,68.765,MEDIUM,52.292,8331.785
11207.0,243.0,6,100.0,False,0,car,3163.6877777777804,,,,,,,,2025,Austria,Austrian Grand Prix,LEC,16,Ferrari,3.0,56.0,68.765,MEDIUM,52.532,8332.025
11551.0,249.0,6,100.0,False,0,car,3185.8211111111136,,,,,,,,2025,Austria,Austrian Grand Prix,LEC,16,Ferrari,3.0,56.0,68.765,MEDIUM,52.852,8332.345
11755.0,253.0,6,100.0,False,0,car,3208.3100000000027,,,,,,,,2025,Austria,Austrian Grand Prix,LEC,16,Ferrari,3.0,56.0,68.765,MEDIUM,53.172,8332.665
11503.0,256.0,6,100.0,False,0,car,3222.5322222222253,,,,,,,,2025,Austria,Austrian Grand Prix,LEC,16,Ferrari,3.0,56.0,68.765,MEDIUM,53.372,8332.865
10712.0,260.0,7,100.0,False,0,car,3242.7544444444475,,,,,,,,2025,Austria,Austrian Grand Prix,LEC,16,Ferrari,3.0,56.0,68.765,MEDIUM,53.652,8333.145
10621.0,264.0,7,100.0,False,0,car,3254.4877777777806,,,,,,,,2025,Austria,Austrian Grand Prix,LEC,16,Ferrari,3.0,56.0,68.765,MEDIUM,53.812,8333.305
10704.0,265.0,7,100.0,False,0,car,3266.2655555555584,,,,,,,,2025,Austria,Austrian Grand Prix,LEC,16,Ferrari,3.0,56.0,68.765,MEDIUM,53.972,8333.465
10828.0,267.0,7,100.0,False,0,car,3281.0988888888915,,,,,,,,2025,Austria,Austrian Grand Prix,LEC,16,Ferrari,3.0,56.0,68.765,MEDIUM,54.172,8333.665
10920.0,270.0,7,100.0,False,0,car,3296.0988888888915,,,,,,,,2025,Austria,Austrian Grand Prix,LEC,16,Ferrari,3.0,56.0,68.765,MEDIUM,54.372,8333.865
11056.0,275.0,7,100.0,False,0,car,3323.5225000000028,,,,,,,,2025,Austria,Austrian Grand Prix,LEC,16,Ferrari,3.0,56.0,68.765,MEDIUM,54.731,8334.224
11159.0,277.0,7,100.0,False,0,car,3341.989166666669,,,,,,,,2025,Austria,Austrian Grand Prix,LEC,16,Ferrari,3.0,56.0,68.765,MEDIUM,54.971,8334.464
11253.0,281.0,7,100.0,False,0,car,3360.7225000000026,,,,,,,,2025,Austria,Austrian Grand Prix,LEC,16,Ferrari,3.0,56.0,68.765,MEDIUM,55.211,8334.704
11395.0,284.0,7,100.0,False,0,car,3385.966944444447,,,,,,,,2025,Austria,Austrian Grand Prix,LEC,16,Ferrari,3.0,56.0,68.765,MEDIUM,55.531,8335.024
11470.0,284.0,7,100.0,False,0,car,3404.9002777777805,,,,,,,,2025,Austria,Austrian Grand Prix,LEC,16,Ferrari,3.0,56.0,68.765,MEDIUM,55.771,8335.264
11521.0,288.0,7,100.0,False,0,car,3424.100277777781,,,,,,,,2025,Austria,Austrian Grand Prix,LEC,16,Ferrari,3.0,56.0,68.765,MEDIUM,56.011,8335.504
11581.0,289.0,7,100.0,False,0,car,3440.155833333336,,,,,,,,2025,Austria,Austrian Grand Prix,LEC,16,Ferrari,3.0,56.0,68.765,MEDIUM,56.211,8335.704
11698.0,292.0,7,100.0,False,0,car,3469.355833333336,,,,,,,,2025,Austria,Austrian Grand Prix,LEC,16,Ferrari,3.0,56.0,68.765,MEDIUM,56.571,8336.064
11801.0,294.0,7,100.0,False,0,car,3502.0225000000023,,,,,,,,2025,Austria,Austrian Grand Prix,LEC,16,Ferrari,3.0,56.0,68.765,MEDIUM,56.971,8336.464
10645.0,298.0,8,100.0,False,0,car,3538.4447222222248,,,,,,,,2025,Austria,Austrian Grand Prix,LEC,16,Ferrari,3.0,56.0,68.765,MEDIUM,57.411,8336.904
10540.0,298.0,8,100.0,False,0,car,3565.0163888888915,,,,,,,,2025,Austria,Austrian Grand Prix,LEC,16,Ferrari,3.0,56.0,68.765,MEDIUM,57.732,8337.225
10518.0,297.0,8,100.0,False,0,car,3581.516388888892,,,,,,,,2025,Austria,Austrian Grand Prix,LEC,16,Ferrari,3.0,56.0,68.765,MEDIUM,57.932,8337.425
10540.0,296.0,8,100.0,False,0,car,3594.671944444447,,,,,,,,2025,Austria,Austrian Grand Prix,LEC,16,Ferrari,3.0,56.0,68.765,MEDIUM,58.092,8337.585
10499.0,296.0,8,100.0,False,0,car,3617.6941666666694,,,,,,,,2025,Austria,Austrian Grand Prix,LEC,16,Ferrari,3.0,56.0,68.765,MEDIUM,58.372,8337.865
10477.0,295.0,8,100.0,False,0,car,3640.6386111111137,,,,,,,,2025,Austria,Austrian Grand Prix,LEC,16,Ferrari,3.0,56.0,68.765,MEDIUM,58.652,8338.145
10375.0,286.0,8,14.0,True,0,car,3666.060833333336,,,,,,,,2025,Austria,Austrian Grand Prix,LEC,16,Ferrari,3.0,56.0,68.765,MEDIUM,58.972,8338.465
10645.0,273.0,8,14.0,True,0,car,3681.2275000000027,,,,,,,,2025,Austria,Austrian Grand Prix,LEC,16,Ferrari,3.0,56.0,68.765,MEDIUM,59.172,8338.665
11535.0,261.0,7,20.0,True,0,car,3695.7275000000027,,,,,,,,2025,Austria,Austrian Grand Prix,LEC,16,Ferrari,3.0,56.0,68.765,MEDIUM,59.372,8338.865
10914.0,247.0,6,25.0,True,0,car,3717.6830555555584,,,,,,,,2025,Austria,Austrian Grand Prix,LEC,16,Ferrari,3.0,56.0,68.765,MEDIUM,59.692,8339.185
10775.0,241.0,6,40.0,False,0,car,3731.0719444444476,,,,,,,,2025,Austria,Austrian Grand Prix,LEC,16,Ferrari,3.0,56.0,68.765,MEDIUM,59.892,8339.385
10730.0,233.0,6,64.0,False,0,car,3759.5497222222252,,,,,,,,2025,Austria,Austrian Grand Prix,LEC,16,Ferrari,3.0,56.0,68.765,MEDIUM,60.332,8339.825
10855.0,234.0,6,82.0,False,0,car,3785.5497222222252,,,,,,,,2025,Austria,Austrian Grand Prix,LEC,16,Ferrari,3.0,56.0,68.765,MEDIUM,60.732,8340.225
11077.0,236.0,6,94.0,False,0,car,3798.6608333333365,,,,,,,,2025,Austria,Austrian Grand Prix,LEC,16,Ferrari,3.0,56.0,68.765,MEDIUM,60.932,8340.425
11035.0,240.0,6,100.0,False,0,car,3817.327500000003,,,,,,,,2025,Austria,Austrian Grand Prix,LEC,16,Ferrari,3.0,56.0,68.765,MEDIUM,61.212,8340.705
11237.0,241.0,6,100.0,False,0,car,3827.9716666666695,,,,,,,,2025,Austria,Austrian Grand Prix,LEC,16,Ferrari,3.0,56.0,68.765,MEDIUM,61.371,8340.864
11380.0,247.0,6,100.0,False,0,car,3847.1827777777808,,,,,,,,2025,Austria,Austrian Grand Prix,LEC,16,Ferrari,3.0,56.0,68.765,MEDIUM,61.651,8341.144
11092.0,249.0,6,59.0,True,0,car,3858.2494444444474,,,,,,,,2025,Austria,Austrian Grand Prix,LEC,16,Ferrari,3.0,56.0,68.765,MEDIUM,61.811,8341.304
10561.0,235.0,6,0.0,True,0,car,3873.9161111111143,,,,,,,,2025,Austria,Austrian Grand Prix,LEC,16,Ferrari,3.0,56.0,68.765,MEDIUM,62.051,8341.544
10574.0,205.0,6,0.0,True,0,car,3889.8605555555587,,,,,,,,2025,Austria,Austrian Grand Prix,LEC,16,Ferrari,3.0,56.0,68.765,MEDIUM,62.331,8341.824
9828.0,200.0,5,0.0,True,0,car,3898.7494444444474,,,,,,,,2025,Austria,Austrian Grand Prix,LEC,16,Ferrari,3.0,56.0,68.765,MEDIUM,62.491,8341.984
9655.0,186.0,5,0.0,True,0,car,3909.082777777781,,,,,,,,2025,Austria,Austrian Grand Prix,LEC,16,Ferrari,3.0,56.0,68.765,MEDIUM,62.691,8342.184
9578.0,181.0,5,5.0,True,0,car,3921.1494444444475,,,,,,,,2025,Austria,Austrian Grand Prix,LEC,16,Ferrari,3.0,56.0,68.765,MEDIUM,62.931,8342.424
9298.0,177.0,5,4.0,True,0,car,3929.0161111111142,,,,,,,,2025,Austria,Austrian Grand Prix,LEC,16,Ferrari,3.0,56.0,68.765,MEDIUM,63.091,8342.584
9085.0,172.0,5,20.0,False,0,car,3936.6605555555584,,,,,,,,2025,Austria,Austrian Grand Prix,LEC,16,Ferrari,3.0,56.0,68.765,MEDIUM,63.251,8342.744
9234.0,170.0,5,44.0,False,0,car,3949.8827777777806,,,,,,,,2025,Austria,Austrian Grand Prix,LEC,16,Ferrari,3.0,56.0,68.765,MEDIUM,63.531,8343.024
8933.0,168.0,5,55.0,False,0,car,3957.3494444444473,,,,,,,,2025,Austria,Austrian Grand Prix,LEC,16,Ferrari,3.0,56.0,68.765,MEDIUM,63.691,8343.184
9462.0,172.0,5,69.0,False,0,car,3970.7272222222246,,,,,,,,2025,Austria,Austrian Grand Prix,LEC,16,Ferrari,3.0,56.0,68.765,MEDIUM,63.971,8343.464
9737.0,177.0,5,83.0,False,0,car,3982.5763888888914,,,,,,,,2025,Austria,Austrian Grand Prix,LEC,16,Ferrari,3.0,56.0,68.765,MEDIUM,64.212,8343.705
10635.0,191.0,5,100.0,False,0,car,4005.920833333336,,,,,,,,2025,Austria,Austrian Grand Prix,LEC,16,Ferrari,3.0,56.0,68.765,MEDIUM,64.652,8344.145
10910.0,197.0,5,100.0,False,0,car,4019.054166666669,,,,,,,,2025,Austria,Austrian Grand Prix,LEC,16,Ferrari,3.0,56.0,68.765,MEDIUM,64.892,8344.385
11380.0,208.0,5,100.0,False,0,car,4035.231944444447,,,,,,,,2025,Austria,Austrian Grand Prix,LEC,16,Ferrari,3.0,56.0,68.765,MEDIUM,65.172,8344.665
11796.0,216.0,5,100.0,False,0,car,4052.031944444447,,,,,,,,2025,Austria,Austrian Grand Prix,LEC,16,Ferrari,3.0,56.0,68.765,MEDIUM,65.452,8344.945
11796.0,221.0,5,100.0,False,0,car,4061.8541666666692,,,,,,,,2025,Austria,Austrian Grand Prix,LEC,16,Ferrari,3.0,56.0,68.765,MEDIUM,65.612,8345.105
11516.0,224.0,5,100.0,False,0,car,4071.8097222222254,,,,,,,,2025,Austria,Austrian Grand Prix,LEC,16,Ferrari,3.0,56.0,68.765,MEDIUM,65.772,8345.265
10848.0,232.0,6,100.0,False,0,car,4092.4319444444473,,,,,,,,2025,Austria,Austrian Grand Prix,LEC,16,Ferrari,3.0,56.0,68.765,MEDIUM,66.092,8345.585
10958.0,237.0,6,100.0,False,0,car,4102.96527777778,,,,,,,,2025,Austria,Austrian Grand Prix,LEC,16,Ferrari,3.0,56.0,68.765,MEDIUM,66.252,8345.745
11116.0,242.0,6,100.0,False,0,car,4121.787500000002,,,,,,,,2025,Austria,Austrian Grand Prix,LEC,16,Ferrari,3.0,56.0,68.765,MEDIUM,66.532,8346.025
11522.0,250.0,6,100.0,False,0,car,4141.2319444444465,,,,,,,,2025,Austria,Austrian Grand Prix,LEC,16,Ferrari,3.0,56.0,68.765,MEDIUM,66.812,8346.305
11690.0,255.0,6,100.0,False,0,car,4155.3986111111135,,,,,,,,2025,Austria,Austrian Grand Prix,LEC,16,Ferrari,3.0,56.0,68.765,MEDIUM,67.012,8346.505
11460.0,257.0,6,100.0,False,0,car,4166.820833333335,,,,,,,,2025,Austria,Austrian Grand Prix,LEC,16,Ferrari,3.0,56.0,68.765,MEDIUM,67.172,8346.665
10701.0,263.0,7,100.0,False,0,car,4193.120833333335,,,,,,,,2025,Austria,Austrian Grand Prix,LEC,16,Ferrari,3.0,56.0,68.765,MEDIUM,67.532,8347.025
10845.0,269.0,7,100.0,False,0,car,4223.009722222225,,,,,,,,2025,Austria,Austrian Grand Prix,LEC,16,Ferrari,3.0,56.0,68.765,MEDIUM,67.932,8347.425
11136.0,276.0,7,100.0,False,0,car,4256.666388888891,,,,,,,,2025,Austria,Austrian Grand Prix,LEC,16,Ferrari,3.0,56.0,68.765,MEDIUM,68.371,8347.864
11167.0,279.0,7,100.0,False,0,car,4269.066388888891,,,,,,,,2025,Austria,Austrian Grand Prix,LEC,16,Ferrari,3.0,56.0,68.765,MEDIUM,68.531,8348.024
10739.0,233.0,6,100.0,False,0,car,6.7958333333333325,,,,,,,,2025,Belgium,Belgian Grand Prix,PIA,81,McLaren,1.0,43.0,105.706,MEDIUM,0.105,12981.55
10830.0,258.0,6,100.0,False,0,car,87.06250000000001,,,,,,,,2025,Belgium,Belgian Grand Prix,PIA,81,McLaren,1.0,43.0,105.706,MEDIUM,1.225,12982.67
10670.0,265.0,7,100.0,False,0,car,116.50694444444446,,,,,,,,2025,Belgium,Belgian Grand Prix,PIA,81,McLaren,1.0,43.0,105.706,MEDIUM,1.625,12983.07
10802.0,269.0,7,100.0,False,0,car,140.41805555555558,,,,,,,,2025,Belgium,Belgian Grand Prix,PIA,81,McLaren,1.0,43.0,105.706,MEDIUM,1.945,12983.39
10878.0,273.0,7,100.0,False,0,car,152.5513888888889,,,,,,,,2025,Belgium,Belgian Grand Prix,PIA,81,McLaren,1.0,43.0,105.706,MEDIUM,2.105,12983.55
11019.0,276.0,7,100.0,False,0,car,174.01805555555558,,,,,,,,2025,Belgium,Belgian Grand Prix,PIA,81,McLaren,1.0,43.0,105.706,MEDIUM,2.385,12983.83
11217.0,281.0,7,99.0,False,0,car,205.24027777777783,,,,,,,,2025,Belgium,Belgian Grand Prix,PIA,81,McLaren,1.0,43.0,105.706,MEDIUM,2.785,12984.23
11335.0,283.0,7,100.0,False,0,car,224.10694444444448,,,,,,,,2025,Belgium,Belgian Grand Prix,PIA,81,McLaren,1.0,43.0,105.706,MEDIUM,3.025,12984.47
11183.0,285.0,7,23.0,False,0,car,243.1069444444445,,,,,,,,2025,Belgium,Belgian Grand Prix,PIA,81,McLaren,1.0,43.0,105.706,MEDIUM,3.265,12984.71
10117.0,258.0,7,0.0,True,0,car,271.77361111111117,,,,,,,,2025,Belgium,Belgian Grand Prix,PIA,81,McLaren,1.0,43.0,105.706,MEDIUM,3.665,12985.11
9259.0,246.0,7,0.0,True,0,car,282.7069444444445,,,,,,,,2025,Belgium,Belgian Grand Prix,PIA,81,McLaren,1.0,43.0,105.706,MEDIUM,3.825,12985.27
8519.0,207.0,7,0.0,True,0,car,298.8069444444445,,,,,,,,2025,Belgium,Belgian Grand Prix,PIA,81,McLaren,1.0,43.0,105.706,MEDIUM,4.105,12985.55
9293.0,162.0,6,0.0,True,0,car,315.0069444444445,,,,,,,,2025,Belgium,Belgian Grand Prix,PIA,81,McLaren,1.0,43.0,105.706,MEDIUM,4.465,12985.91
10062.0,143.0,5,0.0,True,0,car,326.1291666666667,,,,,,,,2025,Belgium,Belgian Grand Prix,PIA,81,McLaren,1.0,43.0,105.706,MEDIUM,4.745,12986.19
10606.0,128.0,5,0.0,True,0,car,331.8180555555556,,,,,,,,2025,Belgium,Belgian Grand Prix,PIA,81,McLaren,1.0,43.0,105.706,MEDIUM,4.905,12986.35
9479.0,115.0,2,0.0,True,0,car,338.175,,,,,,,,2025,Belgium,Belgian Grand Prix,PIA,81,McLaren,1.0,43.0,105.706,MEDIUM,5.104,12986.549
8662.0,104.0,2,0.0,True,0,car,343.9527777777778,,,,,,,,2025,Belgium,Belgian Grand Prix,PIA,81,McLaren,1.0,43.0,105.706,MEDIUM,5.304,12986.749
8075.0,96.0,2,0.0,True,0,car,348.21944444444443,,,,,,,,2025,Belgium,Belgian Grand Prix,PIA,81,McLaren,1.0,43.0,105.706,MEDIUM,5.464,12986.909
7523.0,87.0,2,0.0,True,0,car,355.9527777777777,,,,,,,,2025,Belgium,Belgian Grand Prix,PIA,81,McLaren,1.0,43.0,105.706,MEDIUM,5.784,12987.229
7018.0,84.0,2,0.0,True,0,car,361.55277777777775,,,,,,,,2025,Belgium,Belgian Grand Prix,PIA,81,McLaren,1.0,43.0,105.706,MEDIUM,6.024,12987.469
6925.0,82.0,2,0.0,False,0,car,367.04222222222216,,,,,,,,2025,Belgium,Belgian Grand Prix,PIA,81,McLaren,1.0,43.0,105.706,MEDIUM,6.265,12987.71
6628.0,80.0,2,0.0,False,0,car,373.2644444444444,,,,,,,,2025,Belgium,Belgian Grand Prix,PIA,81,McLaren,1.0,43.0,105.706,MEDIUM,6.545,12987.99
6484.0,78.0,2,0.0,False,0,car,377.5977777777777,,,,,,,,2025,Belgium,Belgian Grand Prix,PIA,81,McLaren,1.0,43.0,105.706,MEDIUM,6.745,12988.19
6886.0,74.0,2,24.0,False,0,car,384.99777777777774,,,,,,,,2025,Belgium,Belgian Grand Prix,PIA,81,McLaren,1.0,43.0,105.706,MEDIUM,7.105,12988.55
6936.0,76.0,2,24.0,False,0,car,388.3755555555555,,,,,,,,2025,Belgium,Belgian Grand Prix,PIA,81,McLaren,1.0,43.0,105.706,MEDIUM,7.265,12988.71
7531.0,80.0,2,36.0,False,0,car,394.5977777777777,,,,,,,,2025,Belgium,Belgian Grand Prix,PIA,81,McLaren,1.0,43.0,105.706,MEDIUM,7.545,12988.99
8099.0,84.0,2,46.0,False,0,car,399.2644444444444,,,,,,,,2025,Belgium,Belgian Grand Prix,PIA,81,McLaren,1.0,43.0,105.706,MEDIUM,7.745,12989.19
8965.0,90.0,2,52.0,False,0,car,404.2644444444444,,,,,,,,2025,Belgium,Belgian Grand Prix,PIA,81,McLaren,1.0,43.0,105.706,MEDIUM,7.945,12989.39
9716.0,97.0,2,54.0,False,0,car,409.65333333333325,,,,,,,,2025,Belgium,Belgian Grand Prix,PIA,81,McLaren,1.0,43.0,105.706,MEDIUM,8.145,12989.59
10362.0,107.0,2,65.0,False,0,car,417.9755555555555,,,,,,,,2025,Belgium,Belgian Grand Prix,PIA,81,McLaren,1.0,43.0,105.706,MEDIUM,8.425,12989.87
10780.0,116.0,2,70.0,False,0,car,423.13111111111107,,,,,,,,2025,Belgium,Belgian Grand Prix,PIA,81,McLaren,1.0,43.0,105.706,MEDIUM,8.585,12990.03
10624.0,124.0,2,80.0,False,0,car,431.39777777777766,,,,,,,,2025,Belgium,Belgian Grand Prix,PIA,81,McLaren,1.0,43.0,105.706,MEDIUM,8.825,12990.27
10683.0,139.0,3,84.0,False,0,car,442.2088888888888,,,,,,,,2025,Belgium,Belgian Grand Prix,PIA,81,McLaren,1.0,43.0,105.706,MEDIUM,9.105,12990.55
11684.0,152.0,3,96.0,False,0,car,454.031111111111,,,,,,,,2025,Belgium,Belgian Grand Prix,PIA,81,McLaren,1.0,43.0,105.706,MEDIUM,9.385,12990.83
10844.0,164.0,4,100.0,False,0,car,464.9644444444443,,,,,,,,2025,Belgium,Belgian Grand Prix,PIA,81,McLaren,1.0,43.0,105.706,MEDIUM,9.625,12991.07
11144.0,181.0,4,99.0,False,0,car,479.04222222222205,,,,,,,,2025,Belgium,Belgian Grand Prix,PIA,81,McLaren,1.0,43.0,105.706,MEDIUM,9.905,12991.35
10867.0,192.0,4,99.0,False,0,car,493.97555555555545,,,,,,,,2025,Belgium,Belgian Grand Prix,PIA,81,McLaren,1.0,43.0,105.706,MEDIUM,10.185,12991.63
10596.0,199.0,5,99.0,False,0,car,502.8199999999999,,,,,,,,2025,Belgium,Belgian Grand Prix,PIA,81,McLaren,1.0,43.0,105.706,MEDIUM,10.345,12991.79
11136.0,210.0,5,100.0,False,0,car,521.4866666666665,,,,,,,,2025,Belgium,Belgian Grand Prix,PIA,81,McLaren,1.0,43.0,105.706,MEDIUM,10.665,12992.11
11332.0,217.0,5,100.0,False,0,car,533.5422222222221,,,,,,,,2025,Belgium,Belgian Grand Prix,PIA,81,McLaren,1.0,43.0,105.706,MEDIUM,10.865,12992.31
10657.0,221.0,5,100.0,False,0,car,543.3644444444443,,,,,,,,2025,Belgium,Belgian Grand Prix,PIA,81,McLaren,1.0,43.0,105.706,MEDIUM,11.025,12992.47
10949.0,236.0,6,100.0,False,0,car,574.831111111111,,,,,,,,2025,Belgium,Belgian Grand Prix,PIA,81,McLaren,1.0,43.0,105.706,MEDIUM,11.505,12992.95
11030.0,242.0,6,100.0,False,0,car,588.2755555555553,,,,,,,,2025,Belgium,Belgian Grand Prix,PIA,81,McLaren,1.0,43.0,105.706,MEDIUM,11.705,12993.15
11279.0,247.0,6,100.0,False,0,car,601.9291666666664,,,,,,,,2025,Belgium,Belgian Grand Prix,PIA,81,McLaren,1.0,43.0,105.706,MEDIUM,11.904,12993.349
11374.0,252.0,6,100.0,False,0,car,613.1291666666665,,,,,,,,2025,Belgium,Belgian Grand Prix,PIA,81,McLaren,1.0,43.0,105.706,MEDIUM,12.064,12993.509
11692.0,257.0,6,100.0,False,0,car,630.2624999999998,,,,,,,,2025,Belgium,Belgian Grand Prix,PIA,81,McLaren,1.0,43.0,105.706,MEDIUM,12.304,12993.749
10506.0,264.0,7,100.0,False,0,car,659.6691666666665,,,,,,,,2025,Belgium,Belgian Grand Prix,PIA,81,McLaren,1.0,43.0,105.706,MEDIUM,12.705,12994.15
10843.0,269.0,7,100.0,False,0,car,680.5913888888887,,,,,,,,2025,Belgium,Belgian Grand Prix,PIA,81,McLaren,1.0,43.0,105.706,MEDIUM,12.985,12994.43
11092.0,276.0,7,100.0,False,0,car,708.1913888888888,,,,,,,,2025,Belgium,Belgian Grand Prix,PIA,81,McLaren,1.0,43.0,105.706,MEDIUM,13.345,12994.79
11226.0,279.0,7,100.0,False,0,car,723.6913888888888,,,,,,,,2025,Belgium,Belgian Grand Prix,PIA,81,McLaren,1.0,43.0,105.706,MEDIUM,13.545,12994.99
11379.0,285.0,7,100.0,False,0,car,749.0247222222222,,,,,,,,2025,Belgium,Belgian Grand Prix,PIA,81,McLaren,1.0,43.0,105.706,MEDIUM,13.865,12995.31
11488.0,287.0,7,100.0,False,0,car,768.1580555555555,,,,,,,,2025,Belgium,Belgian Grand Prix,PIA,81,McLaren,1.0,43.0,105.706,MEDIUM,14.105,12995.55
11503.0,291.0,7,100.0,False,0,car,794.0247222222222,,,,,,,,2025,Belgium,Belgian Grand Prix,PIA,81,McLaren,1.0,43.0,105.706,MEDIUM,14.425,12995.87
10486.0,294.0,7,100.0,False,0,car,810.3580555555554,,,,,,,,2025,Belgium,Belgian Grand Prix,PIA,81,McLaren,1.0,43.0,105.706,MEDIUM,14.625,12996.07
10515.0,297.0,8,100.0,False,0,car,836.7580555555554,,,,,,,,2025,Belgium,Belgian Grand Prix,PIA,81,McLaren,1.0,43.0,105.706,MEDIUM,14.945,12996.39
10671.0,302.0,8,100.0,False,0,car,863.6024999999998,,,,,,,,2025,Belgium,Belgian Grand Prix,PIA,81,McLaren,1.0,43.0,105.706,MEDIUM,15.265,12996.71
10774.0,305.0,8,100.0,False,0,car,894.1024999999998,,,,,,,,2025,Belgium,Belgian Grand Prix,PIA,81,McLaren,1.0,43.0,105.706,MEDIUM,15.625,12997.07
10842.0,308.0,8,100.0,False,0,car,921.4802777777777,,,,,,,,2025,Belgium,Belgian Grand Prix,PIA,81,McLaren,1.0,43.0,105.706,MEDIUM,15.945,12997.39
10957.0,309.0,8,100.0,False,0,car,945.5136111111111,,,,,,,,2025,Belgium,Belgian Grand Prix,PIA,81,McLaren,1.0,43.0,105.706,MEDIUM,16.225,12997.67
10958.0,311.0,8,99.0,False,0,car,966.2469444444444,,,,,,,,2025,Belgium,Belgian Grand Prix,PIA,81,McLaren,1.0,43.0,105.706,MEDIUM,16.465,12997.91
11008.0,312.0,8,99.0,False,0,car,980.113611111111,,,,,,,,2025,Belgium,Belgian Grand Prix,PIA,81,McLaren,1.0,43.0,105.706,MEDIUM,16.625,12998.07
11091.0,314.0,8,99.0,False,0,car,1011.513611111111,,,,,,,,2025,Belgium,Belgian Grand Prix,PIA,81,McLaren,1.0,43.0,105.706,MEDIUM,16.985,12998.43
11083.0,315.0,8,99.0,False,0,car,1036.013611111111,,,,,,,,2025,Belgium,Belgian Grand Prix,PIA,81,McLaren,1.0,43.0,105.706,MEDIUM,17.265,12998.71
11036.0,316.0,8,99.0,False,0,car,1050.0580555555555,,,,,,,,2025,Belgium,Belgian Grand Prix,PIA,81,McLaren,1.0,43.0,105.706,MEDIUM,17.425,12998.87
11073.0,314.0,8,100.0,False,0,car,1067.5024999999998,,,,,,,,2025,Belgium,Belgian Grand Prix,PIA,81,McLaren,1.0,43.0,105.706,MEDIUM,17.625,12999.07
11051.0,313.0,8,100.0,False,0,car,1109.2358333333332,,,,,,,,2025,Belgium,Belgian Grand Prix,PIA,81,McLaren,1.0,43.0,105.706,MEDIUM,18.105,12999.55
10976.0,312.0,8,100.0,False,0,car,1130.0358333333331,,,,,,,,2025,Belgium,Belgian Grand Prix,PIA,81,McLaren,1.0,43.0,105.706,MEDIUM,18.345,12999.79
10911.0,310.0,8,100.0,False,0,car,1147.1719444444443,,,,,,,,2025,Belgium,Belgian Grand Prix,PIA,81,McLaren,1.0,43.0,105.706,MEDIUM,18.544,12999.989
10853.0,307.0,8,100.0,False,0,car,1218.8905555555555,,,,,,,,2025,Belgium,Belgian Grand Prix,PIA,81,McLaren,1.0,43.0,105.706,MEDIUM,19.385,13000.83
10911.0,308.0,8,99.0,False,0,car,1249.6905555555554,,,,,,,,2025,Belgium,Belgian Grand Prix,PIA,81,McLaren,1.0,43.0,105.706,MEDIUM,19.745,13001.19
10949.0,308.0,8,99.0,False,0,car,1266.8016666666665,,,,,,,,2025,Belgium,Belgian Grand Prix,PIA,81,McLaren,1.0,43.0,105.706,MEDIUM,19.945,13001.39
10969.0,310.0,8,99.0,False,0,car,1290.9127777777778,,,,,,,,2025,Belgium,Belgian Grand Prix,PIA,81,McLaren,1.0,43.0,105.706,MEDIUM,20.225,13001.67
10989.0,310.0,8,99.0,False,0,car,1321.9127777777778,,,,,,,,2025,Belgium,Belgian Grand Prix,PIA,81,McLaren,1.0,43.0,105.706,MEDIUM,20.585,13002.03
11009.0,313.0,8,99.0,False,0,car,1356.6905555555554,,,,,,,,2025,Belgium,Belgian Grand Prix,PIA,81,McLaren,1.0,43.0,105.706,MEDIUM,20.985,13002.43
11088.0,314.0,8,100.0,False,0,car,1395.0683333333334,,,,,,,,2025,Belgium,Belgian Grand Prix,PIA,81,McLaren,1.0,43.0,105.706,MEDIUM,21.425,13002.87
11116.0,315.0,8,100.0,False,0,car,1409.0683333333334,,,,,,,,2025,Belgium,Belgian Grand Prix,PIA,81,McLaren,1.0,43.0,105.706,MEDIUM,21.585,13003.03
11150.0,316.0,8,100.0,False,0,car,1440.6683333333333,,,,,,,,2025,Belgium,Belgian Grand Prix,PIA,81,McLaren,1.0,43.0,105.706,MEDIUM,21.945,13003.39
11155.0,317.0,8,100.0,False,0,car,1461.8016666666665,,,,,,,,2025,Belgium,Belgian Grand Prix,PIA,81,McLaren,1.0,43.0,105.706,MEDIUM,22.185,13003.63
11196.0,317.0,8,100.0,False,0,car,1475.8905555555555,,,,,,,,2025,Belgium,Belgian Grand Prix,PIA,81,McLaren,1.0,43.0,105.706,MEDIUM,22.345,13003.79
11237.0,319.0,8,100.0,False,0,car,1504.246111111111,,,,,,,,2025,Belgium,Belgian Grand Prix,PIA,81,McLaren,1.0,43.0,105.706,MEDIUM,22.665,13004.11
11196.0,319.0,8,100.0,False,0,car,1543.2350000000001,,,,,,,,2025,Belgium,Belgian Grand Prix,PIA,81,McLaren,1.0,43.0,105.706,MEDIUM,23.105,13004.55
11234.0,319.0,8,100.0,False,0,car,1564.5016666666666,,,,,,,,2025,Belgium,Belgian Grand Prix,PIA,81,McLaren,1.0,43.0,105.706,MEDIUM,23.345,13004.79
11231.0,320.0,8,100.0,False,0,car,1592.9461111111111,,,,,,,,2025,Belgium,Belgian Grand Prix,PIA,81,McLaren,1.0,43.0,105.706,MEDIUM,23.665,13005.11
11118.0,320.0,8,100.0,False,0,car,1621.3905555555557,,,,,,,,2025,Belgium,Belgian Grand Prix,PIA,81,McLaren,1.0,43.0,105.706,MEDIUM,23.985,13005.43
11256.0,320.0,8,100.0,False,0,car,1653.3905555555557,,,,,,,,2025,Belgium,Belgian Grand Prix,PIA,81,McLaren,1.0,43.0,105.706,MEDIUM,24.345,13005.79
11253.0,320.0,8,100.0,False,0,car,1685.3905555555557,,,,,,,,2025,Belgium,Belgian Grand Prix,PIA,81,McLaren,1.0,43.0,105.706,MEDIUM,24.705,13006.15
11281.0,320.0,8,100.0,False,0,car,1699.6127777777779,,,,,,,,2025,Belgium,Belgian Grand Prix,PIA,81,McLaren,1.0,43.0,105.706,MEDIUM,24.865,13006.31
11295.0,321.0,8,100.0,False,0,car,1717.4461111111113,,,,,,,,2025,Belgium,Belgian Grand Prix,PIA,81,McLaren,1.0,43.0,105.706,MEDIUM,25.065,13006.51
11288.0,321.0,8,100.0,False,0,car,1738.7569444444443,,,,,,,,2025,Belgium,Belgian Grand Prix,PIA,81,McLaren,1.0,43.0,105.706,MEDIUM,25.304,13006.749
11288.0,321.0,8,100.0,False,0,car,1756.5902777777778,,,,,,,,2025,Belgium,Belgian Grand Prix,PIA,81,McLaren,1.0,43.0,105.706,MEDIUM,25.504,13006.949
11349.0,322.0,8,100.0,False,0,car,1788.879722222222,,,,,,,,2025,Belgium,Belgian Grand Prix,PIA,81,McLaren,1.0,43.0,105.706,MEDIUM,25.865,13007.31
11320.0,322.0,8,100.0,False,0,car,1806.768611111111,,,,,,,,2025,Belgium,Belgian Grand Prix,PIA,81,McLaren,1.0,43.0,105.706,MEDIUM,26.065,13007.51
11310.0,322.0,8,100.0,False,0,car,1831.8130555555554,,,,,,,,2025,Belgium,Belgian Grand Prix,PIA,81,McLaren,1.0,43.0,105.706,MEDIUM,26.345,13007.79
11333.0,322.0,8,100.0,False,0,car,1856.8574999999998,,,,,,,,2025,Belgium,Belgian Grand Prix,PIA,81,McLaren,1.0,43.0,105.706,MEDIUM,26.625,13008.07
11340.0,322.0,8,100.0,False,0,car,1874.7463888888888,,,,,,,,2025,Belgium,Belgian Grand Prix,PIA,81,McLaren,1.0,43.0,105.706,MEDIUM,26.825,13008.27
11344.0,323.0,8,100.0,False,0,car,1892.690833333333,,,,,,,,2025,Belgium,Belgian Grand Prix,PIA,81,McLaren,1.0,43.0,105.706,MEDIUM,27.025,13008.47
11382.0,323.0,8,100.0,False,0,car,1907.0463888888887,,,,,,,,2025,Belgium,Belgian Grand Prix,PIA,81,McLaren,1.0,43.0,105.706,MEDIUM,27.185,13008.63
11365.0,323.0,8,100.0,False,0,car,1932.168611111111,,,,,,,,2025,Belgium,Belgian Grand Prix,PIA,81,McLaren,1.0,43.0,105.706,MEDIUM,27.465,13008.91
11372.0,324.0,8,99.0,False,0,car,1953.7686111111109,,,,,,,,2025,Belgium,Belgian Grand Prix,PIA,81,McLaren,1.0,43.0,105.706,MEDIUM,27.705,13009.15
11357.0,324.0,8,99.0,False,0,car,1975.368611111111,,,,,,,,2025,Belgium,Belgian Grand Prix,PIA,81,McLaren,1.0,43.0,105.706,MEDIUM,27.945,13009.39
11386.0,324.0,8,100.0,False,0,car,1989.768611111111,,,,,,,,2025,Belgium,Belgian Grand Prix,PIA,81,McLaren,1.0,43.0,105.706,MEDIUM,28.105,13009.55
11378.0,324.0,8,100.0,False,0,car,2011.368611111111,,,,,,,,2025,Belgium,Belgian Grand Prix,PIA,81,McLaren,1.0,43.0,105.706,MEDIUM,28.345,13009.79
11387.0,324.0,8,100.0,False,0,car,2029.3686111111112,,,,,,,,2025,Belgium,Belgian Grand Prix,PIA,81,McLaren,1.0,43.0,105.706,MEDIUM,28.545,13009.99
11411.0,324.0,8,100.0,False,0,car,2061.768611111111,,,,,,,,2025,Belgium,Belgian Grand Prix,PIA,81,McLaren,1.0,43.0,105.706,MEDIUM,28.905,13010.35
11403.0,324.0,8,100.0,False,0,car,2079.768611111111,,,,,,,,2025,Belgium,Belgian Grand Prix,PIA,81,McLaren,1.0,43.0,105.706,MEDIUM,29.105,13010.55
11410.0,324.0,8,100.0,False,0,car,2104.9686111111114,,,,,,,,2025,Belgium,Belgian Grand Prix,PIA,81,McLaren,1.0,43.0,105.706,MEDIUM,29.385,13010.83
11423.0,324.0,8,100.0,False,0,car,2130.168611111111,,,,,,,,2025,Belgium,Belgian Grand Prix,PIA,81,McLaren,1.0,43.0,105.706,MEDIUM,29.665,13011.11
11438.0,324.0,8,100.0,False,0,car,2151.7686111111116,,,,,,,,2025,Belgium,Belgian Grand Prix,PIA,81,McLaren,1.0,43.0,105.706,MEDIUM,29.905,13011.35
11237.0,319.0,8,100.0,False,0,car,2240.379722222223,,,,,,,,2025,Belgium,Belgian Grand Prix,PIA,81,McLaren,1.0,43.0,105.706,MEDIUM,30.905,13012.35
11003.0,313.0,8,8.0,False,0,car,2271.6797222222226,,,,,,,,2025,Belgium,Belgian Grand Prix,PIA,81,McLaren,1.0,43.0,105.706,MEDIUM,31.265,13012.71
10597.0,304.0,8,0.0,True,0,car,2288.5686111111113,,,,,,,,2025,Belgium,Belgian Grand Prix,PIA,81,McLaren,1.0,43.0,105.706,MEDIUM,31.465,13012.91
9873.0,283.0,8,0.0,True,0,car,2304.2908333333335,,,,,,,,2025,Belgium,Belgian Grand Prix,PIA,81,McLaren,1.0,43.0,105.706,MEDIUM,31.665,13013.11
8718.0,255.0,8,0.0,True,0,car,2321.2908333333335,,,,,,,,2025,Belgium,Belgian Grand Prix,PIA,81,McLaren,1.0,43.0,105.706,MEDIUM,31.905,13013.35
9681.0,220.0,8,0.0,True,0,car,2340.7852777777775,,,,,,,,2025,Belgium,Belgian Grand Prix,PIA,81,McLaren,1.0,43.0,105.706,MEDIUM,32.224,13013.669
10590.0,196.0,8,0.0,True,0,car,2353.906388888889,,,,,,,,2025,Belgium,Belgian Grand Prix,PIA,81,McLaren,1.0,43.0,105.706,MEDIUM,32.465,13013.91
10848.0,184.0,7,0.0,True,0,car,2368.2174999999997,,,,,,,,2025,Belgium,Belgian Grand Prix,PIA,81,McLaren,1.0,43.0,105.706,MEDIUM,32.745,13014.19
10257.0,174.0,4,0.0,False,0,car,2381.750833333333,,,,,,,,2025,Belgium,Belgian Grand Prix,PIA,81,McLaren,1.0,43.0,105.706,MEDIUM,33.025,13014.47
9829.0,165.0,4,0.0,False,0,car,2396.4174999999996,,,,,,,,2025,Belgium,Belgian Grand Prix,PIA,81,McLaren,1.0,43.0,105.706,MEDIUM,33.345,13014.79
9786.0,165.0,4,0.0,False,0,car,2403.750833333333,,,,,,,,2025,Belgium,Belgian Grand Prix,PIA,81,McLaren,1.0,43.0,105.706,MEDIUM,33.505,13014.95
9513.0,162.0,4,4.0,False,0,car,2412.750833333333,,,,,,,,2025,Belgium,Belgian Grand Prix,PIA,81,McLaren,1.0,43.0,105.706,MEDIUM,33.705,13015.15
9557.0,158.0,4,42.0,False,0,car,2421.528611111111,,,,,,,,2025,Belgium,Belgian Grand Prix,PIA,81,McLaren,1.0,43.0,105.706,MEDIUM,33.905,13015.35
9751.0,157.0,4,52.0,False,0,car,2428.5063888888885,,,,,,,,2025,Belgium,Belgian Grand Prix,PIA,81,McLaren,1.0,43.0,105.706,MEDIUM,34.065,13015.51
9866.0,161.0,4,58.0,False,0,car,2439.239722222222,,,,,,,,2025,Belgium,Belgian Grand Prix,PIA,81,McLaren,1.0,43.0,105.706,MEDIUM,34.305,13015.75
9903.0,166.0,4,2.0,False,0,car,2453.9952777777776,,,,,,,,2025,Belgium,Belgian Grand Prix,PIA,81,McLaren,1.0,43.0,105.706,MEDIUM,34.625,13016.07
9541.0,164.0,4,5.0,False,0,car,2463.106388888889,,,,,,,,2025,Belgium,Belgian Grand Prix,PIA,81,McLaren,1.0,43.0,105.706,MEDIUM,34.825,13016.27
9621.0,158.0,4,9.0,False,0,car,2470.128611111111,,,,,,,,2025,Belgium,Belgian Grand Prix,PIA,81,McLaren,1.0,43.0,105.706,MEDIUM,34.985,13016.43
9811.0,157.0,4,51.0,False,0,car,2491.061944444444,,,,,,,,2025,Belgium,Belgian Grand Prix,PIA,81,McLaren,1.0,43.0,105.706,MEDIUM,35.465,13016.91
10016.0,159.0,4,65.0,False,0,car,2498.128611111111,,,,,,,,2025,Belgium,Belgian Grand Prix,PIA,81,McLaren,1.0,43.0,105.706,MEDIUM,35.625,13017.07
10108.0,162.0,4,72.0,False,0,car,2505.3286111111106,,,,,,,,2025,Belgium,Belgian Grand Prix,PIA,81,McLaren,1.0,43.0,105.706,MEDIUM,35.785,13017.23
10796.0,170.0,4,86.0,False,0,car,2520.439722222222,,,,,,,,2025,Belgium,Belgian Grand Prix,PIA,81,McLaren,1.0,43.0,105.706,MEDIUM,36.105,13017.55
11192.0,176.0,4,98.0,False,0,car,2534.128611111111,,,,,,,,2025,Belgium,Belgian Grand Prix,PIA,81,McLaren,1.0,43.0,105.706,MEDIUM,36.385,13017.83
11440.0,185.0,4,99.0,False,0,car,2544.4063888888886,,,,,,,,2025,Belgium,Belgian Grand Prix,PIA,81,McLaren,1.0,43.0,105.706,MEDIUM,36.585,13018.03
11737.0,196.0,4,81.0,False,0,car,2561.828611111111,,,,,,,,2025,Belgium,Belgian Grand Prix,PIA,81,McLaren,1.0,43.0,105.706,MEDIUM,36.905,13018.35
10681.0,200.0,5,67.0,False,0,car,2581.828611111111,,,,,,,,2025,Belgium,Belgian Grand Prix,PIA,81,McLaren,1.0,43.0,105.706,MEDIUM,37.265,13018.71
10696.0,202.0,5,64.0,False,0,car,2593.0508333333332,,,,,,,,2025,Belgium,Belgian Grand Prix,PIA,81,McLaren,1.0,43.0,105.706,MEDIUM,37.465,13018.91
10758.0,204.0,5,57.0,False,0,car,2606.650833333333,,,,,,,,2025,Belgium,Belgian Grand Prix,PIA,81,McLaren,1.0,43.0,105.706,MEDIUM,37.705,13019.15
10821.0,205.0,5,62.0,False,0,car,2615.7619444444445,,,,,,,,2025,Belgium,Belgian Grand Prix,PIA,81,McLaren,1.0,43.0,105.706,MEDIUM,37.865,13019.31
10857.0,205.0,5,59.0,False,0,car,2633.9841666666666,,,,,,,,2025,Belgium,Belgian Grand Prix,PIA,81,McLaren,1.0,43.0,105.706,MEDIUM,38.185,13019.63
10995.0,208.0,5,77.0,False,0,car,2647.850833333333,,,,,,,,2025,Belgium,Belgian Grand Prix,PIA,81,McLaren,1.0,43.0,105.706,MEDIUM,38.425,13019.87
11374.0,212.0,5,97.0,False,0,car,2664.2808333333332,,,,,,,,2025,Belgium,Belgian Grand Prix,PIA,81,McLaren,1.0,43.0,105.706,MEDIUM,38.704,13020.149
11507.0,214.0,5,99.0,False,0,car,2673.791944444444,,,,,,,,2025,Belgium,Belgian Grand Prix,PIA,81,McLaren,1.0,43.0,105.706,MEDIUM,38.864,13020.309
11685.0,222.0,5,99.0,False,0,car,2686.186944444444,,,,,,,,2025,Belgium,Belgian Grand Prix,PIA,81,McLaren,1.0,43.0,105.706,MEDIUM,39.065,13020.51
10556.0,227.0,5,100.0,False,0,car,2703.8424999999997,,,,,,,,2025,Belgium,Belgian Grand Prix,PIA,81,McLaren,1.0,43.0,105.706,MEDIUM,39.345,13020.79
10763.0,235.0,6,99.0,False,0,car,2719.5091666666667,,,,,,,,2025,Belgium,Belgian Grand Prix,PIA,81,McLaren,1.0,43.0,105.706,MEDIUM,39.585,13021.03
11013.0,235.0,6,99.0,False,0,car,2729.953611111111,,,,,,,,2025,Belgium,Belgian Grand Prix,PIA,81,McLaren,1.0,43.0,105.706,MEDIUM,39.745,13021.19
11209.0,240.0,6,99.0,False,0,car,2743.2869444444445,,,,,,,,2025,Belgium,Belgian Grand Prix,PIA,81,McLaren,1.0,43.0,105.706,MEDIUM,39.945,13021.39
11666.0,253.0,6,99.0,False,0,car,2777.0202777777777,,,,,,,,2025,Belgium,Belgian Grand Prix,PIA,81,McLaren,1.0,43.0,105.706,MEDIUM,40.425,13021.87
10492.0,259.0,6,99.0,False,0,car,2802.9202777777778,,,,,,,,2025,Belgium,Belgian Grand Prix,PIA,81,McLaren,1.0,43.0,105.706,MEDIUM,40.785,13022.23
10499.0,262.0,7,99.0,False,0,car,2814.5647222222224,,,,,,,,2025,Belgium,Belgian Grand Prix,PIA,81,McLaren,1.0,43.0,105.706,MEDIUM,40.945,13022.39
10647.0,265.0,7,99.0,False,0,car,2835.1758333333337,,,,,,,,2025,Belgium,Belgian Grand Prix,PIA,81,McLaren,1.0,43.0,105.706,MEDIUM,41.225,13022.67
10738.0,268.0,7,99.0,False,0,car,2850.0647222222224,,,,,,,,2025,Belgium,Belgian Grand Prix,PIA,81,McLaren,1.0,43.0,105.706,MEDIUM,41.425,13022.87
10820.0,270.0,7,96.0,False,0,car,2868.0647222222224,,,,,,,,2025,Belgium,Belgian Grand Prix,PIA,81,McLaren,1.0,43.0,105.706,MEDIUM,41.665,13023.11
10273.0,265.0,7,0.0,True,0,car,2891.620277777778,,,,,,,,2025,Belgium,Belgian Grand Prix,PIA,81,McLaren,1.0,43.0,105.706,MEDIUM,41.985,13023.43
9800.0,257.0,7,0.0,True,0,car,2903.0425000000005,,,,,,,,2025,Belgium,Belgian Grand Prix,PIA,81,McLaren,1.0,43.0,105.706,MEDIUM,42.145,13023.59
8819.0,235.0,7,0.0,True,0,car,2916.0980555555557,,,,,,,,2025,Belgium,Belgian Grand Prix,PIA,81,McLaren,1.0,43.0,105.706,MEDIUM,42.345,13023.79
9222.0,203.0,7,0.0,True,0,car,2929.631388888889,,,,,,,,2025,Belgium,Belgian Grand Prix,PIA,81,McLaren,1.0,43.0,105.706,MEDIUM,42.585,13024.03
9414.0,193.0,7,0.0,True,0,car,2938.2091666666665,,,,,,,,2025,Belgium,Belgian Grand Prix,PIA,81,McLaren,1.0,43.0,105.706,MEDIUM,42.745,13024.19
9508.0,171.0,5,0.0,True,0,car,2949.6091666666666,,,,,,,,2025,Belgium,Belgian Grand Prix,PIA,81,McLaren,1.0,43.0,105.706,MEDIUM,42.985,13024.43
10706.0,154.0,5,0.0,True,0,car,2961.5869444444443,,,,,,,,2025,Belgium,Belgian Grand Prix,PIA,81,McLaren,1.0,43.0,105.706,MEDIUM,43.265,13024.71
10089.0,146.0,3,0.0,True,0,car,2971.320277777778,,,,,,,,2025,Belgium,Belgian Grand Prix,PIA,81,McLaren,1.0,43.0,105.706,MEDIUM,43.505,13024.95
9669.0,139.0,3,0.0,True,0,car,2977.4980555555553,,,,,,,,2025,Belgium,Belgian Grand Prix,PIA,81,McLaren,1.0,43.0,105.706,MEDIUM,43.665,13025.11
9111.0,131.0,3,0.0,True,0,car,2989.1425,,,,,,,,2025,Belgium,Belgian Grand Prix,PIA,81,McLaren,1.0,43.0,105.706,MEDIUM,43.985,13025.43
8660.0,124.0,3,0.0,True,0,car,3001.5425,,,,,,,,2025,Belgium,Belgian Grand Prix,PIA,81,McLaren,1.0,43.0,105.706,MEDIUM,44.345,13025.79
8327.0,122.0,3,0.0,False,0,car,3008.320277777778,,,,,,,,2025,Belgium,Belgian Grand Prix,PIA,81,McLaren,1.0,43.0,105.706,MEDIUM,44.545,13025.99
8084.0,116.0,3,0.0,False,0,car,3019.9202777777778,,,,,,,,2025,Belgium,Belgian Grand Prix,PIA,81,McLaren,1.0,43.0,105.706,MEDIUM,44.905,13026.35
7825.0,113.0,3,0.0,False,0,car,3029.964722222222,,,,,,,,2025,Belgium,Belgian Grand Prix,PIA,81,McLaren,1.0,43.0,105.706,MEDIUM,45.225,13026.67
7731.0,111.0,3,7.0,False,0,car,3036.1313888888885,,,,,,,,2025,Belgium,Belgian Grand Prix,PIA,81,McLaren,1.0,43.0,105.706,MEDIUM,45.425,13026.87
7963.0,107.0,3,32.0,False,0,car,3046.8313888888883,,,,,,,,2025,Belgium,Belgian Grand Prix,PIA,81,McLaren,1.0,43.0,105.706,MEDIUM,45.785,13027.23
8526.0,113.0,3,44.0,False,0,car,3058.1313888888885,,,,,,,,2025,Belgium,Belgian Grand Prix,PIA,81,McLaren,1.0,43.0,105.706,MEDIUM,46.145,13027.59
9285.0,124.0,3,59.0,False,0,car,3073.286944444444,,,,,,,,2025,Belgium,Belgian Grand Prix,PIA,81,McLaren,1.0,43.0,105.706,MEDIUM,46.585,13028.03
9900.0,132.0,3,68.0,False,0,car,3083.553611111111,,,,,,,,2025,Belgium,Belgian Grand Prix,PIA,81,McLaren,1.0,43.0,105.706,MEDIUM,46.865,13028.31
10702.0,136.0,3,73.0,False,0,car,3094.131388888889,,,,,,,,2025,Belgium,Belgian Grand Prix,PIA,81,McLaren,1.0,43.0,105.706,MEDIUM,47.145,13028.59
11100.0,148.0,3,73.0,False,0,car,3103.9980555555553,,,,,,,,2025,Belgium,Belgian Grand Prix,PIA,81,McLaren,1.0,43.0,105.706,MEDIUM,47.385,13028.83
9932.0,155.0,3,89.0,False,0,car,3114.331388888889,,,,,,,,2025,Belgium,Belgian Grand Prix,PIA,81,McLaren,1.0,43.0,105.706,MEDIUM,47.625,13029.07
10479.0,163.0,4,91.0,False,0,car,3121.575833333333,,,,,,,,2025,Belgium,Belgian Grand Prix,PIA,81,McLaren,1.0,43.0,105.706,MEDIUM,47.785,13029.23
10771.0,171.0,4,99.0,False,0,car,3132.975833333333,,,,,,,,2025,Belgium,Belgian Grand Prix,PIA,81,McLaren,1.0,43.0,105.706,MEDIUM,48.025,13029.47
11059.0,177.0,4,100.0,False,0,car,3142.8091666666664,,,,,,,,2025,Belgium,Belgian Grand Prix,PIA,81,McLaren,1.0,43.0,105.706,MEDIUM,48.225,13029.67
11321.0,184.0,4,100.0,False,0,car,3150.986944444444,,,,,,,,2025,Belgium,Belgian Grand Prix,PIA,81,McLaren,1.0,43.0,105.706,MEDIUM,48.385,13029.83
11701.0,191.0,4,100.0,False,0,car,3161.598055555555,,,,,,,,2025,Belgium,Belgian Grand Prix,PIA,81,McLaren,1.0,43.0,105.706,MEDIUM,48.585,13030.03
10779.0,203.0,5,99.0,False,0,car,3186.4091666666664,,,,,,,,2025,Belgium,Belgian Grand Prix,PIA,81,McLaren,1.0,43.0,105.706,MEDIUM,49.025,13030.47
10909.0,205.0,5,40.0,False,0,car,3197.7980555555555,,,,,,,,2025,Belgium,Belgian Grand Prix,PIA,81,McLaren,1.0,43.0,105.706,MEDIUM,49.225,13030.67
10662.0,209.0,5,2.0,False,0,car,3211.731388888889,,,,,,,,2025,Belgium,Belgian Grand Prix,PIA,81,McLaren,1.0,43.0,105.706,MEDIUM,49.465,13030.91
10341.0,209.0,5,0.0,False,0,car,3227.986944444444,,,,,,,,2025,Belgium,Belgian Grand Prix,PIA,81,McLaren,1.0,43.0,105.706,MEDIUM,49.745,13031.19
10128.0,198.0,5,5.0,False,0,car,3243.386944444444,,,,,,,,2025,Belgium,Belgian Grand Prix,PIA,81,McLaren,1.0,43.0,105.706,MEDIUM,50.025,13031.47
9810.0,195.0,5,14.0,False,0,car,3254.2202777777775,,,,,,,,2025,Belgium,Belgian Grand Prix,PIA,81,McLaren,1.0,43.0,105.706,MEDIUM,50.225,13031.67
10104.0,189.0,5,78.0,False,0,car,3268.9202777777778,,,,,,,,2025,Belgium,Belgian Grand Prix,PIA,81,McLaren,1.0,43.0,105.706,MEDIUM,50.505,13031.95
10494.0,193.0,5,95.0,False,0,car,3281.786944444444,,,,,,,,2025,Belgium,Belgian Grand Prix,PIA,81,McLaren,1.0,43.0,105.706,MEDIUM,50.745,13032.19
10927.0,202.0,5,97.0,False,0,car,3295.253611111111,,,,,,,,2025,Belgium,Belgian Grand Prix,PIA,81,McLaren,1.0,43.0,105.706,MEDIUM,50.985,13032.43
11238.0,211.0,5,99.0,False,0,car,3314.0091666666663,,,,,,,,2025,Belgium,Belgian Grand Prix,PIA,81,McLaren,1.0,43.0,105.706,MEDIUM,51.305,13032.75
11622.0,223.0,5,99.0,False,0,car,3336.3091666666664,,,,,,,,2025,Belgium,Belgian Grand Prix,PIA,81,McLaren,1.0,43.0,105.706,MEDIUM,51.665,13033.11
10644.0,235.0,6,99.0,False,0,car,3362.4202777777773,,,,,,,,2025,Belgium,Belgian Grand Prix,PIA,81,McLaren,1.0,43.0,105.706,MEDIUM,52.065,13033.51
11112.0,241.0,6,100.0,False,0,car,3381.164722222222,,,,,,,,2025,Belgium,Belgian Grand Prix,PIA,81,McLaren,1.0,43.0,105.706,MEDIUM,52.345,13033.79
11412.0,250.0,6,100.0,False,0,car,3403.386944444444,,,,,,,,2025,Belgium,Belgian Grand Prix,PIA,81,McLaren,1.0,43.0,105.706,MEDIUM,52.665,13034.11
11350.0,254.0,6,100.0,False,0,car,3423.1424999999995,,,,,,,,2025,Belgium,Belgian Grand Prix,PIA,81,McLaren,1.0,43.0,105.706,MEDIUM,52.945,13034.39
10504.0,258.0,7,100.0,False,0,car,3443.209166666666,,,,,,,,2025,Belgium,Belgian Grand Prix,PIA,81,McLaren,1.0,43.0,105.706,MEDIUM,53.225,13034.67
10668.0,262.0,7,100.0,False,0,car,3460.675833333333,,,,,,,,2025,Belgium,Belgian Grand Prix,PIA,81,McLaren,1.0,43.0,105.706,MEDIUM,53.465,13034.91
10821.0,268.0,7,100.0,False,0,car,3472.586944444444,,,,,,,,2025,Belgium,Belgian Grand Prix,PIA,81,McLaren,1.0,43.0,105.706,MEDIUM,53.625,13035.07
10995.0,275.0,7,100.0,False,0,car,3500.086944444444,,,,,,,,2025,Belgium,Belgian Grand Prix,PIA,81,McLaren,1.0,43.0,105.706,MEDIUM,53.985,13035.43
11202.0,279.0,7,100.0,False,0,car,3531.086944444444,,,,,,,,2025,Belgium,Belgian Grand Prix,PIA,81,McLaren,1.0,43.0,105.706,MEDIUM,54.385,13035.83
11341.0,284.0,7,100.0,False,0,car,3546.8647222222216,,,,,,,,2025,Belgium,Belgian Grand Prix,PIA,81,McLaren,1.0,43.0,105.706,MEDIUM,54.585,13036.03
11476.0,287.0,7,100.0,False,0,car,3575.5647222222215,,,,,,,,2025,Belgium,Belgian Grand Prix,PIA,81,McLaren,1.0,43.0,105.706,MEDIUM,54.945,13036.39
11470.0,288.0,7,100.0,False,0,car,3588.364722222221,,,,,,,,2025,Belgium,Belgian Grand Prix,PIA,81,McLaren,1.0,43.0,105.706,MEDIUM,55.105,13036.55
11586.0,290.0,7,100.0,False,0,car,3614.142499999999,,,,,,,,2025,Belgium,Belgian Grand Prix,PIA,81,McLaren,1.0,43.0,105.706,MEDIUM,55.425,13036.87
11654.0,291.0,7,100.0,False,0,car,3640.009166666666,,,,,,,,2025,Belgium,Belgian Grand Prix,PIA,81,McLaren,1.0,43.0,105.706,MEDIUM,55.745,13037.19
11638.0,292.0,7,100.0,False,0,car,3652.986944444444,,,,,,,,2025,Belgium,Belgian Grand Prix,PIA,81,McLaren,1.0,43.0,105.706,MEDIUM,55.905,13037.35
11700.0,293.0,7,100.0,False,0,car,3666.009166666666,,,,,,,,2025,Belgium,Belgian Grand Prix,PIA,81,McLaren,1.0,43.0,105.706,MEDIUM,56.065,13037.51
11741.0,294.0,7,100.0,False,0,car,3688.8758333333326,,,,,,,,2025,Belgium,Belgian Grand Prix,PIA,81,McLaren,1.0,43.0,105.706,MEDIUM,56.345,13037.79
11793.0,295.0,7,86.0,False,0,car,3711.820277777777,,,,,,,,2025,Belgium,Belgian Grand Prix,PIA,81,McLaren,1.0,43.0,105.706,MEDIUM,56.625,13038.07
11774.0,296.0,7,69.0,False,0,car,3724.975833333332,,,,,,,,2025,Belgium,Belgian Grand Prix,PIA,81,McLaren,1.0,43.0,105.706,MEDIUM,56.785,13038.23
11566.0,294.0,7,41.0,False,0,car,3741.3091666666655,,,,,,,,2025,Belgium,Belgian Grand Prix,PIA,81,McLaren,1.0,43.0,105.706,MEDIUM,56.985,13038.43
11278.0,286.0,7,31.0,False,0,car,3763.55361111111,,,,,,,,2025,Belgium,Belgian Grand Prix,PIA,81,McLaren,1.0,43.0,105.706,MEDIUM,57.265,13038.71
11164.0,280.0,7,59.0,False,0,car,3791.55361111111,,,,,,,,2025,Belgium,Belgian Grand Prix,PIA,81,McLaren,1.0,43.0,105.706,MEDIUM,57.625,13039.07
11104.0,276.0,7,68.0,False,0,car,3809.95361111111,,,,,,,,2025,Belgium,Belgian Grand Prix,PIA,81,McLaren,1.0,43.0,105.706,MEDIUM,57.865,13039.31
11094.0,276.0,7,85.0,False,0,car,3822.2202777777766,,,,,,,,2025,Belgium,Belgian Grand Prix,PIA,81,McLaren,1.0,43.0,105.706,MEDIUM,58.025,13039.47
11052.0,274.0,7,93.0,False,0,car,3837.442499999999,,,,,,,,2025,Belgium,Belgian Grand Prix,PIA,81,McLaren,1.0,43.0,105.706,MEDIUM,58.225,13039.67
11052.0,275.0,7,93.0,False,0,car,3849.6647222222214,,,,,,,,2025,Belgium,Belgian Grand Prix,PIA,81,McLaren,1.0,43.0,105.706,MEDIUM,58.385,13039.83
11177.0,277.0,7,97.0,False,0,car,3874.3638888888886,,,,,,,,2025,Belgium,Belgian Grand Prix,PIA,81,McLaren,1.0,43.0,105.706,MEDIUM,58.706,13040.151
11281.0,278.0,7,98.0,False,0,car,3889.7311111111107,,,,,,,,2025,Belgium,Belgian Grand Prix,PIA,81,McLaren,1.0,43.0,105.706,MEDIUM,58.905,13040.35
11269.0,280.0,7,98.0,False,0,car,3902.175555555555,,,,,,,,2025,Belgium,Belgian Grand Prix,PIA,81,McLaren,1.0,43.0,105.706,MEDIUM,59.065,13040.51
11382.0,283.0,7,98.0,False,0,car,3933.62,,,,,,,,2025,Belgium,Belgian Grand Prix,PIA,81,McLaren,1.0,43.0,105.706,MEDIUM,59.465,13040.91
11451.0,284.0,7,98.0,False,0,car,3949.3977777777773,,,,,,,,2025,Belgium,Belgian Grand Prix,PIA,81,McLaren,1.0,43.0,105.706,MEDIUM,59.665,13041.11
11451.0,285.0,7,98.0,False,0,car,3962.0644444444442,,,,,,,,2025,Belgium,Belgian Grand Prix,PIA,81,McLaren,1.0,43.0,105.706,MEDIUM,59.825,13041.27
11524.0,285.0,7,99.0,False,0,car,3984.2311111111103,,,,,,,,2025,Belgium,Belgian Grand Prix,PIA,81,McLaren,1.0,43.0,105.706,MEDIUM,60.105,13041.55
11680.0,289.0,7,98.0,False,0,car,4016.342222222222,,,,,,,,2025,Belgium,Belgian Grand Prix,PIA,81,McLaren,1.0,43.0,105.706,MEDIUM,60.505,13041.95
11726.0,291.0,7,98.0,False,0,car,4032.5088888888886,,,,,,,,2025,Belgium,Belgian Grand Prix,PIA,81,McLaren,1.0,43.0,105.706,MEDIUM,60.705,13042.15
10386.0,293.0,8,99.0,False,0,car,4065.0644444444442,,,,,,,,2025,Belgium,Belgian Grand Prix,PIA,81,McLaren,1.0,43.0,105.706,MEDIUM,61.105,13042.55
10507.0,295.0,8,99.0,False,0,car,4101.12,,,,,,,,2025,Belgium,Belgian Grand Prix,PIA,81,McLaren,1.0,43.0,105.706,MEDIUM,61.545,13042.99
10572.0,298.0,8,99.0,False,0,car,4130.92,,,,,,,,2025,Belgium,Belgian Grand Prix,PIA,81,McLaren,1.0,43.0,105.706,MEDIUM,61.905,13043.35
10610.0,299.0,8,99.0,False,0,car,4150.8533333333335,,,,,,,,2025,Belgium,Belgian Grand Prix,PIA,81,McLaren,1.0,43.0,105.706,MEDIUM,62.145,13043.59
10710.0,303.0,8,99.0,False,0,car,4181.153333333334,,,,,,,,2025,Belgium,Belgian Grand Prix,PIA,81,McLaren,1.0,43.0,105.706,MEDIUM,62.505,13043.95
10751.0,303.0,8,100.0,False,0,car,4201.3533333333335,,,,,,,,2025,Belgium,Belgian Grand Prix,PIA,81,McLaren,1.0,43.0,105.706,MEDIUM,62.745,13044.19
10754.0,305.0,8,100.0,False,0,car,4225.075555555556,,,,,,,,2025,Belgium,Belgian Grand Prix,PIA,81,McLaren,1.0,43.0,105.706,MEDIUM,63.025,13044.47
10745.0,305.0,8,100.0,False,0,car,4252.186666666667,,,,,,,,2025,Belgium,Belgian Grand Prix,PIA,81,McLaren,1.0,43.0,105.706,MEDIUM,63.345,13044.79
10757.0,304.0,8,100.0,False,0,car,4265.697777777779,,,,,,,,2025,Belgium,Belgian Grand Prix,PIA,81,McLaren,1.0,43.0,105.706,MEDIUM,63.505,13044.95
10723.0,305.0,8,100.0,False,0,car,4279.253333333335,,,,,,,,2025,Belgium,Belgian Grand Prix,PIA,81,McLaren,1.0,43.0,105.706,MEDIUM,63.665,13045.11
10710.0,305.0,8,100.0,False,0,car,4309.753333333336,,,,,,,,2025,Belgium,Belgian Grand Prix,PIA,81,McLaren,1.0,43.0,105.706,MEDIUM,64.025,13045.47
10380.0,304.0,8,3.0,False,0,car,4336.775555555558,,,,,,,,2025,Belgium,Belgian Grand Prix,PIA,81,McLaren,1.0,43.0,105.706,MEDIUM,64.345,13045.79
9824.0,284.0,8,0.0,True,0,car,4368.331111111113,,,,,,,,2025,Belgium,Belgian Grand Prix,PIA,81,McLaren,1.0,43.0,105.706,MEDIUM,64.745,13046.19
9999.0,243.0,7,0.0,True,0,car,4398.031111111113,,,,,,,,2025,Belgium,Belgian Grand Prix,PIA,81,McLaren,1.0,43.0,105.706,MEDIUM,65.185,13046.63
10919.0,209.0,7,0.0,True,0,car,4418.989166666669,,,,,,,,2025,Belgium,Belgian Grand Prix,PIA,81,McLaren,1.0,43.0,105.706,MEDIUM,65.546,13046.991
11021.0,191.0,5,0.0,True,0,car,4433.791666666669,,,,,,,,2025,Belgium,Belgian Grand Prix,PIA,81,McLaren,1.0,43.0,105.706,MEDIUM,65.825,13047.27
10784.0,181.0,4,0.0,True,0,car,4441.8361111111135,,,,,,,,2025,Belgium,Belgian Grand Prix,PIA,81,McLaren,1.0,43.0,105.706,MEDIUM,65.985,13047.43
10258.0,169.0,4,0.0,True,0,car,4460.613888888892,,,,,,,,2025,Belgium,Belgian Grand Prix,PIA,81,McLaren,1.0,43.0,105.706,MEDIUM,66.385,13047.83
9648.0,163.0,4,0.0,False,0,car,4471.480555555559,,,,,,,,2025,Belgium,Belgian Grand Prix,PIA,81,McLaren,1.0,43.0,105.706,MEDIUM,66.625,13048.07
9507.0,161.0,4,0.0,False,0,car,4478.636111111114,,,,,,,,2025,Belgium,Belgian Grand Prix,PIA,81,McLaren,1.0,43.0,105.706,MEDIUM,66.785,13048.23
9160.0,155.0,4,3.0,False,0,car,4492.413888888892,,,,,,,,2025,Belgium,Belgian Grand Prix,PIA,81,McLaren,1.0,43.0,105.706,MEDIUM,67.105,13048.55
9281.0,153.0,4,12.0,False,0,car,4500.913888888892,,,,,,,,2025,Belgium,Belgian Grand Prix,PIA,81,McLaren,1.0,43.0,105.706,MEDIUM,67.305,13048.75
9147.0,149.0,4,49.0,False,0,car,4509.191666666669,,,,,,,,2025,Belgium,Belgian Grand Prix,PIA,81,McLaren,1.0,43.0,105.706,MEDIUM,67.505,13048.95
9441.0,152.0,4,56.0,False,0,car,4517.636111111114,,,,,,,,2025,Belgium,Belgian Grand Prix,PIA,81,McLaren,1.0,43.0,105.706,MEDIUM,67.705,13049.15
9773.0,155.0,4,70.0,False,0,car,4526.247222222225,,,,,,,,2025,Belgium,Belgian Grand Prix,PIA,81,McLaren,1.0,43.0,105.706,MEDIUM,67.905,13049.35
10523.0,162.0,4,83.0,False,0,car,4544.247222222225,,,,,,,,2025,Belgium,Belgian Grand Prix,PIA,81,McLaren,1.0,43.0,105.706,MEDIUM,68.305,13049.75
10856.0,177.0,4,78.0,False,0,car,4558.013888888891,,,,,,,,2025,Belgium,Belgian Grand Prix,PIA,81,McLaren,1.0,43.0,105.706,MEDIUM,68.585,13050.03
10725.0,178.0,4,57.0,False,0,car,4567.90277777778,,,,,,,,2025,Belgium,Belgian Grand Prix,PIA,81,McLaren,1.0,43.0,105.706,MEDIUM,68.785,13050.23
10632.0,176.0,4,20.0,False,0,car,4581.591666666669,,,,,,,,2025,Belgium,Belgian Grand Prix,PIA,81,McLaren,1.0,43.0,105.706,MEDIUM,69.065,13050.51
10739.0,174.0,4,48.0,False,0,car,4591.258333333336,,,,,,,,2025,Belgium,Belgian Grand Prix,PIA,81,McLaren,1.0,43.0,105.706,MEDIUM,69.265,13050.71
10828.0,175.0,4,47.0,False,0,car,4602.925000000002,,,,,,,,2025,Belgium,Belgian Grand Prix,PIA,81,McLaren,1.0,43.0,105.706,MEDIUM,69.505,13050.95
10814.0,177.0,4,47.0,False,0,car,4612.758333333335,,,,,,,,2025,Belgium,Belgian Grand Prix,PIA,81,McLaren,1.0,43.0,105.706,MEDIUM,69.705,13051.15
10961.0,178.0,4,53.0,False,0,car,4630.558333333335,,,,,,,,2025,Belgium,Belgian Grand Prix,PIA,81,McLaren,1.0,43.0,105.706,MEDIUM,70.065,13051.51
11205.0,180.0,4,61.0,False,0,car,4640.558333333335,,,,,,,,2025,Belgium,Belgian Grand Prix,PIA,81,McLaren,1.0,43.0,105.706,MEDIUM,70.265,13051.71
11440.0,183.0,4,67.0,False,0,car,4654.791666666669,,,,,,,,2025,Belgium,Belgian Grand Prix,PIA,81,McLaren,1.0,43.0,105.706,MEDIUM,70.545,13051.99
11746.0,186.0,4,77.0,False,0,car,4665.125000000002,,,,,,,,2025,Belgium,Belgian Grand Prix,PIA,81,McLaren,1.0,43.0,105.706,MEDIUM,70.745,13052.19
11046.0,190.0,4,84.0,False,0,car,4673.569444444446,,,,,,,,2025,Belgium,Belgian Grand Prix,PIA,81,McLaren,1.0,43.0,105.706,MEDIUM,70.905,13052.35
10825.0,195.0,5,99.0,False,0,car,4686.569444444446,,,,,,,,2025,Belgium,Belgian Grand Prix,PIA,81,McLaren,1.0,43.0,105.706,MEDIUM,71.145,13052.59
10961.0,200.0,5,98.0,False,0,car,4695.458333333336,,,,,,,,2025,Belgium,Belgian Grand Prix,PIA,81,McLaren,1.0,43.0,105.706,MEDIUM,71.305,13052.75
11379.0,211.0,5,99.0,False,0,car,4714.213888888891,,,,,,,,2025,Belgium,Belgian Grand Prix,PIA,81,McLaren,1.0,43.0,105.706,MEDIUM,71.625,13053.07
11553.0,216.0,5,98.0,False,0,car,4723.813888888891,,,,,,,,2025,Belgium,Belgian Grand Prix,PIA,81,McLaren,1.0,43.0,105.706,MEDIUM,71.785,13053.23
11763.0,222.0,5,99.0,False,0,car,4738.675555555557,,,,,,,,2025,Belgium,Belgian Grand Prix,PIA,81,McLaren,1.0,43.0,105.706,MEDIUM,72.026,13053.471
10674.0,230.0,6,99.0,False,0,car,4756.564444444446,,,,,,,,2025,Belgium,Belgian Grand Prix,PIA,81,McLaren,1.0,43.0,105.706,MEDIUM,72.306,13053.751
10880.0,236.0,6,99.0,False,0,car,4772.232222222224,,,,,,,,2025,Belgium,Belgian Grand Prix,PIA,81,McLaren,1.0,43.0,105.706,MEDIUM,72.545,13053.99
10988.0,238.0,6,100.0,False,0,car,4785.454444444446,,,,,,,,2025,Belgium,Belgian Grand Prix,PIA,81,McLaren,1.0,43.0,105.706,MEDIUM,72.745,13054.19
11061.0,243.0,6,100.0,False,0,car,4796.254444444447,,,,,,,,2025,Belgium,Belgian Grand Prix,PIA,81,McLaren,1.0,43.0,105.706,MEDIUM,72.905,13054.35
11134.0,244.0,6,20.0,False,0,car,4815.232222222225,,,,,,,,2025,Belgium,Belgian Grand Prix,PIA,81,McLaren,1.0,43.0,105.706,MEDIUM,73.185,13054.63
10434.0,238.0,6,0.0,True,0,car,4831.0988888888905,,,,,,,,2025,Belgium,Belgian Grand Prix,PIA,81,McLaren,1.0,43.0,105.706,MEDIUM,73.425,13054.87
10246.0,176.0,4,0.0,True,0,car,4876.076666666669,,,,,,,,2025,Belgium,Belgian Grand Prix,PIA,81,McLaren,1.0,43.0,105.706,MEDIUM,74.345,13055.79
10114.0,169.0,4,0.0,True,0,car,4887.343333333335,,,,,,,,2025,Belgium,Belgian Grand Prix,PIA,81,McLaren,1.0,43.0,105.706,MEDIUM,74.585,13056.03
9951.0,167.0,4,0.0,False,0,car,4894.7655555555575,,,,,,,,2025,Belgium,Belgian Grand Prix,PIA,81,McLaren,1.0,43.0,105.706,MEDIUM,74.745,13056.19
9894.0,161.0,4,34.0,False,0,car,4907.287777777779,,,,,,,,2025,Belgium,Belgian Grand Prix,PIA,81,McLaren,1.0,43.0,105.706,MEDIUM,75.025,13056.47
10034.0,161.0,4,70.0,False,0,car,4916.232222222224,,,,,,,,2025,Belgium,Belgian Grand Prix,PIA,81,McLaren,1.0,43.0,105.706,MEDIUM,75.225,13056.67
10363.0,161.0,4,76.0,False,0,car,4923.38777777778,,,,,,,,2025,Belgium,Belgian Grand Prix,PIA,81,McLaren,1.0,43.0,105.706,MEDIUM,75.385,13056.83
10838.0,171.0,4,92.0,False,0,car,4934.787777777779,,,,,,,,2025,Belgium,Belgian Grand Prix,PIA,81,McLaren,1.0,43.0,105.706,MEDIUM,75.625,13057.07
11523.0,181.0,4,100.0,False,0,car,4950.876666666668,,,,,,,,2025,Belgium,Belgian Grand Prix,PIA,81,McLaren,1.0,43.0,105.706,MEDIUM,75.945,13057.39
10733.0,193.0,4,99.0,False,0,car,4965.887777777779,,,,,,,,2025,Belgium,Belgian Grand Prix,PIA,81,McLaren,1.0,43.0,105.706,MEDIUM,76.225,13057.67
10593.0,203.0,5,99.0,False,0,car,4983.932222222224,,,,,,,,2025,Belgium,Belgian Grand Prix,PIA,81,McLaren,1.0,43.0,105.706,MEDIUM,76.545,13057.99
11349.0,216.0,5,99.0,False,0,car,5005.532222222224,,,,,,,,2025,Belgium,Belgian Grand Prix,PIA,81,McLaren,1.0,43.0,105.706,MEDIUM,76.905,13058.35
10453.0,224.0,6,100.0,False,0,car,5025.4433333333345,,,,,,,,2025,Belgium,Belgian Grand Prix,PIA,81,McLaren,1.0,43.0,105.706,MEDIUM,77.225,13058.67
10626.0,234.0,6,100.0,False,0,car,5035.843333333335,,,,,,,,2025,Belgium,Belgian Grand Prix,PIA,81,McLaren,1.0,43.0,105.706,MEDIUM,77.385,13058.83
10961.0,239.0,6,100.0,False,0,car,5054.4322222222245,,,,,,,,2025,Belgium,Belgian Grand Prix,PIA,81,McLaren,1.0,43.0,105.706,MEDIUM,77.665,13059.11
11061.0,242.0,6,100.0,False,0,car,5070.565555555558,,,,,,,,2025,Belgium,Belgian Grand Prix,PIA,81,McLaren,1.0,43.0,105.706,MEDIUM,77.905,13059.35
11339.0,250.0,6,100.0,False,0,car,5101.121111111113,,,,,,,,2025,Belgium,Belgian Grand Prix,PIA,81,McLaren,1.0,43.0,105.706,MEDIUM,78.345,13059.79
11666.0,254.0,6,100.0,False,0,car,5120.947222222225,,,,,,,,2025,Belgium,Belgian Grand Prix,PIA,81,McLaren,1.0,43.0,105.706,MEDIUM,78.626,13060.071
11150.0,256.0,6,100.0,False,0,car,5140.858333333336,,,,,,,,2025,Belgium,Belgian Grand Prix,PIA,81,McLaren,1.0,43.0,105.706,MEDIUM,78.906,13060.351
10434.0,260.0,6,100.0,False,0,car,5152.413888888892,,,,,,,,2025,Belgium,Belgian Grand Prix,PIA,81,McLaren,1.0,43.0,105.706,MEDIUM,79.066,13060.511
10519.0,261.0,6,100.0,False,0,car,5163.941388888891,,,,,,,,2025,Belgium,Belgian Grand Prix,PIA,81,McLaren,1.0,43.0,105.706,MEDIUM,79.225,13060.67
10685.0,266.0,7,100.0,False,0,car,5190.541388888892,,,,,,,,2025,Belgium,Belgian Grand Prix,PIA,81,McLaren,1.0,43.0,105.706,MEDIUM,79.585,13061.03
10789.0,267.0,7,100.0,False,0,car,5202.408055555559,,,,,,,,2025,Belgium,Belgian Grand Prix,PIA,81,McLaren,1.0,43.0,105.706,MEDIUM,79.745,13061.19
10795.0,270.0,7,100.0,False,0,car,5220.408055555559,,,,,,,,2025,Belgium,Belgian Grand Prix,PIA,81,McLaren,1.0,43.0,105.706,MEDIUM,79.985,13061.43
10928.0,273.0,7,100.0,False,0,car,5244.674722222227,,,,,,,,2025,Belgium,Belgian Grand Prix,PIA,81,McLaren,1.0,43.0,105.706,MEDIUM,80.305,13061.75
10929.0,276.0,7,100.0,False,0,car,5256.941388888893,,,,,,,,2025,Belgium,Belgian Grand Prix,PIA,81,McLaren,1.0,43.0,105.706,MEDIUM,80.465,13061.91
11079.0,280.0,7,100.0,False,0,car,5284.941388888893,,,,,,,,2025,Belgium,Belgian Grand Prix,PIA,81,McLaren,1.0,43.0,105.706,MEDIUM,80.825,13062.27
11304.0,283.0,7,100.0,False,0,car,5303.808055555559,,,,,,,,2025,Belgium,Belgian Grand Prix,PIA,81,McLaren,1.0,43.0,105.706,MEDIUM,81.065,13062.51
11412.0,285.0,7,100.0,False,0,car,5329.141388888893,,,,,,,,2025,Belgium,Belgian Grand Prix,PIA,81,McLaren,1.0,43.0,105.706,MEDIUM,81.385,13062.83
11491.0,289.0,7,100.0,False,0,car,5354.830277777781,,,,,,,,2025,Belgium,Belgian Grand Prix,PIA,81,McLaren,1.0,43.0,105.706,MEDIUM,81.705,13063.15
11645.0,291.0,7,100.0,False,0,car,5374.23027777778,,,,,,,,2025,Belgium,Belgian Grand Prix,PIA,81,McLaren,1.0,43.0,105.706,MEDIUM,81.945,13063.39
11694.0,292.0,7,100.0,False,0,car,5387.208055555559,,,,,,,,2025,Belgium,Belgian Grand Prix,PIA,81,McLaren,1.0,43.0,105.706,MEDIUM,82.105,13063.55
10463.0,295.0,8,100.0,False,0,car,5416.708055555559,,,,,,,,2025,Belgium,Belgian Grand Prix,PIA,81,McLaren,1.0,43.0,105.706,MEDIUM,82.465,13063.91
10480.0,296.0,8,100.0,False,0,car,5429.863611111115,,,,,,,,2025,Belgium,Belgian Grand Prix,PIA,81,McLaren,1.0,43.0,105.706,MEDIUM,82.625,13064.07
10626.0,300.0,8,100.0,False,0,car,5466.530277777781,,,,,,,,2025,Belgium,Belgian Grand Prix,PIA,81,McLaren,1.0,43.0,105.706,MEDIUM,83.065,13064.51
10672.0,302.0,8,100.0,False,0,car,5493.3747222222255,,,,,,,,2025,Belgium,Belgian Grand Prix,PIA,81,McLaren,1.0,43.0,105.706,MEDIUM,83.385,13064.83
10723.0,303.0,8,100.0,False,0,car,5510.208055555558,,,,,,,,2025,Belgium,Belgian Grand Prix,PIA,81,McLaren,1.0,43.0,105.706,MEDIUM,83.585,13065.03
10774.0,304.0,8,100.0,False,0,car,5527.096944444446,,,,,,,,2025,Belgium,Belgian Grand Prix,PIA,81,McLaren,1.0,43.0,105.706,MEDIUM,83.785,13065.23
10824.0,305.0,8,100.0,False,0,car,5544.041388888891,,,,,,,,2025,Belgium,Belgian Grand Prix,PIA,81,McLaren,1.0,43.0,105.706,MEDIUM,83.985,13065.43
10838.0,307.0,8,100.0,False,0,car,5571.33027777778,,,,,,,,2025,Belgium,Belgian Grand Prix,PIA,81,McLaren,1.0,43.0,105.706,MEDIUM,84.305,13065.75
10894.0,308.0,8,100.0,False,0,car,5588.44138888889,,,,,,,,2025,Belgium,Belgian Grand Prix,PIA,81,McLaren,1.0,43.0,105.706,MEDIUM,84.505,13065.95
10912.0,310.0,8,100.0,False,0,car,5622.8858333333355,,,,,,,,2025,Belgium,Belgian Grand Prix,PIA,81,McLaren,1.0,43.0,105.706,MEDIUM,84.905,13066.35
11009.0,311.0,8,100.0,False,0,car,5657.52777777778,,,,,,,,2025,Belgium,Belgian Grand Prix,PIA,81,McLaren,1.0,43.0,105.706,MEDIUM,85.306,13066.751
10981.0,312.0,8,100.0,False,0,car,5671.394444444447,,,,,,,,2025,Belgium,Belgian Grand Prix,PIA,81,McLaren,1.0,43.0,105.706,MEDIUM,85.466,13066.911
11011.0,312.0,8,100.0,False,0,car,5685.261111111115,,,,,,,,2025,Belgium,Belgian Grand Prix,PIA,81,McLaren,1.0,43.0,105.706,MEDIUM,85.626,13067.071
11059.0,314.0,8,100.0,False,0,car,5713.085000000003,,,,,,,,2025,Belgium,Belgian Grand Prix,PIA,81,McLaren,1.0,43.0,105.706,MEDIUM,85.945,13067.39
11141.0,315.0,8,99.0,False,0,car,5737.585000000003,,,,,,,,2025,Belgium,Belgian Grand Prix,PIA,81,McLaren,1.0,43.0,105.706,MEDIUM,86.225,13067.67
11120.0,316.0,8,99.0,False,0,car,5762.16277777778,,,,,,,,2025,Belgium,Belgian Grand Prix,PIA,81,McLaren,1.0,43.0,105.706,MEDIUM,86.505,13067.95
11170.0,316.0,8,99.0,False,0,car,5779.718333333336,,,,,,,,2025,Belgium,Belgian Grand Prix,PIA,81,McLaren,1.0,43.0,105.706,MEDIUM,86.705,13068.15
11206.0,316.0,8,99.0,False,0,car,5800.785000000003,,,,,,,,2025,Belgium,Belgian Grand Prix,PIA,81,McLaren,1.0,43.0,105.706,MEDIUM,86.945,13068.39
11220.0,317.0,8,99.0,False,0,car,5828.962777777781,,,,,,,,2025,Belgium,Belgian Grand Prix,PIA,81,McLaren,1.0,43.0,105.706,MEDIUM,87.265,13068.71
11230.0,317.0,8,99.0,False,0,car,5853.618333333337,,,,,,,,2025,Belgium,Belgian Grand Prix,PIA,81,McLaren,1.0,43.0,105.706,MEDIUM,87.545,13068.99
11116.0,317.0,8,99.0,False,0,car,5892.362777777782,,,,,,,,2025,Belgium,Belgian Grand Prix,PIA,81,McLaren,1.0,43.0,105.706,MEDIUM,87.985,13069.43
11203.0,317.0,8,99.0,False,0,car,5920.540555555561,,,,,,,,2025,Belgium,Belgian Grand Prix,PIA,81,McLaren,1.0,43.0,105.706,MEDIUM,88.305,13069.75
11223.0,317.0,8,99.0,False,0,car,5938.151666666671,,,,,,,,2025,Belgium,Belgian Grand Prix,PIA,81,McLaren,1.0,43.0,105.706,MEDIUM,88.505,13069.95
11177.0,317.0,8,99.0,False,0,car,5962.807222222227,,,,,,,,2025,Belgium,Belgian Grand Prix,PIA,81,McLaren,1.0,43.0,105.706,MEDIUM,88.785,13070.23
11153.0,317.0,8,99.0,False,0,car,5987.462777777783,,,,,,,,2025,Belgium,Belgian Grand Prix,PIA,81,McLaren,1.0,43.0,105.706,MEDIUM,89.065,13070.51
11234.0,318.0,8,100.0,False,0,car,6022.796111111117,,,,,,,,2025,Belgium,Belgian Grand Prix,PIA,81,McLaren,1.0,43.0,105.706,MEDIUM,89.465,13070.91
11250.0,318.0,8,99.0,False,0,car,6051.062777777784,,,,,,,,2025,Belgium,Belgian Grand Prix,PIA,81,McLaren,1.0,43.0,105.706,MEDIUM,89.785,13071.23
11229.0,318.0,8,99.0,False,0,car,6068.729444444451,,,,,,,,2025,Belgium,Belgian Grand Prix,PIA,81,McLaren,1.0,43.0,105.706,MEDIUM,89.985,13071.43
11234.0,318.0,8,99.0,False,0,car,6096.996111111118,,,,,,,,2025,Belgium,Belgian Grand Prix,PIA,81,McLaren,1.0,43.0,105.706,MEDIUM,90.305,13071.75
11191.0,316.0,8,99.0,False,0,car,6128.596111111118,,,,,,,,2025,Belgium,Belgian Grand Prix,PIA,81,McLaren,1.0,43.0,105.706,MEDIUM,90.665,13072.11
11145.0,315.0,8,99.0,False,0,car,6146.096111111117,,,,,,,,2025,Belgium,Belgian Grand Prix,PIA,81,McLaren,1.0,43.0,105.706,MEDIUM,90.865,13072.31
11070.0,315.0,8,99.0,False,0,car,6174.096111111118,,,,,,,,2025,Belgium,Belgian Grand Prix,PIA,81,McLaren,1.0,43.0,105.706,MEDIUM,91.185,13072.63
11076.0,313.0,8,99.0,False,0,car,6198.440555555563,,,,,,,,2025,Belgium,Belgian Grand Prix,PIA,81,McLaren,1.0,43.0,105.706,MEDIUM,91.465,13072.91
11052.0,313.0,8,99.0,False,0,car,6212.438611111119,,,,,,,,2025,Belgium,Belgian Grand Prix,PIA,81,McLaren,1.0,43.0,105.706,MEDIUM,91.626,13073.071
11105.0,314.0,8,99.0,False,0,car,6233.371944444451,,,,,,,,2025,Belgium,Belgian Grand Prix,PIA,81,McLaren,1.0,43.0,105.706,MEDIUM,91.866,13073.311
11094.0,315.0,8,100.0,False,0,car,6261.371944444452,,,,,,,,2025,Belgium,Belgian Grand Prix,PIA,81,McLaren,1.0,43.0,105.706,MEDIUM,92.186,13073.631
11094.0,315.0,8,100.0,False,0,car,6296.284444444451,,,,,,,,2025,Belgium,Belgian Grand Prix,PIA,81,McLaren,1.0,43.0,105.706,MEDIUM,92.585,13074.03
11174.0,316.0,8,100.0,False,0,car,6327.884444444451,,,,,,,,2025,Belgium,Belgian Grand Prix,PIA,81,McLaren,1.0,43.0,105.706,MEDIUM,92.945,13074.39
11176.0,316.0,8,100.0,False,0,car,6345.440000000007,,,,,,,,2025,Belgium,Belgian Grand Prix,PIA,81,McLaren,1.0,43.0,105.706,MEDIUM,93.145,13074.59
11151.0,316.0,8,100.0,False,0,car,6366.506666666674,,,,,,,,2025,Belgium,Belgian Grand Prix,PIA,81,McLaren,1.0,43.0,105.706,MEDIUM,93.385,13074.83
11139.0,317.0,8,100.0,False,0,car,6384.117777777785,,,,,,,,2025,Belgium,Belgian Grand Prix,PIA,81,McLaren,1.0,43.0,105.706,MEDIUM,93.585,13075.03
11139.0,317.0,8,100.0,False,0,car,6401.728888888896,,,,,,,,2025,Belgium,Belgian Grand Prix,PIA,81,McLaren,1.0,43.0,105.706,MEDIUM,93.785,13075.23
11125.0,316.0,8,100.0,False,0,car,6426.306666666674,,,,,,,,2025,Belgium,Belgian Grand Prix,PIA,81,McLaren,1.0,43.0,105.706,MEDIUM,94.065,13075.51
10943.0,311.0,8,100.0,False,0,car,6526.517777777784,,,,,,,,2025,Belgium,Belgian Grand Prix,PIA,81,McLaren,1.0,43.0,105.706,MEDIUM,95.225,13076.67
10911.0,307.0,8,10.0,False,0,car,6546.984444444452,,,,,,,,2025,Belgium,Belgian Grand Prix,PIA,81,McLaren,1.0,43.0,105.706,MEDIUM,95.465,13076.91
10020.0,288.0,8,0.0,True,0,car,6572.584444444451,,,,,,,,2025,Belgium,Belgian Grand Prix,PIA,81,McLaren,1.0,43.0,105.706,MEDIUM,95.785,13077.23
8243.0,237.0,8,0.0,True,0,car,6598.917777777785,,,,,,,,2025,Belgium,Belgian Grand Prix,PIA,81,McLaren,1.0,43.0,105.706,MEDIUM,96.185,13077.63
8190.0,209.0,8,0.0,True,0,car,6612.851111111118,,,,,,,,2025,Belgium,Belgian Grand Prix,PIA,81,McLaren,1.0,43.0,105.706,MEDIUM,96.425,13077.87
8608.0,175.0,8,0.0,True,0,car,6624.517777777785,,,,,,,,2025,Belgium,Belgian Grand Prix,PIA,81,McLaren,1.0,43.0,105.706,MEDIUM,96.665,13078.11
8253.0,154.0,8,0.0,True,0,car,6633.07333333334,,,,,,,,2025,Belgium,Belgian Grand Prix,PIA,81,McLaren,1.0,43.0,105.706,MEDIUM,96.865,13078.31
9684.0,129.0,8,0.0,True,0,car,6644.540000000007,,,,,,,,2025,Belgium,Belgian Grand Prix,PIA,81,McLaren,1.0,43.0,105.706,MEDIUM,97.185,13078.63
9222.0,111.0,6,0.0,True,0,car,6653.17333333334,,,,,,,,2025,Belgium,Belgian Grand Prix,PIA,81,McLaren,1.0,43.0,105.706,MEDIUM,97.465,13078.91
8760.0,106.0,4,0.0,True,0,car,6657.884444444451,,,,,,,,2025,Belgium,Belgian Grand Prix,PIA,81,McLaren,1.0,43.0,105.706,MEDIUM,97.625,13079.07
8636.0,99.0,3,0.0,True,0,car,6662.284444444451,,,,,,,,2025,Belgium,Belgian Grand Prix,PIA,81,McLaren,1.0,43.0,105.706,MEDIUM,97.785,13079.23
7791.0,93.0,2,0.0,True,0,car,6668.484444444451,,,,,,,,2025,Belgium,Belgian Grand Prix,PIA,81,McLaren,1.0,43.0,105.706,MEDIUM,98.025,13079.47
7322.0,87.0,2,0.0,True,0,car,6672.375277777784,,,,,,,,2025,Belgium,Belgian Grand Prix,PIA,81,McLaren,1.0,43.0,105.706,MEDIUM,98.186,13079.631
7163.0,83.0,2,0.0,False,0,car,6677.908611111116,,,,,,,,2025,Belgium,Belgian Grand Prix,PIA,81,McLaren,1.0,43.0,105.706,MEDIUM,98.426,13079.871
6752.0,76.0,2,0.0,False,0,car,6683.819722222228,,,,,,,,2025,Belgium,Belgian Grand Prix,PIA,81,McLaren,1.0,43.0,105.706,MEDIUM,98.706,13080.151
6333.0,74.0,2,0.0,False,0,car,6687.108611111117,,,,,,,,2025,Belgium,Belgian Grand Prix,PIA,81,McLaren,1.0,43.0,105.706,MEDIUM,98.866,13080.311
7086.0,72.0,2,12.0,False,0,car,6691.908611111117,,,,,,,,2025,Belgium,Belgian Grand Prix,PIA,81,McLaren,1.0,43.0,105.706,MEDIUM,99.106,13080.551
7210.0,76.0,2,30.0,False,0,car,6697.798611111118,,,,,,,,2025,Belgium,Belgian Grand Prix,PIA,81,McLaren,1.0,43.0,105.706,MEDIUM,99.385,13080.83
7565.0,78.0,2,40.0,False,0,car,6702.9986111111175,,,,,,,,2025,Belgium,Belgian Grand Prix,PIA,81,McLaren,1.0,43.0,105.706,MEDIUM,99.625,13081.07
7521.0,87.0,2,0.0,False,0,car,6712.6652777777845,,,,,,,,2025,Belgium,Belgian Grand Prix,PIA,81,McLaren,1.0,43.0,105.706,MEDIUM,100.025,13081.47
7078.0,82.0,2,0.0,False,0,car,6718.131944444451,,,,,,,,2025,Belgium,Belgian Grand Prix,PIA,81,McLaren,1.0,43.0,105.706,MEDIUM,100.265,13081.71
6565.0,78.0,2,0.0,False,0,car,6723.3319444444505,,,,,,,,2025,Belgium,Belgian Grand Prix,PIA,81,McLaren,1.0,43.0,105.706,MEDIUM,100.505,13081.95
6127.0,76.0,2,0.0,False,0,car,6728.398611111117,,,,,,,,2025,Belgium,Belgian Grand Prix,PIA,81,McLaren,1.0,43.0,105.706,MEDIUM,100.745,13082.19
6750.0,72.0,2,20.0,False,0,car,6733.9986111111175,,,,,,,,2025,Belgium,Belgian Grand Prix,PIA,81,McLaren,1.0,43.0,105.706,MEDIUM,101.025,13082.47
6986.0,75.0,2,29.0,False,0,car,6740.6652777777845,,,,,,,,2025,Belgium,Belgian Grand Prix,PIA,81,McLaren,1.0,43.0,105.706,MEDIUM,101.345,13082.79
8037.0,82.0,2,44.0,False,0,car,6750.687500000006,,,,,,,,2025,Belgium,Belgian Grand Prix,PIA,81,McLaren,1.0,43.0,105.706,MEDIUM,101.785,13083.23
9025.0,92.0,2,55.0,False,0,car,6757.843055555562,,,,,,,,2025,Belgium,Belgian Grand Prix,PIA,81,McLaren,1.0,43.0,105.706,MEDIUM,102.065,13083.51
9565.0,99.0,2,60.0,False,0,car,6763.343055555562,,,,,,,,2025,Belgium,Belgian Grand Prix,PIA,81,McLaren,1.0,43.0,105.706,MEDIUM,102.265,13083.71
10891.0,111.0,2,71.0,False,0,car,6774.443055555563,,,,,,,,2025,Belgium,Belgian Grand Prix,PIA,81,McLaren,1.0,43.0,105.706,MEDIUM,102.625,13084.07
11828.0,120.0,2,75.0,False,0,car,6783.776388888896,,,,,,,,2025,Belgium,Belgian Grand Prix,PIA,81,McLaren,1.0,43.0,105.706,MEDIUM,102.905,13084.35
11215.0,135.0,3,93.0,False,0,car,6795.776388888896,,,,,,,,2025,Belgium,Belgian Grand Prix,PIA,81,McLaren,1.0,43.0,105.706,MEDIUM,103.225,13084.67
10812.0,154.0,3,100.0,False,0,car,6814.598611111119,,,,,,,,2025,Belgium,Belgian Grand Prix,PIA,81,McLaren,1.0,43.0,105.706,MEDIUM,103.665,13085.11
10724.0,169.0,3,100.0,False,0,car,6822.10972222223,,,,,,,,2025,Belgium,Belgian Grand Prix,PIA,81,McLaren,1.0,43.0,105.706,MEDIUM,103.825,13085.27
11116.0,177.0,4,99.0,False,0,car,6831.943055555563,,,,,,,,2025,Belgium,Belgian Grand Prix,PIA,81,McLaren,1.0,43.0,105.706,MEDIUM,104.025,13085.47
11272.0,190.0,4,99.0,False,0,car,6844.609722222229,,,,,,,,2025,Belgium,Belgian Grand Prix,PIA,81,McLaren,1.0,43.0,105.706,MEDIUM,104.265,13085.71
10522.0,197.0,4,99.0,False,0,car,6857.743055555562,,,,,,,,2025,Belgium,Belgian Grand Prix,PIA,81,McLaren,1.0,43.0,105.706,MEDIUM,104.505,13085.95
11145.0,211.0,5,100.0,False,0,car,6878.901666666673,,,,,,,,2025,Belgium,Belgian Grand Prix,PIA,81,McLaren,1.0,43.0,105.706,MEDIUM,104.866,13086.311
11757.0,223.0,5,100.0,False,0,car,6903.679444444451,,,,,,,,2025,Belgium,Belgian Grand Prix,PIA,81,McLaren,1.0,43.0,105.706,MEDIUM,105.266,13086.711
10497.0,229.0,5,100.0,False,0,car,6918.946111111118,,,,,,,,2025,Belgium,Belgian Grand Prix,PIA,81,McLaren,1.0,43.0,105.706,MEDIUM,105.506,13086.951
10635.0,238.0,6,99.0,False,0,car,8.925,,,,,,,,2025,Belgium,Belgian Grand Prix,NOR,4,McLaren,2.0,42.0,105.257,HARD,0.135,12879.429
11105.0,242.0,6,99.0,False,0,car,22.369444444444444,,,,,,,,2025,Belgium,Belgian Grand Prix,NOR,4,McLaren,2.0,42.0,105.257,HARD,0.335,12879.629
11334.0,249.0,6,99.0,False,0,car,44.50277777777778,,,,,,,,2025,Belgium,Belgian Grand Prix,NOR,4,McLaren,2.0,42.0,105.257,HARD,0.655,12879.949
11265.0,257.0,6,99.0,False,0,car,73.05833333333332,,,,,,,,2025,Belgium,Belgian Grand Prix,NOR,4,McLaren,2.0,42.0,105.257,HARD,1.055,12880.349
10436.0,260.0,7,99.0,False,0,car,87.50277777777777,,,,,,,,2025,Belgium,Belgian Grand Prix,NOR,4,McLaren,2.0,42.0,105.257,HARD,1.255,12880.549
10570.0,264.0,7,99.0,False,0,car,99.23611111111111,,,,,,,,2025,Belgium,Belgian Grand Prix,NOR,4,McLaren,2.0,42.0,105.257,HARD,1.415,12880.709
10582.0,266.0,7,99.0,False,0,car,116.96944444444445,,,,,,,,2025,Belgium,Belgian Grand Prix,NOR,4,McLaren,2.0,42.0,105.257,HARD,1.655,12880.949
10620.0,268.0,7,99.0,False,0,car,131.85833333333335,,,,,,,,2025,Belgium,Belgian Grand Prix,NOR,4,McLaren,2.0,42.0,105.257,HARD,1.855,12881.149
10752.0,269.0,7,99.0,False,0,car,146.8027777777778,,,,,,,,2025,Belgium,Belgian Grand Prix,NOR,4,McLaren,2.0,42.0,105.257,HARD,2.055,12881.349
10832.0,271.0,7,99.0,False,0,car,161.85833333333335,,,,,,,,2025,Belgium,Belgian Grand Prix,NOR,4,McLaren,2.0,42.0,105.257,HARD,2.255,12881.549
10923.0,273.0,7,99.0,False,0,car,183.0916666666667,,,,,,,,2025,Belgium,Belgian Grand Prix,NOR,4,McLaren,2.0,42.0,105.257,HARD,2.535,12881.829
10932.0,275.0,7,99.0,False,0,car,198.36944444444447,,,,,,,,2025,Belgium,Belgian Grand Prix,NOR,4,McLaren,2.0,42.0,105.257,HARD,2.735,12882.029
10979.0,276.0,7,99.0,False,0,car,210.63611111111115,,,,,,,,2025,Belgium,Belgian Grand Prix,NOR,4,McLaren,2.0,42.0,105.257,HARD,2.895,12882.189
11076.0,278.0,7,99.0,False,0,car,232.3355555555556,,,,,,,,2025,Belgium,Belgian Grand Prix,NOR,4,McLaren,2.0,42.0,105.257,HARD,3.176,12882.47
10660.0,275.0,7,0.0,True,0,car,259.8355555555556,,,,,,,,2025,Belgium,Belgian Grand Prix,NOR,4,McLaren,2.0,42.0,105.257,HARD,3.536,12882.83
10875.0,228.0,6,0.0,True,0,car,282.6355555555556,,,,,,,,2025,Belgium,Belgian Grand Prix,NOR,4,McLaren,2.0,42.0,105.257,HARD,3.896,12883.19
10870.0,177.0,5,0.0,True,0,car,304.2688888888889,,,,,,,,2025,Belgium,Belgian Grand Prix,NOR,4,McLaren,2.0,42.0,105.257,HARD,4.336,12883.63
10998.0,168.0,5,0.0,True,0,car,313.6022222222222,,,,,,,,2025,Belgium,Belgian Grand Prix,NOR,4,McLaren,2.0,42.0,105.257,HARD,4.536,12883.83
10169.0,140.0,3,0.0,True,0,car,321.38,,,,,,,,2025,Belgium,Belgian Grand Prix,NOR,4,McLaren,2.0,42.0,105.257,HARD,4.736,12884.03
10512.0,132.0,2,0.0,True,0,car,328.7133333333333,,,,,,,,2025,Belgium,Belgian Grand Prix,NOR,4,McLaren,2.0,42.0,105.257,HARD,4.936,12884.23
10092.0,120.0,2,0.0,True,0,car,335.38,,,,,,,,2025,Belgium,Belgian Grand Prix,NOR,4,McLaren,2.0,42.0,105.257,HARD,5.136,12884.43
8923.0,110.0,2,0.0,True,0,car,342.7133333333333,,,,,,,,2025,Belgium,Belgian Grand Prix,NOR,4,McLaren,2.0,42.0,105.257,HARD,5.376,12884.67
8293.0,99.0,2,0.0,True,0,car,348.2133333333333,,,,,,,,2025,Belgium,Belgian Grand Prix,NOR,4,McLaren,2.0,42.0,105.257,HARD,5.576,12884.87
7627.0,90.0,2,0.0,True,0,car,355.2133333333333,,,,,,,,2025,Belgium,Belgian Grand Prix,NOR,4,McLaren,2.0,42.0,105.257,HARD,5.856,12885.15
7515.0,86.0,2,0.0,True,0,car,359.9911111111111,,,,,,,,2025,Belgium,Belgian Grand Prix,NOR,4,McLaren,2.0,42.0,105.257,HARD,6.056,12885.35
6995.0,83.0,2,0.0,True,0,car,364.57916666666665,,,,,,,,2025,Belgium,Belgian Grand Prix,NOR,4,McLaren,2.0,42.0,105.257,HARD,6.255,12885.549
6827.0,79.0,2,0.0,False,0,car,372.4791666666667,,,,,,,,2025,Belgium,Belgian Grand Prix,NOR,4,McLaren,2.0,42.0,105.257,HARD,6.615,12885.909
6772.0,75.0,2,0.0,False,0,car,378.3125,,,,,,,,2025,Belgium,Belgian Grand Prix,NOR,4,McLaren,2.0,42.0,105.257,HARD,6.895,12886.189
7026.0,77.0,2,21.0,False,0,car,383.4458333333333,,,,,,,,2025,Belgium,Belgian Grand Prix,NOR,4,McLaren,2.0,42.0,105.257,HARD,7.135,12886.429
7289.0,79.0,2,29.0,False,0,car,387.83472222222224,,,,,,,,2025,Belgium,Belgian Grand Prix,NOR,4,McLaren,2.0,42.0,105.257,HARD,7.335,12886.629
8058.0,82.0,2,39.0,False,0,car,395.12361111111113,,,,,,,,2025,Belgium,Belgian Grand Prix,NOR,4,McLaren,2.0,42.0,105.257,HARD,7.655,12886.949
8398.0,88.0,2,39.0,False,0,car,399.03472222222223,,,,,,,,2025,Belgium,Belgian Grand Prix,NOR,4,McLaren,2.0,42.0,105.257,HARD,7.815,12887.109
8925.0,98.0,2,50.0,False,0,car,406.65694444444443,,,,,,,,2025,Belgium,Belgian Grand Prix,NOR,4,McLaren,2.0,42.0,105.257,HARD,8.095,12887.389
10796.0,118.0,2,65.0,False,0,car,422.3902777777777,,,,,,,,2025,Belgium,Belgian Grand Prix,NOR,4,McLaren,2.0,42.0,105.257,HARD,8.575,12887.869
11571.0,118.0,2,77.0,False,0,car,431.56805555555553,,,,,,,,2025,Belgium,Belgian Grand Prix,NOR,4,McLaren,2.0,42.0,105.257,HARD,8.855,12888.149
11291.0,136.0,2,77.0,False,0,car,437.61249999999995,,,,,,,,2025,Belgium,Belgian Grand Prix,NOR,4,McLaren,2.0,42.0,105.257,HARD,9.015,12888.309
11125.0,153.0,3,99.0,False,0,car,451.2125,,,,,,,,2025,Belgium,Belgian Grand Prix,NOR,4,McLaren,2.0,42.0,105.257,HARD,9.335,12888.629
10988.0,164.0,4,99.0,False,0,car,460.32361111111106,,,,,,,,2025,Belgium,Belgian Grand Prix,NOR,4,McLaren,2.0,42.0,105.257,HARD,9.535,12888.829
10986.0,179.0,4,99.0,False,0,car,474.29555555555555,,,,,,,,2025,Belgium,Belgian Grand Prix,NOR,4,McLaren,2.0,42.0,105.257,HARD,9.816,12889.11
11106.0,187.0,4,99.0,False,0,car,484.6844444444444,,,,,,,,2025,Belgium,Belgian Grand Prix,NOR,4,McLaren,2.0,42.0,105.257,HARD,10.016,12889.31
10386.0,196.0,5,99.0,False,0,car,497.7511111111111,,,,,,,,2025,Belgium,Belgian Grand Prix,NOR,4,McLaren,2.0,42.0,105.257,HARD,10.256,12889.55
10949.0,211.0,5,99.0,False,0,car,516.5066666666667,,,,,,,,2025,Belgium,Belgian Grand Prix,NOR,4,McLaren,2.0,42.0,105.257,HARD,10.576,12889.87
10949.0,218.0,5,99.0,False,0,car,528.6177777777777,,,,,,,,2025,Belgium,Belgian Grand Prix,NOR,4,McLaren,2.0,42.0,105.257,HARD,10.776,12890.07
10580.0,228.0,6,99.0,False,0,car,559.0177777777777,,,,,,,,2025,Belgium,Belgian Grand Prix,NOR,4,McLaren,2.0,42.0,105.257,HARD,11.256,12890.55
10998.0,234.0,6,99.0,False,0,car,577.2177777777777,,,,,,,,2025,Belgium,Belgian Grand Prix,NOR,4,McLaren,2.0,42.0,105.257,HARD,11.536,12890.83
11281.0,247.0,6,99.0,False,0,car,596.4288888888889,,,,,,,,2025,Belgium,Belgian Grand Prix,NOR,4,McLaren,2.0,42.0,105.257,HARD,11.816,12891.11
11619.0,250.0,6,99.0,False,0,car,618.651111111111,,,,,,,,2025,Belgium,Belgian Grand Prix,NOR,4,McLaren,2.0,42.0,105.257,HARD,12.136,12891.43
11619.0,261.0,6,99.0,False,0,car,636.051111111111,,,,,,,,2025,Belgium,Belgian Grand Prix,NOR,4,McLaren,2.0,42.0,105.257,HARD,12.376,12891.67
10630.0,263.0,6,99.0,False,0,car,656.5066666666667,,,,,,,,2025,Belgium,Belgian Grand Prix,NOR,4,McLaren,2.0,42.0,105.257,HARD,12.656,12891.95
10984.0,275.0,7,100.0,False,0,car,690.0413888888888,,,,,,,,2025,Belgium,Belgian Grand Prix,NOR,4,McLaren,2.0,42.0,105.257,HARD,13.095,12892.389
11039.0,275.0,7,100.0,False,0,car,702.2636111111111,,,,,,,,2025,Belgium,Belgian Grand Prix,NOR,4,McLaren,2.0,42.0,105.257,HARD,13.255,12892.549
11161.0,280.0,7,100.0,False,0,car,720.9302777777776,,,,,,,,2025,Belgium,Belgian Grand Prix,NOR,4,McLaren,2.0,42.0,105.257,HARD,13.495,12892.789
11231.0,283.0,7,99.0,False,0,car,733.5080555555554,,,,,,,,2025,Belgium,Belgian Grand Prix,NOR,4,McLaren,2.0,42.0,105.257,HARD,13.655,12892.949
11472.0,287.0,7,99.0,False,0,car,752.6413888888887,,,,,,,,2025,Belgium,Belgian Grand Prix,NOR,4,McLaren,2.0,42.0,105.257,HARD,13.895,12893.189
11517.0,292.0,7,99.0,False,0,car,788.3302777777777,,,,,,,,2025,Belgium,Belgian Grand Prix,NOR,4,McLaren,2.0,42.0,105.257,HARD,14.335,12893.629
10731.0,294.0,7,99.0,False,0,car,801.3969444444442,,,,,,,,2025,Belgium,Belgian Grand Prix,NOR,4,McLaren,2.0,42.0,105.257,HARD,14.495,12893.789
10491.0,296.0,8,99.0,False,0,car,821.1302777777776,,,,,,,,2025,Belgium,Belgian Grand Prix,NOR,4,McLaren,2.0,42.0,105.257,HARD,14.735,12894.029
10586.0,300.0,8,99.0,False,0,car,841.1302777777776,,,,,,,,2025,Belgium,Belgian Grand Prix,NOR,4,McLaren,2.0,42.0,105.257,HARD,14.975,12894.269
10614.0,303.0,8,99.0,False,0,car,857.9636111111109,,,,,,,,2025,Belgium,Belgian Grand Prix,NOR,4,McLaren,2.0,42.0,105.257,HARD,15.175,12894.469
10733.0,306.0,8,99.0,False,0,car,888.5636111111108,,,,,,,,2025,Belgium,Belgian Grand Prix,NOR,4,McLaren,2.0,42.0,105.257,HARD,15.535,12894.829
10835.0,308.0,8,99.0,False,0,car,905.6747222222219,,,,,,,,2025,Belgium,Belgian Grand Prix,NOR,4,McLaren,2.0,42.0,105.257,HARD,15.735,12895.029
10875.0,310.0,8,99.0,False,0,car,926.3413888888886,,,,,,,,2025,Belgium,Belgian Grand Prix,NOR,4,McLaren,2.0,42.0,105.257,HARD,15.975,12895.269
10947.0,311.0,8,99.0,False,0,car,943.7055555555551,,,,,,,,2025,Belgium,Belgian Grand Prix,NOR,4,McLaren,2.0,42.0,105.257,HARD,16.176,12895.47
11025.0,313.0,8,99.0,False,0,car,964.5722222222219,,,,,,,,2025,Belgium,Belgian Grand Prix,NOR,4,McLaren,2.0,42.0,105.257,HARD,16.416,12895.71
11112.0,315.0,8,99.0,False,0,car,999.5722222222217,,,,,,,,2025,Belgium,Belgian Grand Prix,NOR,4,McLaren,2.0,42.0,105.257,HARD,16.816,12896.11
11112.0,316.0,8,99.0,False,0,car,1017.1277777777773,,,,,,,,2025,Belgium,Belgian Grand Prix,NOR,4,McLaren,2.0,42.0,105.257,HARD,17.016,12896.31
11169.0,316.0,8,99.0,False,0,car,1034.6833333333332,,,,,,,,2025,Belgium,Belgian Grand Prix,NOR,4,McLaren,2.0,42.0,105.257,HARD,17.216,12896.51
11169.0,316.0,8,99.0,False,0,car,1048.7277777777776,,,,,,,,2025,Belgium,Belgian Grand Prix,NOR,4,McLaren,2.0,42.0,105.257,HARD,17.376,12896.67
11117.0,316.0,8,100.0,False,0,car,1062.7722222222221,,,,,,,,2025,Belgium,Belgian Grand Prix,NOR,4,McLaren,2.0,42.0,105.257,HARD,17.536,12896.83
11093.0,316.0,8,99.0,False,0,car,1090.861111111111,,,,,,,,2025,Belgium,Belgian Grand Prix,NOR,4,McLaren,2.0,42.0,105.257,HARD,17.856,12897.15
11034.0,312.0,8,99.0,False,0,car,1125.5277777777776,,,,,,,,2025,Belgium,Belgian Grand Prix,NOR,4,McLaren,2.0,42.0,105.257,HARD,18.256,12897.55
10983.0,310.0,8,99.0,False,0,car,1156.5277777777776,,,,,,,,2025,Belgium,Belgian Grand Prix,NOR,4,McLaren,2.0,42.0,105.257,HARD,18.616,12897.91
10867.0,309.0,8,99.0,False,0,car,1238.9277777777777,,,,,,,,2025,Belgium,Belgian Grand Prix,NOR,4,McLaren,2.0,42.0,105.257,HARD,19.576,12898.87
11017.0,310.0,8,99.0,False,0,car,1262.9527777777778,,,,,,,,2025,Belgium,Belgian Grand Prix,NOR,4,McLaren,2.0,42.0,105.257,HARD,19.855,12899.149
11011.0,311.0,8,99.0,False,0,car,1287.1416666666669,,,,,,,,2025,Belgium,Belgian Grand Prix,NOR,4,McLaren,2.0,42.0,105.257,HARD,20.135,12899.429
11006.0,311.0,8,99.0,False,0,car,1304.4194444444447,,,,,,,,2025,Belgium,Belgian Grand Prix,NOR,4,McLaren,2.0,42.0,105.257,HARD,20.335,12899.629
11038.0,313.0,8,99.0,False,0,car,1321.8083333333336,,,,,,,,2025,Belgium,Belgian Grand Prix,NOR,4,McLaren,2.0,42.0,105.257,HARD,20.535,12899.829
11007.0,313.0,8,99.0,False,0,car,1342.6750000000002,,,,,,,,2025,Belgium,Belgian Grand Prix,NOR,4,McLaren,2.0,42.0,105.257,HARD,20.775,12900.069
11069.0,315.0,8,99.0,False,0,car,1377.6750000000004,,,,,,,,2025,Belgium,Belgian Grand Prix,NOR,4,McLaren,2.0,42.0,105.257,HARD,21.175,12900.469
11089.0,316.0,8,99.0,False,0,car,1391.719444444445,,,,,,,,2025,Belgium,Belgian Grand Prix,NOR,4,McLaren,2.0,42.0,105.257,HARD,21.335,12900.629
11124.0,316.0,8,99.0,False,0,car,1405.7638888888894,,,,,,,,2025,Belgium,Belgian Grand Prix,NOR,4,McLaren,2.0,42.0,105.257,HARD,21.495,12900.789
11134.0,316.0,8,99.0,False,0,car,1419.8083333333338,,,,,,,,2025,Belgium,Belgian Grand Prix,NOR,4,McLaren,2.0,42.0,105.257,HARD,21.655,12900.949
11168.0,317.0,8,99.0,False,0,car,1455.030555555556,,,,,,,,2025,Belgium,Belgian Grand Prix,NOR,4,McLaren,2.0,42.0,105.257,HARD,22.055,12901.349
11218.0,318.0,8,99.0,False,0,car,1479.7638888888894,,,,,,,,2025,Belgium,Belgian Grand Prix,NOR,4,McLaren,2.0,42.0,105.257,HARD,22.335,12901.629
11250.0,319.0,8,99.0,False,0,car,1504.5750000000003,,,,,,,,2025,Belgium,Belgian Grand Prix,NOR,4,McLaren,2.0,42.0,105.257,HARD,22.615,12901.909
11240.0,320.0,8,99.0,False,0,car,1533.1083333333338,,,,,,,,2025,Belgium,Belgian Grand Prix,NOR,4,McLaren,2.0,42.0,105.257,HARD,22.936,12902.23
11272.0,320.0,8,100.0,False,0,car,1565.1083333333338,,,,,,,,2025,Belgium,Belgian Grand Prix,NOR,4,McLaren,2.0,42.0,105.257,HARD,23.296,12902.59
11317.0,321.0,8,100.0,False,0,car,1600.7750000000005,,,,,,,,2025,Belgium,Belgian Grand Prix,NOR,4,McLaren,2.0,42.0,105.257,HARD,23.696,12902.99
11295.0,321.0,8,100.0,False,0,car,1618.6083333333338,,,,,,,,2025,Belgium,Belgian Grand Prix,NOR,4,McLaren,2.0,42.0,105.257,HARD,23.896,12903.19
11292.0,320.0,8,100.0,False,0,car,1639.941666666667,,,,,,,,2025,Belgium,Belgian Grand Prix,NOR,4,McLaren,2.0,42.0,105.257,HARD,24.136,12903.43
11288.0,321.0,8,100.0,False,0,car,1664.9083333333338,,,,,,,,2025,Belgium,Belgian Grand Prix,NOR,4,McLaren,2.0,42.0,105.257,HARD,24.416,12903.71
11311.0,322.0,8,99.0,False,0,car,1686.3750000000002,,,,,,,,2025,Belgium,Belgian Grand Prix,NOR,4,McLaren,2.0,42.0,105.257,HARD,24.656,12903.95
11326.0,321.0,8,100.0,False,0,car,1700.6416666666669,,,,,,,,2025,Belgium,Belgian Grand Prix,NOR,4,McLaren,2.0,42.0,105.257,HARD,24.816,12904.11
11335.0,322.0,8,99.0,False,0,car,1729.2638888888891,,,,,,,,2025,Belgium,Belgian Grand Prix,NOR,4,McLaren,2.0,42.0,105.257,HARD,25.136,12904.43
11351.0,322.0,8,99.0,False,0,car,1747.152777777778,,,,,,,,2025,Belgium,Belgian Grand Prix,NOR,4,McLaren,2.0,42.0,105.257,HARD,25.336,12904.63
11341.0,323.0,8,99.0,False,0,car,1768.6861111111116,,,,,,,,2025,Belgium,Belgian Grand Prix,NOR,4,McLaren,2.0,42.0,105.257,HARD,25.576,12904.87
11335.0,323.0,8,99.0,False,0,car,1804.5750000000003,,,,,,,,2025,Belgium,Belgian Grand Prix,NOR,4,McLaren,2.0,42.0,105.257,HARD,25.976,12905.27
11366.0,323.0,8,99.0,False,0,car,1826.1083333333338,,,,,,,,2025,Belgium,Belgian Grand Prix,NOR,4,McLaren,2.0,42.0,105.257,HARD,26.216,12905.51
11384.0,323.0,8,99.0,False,0,car,1847.5519444444446,,,,,,,,2025,Belgium,Belgian Grand Prix,NOR,4,McLaren,2.0,42.0,105.257,HARD,26.455,12905.749
11397.0,323.0,8,99.0,False,0,car,1869.0852777777782,,,,,,,,2025,Belgium,Belgian Grand Prix,NOR,4,McLaren,2.0,42.0,105.257,HARD,26.695,12905.989
11415.0,323.0,8,99.0,False,0,car,1894.2075000000004,,,,,,,,2025,Belgium,Belgian Grand Prix,NOR,4,McLaren,2.0,42.0,105.257,HARD,26.975,12906.269
11397.0,324.0,8,99.0,False,0,car,1930.2075000000002,,,,,,,,2025,Belgium,Belgian Grand Prix,NOR,4,McLaren,2.0,42.0,105.257,HARD,27.375,12906.669
11380.0,323.0,8,99.0,False,0,car,1944.5630555555558,,,,,,,,2025,Belgium,Belgian Grand Prix,NOR,4,McLaren,2.0,42.0,105.257,HARD,27.535,12906.829
11367.0,323.0,8,99.0,False,0,car,1958.9186111111114,,,,,,,,2025,Belgium,Belgian Grand Prix,NOR,4,McLaren,2.0,42.0,105.257,HARD,27.695,12906.989
11370.0,323.0,8,99.0,False,0,car,1973.274166666667,,,,,,,,2025,Belgium,Belgian Grand Prix,NOR,4,McLaren,2.0,42.0,105.257,HARD,27.855,12907.149
11370.0,324.0,8,99.0,False,0,car,1994.874166666667,,,,,,,,2025,Belgium,Belgian Grand Prix,NOR,4,McLaren,2.0,42.0,105.257,HARD,28.095,12907.389
11386.0,324.0,8,99.0,False,0,car,2023.674166666667,,,,,,,,2025,Belgium,Belgian Grand Prix,NOR,4,McLaren,2.0,42.0,105.257,HARD,28.415,12907.709
11447.0,324.0,8,99.0,False,0,car,2059.674166666667,,,,,,,,2025,Belgium,Belgian Grand Prix,NOR,4,McLaren,2.0,42.0,105.257,HARD,28.815,12908.109
11374.0,324.0,8,99.0,False,0,car,2095.674166666667,,,,,,,,2025,Belgium,Belgian Grand Prix,NOR,4,McLaren,2.0,42.0,105.257,HARD,29.215,12908.509
11361.0,324.0,8,99.0,False,0,car,2113.7641666666673,,,,,,,,2025,Belgium,Belgian Grand Prix,NOR,4,McLaren,2.0,42.0,105.257,HARD,29.416,12908.71
11298.0,322.0,8,99.0,False,0,car,2142.3863888888895,,,,,,,,2025,Belgium,Belgian Grand Prix,NOR,4,McLaren,2.0,42.0,105.257,HARD,29.736,12909.03
11278.0,320.0,8,99.0,False,0,car,2163.7197222222226,,,,,,,,2025,Belgium,Belgian Grand Prix,NOR,4,McLaren,2.0,42.0,105.257,HARD,29.976,12909.27
11173.0,319.0,8,99.0,False,0,car,2192.075277777778,,,,,,,,2025,Belgium,Belgian Grand Prix,NOR,4,McLaren,2.0,42.0,105.257,HARD,30.296,12909.59
11149.0,318.0,8,99.0,False,0,car,2220.341944444445,,,,,,,,2025,Belgium,Belgian Grand Prix,NOR,4,McLaren,2.0,42.0,105.257,HARD,30.616,12909.91
11147.0,317.0,8,99.0,False,0,car,2241.4752777777785,,,,,,,,2025,Belgium,Belgian Grand Prix,NOR,4,McLaren,2.0,42.0,105.257,HARD,30.856,12910.15
11093.0,316.0,8,99.0,False,0,car,2255.5197222222228,,,,,,,,2025,Belgium,Belgian Grand Prix,NOR,4,McLaren,2.0,42.0,105.257,HARD,31.016,12910.31
10835.0,314.0,8,45.0,False,0,car,2279.941944444445,,,,,,,,2025,Belgium,Belgian Grand Prix,NOR,4,McLaren,2.0,42.0,105.257,HARD,31.296,12910.59
11255.0,309.0,8,0.0,True,0,car,2300.5419444444456,,,,,,,,2025,Belgium,Belgian Grand Prix,NOR,4,McLaren,2.0,42.0,105.257,HARD,31.536,12910.83
10460.0,257.0,7,0.0,True,0,car,2320.530833333334,,,,,,,,2025,Belgium,Belgian Grand Prix,NOR,4,McLaren,2.0,42.0,105.257,HARD,31.816,12911.11
10128.0,234.0,7,0.0,True,0,car,2330.9308333333342,,,,,,,,2025,Belgium,Belgian Grand Prix,NOR,4,McLaren,2.0,42.0,105.257,HARD,31.976,12911.27
10622.0,203.0,6,0.0,True,0,car,2348.9752777777785,,,,,,,,2025,Belgium,Belgian Grand Prix,NOR,4,McLaren,2.0,42.0,105.257,HARD,32.296,12911.59
10807.0,195.0,5,0.0,True,0,car,2357.6419444444455,,,,,,,,2025,Belgium,Belgian Grand Prix,NOR,4,McLaren,2.0,42.0,105.257,HARD,32.456,12911.75
10363.0,178.0,4,0.0,True,0,car,2375.4419444444457,,,,,,,,2025,Belgium,Belgian Grand Prix,NOR,4,McLaren,2.0,42.0,105.257,HARD,32.816,12912.11
9823.0,165.0,4,0.0,True,0,car,2388.2294444444456,,,,,,,,2025,Belgium,Belgian Grand Prix,NOR,4,McLaren,2.0,42.0,105.257,HARD,33.095,12912.389
9586.0,154.0,4,12.0,False,0,car,2408.762777777779,,,,,,,,2025,Belgium,Belgian Grand Prix,NOR,4,McLaren,2.0,42.0,105.257,HARD,33.575,12912.869
9690.0,155.0,4,47.0,False,0,car,2422.5405555555567,,,,,,,,2025,Belgium,Belgian Grand Prix,NOR,4,McLaren,2.0,42.0,105.257,HARD,33.895,12913.189
9755.0,157.0,4,62.0,False,0,car,2429.5183333333343,,,,,,,,2025,Belgium,Belgian Grand Prix,NOR,4,McLaren,2.0,42.0,105.257,HARD,34.055,12913.349
9774.0,159.0,4,49.0,False,0,car,2438.351666666668,,,,,,,,2025,Belgium,Belgian Grand Prix,NOR,4,McLaren,2.0,42.0,105.257,HARD,34.255,12913.549
9736.0,159.0,4,0.0,False,0,car,2452.485000000001,,,,,,,,2025,Belgium,Belgian Grand Prix,NOR,4,McLaren,2.0,42.0,105.257,HARD,34.575,12913.869
9445.0,158.0,4,1.0,False,0,car,2463.0183333333343,,,,,,,,2025,Belgium,Belgian Grand Prix,NOR,4,McLaren,2.0,42.0,105.257,HARD,34.815,12914.109
9579.0,155.0,4,50.0,False,0,car,2476.796111111112,,,,,,,,2025,Belgium,Belgian Grand Prix,NOR,4,McLaren,2.0,42.0,105.257,HARD,35.135,12914.429
9919.0,159.0,4,57.0,False,0,car,2489.162777777779,,,,,,,,2025,Belgium,Belgian Grand Prix,NOR,4,McLaren,2.0,42.0,105.257,HARD,35.415,12914.709
10154.0,162.0,4,62.0,False,0,car,2498.162777777779,,,,,,,,2025,Belgium,Belgian Grand Prix,NOR,4,McLaren,2.0,42.0,105.257,HARD,35.615,12914.909
10208.0,164.0,4,67.0,False,0,car,2507.27388888889,,,,,,,,2025,Belgium,Belgian Grand Prix,NOR,4,McLaren,2.0,42.0,105.257,HARD,35.815,12915.109
10547.0,171.0,4,75.0,False,0,car,2514.92138888889,,,,,,,,2025,Belgium,Belgian Grand Prix,NOR,4,McLaren,2.0,42.0,105.257,HARD,35.976,12915.27
10939.0,177.0,4,83.0,False,0,car,2526.72138888889,,,,,,,,2025,Belgium,Belgian Grand Prix,NOR,4,McLaren,2.0,42.0,105.257,HARD,36.216,12915.51
11291.0,181.0,4,98.0,False,0,car,2538.7880555555566,,,,,,,,2025,Belgium,Belgian Grand Prix,NOR,4,McLaren,2.0,42.0,105.257,HARD,36.456,12915.75
11833.0,196.0,4,98.0,False,0,car,2558.3880555555565,,,,,,,,2025,Belgium,Belgian Grand Prix,NOR,4,McLaren,2.0,42.0,105.257,HARD,36.816,12916.11
12131.0,198.0,4,76.0,False,0,car,2571.5880555555564,,,,,,,,2025,Belgium,Belgian Grand Prix,NOR,4,McLaren,2.0,42.0,105.257,HARD,37.056,12916.35
10666.0,200.0,5,68.0,False,0,car,2584.92138888889,,,,,,,,2025,Belgium,Belgian Grand Prix,NOR,4,McLaren,2.0,42.0,105.257,HARD,37.296,12916.59
10821.0,204.0,5,58.0,False,0,car,2596.2547222222233,,,,,,,,2025,Belgium,Belgian Grand Prix,NOR,4,McLaren,2.0,42.0,105.257,HARD,37.496,12916.79
10982.0,205.0,5,73.0,False,0,car,2616.7547222222233,,,,,,,,2025,Belgium,Belgian Grand Prix,NOR,4,McLaren,2.0,42.0,105.257,HARD,37.856,12917.15
11331.0,210.0,5,84.0,False,0,car,2640.0880555555564,,,,,,,,2025,Belgium,Belgian Grand Prix,NOR,4,McLaren,2.0,42.0,105.257,HARD,38.256,12917.55
11491.0,214.0,5,81.0,False,0,car,2656.732500000001,,,,,,,,2025,Belgium,Belgian Grand Prix,NOR,4,McLaren,2.0,42.0,105.257,HARD,38.536,12917.83
11738.0,222.0,5,99.0,False,0,car,2678.932500000001,,,,,,,,2025,Belgium,Belgian Grand Prix,NOR,4,McLaren,2.0,42.0,105.257,HARD,38.896,12918.19
10547.0,231.0,6,99.0,False,0,car,2704.5991666666673,,,,,,,,2025,Belgium,Belgian Grand Prix,NOR,4,McLaren,2.0,42.0,105.257,HARD,39.296,12918.59
10912.0,236.0,6,99.0,False,0,car,2720.332500000001,,,,,,,,2025,Belgium,Belgian Grand Prix,NOR,4,McLaren,2.0,42.0,105.257,HARD,39.536,12918.83
11139.0,244.0,6,99.0,False,0,car,2731.1769444444453,,,,,,,,2025,Belgium,Belgian Grand Prix,NOR,4,McLaren,2.0,42.0,105.257,HARD,39.696,12918.99
11365.0,251.0,6,99.0,False,0,car,2750.6294444444457,,,,,,,,2025,Belgium,Belgian Grand Prix,NOR,4,McLaren,2.0,42.0,105.257,HARD,39.975,12919.269
11576.0,253.0,6,99.0,False,0,car,2761.8738888888897,,,,,,,,2025,Belgium,Belgian Grand Prix,NOR,4,McLaren,2.0,42.0,105.257,HARD,40.135,12919.429
11695.0,257.0,6,99.0,False,0,car,2776.1516666666676,,,,,,,,2025,Belgium,Belgian Grand Prix,NOR,4,McLaren,2.0,42.0,105.257,HARD,40.335,12919.629
10664.0,264.0,7,99.0,False,0,car,2802.5516666666676,,,,,,,,2025,Belgium,Belgian Grand Prix,NOR,4,McLaren,2.0,42.0,105.257,HARD,40.695,12919.989
10621.0,264.0,7,99.0,False,0,car,2814.2850000000008,,,,,,,,2025,Belgium,Belgian Grand Prix,NOR,4,McLaren,2.0,42.0,105.257,HARD,40.855,12920.149
10661.0,267.0,7,99.0,False,0,car,2829.1183333333342,,,,,,,,2025,Belgium,Belgian Grand Prix,NOR,4,McLaren,2.0,42.0,105.257,HARD,41.055,12920.349
10734.0,271.0,7,99.0,False,0,car,2853.207222222223,,,,,,,,2025,Belgium,Belgian Grand Prix,NOR,4,McLaren,2.0,42.0,105.257,HARD,41.375,12920.669
10932.0,274.0,7,99.0,False,0,car,2877.5627777777786,,,,,,,,2025,Belgium,Belgian Grand Prix,NOR,4,McLaren,2.0,42.0,105.257,HARD,41.695,12920.989
11423.0,264.0,7,0.0,True,0,car,2895.162777777779,,,,,,,,2025,Belgium,Belgian Grand Prix,NOR,4,McLaren,2.0,42.0,105.257,HARD,41.935,12921.229
11231.0,253.0,7,0.0,True,0,car,2906.407222222223,,,,,,,,2025,Belgium,Belgian Grand Prix,NOR,4,McLaren,2.0,42.0,105.257,HARD,42.095,12921.389
11182.0,220.0,6,0.0,True,0,car,2923.5183333333343,,,,,,,,2025,Belgium,Belgian Grand Prix,NOR,4,McLaren,2.0,42.0,105.257,HARD,42.375,12921.669
11072.0,191.0,5,0.0,True,0,car,2934.1825000000013,,,,,,,,2025,Belgium,Belgian Grand Prix,NOR,4,McLaren,2.0,42.0,105.257,HARD,42.576,12921.87
10811.0,183.0,5,0.0,True,0,car,2946.3825000000015,,,,,,,,2025,Belgium,Belgian Grand Prix,NOR,4,McLaren,2.0,42.0,105.257,HARD,42.816,12922.11
11008.0,153.0,3,0.0,True,0,car,2963.3825000000015,,,,,,,,2025,Belgium,Belgian Grand Prix,NOR,4,McLaren,2.0,42.0,105.257,HARD,43.216,12922.51
10062.0,145.0,3,0.0,True,0,car,2971.4380555555567,,,,,,,,2025,Belgium,Belgian Grand Prix,NOR,4,McLaren,2.0,42.0,105.257,HARD,43.416,12922.71
9480.0,141.0,3,0.0,True,0,car,2980.838055555557,,,,,,,,2025,Belgium,Belgian Grand Prix,NOR,4,McLaren,2.0,42.0,105.257,HARD,43.656,12922.95
9115.0,131.0,3,0.0,True,0,car,2986.6602777777794,,,,,,,,2025,Belgium,Belgian Grand Prix,NOR,4,McLaren,2.0,42.0,105.257,HARD,43.816,12923.11
8937.0,128.0,3,0.0,True,0,car,2992.349166666668,,,,,,,,2025,Belgium,Belgian Grand Prix,NOR,4,McLaren,2.0,42.0,105.257,HARD,43.976,12923.27
8653.0,124.0,3,0.0,True,0,car,2999.2380555555574,,,,,,,,2025,Belgium,Belgian Grand Prix,NOR,4,McLaren,2.0,42.0,105.257,HARD,44.176,12923.47
8237.0,117.0,3,0.0,True,0,car,3007.038055555557,,,,,,,,2025,Belgium,Belgian Grand Prix,NOR,4,McLaren,2.0,42.0,105.257,HARD,44.416,12923.71
8141.0,113.0,3,0.0,True,0,car,3013.315833333335,,,,,,,,2025,Belgium,Belgian Grand Prix,NOR,4,McLaren,2.0,42.0,105.257,HARD,44.616,12923.91
7859.0,112.0,3,0.0,False,0,car,3018.293611111113,,,,,,,,2025,Belgium,Belgian Grand Prix,NOR,4,McLaren,2.0,42.0,105.257,HARD,44.776,12924.07
7629.0,109.0,3,0.0,False,0,car,3027.982500000002,,,,,,,,2025,Belgium,Belgian Grand Prix,NOR,4,McLaren,2.0,42.0,105.257,HARD,45.096,12924.39
7678.0,107.0,3,20.0,False,0,car,3037.493611111113,,,,,,,,2025,Belgium,Belgian Grand Prix,NOR,4,McLaren,2.0,42.0,105.257,HARD,45.416,12924.71
8518.0,108.0,3,50.0,False,0,car,3048.293611111113,,,,,,,,2025,Belgium,Belgian Grand Prix,NOR,4,McLaren,2.0,42.0,105.257,HARD,45.776,12925.07
9230.0,120.0,3,56.0,False,0,car,3058.9602777777795,,,,,,,,2025,Belgium,Belgian Grand Prix,NOR,4,McLaren,2.0,42.0,105.257,HARD,46.096,12925.39
9405.0,122.0,3,59.0,False,0,car,3064.382500000002,,,,,,,,2025,Belgium,Belgian Grand Prix,NOR,4,McLaren,2.0,42.0,105.257,HARD,46.256,12925.55
9988.0,133.0,3,64.0,False,0,car,3076.16777777778,,,,,,,,2025,Belgium,Belgian Grand Prix,NOR,4,McLaren,2.0,42.0,105.257,HARD,46.575,12925.869
10689.0,137.0,3,73.0,False,0,car,3086.823333333335,,,,,,,,2025,Belgium,Belgian Grand Prix,NOR,4,McLaren,2.0,42.0,105.257,HARD,46.855,12926.149
11458.0,150.0,3,80.0,False,0,car,3098.4900000000016,,,,,,,,2025,Belgium,Belgian Grand Prix,NOR,4,McLaren,2.0,42.0,105.257,HARD,47.135,12926.429
10805.0,169.0,3,99.0,False,0,car,3117.2677777777794,,,,,,,,2025,Belgium,Belgian Grand Prix,NOR,4,McLaren,2.0,42.0,105.257,HARD,47.535,12926.829
10943.0,179.0,4,99.0,False,0,car,3129.201111111113,,,,,,,,2025,Belgium,Belgian Grand Prix,NOR,4,McLaren,2.0,42.0,105.257,HARD,47.775,12927.069
11405.0,179.0,4,99.0,False,0,car,3141.134444444446,,,,,,,,2025,Belgium,Belgian Grand Prix,NOR,4,McLaren,2.0,42.0,105.257,HARD,48.015,12927.309
11429.0,186.0,4,99.0,False,0,car,3161.8011111111127,,,,,,,,2025,Belgium,Belgian Grand Prix,NOR,4,McLaren,2.0,42.0,105.257,HARD,48.415,12927.709
10583.0,204.0,4,99.0,False,0,car,3170.86777777778,,,,,,,,2025,Belgium,Belgian Grand Prix,NOR,4,McLaren,2.0,42.0,105.257,HARD,48.575,12927.869
10897.0,207.0,5,98.0,False,0,car,3180.0677777777796,,,,,,,,2025,Belgium,Belgian Grand Prix,NOR,4,McLaren,2.0,42.0,105.257,HARD,48.735,12928.029
9969.0,194.0,5,0.0,False,0,car,3223.2327777777796,,,,,,,,2025,Belgium,Belgian Grand Prix,NOR,4,McLaren,2.0,42.0,105.257,HARD,49.536,12928.83
9761.0,192.0,5,0.0,False,0,car,3231.766111111113,,,,,,,,2025,Belgium,Belgian Grand Prix,NOR,4,McLaren,2.0,42.0,105.257,HARD,49.696,12928.99
9750.0,186.0,5,0.0,False,0,car,3244.166111111113,,,,,,,,2025,Belgium,Belgian Grand Prix,NOR,4,McLaren,2.0,42.0,105.257,HARD,49.936,12929.23
9829.0,184.0,5,74.0,False,0,car,3254.388333333335,,,,,,,,2025,Belgium,Belgian Grand Prix,NOR,4,McLaren,2.0,42.0,105.257,HARD,50.136,12929.43
9829.0,187.0,5,74.0,False,0,car,3262.6994444444463,,,,,,,,2025,Belgium,Belgian Grand Prix,NOR,4,McLaren,2.0,42.0,105.257,HARD,50.296,12929.59
10213.0,189.0,5,83.0,False,0,car,3271.0994444444464,,,,,,,,2025,Belgium,Belgian Grand Prix,NOR,4,McLaren,2.0,42.0,105.257,HARD,50.456,12929.75
10448.0,193.0,5,98.0,False,0,car,3281.8216666666685,,,,,,,,2025,Belgium,Belgian Grand Prix,NOR,4,McLaren,2.0,42.0,105.257,HARD,50.656,12929.95
10920.0,207.0,5,98.0,False,0,car,3300.2216666666686,,,,,,,,2025,Belgium,Belgian Grand Prix,NOR,4,McLaren,2.0,42.0,105.257,HARD,50.976,12930.27
11359.0,215.0,5,99.0,False,0,car,3314.555000000002,,,,,,,,2025,Belgium,Belgian Grand Prix,NOR,4,McLaren,2.0,42.0,105.257,HARD,51.216,12930.51
11522.0,215.0,5,99.0,False,0,car,3328.8883333333356,,,,,,,,2025,Belgium,Belgian Grand Prix,NOR,4,McLaren,2.0,42.0,105.257,HARD,51.456,12930.75
10553.0,230.0,6,99.0,False,0,car,3351.8883333333356,,,,,,,,2025,Belgium,Belgian Grand Prix,NOR,4,McLaren,2.0,42.0,105.257,HARD,51.816,12931.11
11079.0,236.0,6,99.0,False,0,car,3375.4883333333355,,,,,,,,2025,Belgium,Belgian Grand Prix,NOR,4,McLaren,2.0,42.0,105.257,HARD,52.176,12931.47
11299.0,246.0,6,99.0,False,0,car,3389.155000000002,,,,,,,,2025,Belgium,Belgian Grand Prix,NOR,4,McLaren,2.0,42.0,105.257,HARD,52.376,12931.67
11522.0,250.0,6,100.0,False,0,car,3405.821666666669,,,,,,,,2025,Belgium,Belgian Grand Prix,NOR,4,McLaren,2.0,42.0,105.257,HARD,52.616,12931.91
10450.0,259.0,7,100.0,False,0,car,3437.4772222222246,,,,,,,,2025,Belgium,Belgian Grand Prix,NOR,4,McLaren,2.0,42.0,105.257,HARD,53.056,12932.35
10548.0,264.0,7,100.0,False,0,car,3455.0038888888917,,,,,,,,2025,Belgium,Belgian Grand Prix,NOR,4,McLaren,2.0,42.0,105.257,HARD,53.295,12932.589
10717.0,268.0,7,100.0,False,0,car,3466.9150000000027,,,,,,,,2025,Belgium,Belgian Grand Prix,NOR,4,McLaren,2.0,42.0,105.257,HARD,53.455,12932.749
10972.0,273.0,7,100.0,False,0,car,3494.215000000003,,,,,,,,2025,Belgium,Belgian Grand Prix,NOR,4,McLaren,2.0,42.0,105.257,HARD,53.815,12933.109
11089.0,278.0,7,100.0,False,0,car,3515.837222222225,,,,,,,,2025,Belgium,Belgian Grand Prix,NOR,4,McLaren,2.0,42.0,105.257,HARD,54.095,12933.389
11188.0,283.0,7,99.0,False,0,car,3550.4261111111136,,,,,,,,2025,Belgium,Belgian Grand Prix,NOR,4,McLaren,2.0,42.0,105.257,HARD,54.535,12933.829
11381.0,286.0,7,100.0,False,0,car,3563.137222222225,,,,,,,,2025,Belgium,Belgian Grand Prix,NOR,4,McLaren,2.0,42.0,105.257,HARD,54.695,12933.989
11465.0,288.0,7,100.0,False,0,car,3579.1372222222253,,,,,,,,2025,Belgium,Belgian Grand Prix,NOR,4,McLaren,2.0,42.0,105.257,HARD,54.895,12934.189
11464.0,288.0,7,100.0,False,0,car,3595.137222222225,,,,,,,,2025,Belgium,Belgian Grand Prix,NOR,4,McLaren,2.0,42.0,105.257,HARD,55.095,12934.389
11464.0,288.0,7,100.0,False,0,car,3607.937222222225,,,,,,,,2025,Belgium,Belgian Grand Prix,NOR,4,McLaren,2.0,42.0,105.257,HARD,55.255,12934.549
11575.0,291.0,7,100.0,False,0,car,3627.3372222222247,,,,,,,,2025,Belgium,Belgian Grand Prix,NOR,4,McLaren,2.0,42.0,105.257,HARD,55.495,12934.789
11606.0,291.0,7,99.0,False,0,car,3643.5847222222246,,,,,,,,2025,Belgium,Belgian Grand Prix,NOR,4,McLaren,2.0,42.0,105.257,HARD,55.696,12934.99
11665.0,292.0,7,99.0,False,0,car,3663.0513888888913,,,,,,,,2025,Belgium,Belgian Grand Prix,NOR,4,McLaren,2.0,42.0,105.257,HARD,55.936,12935.23
11239.0,283.0,7,12.0,False,0,car,3744.806944444447,,,,,,,,2025,Belgium,Belgian Grand Prix,NOR,4,McLaren,2.0,42.0,105.257,HARD,56.976,12936.27
10892.0,278.0,7,20.0,False,0,car,3763.34027777778,,,,,,,,2025,Belgium,Belgian Grand Prix,NOR,4,McLaren,2.0,42.0,105.257,HARD,57.216,12936.51
10892.0,274.0,7,34.0,False,0,car,3775.5180555555576,,,,,,,,2025,Belgium,Belgian Grand Prix,NOR,4,McLaren,2.0,42.0,105.257,HARD,57.376,12936.67
10815.0,271.0,7,69.0,False,0,car,3796.5958333333356,,,,,,,,2025,Belgium,Belgian Grand Prix,NOR,4,McLaren,2.0,42.0,105.257,HARD,57.656,12936.95
10724.0,269.0,7,71.0,False,0,car,3811.5402777777804,,,,,,,,2025,Belgium,Belgian Grand Prix,NOR,4,McLaren,2.0,42.0,105.257,HARD,57.856,12937.15
10789.0,269.0,7,77.0,False,0,car,3826.4847222222247,,,,,,,,2025,Belgium,Belgian Grand Prix,NOR,4,McLaren,2.0,42.0,105.257,HARD,58.056,12937.35
10861.0,270.0,7,98.0,False,0,car,3850.4847222222247,,,,,,,,2025,Belgium,Belgian Grand Prix,NOR,4,McLaren,2.0,42.0,105.257,HARD,58.376,12937.67
11055.0,272.0,7,98.0,False,0,car,3874.6625000000026,,,,,,,,2025,Belgium,Belgian Grand Prix,NOR,4,McLaren,2.0,42.0,105.257,HARD,58.696,12937.99
11193.0,276.0,7,99.0,False,0,car,3899.195833333336,,,,,,,,2025,Belgium,Belgian Grand Prix,NOR,4,McLaren,2.0,42.0,105.257,HARD,59.016,12938.31
11273.0,278.0,7,99.0,False,0,car,3923.906944444447,,,,,,,,2025,Belgium,Belgian Grand Prix,NOR,4,McLaren,2.0,42.0,105.257,HARD,59.336,12938.63
11318.0,281.0,7,99.0,False,0,car,3936.395833333336,,,,,,,,2025,Belgium,Belgian Grand Prix,NOR,4,McLaren,2.0,42.0,105.257,HARD,59.496,12938.79
11403.0,283.0,7,99.0,False,0,car,3961.551388888892,,,,,,,,2025,Belgium,Belgian Grand Prix,NOR,4,McLaren,2.0,42.0,105.257,HARD,59.816,12939.11
11516.0,284.0,7,99.0,False,0,car,3977.2502777777804,,,,,,,,2025,Belgium,Belgian Grand Prix,NOR,4,McLaren,2.0,42.0,105.257,HARD,60.015,12939.309
11564.0,287.0,7,99.0,False,0,car,3993.194722222225,,,,,,,,2025,Belgium,Belgian Grand Prix,NOR,4,McLaren,2.0,42.0,105.257,HARD,60.215,12939.509
11595.0,289.0,7,99.0,False,0,car,4022.0947222222253,,,,,,,,2025,Belgium,Belgian Grand Prix,NOR,4,McLaren,2.0,42.0,105.257,HARD,60.575,12939.869
11462.0,291.0,7,99.0,False,0,car,4047.961388888892,,,,,,,,2025,Belgium,Belgian Grand Prix,NOR,4,McLaren,2.0,42.0,105.257,HARD,60.895,12940.189
10358.0,293.0,8,99.0,False,0,car,4070.7502777777804,,,,,,,,2025,Belgium,Belgian Grand Prix,NOR,4,McLaren,2.0,42.0,105.257,HARD,61.175,12940.469
10420.0,294.0,8,99.0,False,0,car,4087.083611111114,,,,,,,,2025,Belgium,Belgian Grand Prix,NOR,4,McLaren,2.0,42.0,105.257,HARD,61.375,12940.669
10486.0,295.0,8,99.0,False,0,car,4103.472500000003,,,,,,,,2025,Belgium,Belgian Grand Prix,NOR,4,McLaren,2.0,42.0,105.257,HARD,61.575,12940.869
10483.0,296.0,8,99.0,False,0,car,4116.628055555558,,,,,,,,2025,Belgium,Belgian Grand Prix,NOR,4,McLaren,2.0,42.0,105.257,HARD,61.735,12941.029
10561.0,298.0,8,99.0,False,0,car,4133.183611111113,,,,,,,,2025,Belgium,Belgian Grand Prix,NOR,4,McLaren,2.0,42.0,105.257,HARD,61.935,12941.229
10626.0,301.0,8,99.0,False,0,car,4153.25027777778,,,,,,,,2025,Belgium,Belgian Grand Prix,NOR,4,McLaren,2.0,42.0,105.257,HARD,62.175,12941.469
10590.0,301.0,8,99.0,False,0,car,4173.400555555558,,,,,,,,2025,Belgium,Belgian Grand Prix,NOR,4,McLaren,2.0,42.0,105.257,HARD,62.416,12941.71
10626.0,301.0,8,99.0,False,0,car,4190.12277777778,,,,,,,,2025,Belgium,Belgian Grand Prix,NOR,4,McLaren,2.0,42.0,105.257,HARD,62.616,12941.91
10633.0,301.0,8,99.0,False,0,car,4206.845000000003,,,,,,,,2025,Belgium,Belgian Grand Prix,NOR,4,McLaren,2.0,42.0,105.257,HARD,62.816,12942.11
10627.0,302.0,8,99.0,False,0,car,4220.2672222222245,,,,,,,,2025,Belgium,Belgian Grand Prix,NOR,4,McLaren,2.0,42.0,105.257,HARD,62.976,12942.27
10626.0,302.0,8,99.0,False,0,car,4233.689444444447,,,,,,,,2025,Belgium,Belgian Grand Prix,NOR,4,McLaren,2.0,42.0,105.257,HARD,63.136,12942.43
10683.0,302.0,8,99.0,False,0,car,4253.82277777778,,,,,,,,2025,Belgium,Belgian Grand Prix,NOR,4,McLaren,2.0,42.0,105.257,HARD,63.376,12942.67
10633.0,302.0,8,99.0,False,0,car,4280.667222222225,,,,,,,,2025,Belgium,Belgian Grand Prix,NOR,4,McLaren,2.0,42.0,105.257,HARD,63.696,12942.99
10658.0,302.0,8,100.0,False,0,car,4304.156111111114,,,,,,,,2025,Belgium,Belgian Grand Prix,NOR,4,McLaren,2.0,42.0,105.257,HARD,63.976,12943.27
10647.0,303.0,8,44.0,False,0,car,4327.722777777781,,,,,,,,2025,Belgium,Belgian Grand Prix,NOR,4,McLaren,2.0,42.0,105.257,HARD,64.256,12943.55
10787.0,300.0,8,44.0,False,0,car,4341.056111111114,,,,,,,,2025,Belgium,Belgian Grand Prix,NOR,4,McLaren,2.0,42.0,105.257,HARD,64.416,12943.71
10977.0,289.0,8,0.0,True,0,car,4357.111666666669,,,,,,,,2025,Belgium,Belgian Grand Prix,NOR,4,McLaren,2.0,42.0,105.257,HARD,64.616,12943.91
10526.0,268.0,8,0.0,True,0,car,4369.02277777778,,,,,,,,2025,Belgium,Belgian Grand Prix,NOR,4,McLaren,2.0,42.0,105.257,HARD,64.776,12944.07
11404.0,227.0,6,0.0,True,0,car,4394.245000000003,,,,,,,,2025,Belgium,Belgian Grand Prix,NOR,4,McLaren,2.0,42.0,105.257,HARD,65.176,12944.47
11906.0,206.0,5,0.0,True,0,car,4414.845000000003,,,,,,,,2025,Belgium,Belgian Grand Prix,NOR,4,McLaren,2.0,42.0,105.257,HARD,65.536,12944.83
11471.0,196.0,4,0.0,False,0,car,4432.2672222222245,,,,,,,,2025,Belgium,Belgian Grand Prix,NOR,4,McLaren,2.0,42.0,105.257,HARD,65.856,12945.15
10894.0,186.0,4,0.0,False,0,car,4448.800555555558,,,,,,,,2025,Belgium,Belgian Grand Prix,NOR,4,McLaren,2.0,42.0,105.257,HARD,66.176,12945.47
10534.0,186.0,4,2.0,False,0,car,4461.200555555558,,,,,,,,2025,Belgium,Belgian Grand Prix,NOR,4,McLaren,2.0,42.0,105.257,HARD,66.416,12945.71
10221.0,186.0,4,0.0,True,0,car,4471.533888888891,,,,,,,,2025,Belgium,Belgian Grand Prix,NOR,4,McLaren,2.0,42.0,105.257,HARD,66.616,12945.91
10017.0,169.0,4,0.0,False,0,car,4484.631388888891,,,,,,,,2025,Belgium,Belgian Grand Prix,NOR,4,McLaren,2.0,42.0,105.257,HARD,66.895,12946.189
9975.0,161.0,4,41.0,False,0,car,4498.942500000002,,,,,,,,2025,Belgium,Belgian Grand Prix,NOR,4,McLaren,2.0,42.0,105.257,HARD,67.215,12946.509
10418.0,166.0,4,59.0,False,0,car,4515.542500000002,,,,,,,,2025,Belgium,Belgian Grand Prix,NOR,4,McLaren,2.0,42.0,105.257,HARD,67.575,12946.869
10558.0,170.0,4,59.0,False,0,car,4526.875833333335,,,,,,,,2025,Belgium,Belgian Grand Prix,NOR,4,McLaren,2.0,42.0,105.257,HARD,67.815,12947.109
11342.0,181.0,4,83.0,False,0,car,4546.986944444447,,,,,,,,2025,Belgium,Belgian Grand Prix,NOR,4,McLaren,2.0,42.0,105.257,HARD,68.215,12947.509
11393.0,186.0,4,64.0,False,0,car,4557.32027777778,,,,,,,,2025,Belgium,Belgian Grand Prix,NOR,4,McLaren,2.0,42.0,105.257,HARD,68.415,12947.709
9433.0,185.0,4,0.0,False,0,car,4575.871666666668,,,,,,,,2025,Belgium,Belgian Grand Prix,NOR,4,McLaren,2.0,42.0,105.257,HARD,68.776,12948.07
9688.0,180.0,5,55.0,False,0,car,4613.871666666668,,,,,,,,2025,Belgium,Belgian Grand Prix,NOR,4,McLaren,2.0,42.0,105.257,HARD,69.536,12948.83
9785.0,182.0,5,63.0,False,0,car,4623.982777777779,,,,,,,,2025,Belgium,Belgian Grand Prix,NOR,4,McLaren,2.0,42.0,105.257,HARD,69.736,12949.03
9958.0,183.0,5,64.0,False,0,car,4634.149444444446,,,,,,,,2025,Belgium,Belgian Grand Prix,NOR,4,McLaren,2.0,42.0,105.257,HARD,69.936,12949.23
10125.0,188.0,5,74.0,False,0,car,4644.5938888888895,,,,,,,,2025,Belgium,Belgian Grand Prix,NOR,4,McLaren,2.0,42.0,105.257,HARD,70.136,12949.43
10462.0,194.0,5,83.0,False,0,car,4663.993888888889,,,,,,,,2025,Belgium,Belgian Grand Prix,NOR,4,McLaren,2.0,42.0,105.257,HARD,70.496,12949.79
10784.0,197.0,5,90.0,False,0,car,4672.7494444444455,,,,,,,,2025,Belgium,Belgian Grand Prix,NOR,4,McLaren,2.0,42.0,105.257,HARD,70.656,12949.95
11037.0,201.0,5,98.0,False,0,car,4683.916111111112,,,,,,,,2025,Belgium,Belgian Grand Prix,NOR,4,McLaren,2.0,42.0,105.257,HARD,70.856,12950.15
10757.0,213.0,5,99.0,False,0,car,4700.482777777778,,,,,,,,2025,Belgium,Belgian Grand Prix,NOR,4,McLaren,2.0,42.0,105.257,HARD,71.136,12950.43
10065.0,217.0,5,99.0,False,0,car,4710.127222222223,,,,,,,,2025,Belgium,Belgian Grand Prix,NOR,4,McLaren,2.0,42.0,105.257,HARD,71.296,12950.59
10205.0,217.0,6,99.0,False,0,car,4724.5938888888895,,,,,,,,2025,Belgium,Belgian Grand Prix,NOR,4,McLaren,2.0,42.0,105.257,HARD,71.536,12950.83
10509.0,226.0,6,99.0,False,0,car,4737.149444444445,,,,,,,,2025,Belgium,Belgian Grand Prix,NOR,4,McLaren,2.0,42.0,105.257,HARD,71.736,12951.03
10803.0,232.0,6,99.0,False,0,car,4750.038333333334,,,,,,,,2025,Belgium,Belgian Grand Prix,NOR,4,McLaren,2.0,42.0,105.257,HARD,71.936,12951.23
10917.0,238.0,6,99.0,False,0,car,4768.549444444444,,,,,,,,2025,Belgium,Belgian Grand Prix,NOR,4,McLaren,2.0,42.0,105.257,HARD,72.216,12951.51
11055.0,245.0,6,25.0,False,0,car,4798.493888888889,,,,,,,,2025,Belgium,Belgian Grand Prix,NOR,4,McLaren,2.0,42.0,105.257,HARD,72.656,12951.95
11318.0,238.0,6,5.0,True,0,car,4814.360555555555,,,,,,,,2025,Belgium,Belgian Grand Prix,NOR,4,McLaren,2.0,42.0,105.257,HARD,72.896,12952.19
11161.0,215.0,5,0.0,True,0,car,4833.471666666665,,,,,,,,2025,Belgium,Belgian Grand Prix,NOR,4,McLaren,2.0,42.0,105.257,HARD,73.216,12952.51
11547.0,191.0,4,0.0,True,0,car,4854.640833333332,,,,,,,,2025,Belgium,Belgian Grand Prix,NOR,4,McLaren,2.0,42.0,105.257,HARD,73.615,12952.909
10760.0,184.0,4,0.0,True,0,car,4864.863055555555,,,,,,,,2025,Belgium,Belgian Grand Prix,NOR,4,McLaren,2.0,42.0,105.257,HARD,73.815,12953.109
10347.0,176.0,4,0.0,True,0,car,4878.5519444444435,,,,,,,,2025,Belgium,Belgian Grand Prix,NOR,4,McLaren,2.0,42.0,105.257,HARD,74.095,12953.389
10079.0,170.0,4,0.0,False,0,car,4893.663055555555,,,,,,,,2025,Belgium,Belgian Grand Prix,NOR,4,McLaren,2.0,42.0,105.257,HARD,74.415,12953.709
10221.0,168.0,4,51.0,False,0,car,4904.863055555555,,,,,,,,2025,Belgium,Belgian Grand Prix,NOR,4,McLaren,2.0,42.0,105.257,HARD,74.655,12953.949
10492.0,169.0,4,65.0,False,0,car,4916.129722222221,,,,,,,,2025,Belgium,Belgian Grand Prix,NOR,4,McLaren,2.0,42.0,105.257,HARD,74.895,12954.189
10812.0,173.0,4,71.0,False,0,car,4927.663055555555,,,,,,,,2025,Belgium,Belgian Grand Prix,NOR,4,McLaren,2.0,42.0,105.257,HARD,75.135,12954.429
11073.0,176.0,4,75.0,False,0,car,4937.440833333332,,,,,,,,2025,Belgium,Belgian Grand Prix,NOR,4,McLaren,2.0,42.0,105.257,HARD,75.335,12954.629
11693.0,180.0,4,99.0,False,0,car,4953.490833333332,,,,,,,,2025,Belgium,Belgian Grand Prix,NOR,4,McLaren,2.0,42.0,105.257,HARD,75.656,12954.95
10853.0,180.0,4,99.0,False,0,car,4961.490833333332,,,,,,,,2025,Belgium,Belgian Grand Prix,NOR,4,McLaren,2.0,42.0,105.257,HARD,75.816,12955.11
10957.0,180.0,5,100.0,False,0,car,4973.490833333332,,,,,,,,2025,Belgium,Belgian Grand Prix,NOR,4,McLaren,2.0,42.0,105.257,HARD,76.056,12955.35
11079.0,205.0,5,100.0,False,0,car,4982.601944444444,,,,,,,,2025,Belgium,Belgian Grand Prix,NOR,4,McLaren,2.0,42.0,105.257,HARD,76.216,12955.51
11462.0,214.0,5,99.0,False,0,car,5001.6241666666665,,,,,,,,2025,Belgium,Belgian Grand Prix,NOR,4,McLaren,2.0,42.0,105.257,HARD,76.536,12955.83
11366.0,219.0,5,99.0,False,0,car,5013.7908333333335,,,,,,,,2025,Belgium,Belgian Grand Prix,NOR,4,McLaren,2.0,42.0,105.257,HARD,76.736,12956.03
10577.0,232.0,6,99.0,False,0,car,5036.990833333333,,,,,,,,2025,Belgium,Belgian Grand Prix,NOR,4,McLaren,2.0,42.0,105.257,HARD,77.096,12956.39
10839.0,232.0,6,99.0,False,0,car,5047.301944444444,,,,,,,,2025,Belgium,Belgian Grand Prix,NOR,4,McLaren,2.0,42.0,105.257,HARD,77.256,12956.55
11041.0,243.0,6,99.0,False,0,car,5068.901944444444,,,,,,,,2025,Belgium,Belgian Grand Prix,NOR,4,McLaren,2.0,42.0,105.257,HARD,77.576,12956.87
11351.0,247.0,6,99.0,False,0,car,5088.113055555555,,,,,,,,2025,Belgium,Belgian Grand Prix,NOR,4,McLaren,2.0,42.0,105.257,HARD,77.856,12957.15
11640.0,252.0,6,99.0,False,0,car,5113.3130555555545,,,,,,,,2025,Belgium,Belgian Grand Prix,NOR,4,McLaren,2.0,42.0,105.257,HARD,78.216,12957.51
10420.0,258.0,6,99.0,False,0,car,5141.979722222221,,,,,,,,2025,Belgium,Belgian Grand Prix,NOR,4,McLaren,2.0,42.0,105.257,HARD,78.616,12957.91
10556.0,260.0,7,99.0,False,0,car,5156.424166666666,,,,,,,,2025,Belgium,Belgian Grand Prix,NOR,4,McLaren,2.0,42.0,105.257,HARD,78.816,12958.11
10608.0,263.0,7,99.0,False,0,car,5173.957499999999,,,,,,,,2025,Belgium,Belgian Grand Prix,NOR,4,McLaren,2.0,42.0,105.257,HARD,79.056,12958.35
10747.0,267.0,7,99.0,False,0,car,5194.724166666665,,,,,,,,2025,Belgium,Belgian Grand Prix,NOR,4,McLaren,2.0,42.0,105.257,HARD,79.336,12958.63
10887.0,270.0,7,99.0,False,0,car,5218.724166666666,,,,,,,,2025,Belgium,Belgian Grand Prix,NOR,4,McLaren,2.0,42.0,105.257,HARD,79.656,12958.95
10932.0,273.0,7,99.0,False,0,car,5230.857499999999,,,,,,,,2025,Belgium,Belgian Grand Prix,NOR,4,McLaren,2.0,42.0,105.257,HARD,79.816,12959.11
10948.0,276.0,7,99.0,False,0,car,5243.124166666666,,,,,,,,2025,Belgium,Belgian Grand Prix,NOR,4,McLaren,2.0,42.0,105.257,HARD,79.976,12959.27
11129.0,276.0,7,99.0,False,0,car,5255.390833333332,,,,,,,,2025,Belgium,Belgian Grand Prix,NOR,4,McLaren,2.0,42.0,105.257,HARD,80.136,12959.43
11181.0,280.0,7,99.0,False,0,car,5273.979722222221,,,,,,,,2025,Belgium,Belgian Grand Prix,NOR,4,McLaren,2.0,42.0,105.257,HARD,80.375,12959.669
11330.0,282.0,7,99.0,False,0,car,5295.913055555555,,,,,,,,2025,Belgium,Belgian Grand Prix,NOR,4,McLaren,2.0,42.0,105.257,HARD,80.655,12959.949
11431.0,285.0,7,99.0,False,0,car,5318.079722222222,,,,,,,,2025,Belgium,Belgian Grand Prix,NOR,4,McLaren,2.0,42.0,105.257,HARD,80.935,12960.229
11598.0,289.0,7,99.0,False,0,car,5343.76861111111,,,,,,,,2025,Belgium,Belgian Grand Prix,NOR,4,McLaren,2.0,42.0,105.257,HARD,81.255,12960.549
11594.0,291.0,7,99.0,False,0,car,5366.401944444443,,,,,,,,2025,Belgium,Belgian Grand Prix,NOR,4,McLaren,2.0,42.0,105.257,HARD,81.535,12960.829
11744.0,295.0,7,100.0,False,0,car,5402.539444444443,,,,,,,,2025,Belgium,Belgian Grand Prix,NOR,4,McLaren,2.0,42.0,105.257,HARD,81.976,12961.27
11879.0,296.0,7,100.0,False,0,car,5425.561666666665,,,,,,,,2025,Belgium,Belgian Grand Prix,NOR,4,McLaren,2.0,42.0,105.257,HARD,82.256,12961.55
10642.0,300.0,8,99.0,False,0,car,5452.228333333331,,,,,,,,2025,Belgium,Belgian Grand Prix,NOR,4,McLaren,2.0,42.0,105.257,HARD,82.576,12961.87
10630.0,302.0,8,99.0,False,0,car,5472.361666666665,,,,,,,,2025,Belgium,Belgian Grand Prix,NOR,4,McLaren,2.0,42.0,105.257,HARD,82.816,12962.11
10746.0,303.0,8,99.0,False,0,car,5502.661666666665,,,,,,,,2025,Belgium,Belgian Grand Prix,NOR,4,McLaren,2.0,42.0,105.257,HARD,83.176,12962.47
10806.0,305.0,8,99.0,False,0,car,5533.161666666665,,,,,,,,2025,Belgium,Belgian Grand Prix,NOR,4,McLaren,2.0,42.0,105.257,HARD,83.536,12962.83
10876.0,307.0,8,99.0,False,0,car,5550.217222222221,,,,,,,,2025,Belgium,Belgian Grand Prix,NOR,4,McLaren,2.0,42.0,105.257,HARD,83.736,12963.03
10875.0,309.0,8,99.0,False,0,car,5587.983888888887,,,,,,,,2025,Belgium,Belgian Grand Prix,NOR,4,McLaren,2.0,42.0,105.257,HARD,84.176,12963.47
10901.0,310.0,8,99.0,False,0,car,5605.20611111111,,,,,,,,2025,Belgium,Belgian Grand Prix,NOR,4,McLaren,2.0,42.0,105.257,HARD,84.376,12963.67
11020.0,313.0,8,100.0,False,0,car,5657.372777777776,,,,,,,,2025,Belgium,Belgian Grand Prix,NOR,4,McLaren,2.0,42.0,105.257,HARD,84.976,12964.27
11070.0,313.0,8,100.0,False,0,car,5671.283888888886,,,,,,,,2025,Belgium,Belgian Grand Prix,NOR,4,McLaren,2.0,42.0,105.257,HARD,85.136,12964.43
11106.0,314.0,8,99.0,False,0,car,5699.194999999998,,,,,,,,2025,Belgium,Belgian Grand Prix,NOR,4,McLaren,2.0,42.0,105.257,HARD,85.456,12964.75
11142.0,315.0,8,99.0,False,0,car,5734.194999999997,,,,,,,,2025,Belgium,Belgian Grand Prix,NOR,4,McLaren,2.0,42.0,105.257,HARD,85.856,12965.15
11161.0,316.0,8,99.0,False,0,car,5758.7727777777745,,,,,,,,2025,Belgium,Belgian Grand Prix,NOR,4,McLaren,2.0,42.0,105.257,HARD,86.136,12965.43
11191.0,317.0,8,99.0,False,0,car,5783.428333333331,,,,,,,,2025,Belgium,Belgian Grand Prix,NOR,4,McLaren,2.0,42.0,105.257,HARD,86.416,12965.71
11216.0,317.0,8,99.0,False,0,car,5804.561666666665,,,,,,,,2025,Belgium,Belgian Grand Prix,NOR,4,McLaren,2.0,42.0,105.257,HARD,86.656,12965.95
11172.0,317.0,8,99.0,False,0,car,5836.173611111109,,,,,,,,2025,Belgium,Belgian Grand Prix,NOR,4,McLaren,2.0,42.0,105.257,HARD,87.015,12966.309
11202.0,317.0,8,99.0,False,0,car,5860.829166666665,,,,,,,,2025,Belgium,Belgian Grand Prix,NOR,4,McLaren,2.0,42.0,105.257,HARD,87.295,12966.589
11225.0,318.0,8,99.0,False,0,car,5882.029166666664,,,,,,,,2025,Belgium,Belgian Grand Prix,NOR,4,McLaren,2.0,42.0,105.257,HARD,87.535,12966.829
11189.0,317.0,8,99.0,False,0,car,5896.118055555553,,,,,,,,2025,Belgium,Belgian Grand Prix,NOR,4,McLaren,2.0,42.0,105.257,HARD,87.695,12966.989
11209.0,318.0,8,99.0,False,0,car,5917.318055555554,,,,,,,,2025,Belgium,Belgian Grand Prix,NOR,4,McLaren,2.0,42.0,105.257,HARD,87.935,12967.229
11191.0,318.0,8,99.0,False,0,car,5942.051388888887,,,,,,,,2025,Belgium,Belgian Grand Prix,NOR,4,McLaren,2.0,42.0,105.257,HARD,88.215,12967.509
11195.0,318.0,8,99.0,False,0,car,5970.406388888887,,,,,,,,2025,Belgium,Belgian Grand Prix,NOR,4,McLaren,2.0,42.0,105.257,HARD,88.536,12967.83
11208.0,318.0,8,99.0,False,0,car,5998.673055555553,,,,,,,,2025,Belgium,Belgian Grand Prix,NOR,4,McLaren,2.0,42.0,105.257,HARD,88.856,12968.15
11241.0,319.0,8,99.0,False,0,car,6019.939722222221,,,,,,,,2025,Belgium,Belgian Grand Prix,NOR,4,McLaren,2.0,42.0,105.257,HARD,89.096,12968.39
11241.0,319.0,8,99.0,False,0,car,6048.2952777777755,,,,,,,,2025,Belgium,Belgian Grand Prix,NOR,4,McLaren,2.0,42.0,105.257,HARD,89.416,12968.71
11284.0,319.0,8,99.0,False,0,car,6083.739722222221,,,,,,,,2025,Belgium,Belgian Grand Prix,NOR,4,McLaren,2.0,42.0,105.257,HARD,89.816,12969.11
11250.0,317.0,8,99.0,False,0,car,6115.439722222221,,,,,,,,2025,Belgium,Belgian Grand Prix,NOR,4,McLaren,2.0,42.0,105.257,HARD,90.176,12969.47
11182.0,317.0,8,99.0,False,0,car,6129.528611111109,,,,,,,,2025,Belgium,Belgian Grand Prix,NOR,4,McLaren,2.0,42.0,105.257,HARD,90.336,12969.63
11150.0,315.0,8,99.0,False,0,car,6157.52861111111,,,,,,,,2025,Belgium,Belgian Grand Prix,NOR,4,McLaren,2.0,42.0,105.257,HARD,90.656,12969.95
11167.0,316.0,8,99.0,False,0,car,6178.595277777777,,,,,,,,2025,Belgium,Belgian Grand Prix,NOR,4,McLaren,2.0,42.0,105.257,HARD,90.896,12970.19
11139.0,315.0,8,99.0,False,0,car,6199.595277777777,,,,,,,,2025,Belgium,Belgian Grand Prix,NOR,4,McLaren,2.0,42.0,105.257,HARD,91.136,12970.43
11107.0,315.0,8,99.0,False,0,car,6224.095277777777,,,,,,,,2025,Belgium,Belgian Grand Prix,NOR,4,McLaren,2.0,42.0,105.257,HARD,91.416,12970.71
11173.0,316.0,8,99.0,False,0,car,6248.673055555554,,,,,,,,2025,Belgium,Belgian Grand Prix,NOR,4,McLaren,2.0,42.0,105.257,HARD,91.696,12970.99
11137.0,316.0,8,99.0,False,0,car,6266.22861111111,,,,,,,,2025,Belgium,Belgian Grand Prix,NOR,4,McLaren,2.0,42.0,105.257,HARD,91.896,12971.19
11138.0,316.0,8,99.0,False,0,car,6283.784166666665,,,,,,,,2025,Belgium,Belgian Grand Prix,NOR,4,McLaren,2.0,42.0,105.257,HARD,92.096,12971.39
11182.0,317.0,8,99.0,False,0,car,6297.873055555554,,,,,,,,2025,Belgium,Belgian Grand Prix,NOR,4,McLaren,2.0,42.0,105.257,HARD,92.256,12971.55
11172.0,317.0,8,100.0,False,0,car,6322.52861111111,,,,,,,,2025,Belgium,Belgian Grand Prix,NOR,4,McLaren,2.0,42.0,105.257,HARD,92.536,12971.83
11179.0,317.0,8,100.0,False,0,car,6343.661944444443,,,,,,,,2025,Belgium,Belgian Grand Prix,NOR,4,McLaren,2.0,42.0,105.257,HARD,92.776,12972.07
11017.0,319.0,8,100.0,False,0,car,6368.473055555554,,,,,,,,2025,Belgium,Belgian Grand Prix,NOR,4,McLaren,2.0,42.0,105.257,HARD,93.056,12972.35
11149.0,318.0,8,100.0,False,0,car,6382.6063888888875,,,,,,,,2025,Belgium,Belgian Grand Prix,NOR,4,McLaren,2.0,42.0,105.257,HARD,93.216,12972.51
11158.0,316.0,8,99.0,False,0,car,6414.206388888888,,,,,,,,2025,Belgium,Belgian Grand Prix,NOR,4,McLaren,2.0,42.0,105.257,HARD,93.576,12972.87
11072.0,315.0,8,99.0,False,0,car,6431.618888888889,,,,,,,,2025,Belgium,Belgian Grand Prix,NOR,4,McLaren,2.0,42.0,105.257,HARD,93.775,12973.069
11045.0,315.0,8,99.0,False,0,car,6445.618888888889,,,,,,,,2025,Belgium,Belgian Grand Prix,NOR,4,McLaren,2.0,42.0,105.257,HARD,93.935,12973.229
11040.0,314.0,8,99.0,False,0,car,6466.552222222222,,,,,,,,2025,Belgium,Belgian Grand Prix,NOR,4,McLaren,2.0,42.0,105.257,HARD,94.175,12973.469
10963.0,313.0,8,99.0,False,0,car,6494.374444444445,,,,,,,,2025,Belgium,Belgian Grand Prix,NOR,4,McLaren,2.0,42.0,105.257,HARD,94.495,12973.789
10959.0,311.0,8,100.0,False,0,car,6522.018888888889,,,,,,,,2025,Belgium,Belgian Grand Prix,NOR,4,McLaren,2.0,42.0,105.257,HARD,94.815,12974.109
10645.0,309.0,8,0.0,True,0,car,6556.438055555555,,,,,,,,2025,Belgium,Belgian Grand Prix,NOR,4,McLaren,2.0,42.0,105.257,HARD,95.216,12974.51
9601.0,309.0,8,0.0,True,0,car,6573.604722222222,,,,,,,,2025,Belgium,Belgian Grand Prix,NOR,4,McLaren,2.0,42.0,105.257,HARD,95.416,12974.71
8650.0,254.0,8,0.0,True,0,car,6587.715833333334,,,,,,,,2025,Belgium,Belgian Grand Prix,NOR,4,McLaren,2.0,42.0,105.257,HARD,95.616,12974.91
8658.0,201.0,8,0.0,True,0,car,6612.2825,,,,,,,,2025,Belgium,Belgian Grand Prix,NOR,4,McLaren,2.0,42.0,105.257,HARD,96.056,12975.35
9162.0,177.0,8,0.0,True,0,car,6620.149166666667,,,,,,,,2025,Belgium,Belgian Grand Prix,NOR,4,McLaren,2.0,42.0,105.257,HARD,96.216,12975.51
9243.0,168.0,7,0.0,True,0,car,6629.4825,,,,,,,,2025,Belgium,Belgian Grand Prix,NOR,4,McLaren,2.0,42.0,105.257,HARD,96.416,12975.71
10116.0,141.0,4,0.0,True,0,car,6638.882500000001,,,,,,,,2025,Belgium,Belgian Grand Prix,NOR,4,McLaren,2.0,42.0,105.257,HARD,96.656,12975.95
10484.0,126.0,3,0.0,True,0,car,6644.4825,,,,,,,,2025,Belgium,Belgian Grand Prix,NOR,4,McLaren,2.0,42.0,105.257,HARD,96.816,12976.11
9554.0,121.0,2,0.0,True,0,car,6651.204722222223,,,,,,,,2025,Belgium,Belgian Grand Prix,NOR,4,McLaren,2.0,42.0,105.257,HARD,97.016,12976.31
9084.0,107.0,2,0.0,True,0,car,6655.960277777778,,,,,,,,2025,Belgium,Belgian Grand Prix,NOR,4,McLaren,2.0,42.0,105.257,HARD,97.176,12976.47
8421.0,104.0,2,0.0,True,0,car,6664.049166666667,,,,,,,,2025,Belgium,Belgian Grand Prix,NOR,4,McLaren,2.0,42.0,105.257,HARD,97.456,12976.75
7482.0,93.0,2,0.0,True,0,car,6674.3825,,,,,,,,2025,Belgium,Belgian Grand Prix,NOR,4,McLaren,2.0,42.0,105.257,HARD,97.856,12977.15
7438.0,87.0,2,0.0,True,0,car,6678.2491666666665,,,,,,,,2025,Belgium,Belgian Grand Prix,NOR,4,McLaren,2.0,42.0,105.257,HARD,98.016,12977.31
7102.0,80.0,2,0.0,False,0,car,6684.471388888889,,,,,,,,2025,Belgium,Belgian Grand Prix,NOR,4,McLaren,2.0,42.0,105.257,HARD,98.296,12977.59
7054.0,78.0,2,4.0,False,0,car,6689.671388888889,,,,,,,,2025,Belgium,Belgian Grand Prix,NOR,4,McLaren,2.0,42.0,105.257,HARD,98.536,12977.83
7291.0,77.0,2,18.0,False,0,car,6693.949166666667,,,,,,,,2025,Belgium,Belgian Grand Prix,NOR,4,McLaren,2.0,42.0,105.257,HARD,98.736,12978.03
7486.0,78.0,2,25.0,False,0,car,6697.4158333333335,,,,,,,,2025,Belgium,Belgian Grand Prix,NOR,4,McLaren,2.0,42.0,105.257,HARD,98.896,12978.19
7496.0,81.0,2,30.0,False,0,car,6702.815833333333,,,,,,,,2025,Belgium,Belgian Grand Prix,NOR,4,McLaren,2.0,42.0,105.257,HARD,99.136,12978.43
7384.0,84.0,2,2.0,False,0,car,6707.4825,,,,,,,,2025,Belgium,Belgian Grand Prix,NOR,4,McLaren,2.0,42.0,105.257,HARD,99.336,12978.63
6898.0,82.0,2,0.0,False,0,car,6716.593611111111,,,,,,,,2025,Belgium,Belgian Grand Prix,NOR,4,McLaren,2.0,42.0,105.257,HARD,99.736,12979.03
6781.0,79.0,2,0.0,False,0,car,6720.9825,,,,,,,,2025,Belgium,Belgian Grand Prix,NOR,4,McLaren,2.0,42.0,105.257,HARD,99.936,12979.23
6494.0,72.0,2,5.0,False,0,car,6728.1825,,,,,,,,2025,Belgium,Belgian Grand Prix,NOR,4,McLaren,2.0,42.0,105.257,HARD,100.296,12979.59
6833.0,73.0,2,14.0,False,0,car,6732.217777777778,,,,,,,,2025,Belgium,Belgian Grand Prix,NOR,4,McLaren,2.0,42.0,105.257,HARD,100.495,12979.789
6558.0,72.0,2,18.0,False,0,car,6736.217777777778,,,,,,,,2025,Belgium,Belgian Grand Prix,NOR,4,McLaren,2.0,42.0,105.257,HARD,100.695,12979.989
7425.0,78.0,2,39.0,False,0,car,6746.6177777777775,,,,,,,,2025,Belgium,Belgian Grand Prix,NOR,4,McLaren,2.0,42.0,105.257,HARD,101.175,12980.469
7694.0,81.0,2,45.0,False,0,car,6750.217777777778,,,,,,,,2025,Belgium,Belgian Grand Prix,NOR,4,McLaren,2.0,42.0,105.257,HARD,101.335,12980.629
8403.0,89.0,2,49.0,False,0,car,6757.14,,,,,,,,2025,Belgium,Belgian Grand Prix,NOR,4,McLaren,2.0,42.0,105.257,HARD,101.615,12980.909
8714.0,94.0,2,55.0,False,0,car,6761.3438888888895,,,,,,,,2025,Belgium,Belgian Grand Prix,NOR,4,McLaren,2.0,42.0,105.257,HARD,101.776,12981.07
9720.0,101.0,2,63.0,False,0,car,6768.077222222223,,,,,,,,2025,Belgium,Belgian Grand Prix,NOR,4,McLaren,2.0,42.0,105.257,HARD,102.016,12981.31
10870.0,105.0,2,73.0,False,0,car,6775.077222222223,,,,,,,,2025,Belgium,Belgian Grand Prix,NOR,4,McLaren,2.0,42.0,105.257,HARD,102.256,12981.55
10284.0,163.0,4,99.0,False,0,car,6825.788333333335,,,,,,,,2025,Belgium,Belgian Grand Prix,NOR,4,McLaren,2.0,42.0,105.257,HARD,103.376,12982.67
11336.0,181.0,4,99.0,False,0,car,6845.899444444445,,,,,,,,2025,Belgium,Belgian Grand Prix,NOR,4,McLaren,2.0,42.0,105.257,HARD,103.776,12983.07
10437.0,197.0,4,99.0,False,0,car,6863.410555555557,,,,,,,,2025,Belgium,Belgian Grand Prix,NOR,4,McLaren,2.0,42.0,105.257,HARD,104.096,12983.39
10586.0,201.0,5,99.0,False,0,car,6872.34388888889,,,,,,,,2025,Belgium,Belgian Grand Prix,NOR,4,McLaren,2.0,42.0,105.257,HARD,104.256,12983.55
10866.0,211.0,5,99.0,False,0,car,6888.755000000002,,,,,,,,2025,Belgium,Belgian Grand Prix,NOR,4,McLaren,2.0,42.0,105.257,HARD,104.536,12983.83
11401.0,223.0,5,99.0,False,0,car,6913.53277777778,,,,,,,,2025,Belgium,Belgian Grand Prix,NOR,4,McLaren,2.0,42.0,105.257,HARD,104.936,12984.23
10350.0,229.0,6,99.0,False,0,car,6928.799444444447,,,,,,,,2025,Belgium,Belgian Grand Prix,NOR,4,McLaren,2.0,42.0,105.257,HARD,105.176,12984.47
10830.0,237.0,6,100.0,False,0,car,10.533333333333333,,,,,,,,2025,Belgium,Belgian Grand Prix,LEC,16,Ferrari,3.0,40.0,106.174,MEDIUM,0.16,12682.869
11167.0,246.0,6,100.0,False,0,car,32.4,,,,,,,,2025,Belgium,Belgian Grand Prix,LEC,16,Ferrari,3.0,40.0,106.174,MEDIUM,0.48,12683.189
11525.0,252.0,6,100.0,False,0,car,60.33,,,,,,,,2025,Belgium,Belgian Grand Prix,LEC,16,Ferrari,3.0,40.0,106.174,MEDIUM,0.879,12683.588
11711.0,257.0,6,100.0,False,0,car,74.60777777777777,,,,,,,,2025,Belgium,Belgian Grand Prix,LEC,16,Ferrari,3.0,40.0,106.174,MEDIUM,1.079,12683.788
10171.0,262.0,6,100.0,False,0,car,97.89666666666666,,,,,,,,2025,Belgium,Belgian Grand Prix,LEC,16,Ferrari,3.0,40.0,106.174,MEDIUM,1.399,12684.108
10496.0,264.0,7,100.0,False,0,car,109.63,,,,,,,,2025,Belgium,Belgian Grand Prix,LEC,16,Ferrari,3.0,40.0,106.174,MEDIUM,1.559,12684.268
10800.0,269.0,7,100.0,False,0,car,142.5077777777778,,,,,,,,2025,Belgium,Belgian Grand Prix,LEC,16,Ferrari,3.0,40.0,106.174,MEDIUM,1.999,12684.708
10882.0,271.0,7,100.0,False,0,car,169.68305555555554,,,,,,,,2025,Belgium,Belgian Grand Prix,LEC,16,Ferrari,3.0,40.0,106.174,MEDIUM,2.36,12685.069
10944.0,273.0,7,100.0,False,0,car,187.88305555555556,,,,,,,,2025,Belgium,Belgian Grand Prix,LEC,16,Ferrari,3.0,40.0,106.174,MEDIUM,2.6,12685.309
10980.0,276.0,7,100.0,False,0,car,215.48305555555555,,,,,,,,2025,Belgium,Belgian Grand Prix,LEC,16,Ferrari,3.0,40.0,106.174,MEDIUM,2.96,12685.669
10770.0,275.0,7,99.0,True,0,car,252.1497222222222,,,,,,,,2025,Belgium,Belgian Grand Prix,LEC,16,Ferrari,3.0,40.0,106.174,MEDIUM,3.44,12686.149
9895.0,243.0,7,0.0,True,0,car,271.0497222222222,,,,,,,,2025,Belgium,Belgian Grand Prix,LEC,16,Ferrari,3.0,40.0,106.174,MEDIUM,3.72,12686.429
9380.0,194.0,6,0.0,True,0,car,290.4497222222222,,,,,,,,2025,Belgium,Belgian Grand Prix,LEC,16,Ferrari,3.0,40.0,106.174,MEDIUM,4.08,12686.789
9547.0,174.0,6,0.0,True,0,car,300.1163888888889,,,,,,,,2025,Belgium,Belgian Grand Prix,LEC,16,Ferrari,3.0,40.0,106.174,MEDIUM,4.28,12686.989
10173.0,158.0,6,0.0,True,0,car,310.6497222222222,,,,,,,,2025,Belgium,Belgian Grand Prix,LEC,16,Ferrari,3.0,40.0,106.174,MEDIUM,4.52,12687.229
10144.0,142.0,4,0.0,True,0,car,318.5386111111111,,,,,,,,2025,Belgium,Belgian Grand Prix,LEC,16,Ferrari,3.0,40.0,106.174,MEDIUM,4.72,12687.429
8595.0,115.0,3,0.0,True,0,car,330.0386111111111,,,,,,,,2025,Belgium,Belgian Grand Prix,LEC,16,Ferrari,3.0,40.0,106.174,MEDIUM,5.08,12687.789
7716.0,105.0,3,1.0,True,0,car,335.8719444444444,,,,,,,,2025,Belgium,Belgian Grand Prix,LEC,16,Ferrari,3.0,40.0,106.174,MEDIUM,5.28,12687.989
7055.0,98.0,3,0.0,True,0,car,343.4941666666666,,,,,,,,2025,Belgium,Belgian Grand Prix,LEC,16,Ferrari,3.0,40.0,106.174,MEDIUM,5.56,12688.269
6316.0,88.0,3,0.0,True,0,car,350.33861111111105,,,,,,,,2025,Belgium,Belgian Grand Prix,LEC,16,Ferrari,3.0,40.0,106.174,MEDIUM,5.84,12688.549
5921.0,80.0,3,0.0,True,0,car,356.5608333333333,,,,,,,,2025,Belgium,Belgian Grand Prix,LEC,16,Ferrari,3.0,40.0,106.174,MEDIUM,6.12,12688.829
5855.0,79.0,3,0.0,True,0,car,360.0719444444444,,,,,,,,2025,Belgium,Belgian Grand Prix,LEC,16,Ferrari,3.0,40.0,106.174,MEDIUM,6.28,12688.989
5455.0,76.0,3,0.0,True,0,car,363.4497222222222,,,,,,,,2025,Belgium,Belgian Grand Prix,LEC,16,Ferrari,3.0,40.0,106.174,MEDIUM,6.44,12689.149
5275.0,72.0,3,0.0,False,0,car,369.84972222222217,,,,,,,,2025,Belgium,Belgian Grand Prix,LEC,16,Ferrari,3.0,40.0,106.174,MEDIUM,6.76,12689.469
5451.0,73.0,3,21.0,False,0,car,373.09416666666664,,,,,,,,2025,Belgium,Belgian Grand Prix,LEC,16,Ferrari,3.0,40.0,106.174,MEDIUM,6.92,12689.629
5681.0,74.0,3,24.0,False,0,car,377.2052777777777,,,,,,,,2025,Belgium,Belgian Grand Prix,LEC,16,Ferrari,3.0,40.0,106.174,MEDIUM,7.12,12689.829
6130.0,78.0,3,35.0,False,0,car,384.1169444444444,,,,,,,,2025,Belgium,Belgian Grand Prix,LEC,16,Ferrari,3.0,40.0,106.174,MEDIUM,7.439,12690.148
6535.0,80.0,3,43.0,False,0,car,388.56138888888887,,,,,,,,2025,Belgium,Belgian Grand Prix,LEC,16,Ferrari,3.0,40.0,106.174,MEDIUM,7.639,12690.348
7401.0,95.0,3,55.0,False,0,car,398.06138888888887,,,,,,,,2025,Belgium,Belgian Grand Prix,LEC,16,Ferrari,3.0,40.0,106.174,MEDIUM,7.999,12690.708
8205.0,107.0,3,64.0,False,0,car,407.5725,,,,,,,,2025,Belgium,Belgian Grand Prix,LEC,16,Ferrari,3.0,40.0,106.174,MEDIUM,8.319,12691.028
9652.0,120.0,3,74.0,False,0,car,416.9058333333333,,,,,,,,2025,Belgium,Belgian Grand Prix,LEC,16,Ferrari,3.0,40.0,106.174,MEDIUM,8.599,12691.308
10575.0,134.0,3,83.0,False,0,car,428.85416666666663,,,,,,,,2025,Belgium,Belgian Grand Prix,LEC,16,Ferrari,3.0,40.0,106.174,MEDIUM,8.92,12691.629
11669.0,150.0,3,99.0,False,0,car,440.52083333333326,,,,,,,,2025,Belgium,Belgian Grand Prix,LEC,16,Ferrari,3.0,40.0,106.174,MEDIUM,9.2,12691.909
10365.0,165.0,4,100.0,False,0,car,455.18749999999994,,,,,,,,2025,Belgium,Belgian Grand Prix,LEC,16,Ferrari,3.0,40.0,106.174,MEDIUM,9.52,12692.229
10857.0,175.0,4,100.0,False,0,car,462.9652777777777,,,,,,,,2025,Belgium,Belgian Grand Prix,LEC,16,Ferrari,3.0,40.0,106.174,MEDIUM,9.68,12692.389
11782.0,189.0,4,99.0,False,0,car,481.8652777777777,,,,,,,,2025,Belgium,Belgian Grand Prix,LEC,16,Ferrari,3.0,40.0,106.174,MEDIUM,10.04,12692.749
10662.0,198.0,4,100.0,False,0,car,492.86527777777775,,,,,,,,2025,Belgium,Belgian Grand Prix,LEC,16,Ferrari,3.0,40.0,106.174,MEDIUM,10.24,12692.949
11197.0,209.0,5,100.0,False,0,car,509.1208333333333,,,,,,,,2025,Belgium,Belgian Grand Prix,LEC,16,Ferrari,3.0,40.0,106.174,MEDIUM,10.52,12693.229
11430.0,223.0,5,100.0,False,0,car,533.8986111111111,,,,,,,,2025,Belgium,Belgian Grand Prix,LEC,16,Ferrari,3.0,40.0,106.174,MEDIUM,10.92,12693.629
10413.0,232.0,6,100.0,False,0,car,551.9430555555555,,,,,,,,2025,Belgium,Belgian Grand Prix,LEC,16,Ferrari,3.0,40.0,106.174,MEDIUM,11.2,12693.909
11043.0,238.0,6,100.0,False,0,car,573.098611111111,,,,,,,,2025,Belgium,Belgian Grand Prix,LEC,16,Ferrari,3.0,40.0,106.174,MEDIUM,11.52,12694.229
11386.0,251.0,6,100.0,False,0,car,598.1986111111112,,,,,,,,2025,Belgium,Belgian Grand Prix,LEC,16,Ferrari,3.0,40.0,106.174,MEDIUM,11.88,12694.589
11666.0,256.0,6,100.0,False,0,car,615.2652777777778,,,,,,,,2025,Belgium,Belgian Grand Prix,LEC,16,Ferrari,3.0,40.0,106.174,MEDIUM,12.12,12694.829
10740.0,260.0,6,100.0,False,0,car,629.7097222222224,,,,,,,,2025,Belgium,Belgian Grand Prix,LEC,16,Ferrari,3.0,40.0,106.174,MEDIUM,12.32,12695.029
10719.0,266.0,7,100.0,False,0,car,662.2208333333334,,,,,,,,2025,Belgium,Belgian Grand Prix,LEC,16,Ferrari,3.0,40.0,106.174,MEDIUM,12.76,12695.469
11320.0,281.0,7,100.0,False,0,car,724.6652777777779,,,,,,,,2025,Belgium,Belgian Grand Prix,LEC,16,Ferrari,3.0,40.0,106.174,MEDIUM,13.56,12696.269
11479.0,285.0,7,100.0,False,0,car,746.8319444444445,,,,,,,,2025,Belgium,Belgian Grand Prix,LEC,16,Ferrari,3.0,40.0,106.174,MEDIUM,13.84,12696.549
11617.0,289.0,7,100.0,False,0,car,772.4405555555556,,,,,,,,2025,Belgium,Belgian Grand Prix,LEC,16,Ferrari,3.0,40.0,106.174,MEDIUM,14.159,12696.868
10853.0,294.0,7,100.0,False,0,car,792.0405555555556,,,,,,,,2025,Belgium,Belgian Grand Prix,LEC,16,Ferrari,3.0,40.0,106.174,MEDIUM,14.399,12697.108
10679.0,300.0,8,100.0,False,0,car,832.0405555555556,,,,,,,,2025,Belgium,Belgian Grand Prix,LEC,16,Ferrari,3.0,40.0,106.174,MEDIUM,14.879,12697.588
10793.0,305.0,8,100.0,False,0,car,865.9294444444445,,,,,,,,2025,Belgium,Belgian Grand Prix,LEC,16,Ferrari,3.0,40.0,106.174,MEDIUM,15.279,12697.988
10942.0,307.0,8,100.0,False,0,car,893.3036111111111,,,,,,,,2025,Belgium,Belgian Grand Prix,LEC,16,Ferrari,3.0,40.0,106.174,MEDIUM,15.6,12698.309
10959.0,308.0,8,100.0,False,0,car,913.8369444444444,,,,,,,,2025,Belgium,Belgian Grand Prix,LEC,16,Ferrari,3.0,40.0,106.174,MEDIUM,15.84,12698.549
11068.0,312.0,8,100.0,False,0,car,938.1036111111111,,,,,,,,2025,Belgium,Belgian Grand Prix,LEC,16,Ferrari,3.0,40.0,106.174,MEDIUM,16.12,12698.829
11163.0,313.0,8,99.0,False,0,car,972.8813888888888,,,,,,,,2025,Belgium,Belgian Grand Prix,LEC,16,Ferrari,3.0,40.0,106.174,MEDIUM,16.52,12699.229
11213.0,315.0,8,100.0,False,0,car,1007.881388888889,,,,,,,,2025,Belgium,Belgian Grand Prix,LEC,16,Ferrari,3.0,40.0,106.174,MEDIUM,16.92,12699.629
11268.0,317.0,8,99.0,False,0,car,1043.1036111111111,,,,,,,,2025,Belgium,Belgian Grand Prix,LEC,16,Ferrari,3.0,40.0,106.174,MEDIUM,17.32,12700.029
11228.0,317.0,8,99.0,False,0,car,1081.8480555555557,,,,,,,,2025,Belgium,Belgian Grand Prix,LEC,16,Ferrari,3.0,40.0,106.174,MEDIUM,17.76,12700.469
11160.0,312.0,8,100.0,False,0,car,1116.5147222222222,,,,,,,,2025,Belgium,Belgian Grand Prix,LEC,16,Ferrari,3.0,40.0,106.174,MEDIUM,18.16,12700.869
11064.0,310.0,8,100.0,False,0,car,1130.2925,,,,,,,,2025,Belgium,Belgian Grand Prix,LEC,16,Ferrari,3.0,40.0,106.174,MEDIUM,18.32,12701.029
11017.0,308.0,8,100.0,False,0,car,1154.2480555555558,,,,,,,,2025,Belgium,Belgian Grand Prix,LEC,16,Ferrari,3.0,40.0,106.174,MEDIUM,18.6,12701.309
10991.0,307.0,8,100.0,False,0,car,1184.9480555555558,,,,,,,,2025,Belgium,Belgian Grand Prix,LEC,16,Ferrari,3.0,40.0,106.174,MEDIUM,18.96,12701.669
10967.0,307.0,8,100.0,False,0,car,1219.059166666667,,,,,,,,2025,Belgium,Belgian Grand Prix,LEC,16,Ferrari,3.0,40.0,106.174,MEDIUM,19.36,12702.069
10981.0,309.0,8,99.0,False,0,car,1260.259166666667,,,,,,,,2025,Belgium,Belgian Grand Prix,LEC,16,Ferrari,3.0,40.0,106.174,MEDIUM,19.84,12702.549
11060.0,309.0,8,99.0,False,0,car,1284.2925000000005,,,,,,,,2025,Belgium,Belgian Grand Prix,LEC,16,Ferrari,3.0,40.0,106.174,MEDIUM,20.12,12702.829
11049.0,310.0,8,99.0,False,0,car,1308.4036111111113,,,,,,,,2025,Belgium,Belgian Grand Prix,LEC,16,Ferrari,3.0,40.0,106.174,MEDIUM,20.4,12703.109
11101.0,312.0,8,100.0,False,0,car,1343.0702777777783,,,,,,,,2025,Belgium,Belgian Grand Prix,LEC,16,Ferrari,3.0,40.0,106.174,MEDIUM,20.8,12703.509
11101.0,312.0,8,100.0,False,0,car,1356.8502777777783,,,,,,,,2025,Belgium,Belgian Grand Prix,LEC,16,Ferrari,3.0,40.0,106.174,MEDIUM,20.959,12703.668
11142.0,314.0,8,100.0,False,0,car,1374.2947222222226,,,,,,,,2025,Belgium,Belgian Grand Prix,LEC,16,Ferrari,3.0,40.0,106.174,MEDIUM,21.159,12703.868
11167.0,315.0,8,100.0,False,0,car,1391.7947222222228,,,,,,,,2025,Belgium,Belgian Grand Prix,LEC,16,Ferrari,3.0,40.0,106.174,MEDIUM,21.359,12704.068
11209.0,315.0,8,100.0,False,0,car,1416.2947222222226,,,,,,,,2025,Belgium,Belgian Grand Prix,LEC,16,Ferrari,3.0,40.0,106.174,MEDIUM,21.639,12704.348
11228.0,316.0,8,100.0,False,0,car,1437.3613888888895,,,,,,,,2025,Belgium,Belgian Grand Prix,LEC,16,Ferrari,3.0,40.0,106.174,MEDIUM,21.879,12704.588
11289.0,317.0,8,100.0,False,0,car,1469.1494444444447,,,,,,,,2025,Belgium,Belgian Grand Prix,LEC,16,Ferrari,3.0,40.0,106.174,MEDIUM,22.24,12704.949
11320.0,318.0,8,100.0,False,0,car,1486.8161111111117,,,,,,,,2025,Belgium,Belgian Grand Prix,LEC,16,Ferrari,3.0,40.0,106.174,MEDIUM,22.44,12705.149
11325.0,318.0,8,100.0,False,0,car,1508.0161111111115,,,,,,,,2025,Belgium,Belgian Grand Prix,LEC,16,Ferrari,3.0,40.0,106.174,MEDIUM,22.68,12705.389
11338.0,319.0,8,100.0,False,0,car,1525.7383333333337,,,,,,,,2025,Belgium,Belgian Grand Prix,LEC,16,Ferrari,3.0,40.0,106.174,MEDIUM,22.88,12705.589
11368.0,320.0,8,100.0,False,0,car,1550.6272222222226,,,,,,,,2025,Belgium,Belgian Grand Prix,LEC,16,Ferrari,3.0,40.0,106.174,MEDIUM,23.16,12705.869
11371.0,319.0,8,100.0,False,0,car,1575.4383333333337,,,,,,,,2025,Belgium,Belgian Grand Prix,LEC,16,Ferrari,3.0,40.0,106.174,MEDIUM,23.44,12706.149
11399.0,320.0,8,100.0,False,0,car,1589.660555555556,,,,,,,,2025,Belgium,Belgian Grand Prix,LEC,16,Ferrari,3.0,40.0,106.174,MEDIUM,23.6,12706.309
11391.0,320.0,8,100.0,False,0,car,1610.9938888888892,,,,,,,,2025,Belgium,Belgian Grand Prix,LEC,16,Ferrari,3.0,40.0,106.174,MEDIUM,23.84,12706.549
11415.0,321.0,8,100.0,False,0,car,1625.2605555555558,,,,,,,,2025,Belgium,Belgian Grand Prix,LEC,16,Ferrari,3.0,40.0,106.174,MEDIUM,24.0,12706.709
11426.0,321.0,8,100.0,False,0,car,1657.3605555555557,,,,,,,,2025,Belgium,Belgian Grand Prix,LEC,16,Ferrari,3.0,40.0,106.174,MEDIUM,24.36,12707.069
11443.0,322.0,8,100.0,False,0,car,1696.7161111111113,,,,,,,,2025,Belgium,Belgian Grand Prix,LEC,16,Ferrari,3.0,40.0,106.174,MEDIUM,24.8,12707.509
11438.0,322.0,8,100.0,False,0,car,1728.9161111111114,,,,,,,,2025,Belgium,Belgian Grand Prix,LEC,16,Ferrari,3.0,40.0,106.174,MEDIUM,25.16,12707.869
11466.0,323.0,8,100.0,False,0,car,1764.805,,,,,,,,2025,Belgium,Belgian Grand Prix,LEC,16,Ferrari,3.0,40.0,106.174,MEDIUM,25.56,12708.269
11488.0,323.0,8,100.0,False,0,car,1786.3383333333336,,,,,,,,2025,Belgium,Belgian Grand Prix,LEC,16,Ferrari,3.0,40.0,106.174,MEDIUM,25.8,12708.509
11499.0,324.0,8,100.0,False,0,car,1822.3383333333334,,,,,,,,2025,Belgium,Belgian Grand Prix,LEC,16,Ferrari,3.0,40.0,106.174,MEDIUM,26.2,12708.909
11520.0,324.0,8,100.0,False,0,car,1858.3383333333336,,,,,,,,2025,Belgium,Belgian Grand Prix,LEC,16,Ferrari,3.0,40.0,106.174,MEDIUM,26.6,12709.309
11560.0,324.0,8,100.0,False,0,car,1876.3383333333336,,,,,,,,2025,Belgium,Belgian Grand Prix,LEC,16,Ferrari,3.0,40.0,106.174,MEDIUM,26.8,12709.509
11531.0,325.0,8,100.0,False,0,car,1894.393888888889,,,,,,,,2025,Belgium,Belgian Grand Prix,LEC,16,Ferrari,3.0,40.0,106.174,MEDIUM,27.0,12709.709
11552.0,326.0,8,99.0,False,0,car,1926.993888888889,,,,,,,,2025,Belgium,Belgian Grand Prix,LEC,16,Ferrari,3.0,40.0,106.174,MEDIUM,27.36,12710.069
11565.0,325.0,8,100.0,False,0,car,1952.181388888889,,,,,,,,2025,Belgium,Belgian Grand Prix,LEC,16,Ferrari,3.0,40.0,106.174,MEDIUM,27.639,12710.348
11547.0,325.0,8,100.0,False,0,car,1970.2369444444444,,,,,,,,2025,Belgium,Belgian Grand Prix,LEC,16,Ferrari,3.0,40.0,106.174,MEDIUM,27.839,12710.548
11546.0,326.0,8,100.0,False,0,car,2006.4591666666668,,,,,,,,2025,Belgium,Belgian Grand Prix,LEC,16,Ferrari,3.0,40.0,106.174,MEDIUM,28.239,12710.948
11528.0,325.0,8,100.0,False,0,car,2024.5147222222222,,,,,,,,2025,Belgium,Belgian Grand Prix,LEC,16,Ferrari,3.0,40.0,106.174,MEDIUM,28.439,12711.148
11523.0,325.0,8,100.0,False,0,car,2046.2716666666665,,,,,,,,2025,Belgium,Belgian Grand Prix,LEC,16,Ferrari,3.0,40.0,106.174,MEDIUM,28.68,12711.389
11485.0,324.0,8,100.0,False,0,car,2064.2716666666665,,,,,,,,2025,Belgium,Belgian Grand Prix,LEC,16,Ferrari,3.0,40.0,106.174,MEDIUM,28.88,12711.589
11498.0,323.0,8,100.0,False,0,car,2085.805,,,,,,,,2025,Belgium,Belgian Grand Prix,LEC,16,Ferrari,3.0,40.0,106.174,MEDIUM,29.12,12711.829
11430.0,322.0,8,100.0,False,0,car,2100.116111111111,,,,,,,,2025,Belgium,Belgian Grand Prix,LEC,16,Ferrari,3.0,40.0,106.174,MEDIUM,29.28,12711.989
11419.0,321.0,8,100.0,False,0,car,2117.9494444444445,,,,,,,,2025,Belgium,Belgian Grand Prix,LEC,16,Ferrari,3.0,40.0,106.174,MEDIUM,29.48,12712.189
11373.0,320.0,8,99.0,False,0,car,2153.505,,,,,,,,2025,Belgium,Belgian Grand Prix,LEC,16,Ferrari,3.0,40.0,106.174,MEDIUM,29.88,12712.589
11303.0,318.0,8,99.0,False,0,car,2195.905,,,,,,,,2025,Belgium,Belgian Grand Prix,LEC,16,Ferrari,3.0,40.0,106.174,MEDIUM,30.36,12713.069
11243.0,318.0,8,99.0,False,0,car,2220.638333333334,,,,,,,,2025,Belgium,Belgian Grand Prix,LEC,16,Ferrari,3.0,40.0,106.174,MEDIUM,30.64,12713.349
11203.0,316.0,8,99.0,False,0,car,2248.7272222222227,,,,,,,,2025,Belgium,Belgian Grand Prix,LEC,16,Ferrari,3.0,40.0,106.174,MEDIUM,30.96,12713.669
11123.0,314.0,8,99.0,False,0,car,2273.1494444444447,,,,,,,,2025,Belgium,Belgian Grand Prix,LEC,16,Ferrari,3.0,40.0,106.174,MEDIUM,31.24,12713.949
10460.0,295.0,8,0.0,True,0,car,2305.9272222222226,,,,,,,,2025,Belgium,Belgian Grand Prix,LEC,16,Ferrari,3.0,40.0,106.174,MEDIUM,31.64,12714.349
9472.0,250.0,7,0.0,True,0,car,2328.1494444444447,,,,,,,,2025,Belgium,Belgian Grand Prix,LEC,16,Ferrari,3.0,40.0,106.174,MEDIUM,31.96,12714.669
9519.0,211.0,7,0.0,True,0,car,2342.2161111111113,,,,,,,,2025,Belgium,Belgian Grand Prix,LEC,16,Ferrari,3.0,40.0,106.174,MEDIUM,32.2,12714.909
9953.0,190.0,7,0.0,True,0,car,2352.7716666666665,,,,,,,,2025,Belgium,Belgian Grand Prix,LEC,16,Ferrari,3.0,40.0,106.174,MEDIUM,32.4,12715.109
9490.0,184.0,5,0.0,True,0,car,2362.9938888888887,,,,,,,,2025,Belgium,Belgian Grand Prix,LEC,16,Ferrari,3.0,40.0,106.174,MEDIUM,32.6,12715.309
9187.0,173.0,5,0.0,True,0,car,2372.6049999999996,,,,,,,,2025,Belgium,Belgian Grand Prix,LEC,16,Ferrari,3.0,40.0,106.174,MEDIUM,32.8,12715.509
8727.0,161.0,5,27.0,False,0,car,2394.0716666666663,,,,,,,,2025,Belgium,Belgian Grand Prix,LEC,16,Ferrari,3.0,40.0,106.174,MEDIUM,33.28,12715.989
8323.0,161.0,5,29.0,False,0,car,2411.960555555555,,,,,,,,2025,Belgium,Belgian Grand Prix,LEC,16,Ferrari,3.0,40.0,106.174,MEDIUM,33.68,12716.389
8419.0,156.0,5,53.0,False,0,car,2429.2938888888884,,,,,,,,2025,Belgium,Belgian Grand Prix,LEC,16,Ferrari,3.0,40.0,106.174,MEDIUM,34.08,12716.789
8613.0,158.0,5,65.0,False,0,car,2438.0716666666663,,,,,,,,2025,Belgium,Belgian Grand Prix,LEC,16,Ferrari,3.0,40.0,106.174,MEDIUM,34.28,12716.989
8695.0,165.0,5,55.0,False,0,car,2447.1924999999997,,,,,,,,2025,Belgium,Belgian Grand Prix,LEC,16,Ferrari,3.0,40.0,106.174,MEDIUM,34.479,12717.188
8647.0,164.0,5,55.0,False,0,car,2454.481388888889,,,,,,,,2025,Belgium,Belgian Grand Prix,LEC,16,Ferrari,3.0,40.0,106.174,MEDIUM,34.639,12717.348
8581.0,160.0,5,27.0,False,0,car,2472.2591666666667,,,,,,,,2025,Belgium,Belgian Grand Prix,LEC,16,Ferrari,3.0,40.0,106.174,MEDIUM,35.039,12717.748
8552.0,159.0,5,36.0,False,0,car,2479.37,,,,,,,,2025,Belgium,Belgian Grand Prix,LEC,16,Ferrari,3.0,40.0,106.174,MEDIUM,35.2,12717.909
8516.0,158.0,5,44.0,False,0,car,2486.392222222222,,,,,,,,2025,Belgium,Belgian Grand Prix,LEC,16,Ferrari,3.0,40.0,106.174,MEDIUM,35.36,12718.069
8685.0,158.0,5,55.0,False,0,car,2495.1699999999996,,,,,,,,2025,Belgium,Belgian Grand Prix,LEC,16,Ferrari,3.0,40.0,106.174,MEDIUM,35.56,12718.269
8867.0,163.0,5,63.0,False,0,car,2507.8477777777775,,,,,,,,2025,Belgium,Belgian Grand Prix,LEC,16,Ferrari,3.0,40.0,106.174,MEDIUM,35.84,12718.549
9185.0,167.0,5,72.0,False,0,car,2515.2699999999995,,,,,,,,2025,Belgium,Belgian Grand Prix,LEC,16,Ferrari,3.0,40.0,106.174,MEDIUM,36.0,12718.709
9419.0,174.0,5,82.0,False,0,car,2528.803333333333,,,,,,,,2025,Belgium,Belgian Grand Prix,LEC,16,Ferrari,3.0,40.0,106.174,MEDIUM,36.28,12718.989
9643.0,180.0,5,99.0,False,0,car,2538.803333333333,,,,,,,,2025,Belgium,Belgian Grand Prix,LEC,16,Ferrari,3.0,40.0,106.174,MEDIUM,36.48,12719.189
10040.0,184.0,5,100.0,False,0,car,2553.114444444444,,,,,,,,2025,Belgium,Belgian Grand Prix,LEC,16,Ferrari,3.0,40.0,106.174,MEDIUM,36.76,12719.469
10464.0,193.0,5,77.0,False,0,car,2565.9811111111107,,,,,,,,2025,Belgium,Belgian Grand Prix,LEC,16,Ferrari,3.0,40.0,106.174,MEDIUM,37.0,12719.709
10666.0,199.0,5,60.0,False,0,car,2588.0922222222216,,,,,,,,2025,Belgium,Belgian Grand Prix,LEC,16,Ferrari,3.0,40.0,106.174,MEDIUM,37.4,12720.109
10732.0,198.0,5,56.0,False,0,car,2605.6922222222215,,,,,,,,2025,Belgium,Belgian Grand Prix,LEC,16,Ferrari,3.0,40.0,106.174,MEDIUM,37.72,12720.429
10752.0,200.0,5,70.0,False,0,car,2616.803333333333,,,,,,,,2025,Belgium,Belgian Grand Prix,LEC,16,Ferrari,3.0,40.0,106.174,MEDIUM,37.92,12720.629
10953.0,203.0,5,79.0,False,0,car,2625.8255555555547,,,,,,,,2025,Belgium,Belgian Grand Prix,LEC,16,Ferrari,3.0,40.0,106.174,MEDIUM,38.08,12720.789
11280.0,208.0,5,81.0,False,0,car,2644.314444444444,,,,,,,,2025,Belgium,Belgian Grand Prix,LEC,16,Ferrari,3.0,40.0,106.174,MEDIUM,38.4,12721.109
11581.0,211.0,5,92.0,False,0,car,2656.036666666666,,,,,,,,2025,Belgium,Belgian Grand Prix,LEC,16,Ferrari,3.0,40.0,106.174,MEDIUM,38.6,12721.309
11850.0,220.0,5,100.0,False,0,car,2678.036666666666,,,,,,,,2025,Belgium,Belgian Grand Prix,LEC,16,Ferrari,3.0,40.0,106.174,MEDIUM,38.96,12721.669
10424.0,227.0,6,100.0,False,0,car,2698.214444444444,,,,,,,,2025,Belgium,Belgian Grand Prix,LEC,16,Ferrari,3.0,40.0,106.174,MEDIUM,39.28,12721.989
11018.0,233.0,6,100.0,False,0,car,2721.514444444444,,,,,,,,2025,Belgium,Belgian Grand Prix,LEC,16,Ferrari,3.0,40.0,106.174,MEDIUM,39.64,12722.349
11104.0,241.0,6,100.0,False,0,car,2740.2588888888886,,,,,,,,2025,Belgium,Belgian Grand Prix,LEC,16,Ferrari,3.0,40.0,106.174,MEDIUM,39.92,12722.629
11436.0,245.0,6,100.0,False,0,car,2756.5922222222216,,,,,,,,2025,Belgium,Belgian Grand Prix,LEC,16,Ferrari,3.0,40.0,106.174,MEDIUM,40.16,12722.869
11512.0,252.0,6,100.0,False,0,car,2767.792222222222,,,,,,,,2025,Belgium,Belgian Grand Prix,LEC,16,Ferrari,3.0,40.0,106.174,MEDIUM,40.32,12723.029
11747.0,257.0,6,100.0,False,0,car,2790.6366666666663,,,,,,,,2025,Belgium,Belgian Grand Prix,LEC,16,Ferrari,3.0,40.0,106.174,MEDIUM,40.64,12723.349
11844.0,259.0,6,100.0,False,0,car,2807.903333333333,,,,,,,,2025,Belgium,Belgian Grand Prix,LEC,16,Ferrari,3.0,40.0,106.174,MEDIUM,40.88,12723.589
10348.0,261.0,6,100.0,False,0,car,2825.230833333333,,,,,,,,2025,Belgium,Belgian Grand Prix,LEC,16,Ferrari,3.0,40.0,106.174,MEDIUM,41.119,12723.828
10665.0,265.0,7,100.0,False,0,car,2842.8975,,,,,,,,2025,Belgium,Belgian Grand Prix,LEC,16,Ferrari,3.0,40.0,106.174,MEDIUM,41.359,12724.068
10178.0,267.0,7,17.0,True,0,car,2899.338333333333,,,,,,,,2025,Belgium,Belgian Grand Prix,LEC,16,Ferrari,3.0,40.0,106.174,MEDIUM,42.12,12724.829
10190.0,243.0,7,0.0,True,0,car,2915.5383333333334,,,,,,,,2025,Belgium,Belgian Grand Prix,LEC,16,Ferrari,3.0,40.0,106.174,MEDIUM,42.36,12725.069
9928.0,207.0,7,0.0,True,0,car,2931.6383333333333,,,,,,,,2025,Belgium,Belgian Grand Prix,LEC,16,Ferrari,3.0,40.0,106.174,MEDIUM,42.64,12725.349
10947.0,177.0,7,0.0,True,0,car,2943.4383333333335,,,,,,,,2025,Belgium,Belgian Grand Prix,LEC,16,Ferrari,3.0,40.0,106.174,MEDIUM,42.88,12725.589
10273.0,168.0,5,1.0,True,0,car,2954.6383333333333,,,,,,,,2025,Belgium,Belgian Grand Prix,LEC,16,Ferrari,3.0,40.0,106.174,MEDIUM,43.12,12725.829
9589.0,168.0,4,1.0,True,0,car,2965.8383333333336,,,,,,,,2025,Belgium,Belgian Grand Prix,LEC,16,Ferrari,3.0,40.0,106.174,MEDIUM,43.36,12726.069
9139.0,149.0,4,1.0,True,0,car,2974.1161111111114,,,,,,,,2025,Belgium,Belgian Grand Prix,LEC,16,Ferrari,3.0,40.0,106.174,MEDIUM,43.56,12726.269
8664.0,139.0,4,1.0,True,0,car,2983.382777777778,,,,,,,,2025,Belgium,Belgian Grand Prix,LEC,16,Ferrari,3.0,40.0,106.174,MEDIUM,43.8,12726.509
8309.0,135.0,4,1.0,True,0,car,2989.382777777778,,,,,,,,2025,Belgium,Belgian Grand Prix,LEC,16,Ferrari,3.0,40.0,106.174,MEDIUM,43.96,12726.669
8066.0,131.0,4,1.0,True,0,car,2998.1161111111114,,,,,,,,2025,Belgium,Belgian Grand Prix,LEC,16,Ferrari,3.0,40.0,106.174,MEDIUM,44.2,12726.909
7265.0,121.0,4,0.0,True,0,car,3007.5272222222225,,,,,,,,2025,Belgium,Belgian Grand Prix,LEC,16,Ferrari,3.0,40.0,106.174,MEDIUM,44.48,12727.189
7066.0,113.0,4,0.0,True,0,car,3017.5716666666667,,,,,,,,2025,Belgium,Belgian Grand Prix,LEC,16,Ferrari,3.0,40.0,106.174,MEDIUM,44.8,12727.509
6981.0,110.0,4,0.0,False,0,car,3029.793888888889,,,,,,,,2025,Belgium,Belgian Grand Prix,LEC,16,Ferrari,3.0,40.0,106.174,MEDIUM,45.2,12727.909
6613.0,107.0,4,0.0,False,0,car,3042.8716666666664,,,,,,,,2025,Belgium,Belgian Grand Prix,LEC,16,Ferrari,3.0,40.0,106.174,MEDIUM,45.64,12728.349
6761.0,106.0,4,29.0,False,0,car,3047.5827777777777,,,,,,,,2025,Belgium,Belgian Grand Prix,LEC,16,Ferrari,3.0,40.0,106.174,MEDIUM,45.8,12728.509
7377.0,113.0,4,50.0,False,0,car,3062.6494444444443,,,,,,,,2025,Belgium,Belgian Grand Prix,LEC,16,Ferrari,3.0,40.0,106.174,MEDIUM,46.28,12728.989
7855.0,118.0,4,54.0,False,0,car,3070.516111111111,,,,,,,,2025,Belgium,Belgian Grand Prix,LEC,16,Ferrari,3.0,40.0,106.174,MEDIUM,46.52,12729.229
8443.0,129.0,4,67.0,False,0,car,3081.9827777777778,,,,,,,,2025,Belgium,Belgian Grand Prix,LEC,16,Ferrari,3.0,40.0,106.174,MEDIUM,46.84,12729.549
8869.0,136.0,4,69.0,False,0,car,3089.538333333333,,,,,,,,2025,Belgium,Belgian Grand Prix,LEC,16,Ferrari,3.0,40.0,106.174,MEDIUM,47.04,12729.749
9574.0,150.0,4,76.0,False,0,car,3104.538333333333,,,,,,,,2025,Belgium,Belgian Grand Prix,LEC,16,Ferrari,3.0,40.0,106.174,MEDIUM,47.4,12730.109
10351.0,161.0,4,83.0,False,0,car,3117.0605555555553,,,,,,,,2025,Belgium,Belgian Grand Prix,LEC,16,Ferrari,3.0,40.0,106.174,MEDIUM,47.68,12730.389
10985.0,165.0,4,100.0,False,0,car,3128.0147222222217,,,,,,,,2025,Belgium,Belgian Grand Prix,LEC,16,Ferrari,3.0,40.0,106.174,MEDIUM,47.919,12730.628
11778.0,185.0,4,100.0,False,0,car,3148.6216666666664,,,,,,,,2025,Belgium,Belgian Grand Prix,LEC,16,Ferrari,3.0,40.0,106.174,MEDIUM,48.32,12731.029
10658.0,192.0,4,100.0,False,0,car,3165.688333333333,,,,,,,,2025,Belgium,Belgian Grand Prix,LEC,16,Ferrari,3.0,40.0,106.174,MEDIUM,48.64,12731.349
10765.0,203.0,5,100.0,False,0,car,3179.2216666666664,,,,,,,,2025,Belgium,Belgian Grand Prix,LEC,16,Ferrari,3.0,40.0,106.174,MEDIUM,48.88,12731.589
11013.0,203.0,5,74.0,False,0,car,3195.010555555555,,,,,,,,2025,Belgium,Belgian Grand Prix,LEC,16,Ferrari,3.0,40.0,106.174,MEDIUM,49.16,12731.869
10905.0,201.0,5,12.0,True,0,car,3212.877222222222,,,,,,,,2025,Belgium,Belgian Grand Prix,LEC,16,Ferrari,3.0,40.0,106.174,MEDIUM,49.48,12732.189
10112.0,195.0,5,17.0,True,0,car,3221.543888888889,,,,,,,,2025,Belgium,Belgian Grand Prix,LEC,16,Ferrari,3.0,40.0,106.174,MEDIUM,49.64,12732.349
9995.0,195.0,5,37.0,False,0,car,3236.7105555555554,,,,,,,,2025,Belgium,Belgian Grand Prix,LEC,16,Ferrari,3.0,40.0,106.174,MEDIUM,49.92,12732.629
9916.0,186.0,5,38.0,False,0,car,3244.977222222222,,,,,,,,2025,Belgium,Belgian Grand Prix,LEC,16,Ferrari,3.0,40.0,106.174,MEDIUM,50.08,12732.789
9937.0,186.0,5,40.0,False,0,car,3253.2438888888887,,,,,,,,2025,Belgium,Belgian Grand Prix,LEC,16,Ferrari,3.0,40.0,106.174,MEDIUM,50.24,12732.949
9952.0,186.0,5,62.0,False,0,car,3265.6438888888883,,,,,,,,2025,Belgium,Belgian Grand Prix,LEC,16,Ferrari,3.0,40.0,106.174,MEDIUM,50.48,12733.189
10190.0,188.0,5,72.0,False,0,car,3276.088333333333,,,,,,,,2025,Belgium,Belgian Grand Prix,LEC,16,Ferrari,3.0,40.0,106.174,MEDIUM,50.68,12733.389
10325.0,193.0,5,73.0,False,0,car,3288.955,,,,,,,,2025,Belgium,Belgian Grand Prix,LEC,16,Ferrari,3.0,40.0,106.174,MEDIUM,50.92,12733.629
10533.0,197.0,5,85.0,False,0,car,3297.7105555555554,,,,,,,,2025,Belgium,Belgian Grand Prix,LEC,16,Ferrari,3.0,40.0,106.174,MEDIUM,51.08,12733.789
10853.0,200.0,5,100.0,False,0,car,3308.8216666666667,,,,,,,,2025,Belgium,Belgian Grand Prix,LEC,16,Ferrari,3.0,40.0,106.174,MEDIUM,51.28,12733.989
11331.0,206.0,5,100.0,False,0,car,3322.5550000000003,,,,,,,,2025,Belgium,Belgian Grand Prix,LEC,16,Ferrari,3.0,40.0,106.174,MEDIUM,51.52,12734.229
11331.0,214.0,5,100.0,False,0,car,3332.0661111111112,,,,,,,,2025,Belgium,Belgian Grand Prix,LEC,16,Ferrari,3.0,40.0,106.174,MEDIUM,51.68,12734.389
10655.0,223.0,5,100.0,False,0,car,3351.8883333333333,,,,,,,,2025,Belgium,Belgian Grand Prix,LEC,16,Ferrari,3.0,40.0,106.174,MEDIUM,52.0,12734.709
10712.0,233.0,6,100.0,False,0,car,3370.0105555555556,,,,,,,,2025,Belgium,Belgian Grand Prix,LEC,16,Ferrari,3.0,40.0,106.174,MEDIUM,52.28,12734.989
11172.0,240.0,6,100.0,False,0,car,3391.343888888889,,,,,,,,2025,Belgium,Belgian Grand Prix,LEC,16,Ferrari,3.0,40.0,106.174,MEDIUM,52.6,12735.309
11337.0,246.0,6,100.0,False,0,car,3405.0105555555556,,,,,,,,2025,Belgium,Belgian Grand Prix,LEC,16,Ferrari,3.0,40.0,106.174,MEDIUM,52.8,12735.509
11698.0,256.0,6,100.0,False,0,car,3433.4550000000004,,,,,,,,2025,Belgium,Belgian Grand Prix,LEC,16,Ferrari,3.0,40.0,106.174,MEDIUM,53.2,12735.909
11584.0,259.0,6,100.0,False,0,car,3447.843888888889,,,,,,,,2025,Belgium,Belgian Grand Prix,LEC,16,Ferrari,3.0,40.0,106.174,MEDIUM,53.4,12736.109
10662.0,267.0,7,100.0,False,0,car,3474.543888888889,,,,,,,,2025,Belgium,Belgian Grand Prix,LEC,16,Ferrari,3.0,40.0,106.174,MEDIUM,53.76,12736.469
10897.0,270.0,7,100.0,False,0,car,3495.543888888889,,,,,,,,2025,Belgium,Belgian Grand Prix,LEC,16,Ferrari,3.0,40.0,106.174,MEDIUM,54.04,12736.749
10966.0,273.0,7,100.0,False,0,car,3507.6772222222226,,,,,,,,2025,Belgium,Belgian Grand Prix,LEC,16,Ferrari,3.0,40.0,106.174,MEDIUM,54.2,12736.909
11094.0,274.0,7,100.0,False,0,car,3525.943888888889,,,,,,,,2025,Belgium,Belgian Grand Prix,LEC,16,Ferrari,3.0,40.0,106.174,MEDIUM,54.44,12737.149
11201.0,279.0,7,100.0,False,0,car,3544.4663888888895,,,,,,,,2025,Belgium,Belgian Grand Prix,LEC,16,Ferrari,3.0,40.0,106.174,MEDIUM,54.679,12737.388
11246.0,281.0,7,100.0,False,0,car,3566.4000000000005,,,,,,,,2025,Belgium,Belgian Grand Prix,LEC,16,Ferrari,3.0,40.0,106.174,MEDIUM,54.96,12737.669
11367.0,283.0,7,100.0,False,0,car,3588.411111111112,,,,,,,,2025,Belgium,Belgian Grand Prix,LEC,16,Ferrari,3.0,40.0,106.174,MEDIUM,55.24,12737.949
11413.0,286.0,7,100.0,False,0,car,3610.6555555555565,,,,,,,,2025,Belgium,Belgian Grand Prix,LEC,16,Ferrari,3.0,40.0,106.174,MEDIUM,55.52,12738.229
11567.0,289.0,7,100.0,False,0,car,3642.7666666666673,,,,,,,,2025,Belgium,Belgian Grand Prix,LEC,16,Ferrari,3.0,40.0,106.174,MEDIUM,55.92,12738.629
11677.0,292.0,7,100.0,False,0,car,3675.2111111111117,,,,,,,,2025,Belgium,Belgian Grand Prix,LEC,16,Ferrari,3.0,40.0,106.174,MEDIUM,56.32,12739.029
11665.0,292.0,7,100.0,False,0,car,3688.1888888888893,,,,,,,,2025,Belgium,Belgian Grand Prix,LEC,16,Ferrari,3.0,40.0,106.174,MEDIUM,56.48,12739.189
11779.0,293.0,7,100.0,False,0,car,3714.2333333333336,,,,,,,,2025,Belgium,Belgian Grand Prix,LEC,16,Ferrari,3.0,40.0,106.174,MEDIUM,56.8,12739.509
11707.0,292.0,7,61.0,True,0,car,3730.455555555556,,,,,,,,2025,Belgium,Belgian Grand Prix,LEC,16,Ferrari,3.0,40.0,106.174,MEDIUM,57.0,12739.709
11473.0,292.0,7,34.0,True,0,car,3743.433333333334,,,,,,,,2025,Belgium,Belgian Grand Prix,LEC,16,Ferrari,3.0,40.0,106.174,MEDIUM,57.16,12739.869
11019.0,277.0,7,50.0,False,0,car,3777.2888888888897,,,,,,,,2025,Belgium,Belgian Grand Prix,LEC,16,Ferrari,3.0,40.0,106.174,MEDIUM,57.6,12740.309
11007.0,275.0,7,54.0,False,0,car,3789.511111111112,,,,,,,,2025,Belgium,Belgian Grand Prix,LEC,16,Ferrari,3.0,40.0,106.174,MEDIUM,57.76,12740.469
10914.0,271.0,7,72.0,False,0,car,3807.5777777777785,,,,,,,,2025,Belgium,Belgian Grand Prix,LEC,16,Ferrari,3.0,40.0,106.174,MEDIUM,58.0,12740.709
10865.0,268.0,7,82.0,False,0,car,3840.333333333334,,,,,,,,2025,Belgium,Belgian Grand Prix,LEC,16,Ferrari,3.0,40.0,106.174,MEDIUM,58.44,12741.149
11105.0,274.0,7,100.0,False,0,car,3886.000000000001,,,,,,,,2025,Belgium,Belgian Grand Prix,LEC,16,Ferrari,3.0,40.0,106.174,MEDIUM,59.04,12741.749
11142.0,275.0,7,100.0,False,0,car,3898.2222222222235,,,,,,,,2025,Belgium,Belgian Grand Prix,LEC,16,Ferrari,3.0,40.0,106.174,MEDIUM,59.2,12741.909
11237.0,277.0,7,100.0,False,0,car,3916.68888888889,,,,,,,,2025,Belgium,Belgian Grand Prix,LEC,16,Ferrari,3.0,40.0,106.174,MEDIUM,59.44,12742.149
11351.0,279.0,7,100.0,False,0,car,3941.48888888889,,,,,,,,2025,Belgium,Belgian Grand Prix,LEC,16,Ferrari,3.0,40.0,106.174,MEDIUM,59.76,12742.469
11450.0,283.0,7,100.0,False,0,car,3963.5000000000014,,,,,,,,2025,Belgium,Belgian Grand Prix,LEC,16,Ferrari,3.0,40.0,106.174,MEDIUM,60.04,12742.749
11465.0,284.0,7,100.0,False,0,car,3979.277777777779,,,,,,,,2025,Belgium,Belgian Grand Prix,LEC,16,Ferrari,3.0,40.0,106.174,MEDIUM,60.24,12742.949
11604.0,286.0,7,100.0,False,0,car,4001.5222222222237,,,,,,,,2025,Belgium,Belgian Grand Prix,LEC,16,Ferrari,3.0,40.0,106.174,MEDIUM,60.52,12743.229
11599.0,287.0,7,100.0,False,0,car,4017.4666666666676,,,,,,,,2025,Belgium,Belgian Grand Prix,LEC,16,Ferrari,3.0,40.0,106.174,MEDIUM,60.72,12743.429
11681.0,290.0,7,100.0,False,0,car,4033.577777777779,,,,,,,,2025,Belgium,Belgian Grand Prix,LEC,16,Ferrari,3.0,40.0,106.174,MEDIUM,60.92,12743.629
11685.0,289.0,7,100.0,False,0,car,4046.422222222223,,,,,,,,2025,Belgium,Belgian Grand Prix,LEC,16,Ferrari,3.0,40.0,106.174,MEDIUM,61.08,12743.789
10705.0,291.0,7,100.0,False,0,car,4065.74138888889,,,,,,,,2025,Belgium,Belgian Grand Prix,LEC,16,Ferrari,3.0,40.0,106.174,MEDIUM,61.319,12744.028
10498.0,291.0,7,100.0,False,0,car,4078.7555555555564,,,,,,,,2025,Belgium,Belgian Grand Prix,LEC,16,Ferrari,3.0,40.0,106.174,MEDIUM,61.48,12744.189
10507.0,294.0,8,100.0,False,0,car,4095.08888888889,,,,,,,,2025,Belgium,Belgian Grand Prix,LEC,16,Ferrari,3.0,40.0,106.174,MEDIUM,61.68,12744.389
10525.0,294.0,8,100.0,False,0,car,4108.155555555557,,,,,,,,2025,Belgium,Belgian Grand Prix,LEC,16,Ferrari,3.0,40.0,106.174,MEDIUM,61.84,12744.549
10578.0,295.0,8,100.0,False,0,car,4131.100000000001,,,,,,,,2025,Belgium,Belgian Grand Prix,LEC,16,Ferrari,3.0,40.0,106.174,MEDIUM,62.12,12744.829
10633.0,298.0,8,100.0,False,0,car,4147.655555555557,,,,,,,,2025,Belgium,Belgian Grand Prix,LEC,16,Ferrari,3.0,40.0,106.174,MEDIUM,62.32,12745.029
10633.0,297.0,8,100.0,False,0,car,4160.855555555557,,,,,,,,2025,Belgium,Belgian Grand Prix,LEC,16,Ferrari,3.0,40.0,106.174,MEDIUM,62.48,12745.189
10676.0,299.0,8,99.0,False,0,car,4184.111111111112,,,,,,,,2025,Belgium,Belgian Grand Prix,LEC,16,Ferrari,3.0,40.0,106.174,MEDIUM,62.76,12745.469
10629.0,300.0,8,100.0,False,0,car,4217.444444444445,,,,,,,,2025,Belgium,Belgian Grand Prix,LEC,16,Ferrari,3.0,40.0,106.174,MEDIUM,63.16,12745.869
10704.0,300.0,8,99.0,False,0,car,4240.777777777778,,,,,,,,2025,Belgium,Belgian Grand Prix,LEC,16,Ferrari,3.0,40.0,106.174,MEDIUM,63.44,12746.149
10731.0,301.0,8,100.0,False,0,car,4257.500000000001,,,,,,,,2025,Belgium,Belgian Grand Prix,LEC,16,Ferrari,3.0,40.0,106.174,MEDIUM,63.64,12746.349
10731.0,301.0,8,100.0,False,0,car,4277.5666666666675,,,,,,,,2025,Belgium,Belgian Grand Prix,LEC,16,Ferrari,3.0,40.0,106.174,MEDIUM,63.88,12746.589
10699.0,301.0,8,100.0,False,0,car,4300.977777777778,,,,,,,,2025,Belgium,Belgian Grand Prix,LEC,16,Ferrari,3.0,40.0,106.174,MEDIUM,64.16,12746.869
10720.0,302.0,8,99.0,False,0,car,4317.755555555556,,,,,,,,2025,Belgium,Belgian Grand Prix,LEC,16,Ferrari,3.0,40.0,106.174,MEDIUM,64.36,12747.069
10669.0,300.0,8,99.0,False,0,car,4334.422222222223,,,,,,,,2025,Belgium,Belgian Grand Prix,LEC,16,Ferrari,3.0,40.0,106.174,MEDIUM,64.56,12747.269
9971.0,293.0,8,2.0,True,0,car,4360.466666666667,,,,,,,,2025,Belgium,Belgian Grand Prix,LEC,16,Ferrari,3.0,40.0,106.174,MEDIUM,64.88,12747.589
9333.0,256.0,8,0.0,True,0,car,4377.533333333335,,,,,,,,2025,Belgium,Belgian Grand Prix,LEC,16,Ferrari,3.0,40.0,106.174,MEDIUM,65.12,12747.829
9820.0,228.0,7,0.0,True,0,car,4400.333333333335,,,,,,,,2025,Belgium,Belgian Grand Prix,LEC,16,Ferrari,3.0,40.0,106.174,MEDIUM,65.48,12748.189
10784.0,207.0,6,0.0,True,0,car,4418.7333333333345,,,,,,,,2025,Belgium,Belgian Grand Prix,LEC,16,Ferrari,3.0,40.0,106.174,MEDIUM,65.8,12748.509
10113.0,197.0,5,0.0,True,0,car,4431.866666666669,,,,,,,,2025,Belgium,Belgian Grand Prix,LEC,16,Ferrari,3.0,40.0,106.174,MEDIUM,66.04,12748.749
9424.0,180.0,5,0.0,True,0,car,4443.866666666669,,,,,,,,2025,Belgium,Belgian Grand Prix,LEC,16,Ferrari,3.0,40.0,106.174,MEDIUM,66.28,12748.989
9062.0,172.0,5,0.0,True,0,car,4453.422222222224,,,,,,,,2025,Belgium,Belgian Grand Prix,LEC,16,Ferrari,3.0,40.0,106.174,MEDIUM,66.48,12749.189
8837.0,170.0,5,0.0,True,0,car,4460.97777777778,,,,,,,,2025,Belgium,Belgian Grand Prix,LEC,16,Ferrari,3.0,40.0,106.174,MEDIUM,66.64,12749.349
8426.0,165.0,5,0.0,True,0,car,4475.644444444446,,,,,,,,2025,Belgium,Belgian Grand Prix,LEC,16,Ferrari,3.0,40.0,106.174,MEDIUM,66.96,12749.669
8285.0,157.0,5,1.0,False,0,car,4486.111111111113,,,,,,,,2025,Belgium,Belgian Grand Prix,LEC,16,Ferrari,3.0,40.0,106.174,MEDIUM,67.2,12749.909
8336.0,153.0,5,21.0,False,0,car,4496.311111111113,,,,,,,,2025,Belgium,Belgian Grand Prix,LEC,16,Ferrari,3.0,40.0,106.174,MEDIUM,67.44,12750.149
8249.0,153.0,5,41.0,False,0,car,4504.811111111113,,,,,,,,2025,Belgium,Belgian Grand Prix,LEC,16,Ferrari,3.0,40.0,106.174,MEDIUM,67.64,12750.349
8472.0,155.0,5,54.0,False,0,car,4523.755555555557,,,,,,,,2025,Belgium,Belgian Grand Prix,LEC,16,Ferrari,3.0,40.0,106.174,MEDIUM,68.08,12750.789
8773.0,158.0,5,62.0,False,0,car,4534.28888888889,,,,,,,,2025,Belgium,Belgian Grand Prix,LEC,16,Ferrari,3.0,40.0,106.174,MEDIUM,68.32,12751.029
8867.0,162.0,5,68.0,False,0,car,4541.488888888891,,,,,,,,2025,Belgium,Belgian Grand Prix,LEC,16,Ferrari,3.0,40.0,106.174,MEDIUM,68.48,12751.189
9111.0,167.0,5,70.0,False,0,car,4554.47777777778,,,,,,,,2025,Belgium,Belgian Grand Prix,LEC,16,Ferrari,3.0,40.0,106.174,MEDIUM,68.76,12751.469
9144.0,172.0,5,70.0,False,0,car,4562.122222222224,,,,,,,,2025,Belgium,Belgian Grand Prix,LEC,16,Ferrari,3.0,40.0,106.174,MEDIUM,68.92,12751.629
9144.0,170.0,5,40.0,False,0,car,4569.67777777778,,,,,,,,2025,Belgium,Belgian Grand Prix,LEC,16,Ferrari,3.0,40.0,106.174,MEDIUM,69.08,12751.789
8944.0,168.0,5,29.0,False,0,car,4579.011111111113,,,,,,,,2025,Belgium,Belgian Grand Prix,LEC,16,Ferrari,3.0,40.0,106.174,MEDIUM,69.28,12751.989
8819.0,166.0,5,35.0,False,0,car,4591.922222222224,,,,,,,,2025,Belgium,Belgian Grand Prix,LEC,16,Ferrari,3.0,40.0,106.174,MEDIUM,69.56,12752.269
8898.0,164.0,5,43.0,False,0,car,4599.211111111113,,,,,,,,2025,Belgium,Belgian Grand Prix,LEC,16,Ferrari,3.0,40.0,106.174,MEDIUM,69.72,12752.429
8889.0,164.0,5,50.0,False,0,car,4608.322222222224,,,,,,,,2025,Belgium,Belgian Grand Prix,LEC,16,Ferrari,3.0,40.0,106.174,MEDIUM,69.92,12752.629
9011.0,167.0,5,56.0,False,0,car,4621.311111111113,,,,,,,,2025,Belgium,Belgian Grand Prix,LEC,16,Ferrari,3.0,40.0,106.174,MEDIUM,70.2,12752.909
9562.0,173.0,5,72.0,False,0,car,4642.455555555557,,,,,,,,2025,Belgium,Belgian Grand Prix,LEC,16,Ferrari,3.0,40.0,106.174,MEDIUM,70.64,12753.349
10065.0,179.0,5,83.0,False,0,car,4656.37777777778,,,,,,,,2025,Belgium,Belgian Grand Prix,LEC,16,Ferrari,3.0,40.0,106.174,MEDIUM,70.92,12753.629
10165.0,186.0,5,80.0,False,0,car,4670.844444444447,,,,,,,,2025,Belgium,Belgian Grand Prix,LEC,16,Ferrari,3.0,40.0,106.174,MEDIUM,71.2,12753.909
10769.0,193.0,5,99.0,False,0,car,4683.7111111111135,,,,,,,,2025,Belgium,Belgian Grand Prix,LEC,16,Ferrari,3.0,40.0,106.174,MEDIUM,71.44,12754.149
11526.0,204.0,5,96.0,False,0,car,4706.3777777777805,,,,,,,,2025,Belgium,Belgian Grand Prix,LEC,16,Ferrari,3.0,40.0,106.174,MEDIUM,71.84,12754.549
11740.0,215.0,5,99.0,False,0,car,4727.8777777777805,,,,,,,,2025,Belgium,Belgian Grand Prix,LEC,16,Ferrari,3.0,40.0,106.174,MEDIUM,72.2,12754.909
11170.0,220.0,5,100.0,False,0,car,4744.988888888892,,,,,,,,2025,Belgium,Belgian Grand Prix,LEC,16,Ferrari,3.0,40.0,106.174,MEDIUM,72.48,12755.189
10544.0,229.0,6,99.0,False,0,car,4765.344444444447,,,,,,,,2025,Belgium,Belgian Grand Prix,LEC,16,Ferrari,3.0,40.0,106.174,MEDIUM,72.8,12755.509
10692.0,230.0,6,100.0,False,0,car,4775.566666666668,,,,,,,,2025,Belgium,Belgian Grand Prix,LEC,16,Ferrari,3.0,40.0,106.174,MEDIUM,72.96,12755.669
10878.0,236.0,6,100.0,False,0,car,4793.922222222224,,,,,,,,2025,Belgium,Belgian Grand Prix,LEC,16,Ferrari,3.0,40.0,106.174,MEDIUM,73.24,12755.949
10926.0,239.0,6,99.0,False,0,car,4809.855555555559,,,,,,,,2025,Belgium,Belgian Grand Prix,LEC,16,Ferrari,3.0,40.0,106.174,MEDIUM,73.48,12756.189
9984.0,233.0,6,0.0,True,0,car,4827.977777777781,,,,,,,,2025,Belgium,Belgian Grand Prix,LEC,16,Ferrari,3.0,40.0,106.174,MEDIUM,73.76,12756.469
10271.0,207.0,6,1.0,True,0,car,4844.077777777781,,,,,,,,2025,Belgium,Belgian Grand Prix,LEC,16,Ferrari,3.0,40.0,106.174,MEDIUM,74.04,12756.749
9677.0,184.0,5,3.0,True,0,car,4862.477777777781,,,,,,,,2025,Belgium,Belgian Grand Prix,LEC,16,Ferrari,3.0,40.0,106.174,MEDIUM,74.4,12757.109
9098.0,178.0,5,3.0,True,0,car,4874.3938888888915,,,,,,,,2025,Belgium,Belgian Grand Prix,LEC,16,Ferrari,3.0,40.0,106.174,MEDIUM,74.641,12757.35
8836.0,170.0,5,5.0,True,0,car,4885.680000000002,,,,,,,,2025,Belgium,Belgian Grand Prix,LEC,16,Ferrari,3.0,40.0,106.174,MEDIUM,74.88,12757.589
8607.0,165.0,5,13.0,True,0,car,4898.513333333335,,,,,,,,2025,Belgium,Belgian Grand Prix,LEC,16,Ferrari,3.0,40.0,106.174,MEDIUM,75.16,12757.869
8823.0,160.0,5,68.0,False,0,car,4916.291111111113,,,,,,,,2025,Belgium,Belgian Grand Prix,LEC,16,Ferrari,3.0,40.0,106.174,MEDIUM,75.56,12758.269
9328.0,167.0,5,83.0,False,0,car,4934.846666666668,,,,,,,,2025,Belgium,Belgian Grand Prix,LEC,16,Ferrari,3.0,40.0,106.174,MEDIUM,75.96,12758.669
10104.0,179.0,5,100.0,False,0,car,4954.735555555558,,,,,,,,2025,Belgium,Belgian Grand Prix,LEC,16,Ferrari,3.0,40.0,106.174,MEDIUM,76.36,12759.069
10660.0,192.0,5,100.0,False,0,car,4971.802222222224,,,,,,,,2025,Belgium,Belgian Grand Prix,LEC,16,Ferrari,3.0,40.0,106.174,MEDIUM,76.68,12759.389
10940.0,200.0,5,100.0,False,0,car,4985.135555555557,,,,,,,,2025,Belgium,Belgian Grand Prix,LEC,16,Ferrari,3.0,40.0,106.174,MEDIUM,76.92,12759.629
11308.0,208.0,5,100.0,False,0,car,4999.002222222224,,,,,,,,2025,Belgium,Belgian Grand Prix,LEC,16,Ferrari,3.0,40.0,106.174,MEDIUM,77.16,12759.869
11618.0,214.0,5,100.0,False,0,car,5008.513333333335,,,,,,,,2025,Belgium,Belgian Grand Prix,LEC,16,Ferrari,3.0,40.0,106.174,MEDIUM,77.32,12760.029
11618.0,219.0,5,100.0,False,0,car,5018.246666666669,,,,,,,,2025,Belgium,Belgian Grand Prix,LEC,16,Ferrari,3.0,40.0,106.174,MEDIUM,77.48,12760.189
10653.0,224.0,6,100.0,False,0,car,5030.691111111113,,,,,,,,2025,Belgium,Belgian Grand Prix,LEC,16,Ferrari,3.0,40.0,106.174,MEDIUM,77.68,12760.389
10637.0,231.0,6,100.0,False,0,car,5048.657777777779,,,,,,,,2025,Belgium,Belgian Grand Prix,LEC,16,Ferrari,3.0,40.0,106.174,MEDIUM,77.96,12760.669
11283.0,242.0,6,100.0,False,0,car,5080.924444444447,,,,,,,,2025,Belgium,Belgian Grand Prix,LEC,16,Ferrari,3.0,40.0,106.174,MEDIUM,78.44,12761.149
11430.0,246.0,6,100.0,False,0,car,5094.591111111114,,,,,,,,2025,Belgium,Belgian Grand Prix,LEC,16,Ferrari,3.0,40.0,106.174,MEDIUM,78.64,12761.349
11620.0,252.0,6,100.0,False,0,car,5122.591111111114,,,,,,,,2025,Belgium,Belgian Grand Prix,LEC,16,Ferrari,3.0,40.0,106.174,MEDIUM,79.04,12761.749
10625.0,256.0,7,100.0,False,0,car,5145.346666666669,,,,,,,,2025,Belgium,Belgian Grand Prix,LEC,16,Ferrari,3.0,40.0,106.174,MEDIUM,79.36,12762.069
10659.0,262.0,7,100.0,False,0,car,5180.2800000000025,,,,,,,,2025,Belgium,Belgian Grand Prix,LEC,16,Ferrari,3.0,40.0,106.174,MEDIUM,79.84,12762.549
10769.0,266.0,7,100.0,False,0,car,5206.880000000003,,,,,,,,2025,Belgium,Belgian Grand Prix,LEC,16,Ferrari,3.0,40.0,106.174,MEDIUM,80.2,12762.909
10884.0,267.0,7,100.0,False,0,car,5218.74666666667,,,,,,,,2025,Belgium,Belgian Grand Prix,LEC,16,Ferrari,3.0,40.0,106.174,MEDIUM,80.36,12763.069
10954.0,270.0,7,100.0,False,0,car,5233.74666666667,,,,,,,,2025,Belgium,Belgian Grand Prix,LEC,16,Ferrari,3.0,40.0,106.174,MEDIUM,80.56,12763.269
11030.0,273.0,7,100.0,False,0,car,5245.880000000003,,,,,,,,2025,Belgium,Belgian Grand Prix,LEC,16,Ferrari,3.0,40.0,106.174,MEDIUM,80.72,12763.429
11034.0,276.0,7,100.0,False,0,car,5270.413333333337,,,,,,,,2025,Belgium,Belgian Grand Prix,LEC,16,Ferrari,3.0,40.0,106.174,MEDIUM,81.04,12763.749
11224.0,278.0,7,100.0,False,0,car,5285.935000000003,,,,,,,,2025,Belgium,Belgian Grand Prix,LEC,16,Ferrari,3.0,40.0,106.174,MEDIUM,81.241,12763.95
11287.0,280.0,7,100.0,False,0,car,5301.490555555559,,,,,,,,2025,Belgium,Belgian Grand Prix,LEC,16,Ferrari,3.0,40.0,106.174,MEDIUM,81.441,12764.15
11353.0,284.0,7,100.0,False,0,car,5320.345000000004,,,,,,,,2025,Belgium,Belgian Grand Prix,LEC,16,Ferrari,3.0,40.0,106.174,MEDIUM,81.68,12764.389
11517.0,286.0,7,100.0,False,0,car,5342.5894444444475,,,,,,,,2025,Belgium,Belgian Grand Prix,LEC,16,Ferrari,3.0,40.0,106.174,MEDIUM,81.96,12764.669
11625.0,289.0,7,100.0,False,0,car,5368.278333333337,,,,,,,,2025,Belgium,Belgian Grand Prix,LEC,16,Ferrari,3.0,40.0,106.174,MEDIUM,82.28,12764.989
11625.0,292.0,8,100.0,False,0,car,5394.233888888893,,,,,,,,2025,Belgium,Belgian Grand Prix,LEC,16,Ferrari,3.0,40.0,106.174,MEDIUM,82.6,12765.309
10522.0,296.0,8,100.0,False,0,car,5417.2561111111145,,,,,,,,2025,Belgium,Belgian Grand Prix,LEC,16,Ferrari,3.0,40.0,106.174,MEDIUM,82.88,12765.589
10618.0,296.0,8,100.0,False,0,car,5436.989444444449,,,,,,,,2025,Belgium,Belgian Grand Prix,LEC,16,Ferrari,3.0,40.0,106.174,MEDIUM,83.12,12765.829
10689.0,299.0,8,100.0,False,0,car,5466.889444444449,,,,,,,,2025,Belgium,Belgian Grand Prix,LEC,16,Ferrari,3.0,40.0,106.174,MEDIUM,83.48,12766.189
10728.0,301.0,8,100.0,False,0,car,5486.956111111115,,,,,,,,2025,Belgium,Belgian Grand Prix,LEC,16,Ferrari,3.0,40.0,106.174,MEDIUM,83.72,12766.429
10796.0,302.0,8,100.0,False,0,car,5503.7338888888935,,,,,,,,2025,Belgium,Belgian Grand Prix,LEC,16,Ferrari,3.0,40.0,106.174,MEDIUM,83.92,12766.629
10828.0,303.0,8,100.0,False,0,car,5517.20055555556,,,,,,,,2025,Belgium,Belgian Grand Prix,LEC,16,Ferrari,3.0,40.0,106.174,MEDIUM,84.08,12766.789
10859.0,304.0,8,100.0,False,0,car,5540.845000000004,,,,,,,,2025,Belgium,Belgian Grand Prix,LEC,16,Ferrari,3.0,40.0,106.174,MEDIUM,84.36,12767.069
10854.0,305.0,8,100.0,False,0,car,5554.40055555556,,,,,,,,2025,Belgium,Belgian Grand Prix,LEC,16,Ferrari,3.0,40.0,106.174,MEDIUM,84.52,12767.229
10927.0,306.0,8,100.0,False,0,car,5578.20055555556,,,,,,,,2025,Belgium,Belgian Grand Prix,LEC,16,Ferrari,3.0,40.0,106.174,MEDIUM,84.8,12767.509
10952.0,307.0,8,100.0,False,0,car,5595.256111111115,,,,,,,,2025,Belgium,Belgian Grand Prix,LEC,16,Ferrari,3.0,40.0,106.174,MEDIUM,85.0,12767.709
10998.0,308.0,8,100.0,False,0,car,5612.367222222227,,,,,,,,2025,Belgium,Belgian Grand Prix,LEC,16,Ferrari,3.0,40.0,106.174,MEDIUM,85.2,12767.909
11042.0,310.0,8,100.0,False,0,car,5636.478333333338,,,,,,,,2025,Belgium,Belgian Grand Prix,LEC,16,Ferrari,3.0,40.0,106.174,MEDIUM,85.48,12768.189
11094.0,310.0,8,100.0,False,0,car,5664.033888888893,,,,,,,,2025,Belgium,Belgian Grand Prix,LEC,16,Ferrari,3.0,40.0,106.174,MEDIUM,85.8,12768.509
11168.0,313.0,8,100.0,False,0,car,5691.856111111116,,,,,,,,2025,Belgium,Belgian Grand Prix,LEC,16,Ferrari,3.0,40.0,106.174,MEDIUM,86.12,12768.829
11196.0,313.0,8,100.0,False,0,car,5712.722777777782,,,,,,,,2025,Belgium,Belgian Grand Prix,LEC,16,Ferrari,3.0,40.0,106.174,MEDIUM,86.36,12769.069
11212.0,314.0,8,100.0,False,0,car,5733.656111111114,,,,,,,,2025,Belgium,Belgian Grand Prix,LEC,16,Ferrari,3.0,40.0,106.174,MEDIUM,86.6,12769.309
11229.0,315.0,8,100.0,False,0,car,5765.156111111114,,,,,,,,2025,Belgium,Belgian Grand Prix,LEC,16,Ferrari,3.0,40.0,106.174,MEDIUM,86.96,12769.669
11253.0,316.0,8,100.0,False,0,car,5793.2450000000035,,,,,,,,2025,Belgium,Belgian Grand Prix,LEC,16,Ferrari,3.0,40.0,106.174,MEDIUM,87.28,12769.989
11294.0,317.0,8,100.0,False,0,car,5821.4227777777805,,,,,,,,2025,Belgium,Belgian Grand Prix,LEC,16,Ferrari,3.0,40.0,106.174,MEDIUM,87.6,12770.309
11281.0,317.0,8,100.0,False,0,car,5846.1663888888925,,,,,,,,2025,Belgium,Belgian Grand Prix,LEC,16,Ferrari,3.0,40.0,106.174,MEDIUM,87.881,12770.59
11303.0,317.0,8,100.0,False,0,car,5863.777500000004,,,,,,,,2025,Belgium,Belgian Grand Prix,LEC,16,Ferrari,3.0,40.0,106.174,MEDIUM,88.081,12770.79
11296.0,316.0,8,100.0,False,0,car,5877.73416666667,,,,,,,,2025,Belgium,Belgian Grand Prix,LEC,16,Ferrari,3.0,40.0,106.174,MEDIUM,88.24,12770.949
11295.0,316.0,8,100.0,False,0,car,5902.311944444447,,,,,,,,2025,Belgium,Belgian Grand Prix,LEC,16,Ferrari,3.0,40.0,106.174,MEDIUM,88.52,12771.229
11322.0,316.0,8,100.0,False,0,car,5919.867500000003,,,,,,,,2025,Belgium,Belgian Grand Prix,LEC,16,Ferrari,3.0,40.0,106.174,MEDIUM,88.72,12771.429
11307.0,317.0,8,100.0,False,0,car,5944.523055555559,,,,,,,,2025,Belgium,Belgian Grand Prix,LEC,16,Ferrari,3.0,40.0,106.174,MEDIUM,89.0,12771.709
11330.0,317.0,8,100.0,False,0,car,5972.700833333336,,,,,,,,2025,Belgium,Belgian Grand Prix,LEC,16,Ferrari,3.0,40.0,106.174,MEDIUM,89.32,12772.029
11355.0,319.0,8,100.0,False,0,car,5990.423055555559,,,,,,,,2025,Belgium,Belgian Grand Prix,LEC,16,Ferrari,3.0,40.0,106.174,MEDIUM,89.52,12772.229
11358.0,320.0,8,100.0,False,0,car,6022.423055555559,,,,,,,,2025,Belgium,Belgian Grand Prix,LEC,16,Ferrari,3.0,40.0,106.174,MEDIUM,89.88,12772.589
11357.0,319.0,8,100.0,False,0,car,6047.23416666667,,,,,,,,2025,Belgium,Belgian Grand Prix,LEC,16,Ferrari,3.0,40.0,106.174,MEDIUM,90.16,12772.869
11418.0,319.0,8,100.0,False,0,car,6075.589722222226,,,,,,,,2025,Belgium,Belgian Grand Prix,LEC,16,Ferrari,3.0,40.0,106.174,MEDIUM,90.48,12773.189
11372.0,320.0,8,100.0,False,0,car,6100.478611111114,,,,,,,,2025,Belgium,Belgian Grand Prix,LEC,16,Ferrari,3.0,40.0,106.174,MEDIUM,90.76,12773.469
11386.0,319.0,8,100.0,False,0,car,6118.200833333335,,,,,,,,2025,Belgium,Belgian Grand Prix,LEC,16,Ferrari,3.0,40.0,106.174,MEDIUM,90.96,12773.669
11356.0,318.0,8,100.0,False,0,car,6132.334166666669,,,,,,,,2025,Belgium,Belgian Grand Prix,LEC,16,Ferrari,3.0,40.0,106.174,MEDIUM,91.12,12773.829
11314.0,317.0,8,100.0,False,0,car,6156.989722222225,,,,,,,,2025,Belgium,Belgian Grand Prix,LEC,16,Ferrari,3.0,40.0,106.174,MEDIUM,91.4,12774.109
11292.0,315.0,8,100.0,False,0,car,6170.989722222225,,,,,,,,2025,Belgium,Belgian Grand Prix,LEC,16,Ferrari,3.0,40.0,106.174,MEDIUM,91.56,12774.269
11295.0,316.0,8,100.0,False,0,car,6185.034166666669,,,,,,,,2025,Belgium,Belgian Grand Prix,LEC,16,Ferrari,3.0,40.0,106.174,MEDIUM,91.72,12774.429
11223.0,315.0,8,100.0,False,0,car,6206.034166666669,,,,,,,,2025,Belgium,Belgian Grand Prix,LEC,16,Ferrari,3.0,40.0,106.174,MEDIUM,91.96,12774.669
11215.0,314.0,8,100.0,False,0,car,6244.411944444448,,,,,,,,2025,Belgium,Belgian Grand Prix,LEC,16,Ferrari,3.0,40.0,106.174,MEDIUM,92.4,12775.109
11303.0,315.0,8,100.0,False,0,car,6258.411944444448,,,,,,,,2025,Belgium,Belgian Grand Prix,LEC,16,Ferrari,3.0,40.0,106.174,MEDIUM,92.56,12775.269
11246.0,315.0,8,100.0,False,0,car,6275.911944444448,,,,,,,,2025,Belgium,Belgian Grand Prix,LEC,16,Ferrari,3.0,40.0,106.174,MEDIUM,92.76,12775.469
11258.0,316.0,8,100.0,False,0,car,6289.9563888888915,,,,,,,,2025,Belgium,Belgian Grand Prix,LEC,16,Ferrari,3.0,40.0,106.174,MEDIUM,92.92,12775.629
11271.0,317.0,8,100.0,False,0,car,6314.6119444444475,,,,,,,,2025,Belgium,Belgian Grand Prix,LEC,16,Ferrari,3.0,40.0,106.174,MEDIUM,93.2,12775.909
11287.0,317.0,8,100.0,False,0,car,6349.834166666669,,,,,,,,2025,Belgium,Belgian Grand Prix,LEC,16,Ferrari,3.0,40.0,106.174,MEDIUM,93.6,12776.309
11322.0,317.0,8,100.0,False,0,car,6363.923055555559,,,,,,,,2025,Belgium,Belgian Grand Prix,LEC,16,Ferrari,3.0,40.0,106.174,MEDIUM,93.76,12776.469
11303.0,319.0,8,100.0,False,0,car,6392.278611111114,,,,,,,,2025,Belgium,Belgian Grand Prix,LEC,16,Ferrari,3.0,40.0,106.174,MEDIUM,94.08,12776.789
11313.0,319.0,8,100.0,False,0,car,6406.4563888888915,,,,,,,,2025,Belgium,Belgian Grand Prix,LEC,16,Ferrari,3.0,40.0,106.174,MEDIUM,94.24,12776.949
11319.0,319.0,8,100.0,False,0,car,6420.722777777781,,,,,,,,2025,Belgium,Belgian Grand Prix,LEC,16,Ferrari,3.0,40.0,106.174,MEDIUM,94.401,12777.11
11334.0,319.0,8,100.0,False,0,car,6434.90055555556,,,,,,,,2025,Belgium,Belgian Grand Prix,LEC,16,Ferrari,3.0,40.0,106.174,MEDIUM,94.561,12777.27
11352.0,320.0,8,100.0,False,0,car,6459.789444444447,,,,,,,,2025,Belgium,Belgian Grand Prix,LEC,16,Ferrari,3.0,40.0,106.174,MEDIUM,94.841,12777.55
11316.0,320.0,8,100.0,False,0,car,6473.922777777781,,,,,,,,2025,Belgium,Belgian Grand Prix,LEC,16,Ferrari,3.0,40.0,106.174,MEDIUM,95.0,12777.709
11331.0,319.0,8,100.0,False,0,car,6491.645000000004,,,,,,,,2025,Belgium,Belgian Grand Prix,LEC,16,Ferrari,3.0,40.0,106.174,MEDIUM,95.2,12777.909
11358.0,319.0,8,100.0,False,0,car,6520.000555555559,,,,,,,,2025,Belgium,Belgian Grand Prix,LEC,16,Ferrari,3.0,40.0,106.174,MEDIUM,95.52,12778.229
11321.0,319.0,8,100.0,False,0,car,6548.356111111115,,,,,,,,2025,Belgium,Belgian Grand Prix,LEC,16,Ferrari,3.0,40.0,106.174,MEDIUM,95.84,12778.549
10946.0,319.0,8,40.0,True,0,car,6566.0783333333375,,,,,,,,2025,Belgium,Belgian Grand Prix,LEC,16,Ferrari,3.0,40.0,106.174,MEDIUM,96.04,12778.749
10085.0,278.0,8,0.0,True,0,car,6587.700555555559,,,,,,,,2025,Belgium,Belgian Grand Prix,LEC,16,Ferrari,3.0,40.0,106.174,MEDIUM,96.32,12779.029
10316.0,236.0,8,0.0,True,0,car,6606.056111111115,,,,,,,,2025,Belgium,Belgian Grand Prix,LEC,16,Ferrari,3.0,40.0,106.174,MEDIUM,96.6,12779.309
9835.0,198.0,8,0.0,True,0,car,6621.456111111114,,,,,,,,2025,Belgium,Belgian Grand Prix,LEC,16,Ferrari,3.0,40.0,106.174,MEDIUM,96.88,12779.589
9744.0,171.0,5,0.0,True,0,car,6634.7561111111145,,,,,,,,2025,Belgium,Belgian Grand Prix,LEC,16,Ferrari,3.0,40.0,106.174,MEDIUM,97.16,12779.869
10111.0,155.0,4,0.0,True,0,car,6646.81166666667,,,,,,,,2025,Belgium,Belgian Grand Prix,LEC,16,Ferrari,3.0,40.0,106.174,MEDIUM,97.44,12780.149
6508.0,95.0,3,0.0,True,0,car,6676.367222222226,,,,,,,,2025,Belgium,Belgian Grand Prix,LEC,16,Ferrari,3.0,40.0,106.174,MEDIUM,98.56,12781.269
5941.0,85.0,3,0.0,True,0,car,6687.700555555559,,,,,,,,2025,Belgium,Belgian Grand Prix,LEC,16,Ferrari,3.0,40.0,106.174,MEDIUM,99.04,12781.749
5929.0,77.0,3,9.0,False,0,car,6692.833888888892,,,,,,,,2025,Belgium,Belgian Grand Prix,LEC,16,Ferrari,3.0,40.0,106.174,MEDIUM,99.28,12781.989
5814.0,76.0,3,19.0,False,0,car,6700.433888888892,,,,,,,,2025,Belgium,Belgian Grand Prix,LEC,16,Ferrari,3.0,40.0,106.174,MEDIUM,99.64,12782.349
6094.0,76.0,3,19.0,False,0,car,6704.656111111115,,,,,,,,2025,Belgium,Belgian Grand Prix,LEC,16,Ferrari,3.0,40.0,106.174,MEDIUM,99.84,12782.549
6545.0,83.0,3,42.0,False,0,car,6712.956111111115,,,,,,,,2025,Belgium,Belgian Grand Prix,LEC,16,Ferrari,3.0,40.0,106.174,MEDIUM,100.2,12782.909
6732.0,87.0,3,0.0,False,0,car,6717.789444444448,,,,,,,,2025,Belgium,Belgian Grand Prix,LEC,16,Ferrari,3.0,40.0,106.174,MEDIUM,100.4,12783.109
5900.0,85.0,3,0.0,True,0,car,6721.567222222226,,,,,,,,2025,Belgium,Belgian Grand Prix,LEC,16,Ferrari,3.0,40.0,106.174,MEDIUM,100.56,12783.269
5926.0,82.0,3,0.0,True,0,car,6726.122777777781,,,,,,,,2025,Belgium,Belgian Grand Prix,LEC,16,Ferrari,3.0,40.0,106.174,MEDIUM,100.76,12783.469
5667.0,78.0,3,0.0,False,0,car,6730.477777777781,,,,,,,,2025,Belgium,Belgian Grand Prix,LEC,16,Ferrari,3.0,40.0,106.174,MEDIUM,100.961,12783.67
5817.0,74.0,3,9.0,False,0,car,6736.233333333336,,,,,,,,2025,Belgium,Belgian Grand Prix,LEC,16,Ferrari,3.0,40.0,106.174,MEDIUM,101.241,12783.95
5824.0,75.0,3,19.0,False,0,car,6742.066666666669,,,,,,,,2025,Belgium,Belgian Grand Prix,LEC,16,Ferrari,3.0,40.0,106.174,MEDIUM,101.521,12784.23
6118.0,77.0,3,36.0,False,0,car,6749.745277777781,,,,,,,,2025,Belgium,Belgian Grand Prix,LEC,16,Ferrari,3.0,40.0,106.174,MEDIUM,101.88,12784.589
6896.0,86.0,3,49.0,False,0,car,6760.256388888892,,,,,,,,2025,Belgium,Belgian Grand Prix,LEC,16,Ferrari,3.0,40.0,106.174,MEDIUM,102.32,12785.029
7588.0,88.0,3,57.0,False,0,car,6766.1230555555585,,,,,,,,2025,Belgium,Belgian Grand Prix,LEC,16,Ferrari,3.0,40.0,106.174,MEDIUM,102.56,12785.269
7588.0,104.0,3,57.0,False,0,car,6775.367500000003,,,,,,,,2025,Belgium,Belgian Grand Prix,LEC,16,Ferrari,3.0,40.0,106.174,MEDIUM,102.88,12785.589
9308.0,112.0,3,75.0,False,0,car,6784.078611111114,,,,,,,,2025,Belgium,Belgian Grand Prix,LEC,16,Ferrari,3.0,40.0,106.174,MEDIUM,103.16,12785.869
10193.0,125.0,3,80.0,False,0,car,6793.800833333336,,,,,,,,2025,Belgium,Belgian Grand Prix,LEC,16,Ferrari,3.0,40.0,106.174,MEDIUM,103.44,12786.149
10729.0,134.0,3,88.0,False,0,car,6801.245277777781,,,,,,,,2025,Belgium,Belgian Grand Prix,LEC,16,Ferrari,3.0,40.0,106.174,MEDIUM,103.64,12786.349
10641.0,149.0,3,99.0,False,0,car,6814.489722222225,,,,,,,,2025,Belgium,Belgian Grand Prix,LEC,16,Ferrari,3.0,40.0,106.174,MEDIUM,103.96,12786.669
10643.0,160.0,3,99.0,False,0,car,6821.600833333337,,,,,,,,2025,Belgium,Belgian Grand Prix,LEC,16,Ferrari,3.0,40.0,106.174,MEDIUM,104.12,12786.829
10698.0,170.0,4,100.0,False,0,car,6831.045277777781,,,,,,,,2025,Belgium,Belgian Grand Prix,LEC,16,Ferrari,3.0,40.0,106.174,MEDIUM,104.32,12787.029
11657.0,182.0,4,100.0,False,0,car,6845.200833333337,,,,,,,,2025,Belgium,Belgian Grand Prix,LEC,16,Ferrari,3.0,40.0,106.174,MEDIUM,104.6,12787.309
11396.0,186.0,4,100.0,False,0,car,6857.6008333333375,,,,,,,,2025,Belgium,Belgian Grand Prix,LEC,16,Ferrari,3.0,40.0,106.174,MEDIUM,104.84,12787.549
10734.0,194.0,5,100.0,False,0,car,6866.22305555556,,,,,,,,2025,Belgium,Belgian Grand Prix,LEC,16,Ferrari,3.0,40.0,106.174,MEDIUM,105.0,12787.709
10962.0,201.0,5,100.0,False,0,car,6875.156388888893,,,,,,,,2025,Belgium,Belgian Grand Prix,LEC,16,Ferrari,3.0,40.0,106.174,MEDIUM,105.16,12787.869
11414.0,211.0,5,100.0,False,0,car,6891.567500000005,,,,,,,,2025,Belgium,Belgian Grand Prix,LEC,16,Ferrari,3.0,40.0,106.174,MEDIUM,105.44,12788.149
11741.0,217.0,5,100.0,False,0,car,6903.62305555556,,,,,,,,2025,Belgium,Belgian Grand Prix,LEC,16,Ferrari,3.0,40.0,106.174,MEDIUM,105.64,12788.349
11140.0,228.0,6,100.0,False,0,car,6926.4230555555605,,,,,,,,2025,Belgium,Belgian Grand Prix,LEC,16,Ferrari,3.0,40.0,106.174,MEDIUM,106.0,12788.709
10647.0,264.0,6,99.0,False,0,car,10.633333333333331,,,,,,,,2025,Great Britain,British Grand Prix,NOR,4,McLaren,1.0,48.0,89.734,MEDIUM,0.145,8754.3
10721.0,267.0,7,99.0,False,0,car,25.466666666666665,,,,,,,,2025,Great Britain,British Grand Prix,NOR,4,McLaren,1.0,48.0,89.734,MEDIUM,0.345,8754.5
10849.0,268.0,7,99.0,False,0,car,40.355555555555554,,,,,,,,2025,Great Britain,British Grand Prix,NOR,4,McLaren,1.0,48.0,89.734,MEDIUM,0.545,8754.7
11056.0,277.0,7,99.0,False,0,car,74.21111111111111,,,,,,,,2025,Great Britain,British Grand Prix,NOR,4,McLaren,1.0,48.0,89.734,MEDIUM,0.985,8755.14
11179.0,281.0,7,99.0,False,0,car,105.43333333333334,,,,,,,,2025,Great Britain,British Grand Prix,NOR,4,McLaren,1.0,48.0,89.734,MEDIUM,1.385,8755.54
11179.0,283.0,7,99.0,False,0,car,118.0111111111111,,,,,,,,2025,Great Britain,British Grand Prix,NOR,4,McLaren,1.0,48.0,89.734,MEDIUM,1.545,8755.7
11382.0,285.0,7,99.0,False,0,car,137.01111111111112,,,,,,,,2025,Great Britain,British Grand Prix,NOR,4,McLaren,1.0,48.0,89.734,MEDIUM,1.785,8755.94
11421.0,287.0,7,99.0,False,0,car,149.76666666666668,,,,,,,,2025,Great Britain,British Grand Prix,NOR,4,McLaren,1.0,48.0,89.734,MEDIUM,1.945,8756.1
10460.0,295.0,7,99.0,False,0,car,248.01805555555558,,,,,,,,2025,Great Britain,British Grand Prix,NOR,4,McLaren,1.0,48.0,89.734,MEDIUM,3.144,8757.299
10469.0,297.0,7,99.0,False,0,car,261.21805555555557,,,,,,,,2025,Great Britain,British Grand Prix,NOR,4,McLaren,1.0,48.0,89.734,MEDIUM,3.304,8757.459
10509.0,298.0,8,99.0,False,0,car,281.08472222222224,,,,,,,,2025,Great Britain,British Grand Prix,NOR,4,McLaren,1.0,48.0,89.734,MEDIUM,3.544,8757.699
10581.0,299.0,8,99.0,False,0,car,297.6958333333334,,,,,,,,2025,Great Britain,British Grand Prix,NOR,4,McLaren,1.0,48.0,89.734,MEDIUM,3.744,8757.899
10616.0,300.0,8,99.0,False,0,car,314.3625,,,,,,,,2025,Great Britain,British Grand Prix,NOR,4,McLaren,1.0,48.0,89.734,MEDIUM,3.944,8758.099
10644.0,302.0,8,99.0,False,0,car,334.49583333333334,,,,,,,,2025,Great Britain,British Grand Prix,NOR,4,McLaren,1.0,48.0,89.734,MEDIUM,4.184,8758.339
10676.0,302.0,8,84.0,False,0,car,361.3402777777777,,,,,,,,2025,Great Britain,British Grand Prix,NOR,4,McLaren,1.0,48.0,89.734,MEDIUM,4.504,8758.659
10676.0,302.0,8,84.0,False,0,car,374.76249999999993,,,,,,,,2025,Great Britain,British Grand Prix,NOR,4,McLaren,1.0,48.0,89.734,MEDIUM,4.664,8758.819
10606.0,300.0,8,84.0,False,0,car,398.0958333333333,,,,,,,,2025,Great Britain,British Grand Prix,NOR,4,McLaren,1.0,48.0,89.734,MEDIUM,4.944,8759.099
10520.0,297.0,8,82.0,False,0,car,417.8958333333333,,,,,,,,2025,Great Britain,British Grand Prix,NOR,4,McLaren,1.0,48.0,89.734,MEDIUM,5.184,8759.339
10463.0,296.0,8,93.0,False,0,car,431.0513888888889,,,,,,,,2025,Great Britain,British Grand Prix,NOR,4,McLaren,1.0,48.0,89.734,MEDIUM,5.344,8759.499
10462.0,295.0,8,98.0,False,0,car,444.2444444444444,,,,,,,,2025,Great Britain,British Grand Prix,NOR,4,McLaren,1.0,48.0,89.734,MEDIUM,5.505,8759.66
10458.0,295.0,8,98.0,False,0,car,460.6333333333333,,,,,,,,2025,Great Britain,British Grand Prix,NOR,4,McLaren,1.0,48.0,89.734,MEDIUM,5.705,8759.86
10472.0,296.0,8,98.0,False,0,car,477.0777777777778,,,,,,,,2025,Great Britain,British Grand Prix,NOR,4,McLaren,1.0,48.0,89.734,MEDIUM,5.905,8760.06
10502.0,296.0,8,98.0,False,0,car,500.09999999999997,,,,,,,,2025,Great Britain,British Grand Prix,NOR,4,McLaren,1.0,48.0,89.734,MEDIUM,6.185,8760.34
10471.0,297.0,8,98.0,False,0,car,523.1999999999999,,,,,,,,2025,Great Britain,British Grand Prix,NOR,4,McLaren,1.0,48.0,89.734,MEDIUM,6.465,8760.62
10539.0,298.0,8,99.0,False,0,car,536.4444444444443,,,,,,,,2025,Great Britain,British Grand Prix,NOR,4,McLaren,1.0,48.0,89.734,MEDIUM,6.625,8760.78
10607.0,301.0,8,99.0,False,0,car,559.8555555555555,,,,,,,,2025,Great Britain,British Grand Prix,NOR,4,McLaren,1.0,48.0,89.734,MEDIUM,6.905,8761.06
10685.0,301.0,8,99.0,False,0,car,586.611111111111,,,,,,,,2025,Great Britain,British Grand Prix,NOR,4,McLaren,1.0,48.0,89.734,MEDIUM,7.225,8761.38
10652.0,302.0,8,99.0,False,0,car,600.0333333333332,,,,,,,,2025,Great Britain,British Grand Prix,NOR,4,McLaren,1.0,48.0,89.734,MEDIUM,7.385,8761.54
10651.0,302.0,8,99.0,False,0,car,613.4555555555554,,,,,,,,2025,Great Britain,British Grand Prix,NOR,4,McLaren,1.0,48.0,89.734,MEDIUM,7.545,8761.7
10610.0,300.0,8,99.0,False,0,car,640.1222222222221,,,,,,,,2025,Great Britain,British Grand Prix,NOR,4,McLaren,1.0,48.0,89.734,MEDIUM,7.865,8762.02
10577.0,299.0,8,99.0,False,0,car,653.411111111111,,,,,,,,2025,Great Britain,British Grand Prix,NOR,4,McLaren,1.0,48.0,89.734,MEDIUM,8.025,8762.18
10491.0,298.0,8,99.0,False,0,car,666.6555555555555,,,,,,,,2025,Great Britain,British Grand Prix,NOR,4,McLaren,1.0,48.0,89.734,MEDIUM,8.185,8762.34
10522.0,298.0,8,99.0,False,0,car,686.5222222222221,,,,,,,,2025,Great Britain,British Grand Prix,NOR,4,McLaren,1.0,48.0,89.734,MEDIUM,8.425,8762.58
10467.0,296.0,8,99.0,False,0,car,719.4111111111109,,,,,,,,2025,Great Britain,British Grand Prix,NOR,4,McLaren,1.0,48.0,89.734,MEDIUM,8.825,8762.98
10443.0,296.0,8,99.0,False,0,car,735.8555555555555,,,,,,,,2025,Great Britain,British Grand Prix,NOR,4,McLaren,1.0,48.0,89.734,MEDIUM,9.025,8763.18
10174.0,294.0,8,74.0,False,0,car,755.3738888888887,,,,,,,,2025,Great Britain,British Grand Prix,NOR,4,McLaren,1.0,48.0,89.734,MEDIUM,9.264,8763.419
9752.0,284.0,8,0.0,True,0,car,774.3072222222221,,,,,,,,2025,Great Britain,British Grand Prix,NOR,4,McLaren,1.0,48.0,89.734,MEDIUM,9.504,8763.659
10056.0,239.0,8,0.0,True,0,car,798.2072222222222,,,,,,,,2025,Great Britain,British Grand Prix,NOR,4,McLaren,1.0,48.0,89.734,MEDIUM,9.864,8764.019
9917.0,226.0,7,0.0,True,0,car,815.785,,,,,,,,2025,Great Britain,British Grand Prix,NOR,4,McLaren,1.0,48.0,89.734,MEDIUM,10.144,8764.299
10477.0,177.0,5,0.0,True,0,car,835.4516666666666,,,,,,,,2025,Great Britain,British Grand Prix,NOR,4,McLaren,1.0,48.0,89.734,MEDIUM,10.544,8764.699
9357.0,157.0,4,0.0,True,0,car,845.9183333333333,,,,,,,,2025,Great Britain,British Grand Prix,NOR,4,McLaren,1.0,48.0,89.734,MEDIUM,10.784,8764.939
8834.0,139.0,4,0.0,True,0,car,861.3627777777776,,,,,,,,2025,Great Britain,British Grand Prix,NOR,4,McLaren,1.0,48.0,89.734,MEDIUM,11.184,8765.339
9051.0,130.0,4,0.0,True,0,car,870.0294444444443,,,,,,,,2025,Great Britain,British Grand Prix,NOR,4,McLaren,1.0,48.0,89.734,MEDIUM,11.424,8765.579
8396.0,123.0,3,0.0,True,0,car,880.9627777777777,,,,,,,,2025,Great Britain,British Grand Prix,NOR,4,McLaren,1.0,48.0,89.734,MEDIUM,11.744,8765.899
7927.0,112.0,3,0.0,False,0,car,894.6827777777777,,,,,,,,2025,Great Britain,British Grand Prix,NOR,4,McLaren,1.0,48.0,89.734,MEDIUM,12.185,8766.34
7802.0,108.0,3,0.0,False,0,car,904.2827777777777,,,,,,,,2025,Great Britain,British Grand Prix,NOR,4,McLaren,1.0,48.0,89.734,MEDIUM,12.505,8766.66
7836.0,107.0,3,19.0,False,0,car,911.416111111111,,,,,,,,2025,Great Britain,British Grand Prix,NOR,4,McLaren,1.0,48.0,89.734,MEDIUM,12.745,8766.9
8124.0,108.0,3,35.0,False,0,car,917.416111111111,,,,,,,,2025,Great Britain,British Grand Prix,NOR,4,McLaren,1.0,48.0,89.734,MEDIUM,12.945,8767.1
8843.0,116.0,3,48.0,False,0,car,931.5938888888888,,,,,,,,2025,Great Britain,British Grand Prix,NOR,4,McLaren,1.0,48.0,89.734,MEDIUM,13.385,8767.54
9380.0,121.0,3,52.0,False,0,car,941.0049999999999,,,,,,,,2025,Great Britain,British Grand Prix,NOR,4,McLaren,1.0,48.0,89.734,MEDIUM,13.665,8767.82
9920.0,126.0,3,64.0,False,0,car,950.805,,,,,,,,2025,Great Britain,British Grand Prix,NOR,4,McLaren,1.0,48.0,89.734,MEDIUM,13.945,8768.1
9338.0,137.0,3,5.0,False,0,car,964.5049999999999,,,,,,,,2025,Great Britain,British Grand Prix,NOR,4,McLaren,1.0,48.0,89.734,MEDIUM,14.305,8768.46
8305.0,121.0,3,0.0,True,0,car,977.9494444444443,,,,,,,,2025,Great Britain,British Grand Prix,NOR,4,McLaren,1.0,48.0,89.734,MEDIUM,14.705,8768.86
8305.0,114.0,3,0.0,True,0,car,983.0161111111111,,,,,,,,2025,Great Britain,British Grand Prix,NOR,4,McLaren,1.0,48.0,89.734,MEDIUM,14.865,8769.02
7650.0,111.0,3,0.0,True,0,car,987.9494444444445,,,,,,,,2025,Great Britain,British Grand Prix,NOR,4,McLaren,1.0,48.0,89.734,MEDIUM,15.025,8769.18
7185.0,104.0,3,0.0,True,0,car,994.8827777777778,,,,,,,,2025,Great Britain,British Grand Prix,NOR,4,McLaren,1.0,48.0,89.734,MEDIUM,15.265,8769.42
6841.0,100.0,3,0.0,True,0,car,1000.4383333333334,,,,,,,,2025,Great Britain,British Grand Prix,NOR,4,McLaren,1.0,48.0,89.734,MEDIUM,15.465,8769.62
6677.0,96.0,3,0.0,True,0,car,1005.7716666666666,,,,,,,,2025,Great Britain,British Grand Prix,NOR,4,McLaren,1.0,48.0,89.734,MEDIUM,15.665,8769.82
6673.0,95.0,3,0.0,False,0,car,1009.9938888888888,,,,,,,,2025,Great Britain,British Grand Prix,NOR,4,McLaren,1.0,48.0,89.734,MEDIUM,15.825,8769.98
6379.0,92.0,3,0.0,False,0,car,1015.0794444444444,,,,,,,,2025,Great Britain,British Grand Prix,NOR,4,McLaren,1.0,48.0,89.734,MEDIUM,16.024,8770.179
6074.0,88.0,3,9.0,False,0,car,1020.9461111111111,,,,,,,,2025,Great Britain,British Grand Prix,NOR,4,McLaren,1.0,48.0,89.734,MEDIUM,16.264,8770.419
6319.0,87.0,3,0.0,False,0,car,1026.746111111111,,,,,,,,2025,Great Britain,British Grand Prix,NOR,4,McLaren,1.0,48.0,89.734,MEDIUM,16.504,8770.659
6045.0,84.0,3,11.0,False,0,car,1034.2127777777778,,,,,,,,2025,Great Britain,British Grand Prix,NOR,4,McLaren,1.0,48.0,89.734,MEDIUM,16.824,8770.979
6291.0,87.0,3,28.0,False,0,car,1042.9127777777778,,,,,,,,2025,Great Britain,British Grand Prix,NOR,4,McLaren,1.0,48.0,89.734,MEDIUM,17.184,8771.339
6584.0,89.0,3,42.0,False,0,car,1048.8461111111112,,,,,,,,2025,Great Britain,British Grand Prix,NOR,4,McLaren,1.0,48.0,89.734,MEDIUM,17.424,8771.579
6904.0,93.0,3,51.0,False,0,car,1052.9794444444447,,,,,,,,2025,Great Britain,British Grand Prix,NOR,4,McLaren,1.0,48.0,89.734,MEDIUM,17.584,8771.739
7718.0,100.0,3,69.0,False,0,car,1062.9794444444447,,,,,,,,2025,Great Britain,British Grand Prix,NOR,4,McLaren,1.0,48.0,89.734,MEDIUM,17.944,8772.099
9132.0,121.0,3,89.0,False,0,car,1079.112777777778,,,,,,,,2025,Great Britain,British Grand Prix,NOR,4,McLaren,1.0,48.0,89.734,MEDIUM,18.424,8772.579
10218.0,131.0,3,99.0,False,0,car,1089.338055555556,,,,,,,,2025,Great Britain,British Grand Prix,NOR,4,McLaren,1.0,48.0,89.734,MEDIUM,18.705,8772.86
11696.0,158.0,3,99.0,False,0,car,1105.138055555556,,,,,,,,2025,Great Britain,British Grand Prix,NOR,4,McLaren,1.0,48.0,89.734,MEDIUM,19.065,8773.22
10653.0,163.0,3,99.0,False,0,car,1116.0047222222227,,,,,,,,2025,Great Britain,British Grand Prix,NOR,4,McLaren,1.0,48.0,89.734,MEDIUM,19.305,8773.46
11165.0,180.0,4,99.0,False,0,car,1132.0047222222227,,,,,,,,2025,Great Britain,British Grand Prix,NOR,4,McLaren,1.0,48.0,89.734,MEDIUM,19.625,8773.78
11580.0,188.0,4,99.0,False,0,car,1142.449166666667,,,,,,,,2025,Great Britain,British Grand Prix,NOR,4,McLaren,1.0,48.0,89.734,MEDIUM,19.825,8773.98
11008.0,205.0,5,99.0,False,0,car,1172.060277777778,,,,,,,,2025,Great Britain,British Grand Prix,NOR,4,McLaren,1.0,48.0,89.734,MEDIUM,20.345,8774.5
11094.0,212.0,5,99.0,False,0,car,1181.4825000000003,,,,,,,,2025,Great Britain,British Grand Prix,NOR,4,McLaren,1.0,48.0,89.734,MEDIUM,20.505,8774.66
10698.0,221.0,5,99.0,False,0,car,1208.4936111111115,,,,,,,,2025,Great Britain,British Grand Prix,NOR,4,McLaren,1.0,48.0,89.734,MEDIUM,20.945,8775.1
10345.0,226.0,6,99.0,False,0,car,1218.538055555556,,,,,,,,2025,Great Britain,British Grand Prix,NOR,4,McLaren,1.0,48.0,89.734,MEDIUM,21.105,8775.26
10700.0,236.0,6,99.0,False,0,car,1250.0047222222227,,,,,,,,2025,Great Britain,British Grand Prix,NOR,4,McLaren,1.0,48.0,89.734,MEDIUM,21.585,8775.74
11112.0,240.0,6,99.0,False,0,car,1268.6713888888892,,,,,,,,2025,Great Britain,British Grand Prix,NOR,4,McLaren,1.0,48.0,89.734,MEDIUM,21.865,8776.02
11188.0,246.0,6,99.0,False,0,car,1290.538055555556,,,,,,,,2025,Great Britain,British Grand Prix,NOR,4,McLaren,1.0,48.0,89.734,MEDIUM,22.185,8776.34
11285.0,246.0,6,99.0,False,0,car,1301.4713888888894,,,,,,,,2025,Great Britain,British Grand Prix,NOR,4,McLaren,1.0,48.0,89.734,MEDIUM,22.345,8776.5
11417.0,252.0,6,99.0,False,0,car,1318.2713888888895,,,,,,,,2025,Great Britain,British Grand Prix,NOR,4,McLaren,1.0,48.0,89.734,MEDIUM,22.585,8776.74
11662.0,254.0,6,99.0,False,0,car,1329.4897222222228,,,,,,,,2025,Great Britain,British Grand Prix,NOR,4,McLaren,1.0,48.0,89.734,MEDIUM,22.744,8776.899
10347.0,261.0,6,99.0,False,0,car,1352.6897222222228,,,,,,,,2025,Great Britain,British Grand Prix,NOR,4,McLaren,1.0,48.0,89.734,MEDIUM,23.064,8777.219
10466.0,263.0,7,99.0,False,0,car,1373.1452777777786,,,,,,,,2025,Great Britain,British Grand Prix,NOR,4,McLaren,1.0,48.0,89.734,MEDIUM,23.344,8777.499
10623.0,266.0,7,99.0,False,0,car,1387.9230555555564,,,,,,,,2025,Great Britain,British Grand Prix,NOR,4,McLaren,1.0,48.0,89.734,MEDIUM,23.544,8777.699
10820.0,270.0,7,99.0,False,0,car,1408.9230555555564,,,,,,,,2025,Great Britain,British Grand Prix,NOR,4,McLaren,1.0,48.0,89.734,MEDIUM,23.824,8777.979
10881.0,272.0,7,99.0,False,0,car,1421.0119444444454,,,,,,,,2025,Great Britain,British Grand Prix,NOR,4,McLaren,1.0,48.0,89.734,MEDIUM,23.984,8778.139
11018.0,273.0,7,99.0,False,0,car,1436.1786111111119,,,,,,,,2025,Great Britain,British Grand Prix,NOR,4,McLaren,1.0,48.0,89.734,MEDIUM,24.184,8778.339
11045.0,273.0,7,99.0,False,0,car,1448.3119444444453,,,,,,,,2025,Great Britain,British Grand Prix,NOR,4,McLaren,1.0,48.0,89.734,MEDIUM,24.344,8778.499
11149.0,279.0,7,99.0,False,0,car,1470.0119444444451,,,,,,,,2025,Great Britain,British Grand Prix,NOR,4,McLaren,1.0,48.0,89.734,MEDIUM,24.624,8778.779
11253.0,282.0,7,99.0,False,0,car,1488.8119444444453,,,,,,,,2025,Great Britain,British Grand Prix,NOR,4,McLaren,1.0,48.0,89.734,MEDIUM,24.864,8779.019
11316.0,284.0,7,99.0,False,0,car,1507.7452777777785,,,,,,,,2025,Great Britain,British Grand Prix,NOR,4,McLaren,1.0,48.0,89.734,MEDIUM,25.104,8779.259
11390.0,285.0,7,99.0,False,0,car,1520.4911111111119,,,,,,,,2025,Great Britain,British Grand Prix,NOR,4,McLaren,1.0,48.0,89.734,MEDIUM,25.265,8779.42
11453.0,287.0,7,99.0,False,0,car,1536.4355555555562,,,,,,,,2025,Great Britain,British Grand Prix,NOR,4,McLaren,1.0,48.0,89.734,MEDIUM,25.465,8779.62
11509.0,288.0,7,99.0,False,0,car,1552.4355555555562,,,,,,,,2025,Great Britain,British Grand Prix,NOR,4,McLaren,1.0,48.0,89.734,MEDIUM,25.665,8779.82
11564.0,290.0,7,99.0,False,0,car,1568.5466666666673,,,,,,,,2025,Great Britain,British Grand Prix,NOR,4,McLaren,1.0,48.0,89.734,MEDIUM,25.865,8780.02
11681.0,293.0,7,99.0,False,0,car,1604.3577777777784,,,,,,,,2025,Great Britain,British Grand Prix,NOR,4,McLaren,1.0,48.0,89.734,MEDIUM,26.305,8780.46
11722.0,294.0,7,99.0,False,0,car,1620.6911111111117,,,,,,,,2025,Great Britain,British Grand Prix,NOR,4,McLaren,1.0,48.0,89.734,MEDIUM,26.505,8780.66
11465.0,295.0,7,99.0,False,0,car,1633.8022222222228,,,,,,,,2025,Great Britain,British Grand Prix,NOR,4,McLaren,1.0,48.0,89.734,MEDIUM,26.665,8780.82
10551.0,298.0,8,99.0,False,0,car,1706.6466666666674,,,,,,,,2025,Great Britain,British Grand Prix,NOR,4,McLaren,1.0,48.0,89.734,MEDIUM,27.545,8781.7
10493.0,297.0,8,99.0,False,0,car,1739.6466666666674,,,,,,,,2025,Great Britain,British Grand Prix,NOR,4,McLaren,1.0,48.0,89.734,MEDIUM,27.945,8782.1
10445.0,297.0,8,99.0,False,0,car,1752.8466666666675,,,,,,,,2025,Great Britain,British Grand Prix,NOR,4,McLaren,1.0,48.0,89.734,MEDIUM,28.105,8782.26
10507.0,297.0,8,99.0,False,0,car,1772.6466666666674,,,,,,,,2025,Great Britain,British Grand Prix,NOR,4,McLaren,1.0,48.0,89.734,MEDIUM,28.345,8782.5
10471.0,297.0,8,99.0,False,0,car,1792.4466666666676,,,,,,,,2025,Great Britain,British Grand Prix,NOR,4,McLaren,1.0,48.0,89.734,MEDIUM,28.585,8782.74
10449.0,297.0,8,99.0,False,0,car,1805.6466666666677,,,,,,,,2025,Great Britain,British Grand Prix,NOR,4,McLaren,1.0,48.0,89.734,MEDIUM,28.745,8782.9
10250.0,297.0,8,23.0,False,0,car,1818.8466666666677,,,,,,,,2025,Great Britain,British Grand Prix,NOR,4,McLaren,1.0,48.0,89.734,MEDIUM,28.905,8783.06
11181.0,284.0,8,0.0,True,0,car,1844.0911111111122,,,,,,,,2025,Great Britain,British Grand Prix,NOR,4,McLaren,1.0,48.0,89.734,MEDIUM,29.225,8783.38
10965.0,269.0,8,0.0,True,0,car,1855.9719444444454,,,,,,,,2025,Great Britain,British Grand Prix,NOR,4,McLaren,1.0,48.0,89.734,MEDIUM,29.384,8783.539
11110.0,250.0,8,0.0,True,0,car,1869.8608333333343,,,,,,,,2025,Great Britain,British Grand Prix,NOR,4,McLaren,1.0,48.0,89.734,MEDIUM,29.584,8783.739
10980.0,233.0,6,0.0,True,0,car,1882.8052777777787,,,,,,,,2025,Great Britain,British Grand Prix,NOR,4,McLaren,1.0,48.0,89.734,MEDIUM,29.784,8783.939
11196.0,220.0,5,0.0,True,0,car,1895.027500000001,,,,,,,,2025,Great Britain,British Grand Prix,NOR,4,McLaren,1.0,48.0,89.734,MEDIUM,29.984,8784.139
10940.0,209.0,5,0.0,True,0,car,1906.6386111111121,,,,,,,,2025,Great Britain,British Grand Prix,NOR,4,McLaren,1.0,48.0,89.734,MEDIUM,30.184,8784.339
11897.0,194.0,5,0.0,True,0,car,1921.7275000000009,,,,,,,,2025,Great Britain,British Grand Prix,NOR,4,McLaren,1.0,48.0,89.734,MEDIUM,30.464,8784.619
10908.0,190.0,4,0.0,True,0,car,1932.2830555555565,,,,,,,,2025,Great Britain,British Grand Prix,NOR,4,McLaren,1.0,48.0,89.734,MEDIUM,30.664,8784.819
10666.0,179.0,4,0.0,True,0,car,1942.2275000000009,,,,,,,,2025,Great Britain,British Grand Prix,NOR,4,McLaren,1.0,48.0,89.734,MEDIUM,30.864,8785.019
10240.0,173.0,4,0.0,False,0,car,1957.6052777777786,,,,,,,,2025,Great Britain,British Grand Prix,NOR,4,McLaren,1.0,48.0,89.734,MEDIUM,31.184,8785.339
10094.0,168.0,4,0.0,False,0,car,1966.9386111111119,,,,,,,,2025,Great Britain,British Grand Prix,NOR,4,McLaren,1.0,48.0,89.734,MEDIUM,31.384,8785.539
10114.0,163.0,4,9.0,False,0,car,1983.2386111111118,,,,,,,,2025,Great Britain,British Grand Prix,NOR,4,McLaren,1.0,48.0,89.734,MEDIUM,31.744,8785.899
9731.0,159.0,4,21.0,False,0,car,1997.4161111111118,,,,,,,,2025,Great Britain,British Grand Prix,NOR,4,McLaren,1.0,48.0,89.734,MEDIUM,32.065,8786.22
9776.0,160.0,4,37.0,False,0,car,2008.0827777777786,,,,,,,,2025,Great Britain,British Grand Prix,NOR,4,McLaren,1.0,48.0,89.734,MEDIUM,32.305,8786.46
10053.0,160.0,4,50.0,False,0,car,2018.7494444444453,,,,,,,,2025,Great Britain,British Grand Prix,NOR,4,McLaren,1.0,48.0,89.734,MEDIUM,32.545,8786.7
10530.0,168.0,4,76.0,False,0,car,2033.6827777777787,,,,,,,,2025,Great Britain,British Grand Prix,NOR,4,McLaren,1.0,48.0,89.734,MEDIUM,32.865,8787.02
10796.0,175.0,4,80.0,False,0,car,2045.3494444444452,,,,,,,,2025,Great Britain,British Grand Prix,NOR,4,McLaren,1.0,48.0,89.734,MEDIUM,33.105,8787.26
10629.0,179.0,4,19.0,True,0,car,2057.282777777779,,,,,,,,2025,Great Britain,British Grand Prix,NOR,4,McLaren,1.0,48.0,89.734,MEDIUM,33.345,8787.5
10147.0,173.0,4,0.0,True,0,car,2066.89388888889,,,,,,,,2025,Great Britain,British Grand Prix,NOR,4,McLaren,1.0,48.0,89.734,MEDIUM,33.545,8787.7
11252.0,164.0,4,0.0,True,0,car,2076.005000000001,,,,,,,,2025,Great Britain,British Grand Prix,NOR,4,McLaren,1.0,48.0,89.734,MEDIUM,33.745,8787.9
10559.0,154.0,3,0.0,True,0,car,2084.5605555555567,,,,,,,,2025,Great Britain,British Grand Prix,NOR,4,McLaren,1.0,48.0,89.734,MEDIUM,33.945,8788.1
9604.0,137.0,3,0.0,True,0,car,2101.305000000001,,,,,,,,2025,Great Britain,British Grand Prix,NOR,4,McLaren,1.0,48.0,89.734,MEDIUM,34.385,8788.54
9322.0,137.0,3,0.0,True,0,car,2107.39388888889,,,,,,,,2025,Great Britain,British Grand Prix,NOR,4,McLaren,1.0,48.0,89.734,MEDIUM,34.545,8788.7
9051.0,130.0,3,0.0,False,0,car,2116.0605555555567,,,,,,,,2025,Great Britain,British Grand Prix,NOR,4,McLaren,1.0,48.0,89.734,MEDIUM,34.785,8788.94
8806.0,125.0,3,0.0,False,0,car,2123.005000000001,,,,,,,,2025,Great Britain,British Grand Prix,NOR,4,McLaren,1.0,48.0,89.734,MEDIUM,34.985,8789.14
8696.0,123.0,3,0.0,True,0,car,2129.8383333333345,,,,,,,,2025,Great Britain,British Grand Prix,NOR,4,McLaren,1.0,48.0,89.734,MEDIUM,35.185,8789.34
8315.0,117.0,3,0.0,False,0,car,2144.1383333333342,,,,,,,,2025,Great Britain,British Grand Prix,NOR,4,McLaren,1.0,48.0,89.734,MEDIUM,35.625,8789.78
8099.0,115.0,3,0.0,False,0,car,2149.249444444445,,,,,,,,2025,Great Britain,British Grand Prix,NOR,4,McLaren,1.0,48.0,89.734,MEDIUM,35.785,8789.94
7969.0,114.0,3,0.0,False,0,car,2154.3161111111117,,,,,,,,2025,Great Britain,British Grand Prix,NOR,4,McLaren,1.0,48.0,89.734,MEDIUM,35.945,8790.1
7934.0,111.0,3,0.0,False,0,car,2159.218611111112,,,,,,,,2025,Great Britain,British Grand Prix,NOR,4,McLaren,1.0,48.0,89.734,MEDIUM,36.104,8790.259
8301.0,109.0,3,16.0,False,0,car,2165.2741666666675,,,,,,,,2025,Great Britain,British Grand Prix,NOR,4,McLaren,1.0,48.0,89.734,MEDIUM,36.304,8790.459
8173.0,111.0,3,39.0,False,0,car,2173.9075000000007,,,,,,,,2025,Great Britain,British Grand Prix,NOR,4,McLaren,1.0,48.0,89.734,MEDIUM,36.584,8790.739
8528.0,115.0,3,44.0,False,0,car,2182.851944444445,,,,,,,,2025,Great Britain,British Grand Prix,NOR,4,McLaren,1.0,48.0,89.734,MEDIUM,36.864,8791.019
8814.0,119.0,3,52.0,False,0,car,2190.7852777777784,,,,,,,,2025,Great Britain,British Grand Prix,NOR,4,McLaren,1.0,48.0,89.734,MEDIUM,37.104,8791.259
9301.0,125.0,3,62.0,False,0,car,2200.5075000000006,,,,,,,,2025,Great Britain,British Grand Prix,NOR,4,McLaren,1.0,48.0,89.734,MEDIUM,37.384,8791.539
9759.0,131.0,3,72.0,False,0,car,2209.240833333334,,,,,,,,2025,Great Britain,British Grand Prix,NOR,4,McLaren,1.0,48.0,89.734,MEDIUM,37.624,8791.779
10885.0,150.0,3,87.0,False,0,car,2229.240833333334,,,,,,,,2025,Great Britain,British Grand Prix,NOR,4,McLaren,1.0,48.0,89.734,MEDIUM,38.104,8792.259
11412.0,169.0,3,99.0,False,0,car,2249.9433333333345,,,,,,,,2025,Great Britain,British Grand Prix,NOR,4,McLaren,1.0,48.0,89.734,MEDIUM,38.545,8792.7
11741.0,186.0,4,98.0,False,0,car,2270.610000000001,,,,,,,,2025,Great Britain,British Grand Prix,NOR,4,McLaren,1.0,48.0,89.734,MEDIUM,38.945,8793.1
10785.0,201.0,5,99.0,False,0,car,2295.1766666666676,,,,,,,,2025,Great Britain,British Grand Prix,NOR,4,McLaren,1.0,48.0,89.734,MEDIUM,39.385,8793.54
10898.0,207.0,5,99.0,False,0,car,2304.376666666668,,,,,,,,2025,Great Britain,British Grand Prix,NOR,4,McLaren,1.0,48.0,89.734,MEDIUM,39.545,8793.7
11498.0,217.0,5,99.0,False,0,car,2318.843333333334,,,,,,,,2025,Great Britain,British Grand Prix,NOR,4,McLaren,1.0,48.0,89.734,MEDIUM,39.785,8793.94
11358.0,224.0,5,99.0,False,0,car,2336.2655555555566,,,,,,,,2025,Great Britain,British Grand Prix,NOR,4,McLaren,1.0,48.0,89.734,MEDIUM,40.065,8794.22
10636.0,229.0,6,99.0,False,0,car,2354.0766666666677,,,,,,,,2025,Great Britain,British Grand Prix,NOR,4,McLaren,1.0,48.0,89.734,MEDIUM,40.345,8794.5
10888.0,237.0,6,99.0,False,0,car,2369.876666666668,,,,,,,,2025,Great Britain,British Grand Prix,NOR,4,McLaren,1.0,48.0,89.734,MEDIUM,40.585,8794.74
11017.0,239.0,6,99.0,False,0,car,2380.4988888888897,,,,,,,,2025,Great Britain,British Grand Prix,NOR,4,McLaren,1.0,48.0,89.734,MEDIUM,40.745,8794.9
11251.0,243.0,6,99.0,False,0,car,2393.9988888888897,,,,,,,,2025,Great Britain,British Grand Prix,NOR,4,McLaren,1.0,48.0,89.734,MEDIUM,40.945,8795.1
11418.0,248.0,6,99.0,False,0,car,2407.7766666666676,,,,,,,,2025,Great Britain,British Grand Prix,NOR,4,McLaren,1.0,48.0,89.734,MEDIUM,41.145,8795.3
11564.0,254.0,6,99.0,False,0,car,2427.5322222222226,,,,,,,,2025,Great Britain,British Grand Prix,NOR,4,McLaren,1.0,48.0,89.734,MEDIUM,41.425,8795.58
10514.0,261.0,6,99.0,False,0,car,2459.432222222223,,,,,,,,2025,Great Britain,British Grand Prix,NOR,4,McLaren,1.0,48.0,89.734,MEDIUM,41.865,8796.02
10541.0,263.0,7,99.0,False,0,car,2471.1211111111115,,,,,,,,2025,Great Britain,British Grand Prix,NOR,4,McLaren,1.0,48.0,89.734,MEDIUM,42.025,8796.18
10663.0,266.0,7,99.0,False,0,car,2485.8988888888894,,,,,,,,2025,Great Britain,British Grand Prix,NOR,4,McLaren,1.0,48.0,89.734,MEDIUM,42.225,8796.38
10924.0,272.0,7,99.0,False,0,car,2519.1433333333334,,,,,,,,2025,Great Britain,British Grand Prix,NOR,4,McLaren,1.0,48.0,89.734,MEDIUM,42.665,8796.82
11032.0,275.0,7,98.0,False,0,car,2537.4002777777782,,,,,,,,2025,Great Britain,British Grand Prix,NOR,4,McLaren,1.0,48.0,89.734,MEDIUM,42.904,8797.059
11093.0,279.0,7,98.0,False,0,car,2568.4002777777782,,,,,,,,2025,Great Britain,British Grand Prix,NOR,4,McLaren,1.0,48.0,89.734,MEDIUM,43.304,8797.459
11211.0,281.0,7,98.0,False,0,car,2587.1336111111113,,,,,,,,2025,Great Britain,British Grand Prix,NOR,4,McLaren,1.0,48.0,89.734,MEDIUM,43.544,8797.699
11322.0,284.0,7,99.0,False,0,car,2609.2225000000003,,,,,,,,2025,Great Britain,British Grand Prix,NOR,4,McLaren,1.0,48.0,89.734,MEDIUM,43.824,8797.979
11454.0,287.0,7,99.0,False,0,car,2634.7336111111113,,,,,,,,2025,Great Britain,British Grand Prix,NOR,4,McLaren,1.0,48.0,89.734,MEDIUM,44.144,8798.299
11482.0,289.0,7,99.0,False,0,car,2654.000277777778,,,,,,,,2025,Great Britain,British Grand Prix,NOR,4,McLaren,1.0,48.0,89.734,MEDIUM,44.384,8798.539
11670.0,291.0,7,99.0,False,0,car,2670.166944444445,,,,,,,,2025,Great Britain,British Grand Prix,NOR,4,McLaren,1.0,48.0,89.734,MEDIUM,44.584,8798.739
11649.0,292.0,7,99.0,False,0,car,2699.448055555556,,,,,,,,2025,Great Britain,British Grand Prix,NOR,4,McLaren,1.0,48.0,89.734,MEDIUM,44.945,8799.1
11717.0,294.0,7,99.0,False,0,car,2715.7813888888895,,,,,,,,2025,Great Britain,British Grand Prix,NOR,4,McLaren,1.0,48.0,89.734,MEDIUM,45.145,8799.3
10597.0,295.0,7,99.0,False,0,car,2728.8925000000004,,,,,,,,2025,Great Britain,British Grand Prix,NOR,4,McLaren,1.0,48.0,89.734,MEDIUM,45.305,8799.46
10494.0,297.0,8,99.0,False,0,car,2755.2925000000005,,,,,,,,2025,Great Britain,British Grand Prix,NOR,4,McLaren,1.0,48.0,89.734,MEDIUM,45.625,8799.78
10493.0,298.0,8,99.0,False,0,car,2778.4702777777784,,,,,,,,2025,Great Britain,British Grand Prix,NOR,4,McLaren,1.0,48.0,89.734,MEDIUM,45.905,8800.06
10553.0,299.0,8,99.0,False,0,car,2801.725833333334,,,,,,,,2025,Great Britain,British Grand Prix,NOR,4,McLaren,1.0,48.0,89.734,MEDIUM,46.185,8800.34
10513.0,299.0,8,99.0,False,0,car,2815.0147222222226,,,,,,,,2025,Great Britain,British Grand Prix,NOR,4,McLaren,1.0,48.0,89.734,MEDIUM,46.345,8800.5
10580.0,299.0,8,99.0,False,0,car,2831.625833333334,,,,,,,,2025,Great Britain,British Grand Prix,NOR,4,McLaren,1.0,48.0,89.734,MEDIUM,46.545,8800.7
10561.0,300.0,8,99.0,False,0,car,2848.2925000000005,,,,,,,,2025,Great Britain,British Grand Prix,NOR,4,McLaren,1.0,48.0,89.734,MEDIUM,46.745,8800.9
10559.0,300.0,8,99.0,False,0,car,2861.625833333334,,,,,,,,2025,Great Britain,British Grand Prix,NOR,4,McLaren,1.0,48.0,89.734,MEDIUM,46.905,8801.06
10564.0,300.0,8,99.0,False,0,car,2888.2925000000005,,,,,,,,2025,Great Britain,British Grand Prix,NOR,4,McLaren,1.0,48.0,89.734,MEDIUM,47.225,8801.38
10539.0,301.0,8,99.0,False,0,car,2901.6702777777778,,,,,,,,2025,Great Britain,British Grand Prix,NOR,4,McLaren,1.0,48.0,89.734,MEDIUM,47.385,8801.54
10320.0,298.0,8,42.0,False,0,car,2941.4036111111113,,,,,,,,2025,Great Britain,British Grand Prix,NOR,4,McLaren,1.0,48.0,89.734,MEDIUM,47.865,8802.02
11513.0,289.0,8,0.0,True,0,car,2973.514722222222,,,,,,,,2025,Great Britain,British Grand Prix,NOR,4,McLaren,1.0,48.0,89.734,MEDIUM,48.265,8802.42
10943.0,274.0,7,0.0,True,0,car,2988.736944444445,,,,,,,,2025,Great Britain,British Grand Prix,NOR,4,McLaren,1.0,48.0,89.734,MEDIUM,48.465,8802.62
11968.0,267.0,7,0.0,True,0,car,3003.570277777778,,,,,,,,2025,Great Britain,British Grand Prix,NOR,4,McLaren,1.0,48.0,89.734,MEDIUM,48.665,8802.82
11957.0,267.0,7,2.0,False,0,car,3018.4036111111113,,,,,,,,2025,Great Britain,British Grand Prix,NOR,4,McLaren,1.0,48.0,89.734,MEDIUM,48.865,8803.02
11817.0,258.0,6,12.0,False,0,car,3032.7369444444444,,,,,,,,2025,Great Britain,British Grand Prix,NOR,4,McLaren,1.0,48.0,89.734,MEDIUM,49.065,8803.22
11574.0,256.0,6,62.0,False,0,car,3055.4925,,,,,,,,2025,Great Britain,British Grand Prix,NOR,4,McLaren,1.0,48.0,89.734,MEDIUM,49.385,8803.54
11631.0,254.0,6,70.0,False,0,car,3066.710833333333,,,,,,,,2025,Great Britain,British Grand Prix,NOR,4,McLaren,1.0,48.0,89.734,MEDIUM,49.544,8803.699
11653.0,255.0,6,86.0,False,0,car,3080.8775,,,,,,,,2025,Great Britain,British Grand Prix,NOR,4,McLaren,1.0,48.0,89.734,MEDIUM,49.744,8803.899
11910.0,260.0,6,98.0,False,0,car,3106.8775,,,,,,,,2025,Great Britain,British Grand Prix,NOR,4,McLaren,1.0,48.0,89.734,MEDIUM,50.104,8804.259
10593.0,262.0,7,98.0,False,0,car,3130.166388888889,,,,,,,,2025,Great Britain,British Grand Prix,NOR,4,McLaren,1.0,48.0,89.734,MEDIUM,50.424,8804.579
10667.0,267.0,7,98.0,False,0,car,3153.8997222222224,,,,,,,,2025,Great Britain,British Grand Prix,NOR,4,McLaren,1.0,48.0,89.734,MEDIUM,50.744,8804.899
10773.0,271.0,7,99.0,False,0,car,3174.9775000000004,,,,,,,,2025,Great Britain,British Grand Prix,NOR,4,McLaren,1.0,48.0,89.734,MEDIUM,51.024,8805.179
10945.0,275.0,7,99.0,False,0,car,3193.310833333334,,,,,,,,2025,Great Britain,British Grand Prix,NOR,4,McLaren,1.0,48.0,89.734,MEDIUM,51.264,8805.419
11089.0,278.0,7,99.0,False,0,car,3211.8441666666668,,,,,,,,2025,Great Britain,British Grand Prix,NOR,4,McLaren,1.0,48.0,89.734,MEDIUM,51.504,8805.659
11258.0,282.0,7,99.0,False,0,car,3240.1225000000004,,,,,,,,2025,Great Britain,British Grand Prix,NOR,4,McLaren,1.0,48.0,89.734,MEDIUM,51.865,8806.02
11342.0,285.0,7,99.0,False,0,car,3255.9558333333334,,,,,,,,2025,Great Britain,British Grand Prix,NOR,4,McLaren,1.0,48.0,89.734,MEDIUM,52.065,8806.22
11407.0,285.0,7,99.0,False,0,car,3268.6225000000004,,,,,,,,2025,Great Britain,British Grand Prix,NOR,4,McLaren,1.0,48.0,89.734,MEDIUM,52.225,8806.38
11509.0,288.0,7,99.0,False,0,car,3291.0225000000005,,,,,,,,2025,Great Britain,British Grand Prix,NOR,4,McLaren,1.0,48.0,89.734,MEDIUM,52.505,8806.66
11613.0,289.0,7,99.0,False,0,car,3303.8669444444445,,,,,,,,2025,Great Britain,British Grand Prix,NOR,4,McLaren,1.0,48.0,89.734,MEDIUM,52.665,8806.82
11701.0,293.0,7,99.0,False,0,car,3323.400277777778,,,,,,,,2025,Great Britain,British Grand Prix,NOR,4,McLaren,1.0,48.0,89.734,MEDIUM,52.905,8807.06
10599.0,296.0,7,99.0,False,0,car,3346.4225,,,,,,,,2025,Great Britain,British Grand Prix,NOR,4,McLaren,1.0,48.0,89.734,MEDIUM,53.185,8807.34
10538.0,299.0,8,99.0,False,0,car,3382.9669444444444,,,,,,,,2025,Great Britain,British Grand Prix,NOR,4,McLaren,1.0,48.0,89.734,MEDIUM,53.625,8807.78
10605.0,301.0,8,99.0,False,0,car,3396.3447222222217,,,,,,,,2025,Great Britain,British Grand Prix,NOR,4,McLaren,1.0,48.0,89.734,MEDIUM,53.785,8807.94
10689.0,303.0,8,99.0,False,0,car,3413.178055555555,,,,,,,,2025,Great Britain,British Grand Prix,NOR,4,McLaren,1.0,48.0,89.734,MEDIUM,53.985,8808.14
10716.0,303.0,8,99.0,False,0,car,3426.6447222222223,,,,,,,,2025,Great Britain,British Grand Prix,NOR,4,McLaren,1.0,48.0,89.734,MEDIUM,54.145,8808.3
10784.0,305.0,8,99.0,False,0,car,3453.7558333333336,,,,,,,,2025,Great Britain,British Grand Prix,NOR,4,McLaren,1.0,48.0,89.734,MEDIUM,54.465,8808.62
10868.0,307.0,8,99.0,False,0,car,3470.811388888889,,,,,,,,2025,Great Britain,British Grand Prix,NOR,4,McLaren,1.0,48.0,89.734,MEDIUM,54.665,8808.82
10907.0,308.0,8,99.0,False,0,car,3494.7669444444446,,,,,,,,2025,Great Britain,British Grand Prix,NOR,4,McLaren,1.0,48.0,89.734,MEDIUM,54.945,8809.1
10907.0,309.0,8,99.0,False,0,car,3522.2336111111113,,,,,,,,2025,Great Britain,British Grand Prix,NOR,4,McLaren,1.0,48.0,89.734,MEDIUM,55.265,8809.42
10915.0,309.0,8,99.0,False,0,car,3542.8336111111116,,,,,,,,2025,Great Britain,British Grand Prix,NOR,4,McLaren,1.0,48.0,89.734,MEDIUM,55.505,8809.66
10906.0,310.0,8,99.0,False,0,car,3560.0558333333333,,,,,,,,2025,Great Britain,British Grand Prix,NOR,4,McLaren,1.0,48.0,89.734,MEDIUM,55.705,8809.86
11087.0,310.0,8,99.0,False,0,car,3573.8336111111116,,,,,,,,2025,Great Britain,British Grand Prix,NOR,4,McLaren,1.0,48.0,89.734,MEDIUM,55.865,8810.02
10983.0,311.0,8,99.0,False,0,car,3591.111388888889,,,,,,,,2025,Great Britain,British Grand Prix,NOR,4,McLaren,1.0,48.0,89.734,MEDIUM,56.065,8810.22
10768.0,310.0,8,58.0,False,0,car,3604.8891666666673,,,,,,,,2025,Great Britain,British Grand Prix,NOR,4,McLaren,1.0,48.0,89.734,MEDIUM,56.225,8810.38
10553.0,306.0,8,5.0,True,0,car,3621.8041666666672,,,,,,,,2025,Great Britain,British Grand Prix,NOR,4,McLaren,1.0,48.0,89.734,MEDIUM,56.424,8810.579
11615.0,297.0,8,3.0,False,0,car,3644.904166666667,,,,,,,,2025,Great Britain,British Grand Prix,NOR,4,McLaren,1.0,48.0,89.734,MEDIUM,56.704,8810.859
11498.0,288.0,7,4.0,False,0,car,3667.3041666666672,,,,,,,,2025,Great Britain,British Grand Prix,NOR,4,McLaren,1.0,48.0,89.734,MEDIUM,56.984,8811.139
11298.0,283.0,7,23.0,False,0,car,3683.026388888889,,,,,,,,2025,Great Britain,British Grand Prix,NOR,4,McLaren,1.0,48.0,89.734,MEDIUM,57.184,8811.339
11024.0,278.0,7,44.0,False,0,car,3710.8263888888887,,,,,,,,2025,Great Britain,British Grand Prix,NOR,4,McLaren,1.0,48.0,89.734,MEDIUM,57.544,8811.699
11028.0,275.0,7,84.0,False,0,car,3744.4375,,,,,,,,2025,Great Britain,British Grand Prix,NOR,4,McLaren,1.0,48.0,89.734,MEDIUM,57.984,8812.139
10882.0,275.0,7,68.0,False,0,car,3756.7361111111113,,,,,,,,2025,Great Britain,British Grand Prix,NOR,4,McLaren,1.0,48.0,89.734,MEDIUM,58.145,8812.3
10742.0,273.0,7,22.0,True,0,car,3771.902777777778,,,,,,,,2025,Great Britain,British Grand Prix,NOR,4,McLaren,1.0,48.0,89.734,MEDIUM,58.345,8812.5
11735.0,262.0,7,0.0,True,0,car,3789.3694444444445,,,,,,,,2025,Great Britain,British Grand Prix,NOR,4,McLaren,1.0,48.0,89.734,MEDIUM,58.585,8812.74
11400.0,255.0,6,0.0,False,0,car,3803.536111111111,,,,,,,,2025,Great Britain,British Grand Prix,NOR,4,McLaren,1.0,48.0,89.734,MEDIUM,58.785,8812.94
10539.0,231.0,6,52.0,False,0,car,3883.1027777777776,,,,,,,,2025,Great Britain,British Grand Prix,NOR,4,McLaren,1.0,48.0,89.734,MEDIUM,60.025,8814.18
10433.0,230.0,6,5.0,True,0,car,3900.991666666667,,,,,,,,2025,Great Britain,British Grand Prix,NOR,4,McLaren,1.0,48.0,89.734,MEDIUM,60.305,8814.46
11470.0,229.0,6,0.0,True,0,car,3918.802777777778,,,,,,,,2025,Great Britain,British Grand Prix,NOR,4,McLaren,1.0,48.0,89.734,MEDIUM,60.585,8814.74
10671.0,211.0,5,0.0,True,0,car,3937.5583333333334,,,,,,,,2025,Great Britain,British Grand Prix,NOR,4,McLaren,1.0,48.0,89.734,MEDIUM,60.905,8815.06
10571.0,206.0,5,1.0,False,0,car,3951.291666666667,,,,,,,,2025,Great Britain,British Grand Prix,NOR,4,McLaren,1.0,48.0,89.734,MEDIUM,61.145,8815.3
10356.0,201.0,5,12.0,False,0,car,3962.4583333333335,,,,,,,,2025,Great Britain,British Grand Prix,NOR,4,McLaren,1.0,48.0,89.734,MEDIUM,61.345,8815.5
10472.0,198.0,5,56.0,False,0,car,3986.6583333333333,,,,,,,,2025,Great Britain,British Grand Prix,NOR,4,McLaren,1.0,48.0,89.734,MEDIUM,61.785,8815.94
10756.0,202.0,5,76.0,False,0,car,4002.3694444444445,,,,,,,,2025,Great Britain,British Grand Prix,NOR,4,McLaren,1.0,48.0,89.734,MEDIUM,62.065,8816.22
11059.0,207.0,5,98.0,False,0,car,4018.4694444444444,,,,,,,,2025,Great Britain,British Grand Prix,NOR,4,McLaren,1.0,48.0,89.734,MEDIUM,62.345,8816.5
11742.0,221.0,5,98.0,False,0,car,4045.4805555555554,,,,,,,,2025,Great Britain,British Grand Prix,NOR,4,McLaren,1.0,48.0,89.734,MEDIUM,62.785,8816.94
10902.0,228.0,5,98.0,False,0,car,4063.1505555555555,,,,,,,,2025,Great Britain,British Grand Prix,NOR,4,McLaren,1.0,48.0,89.734,MEDIUM,63.064,8817.219
10748.0,234.0,6,98.0,False,0,car,4081.3505555555557,,,,,,,,2025,Great Britain,British Grand Prix,NOR,4,McLaren,1.0,48.0,89.734,MEDIUM,63.344,8817.499
11054.0,243.0,6,99.0,False,0,car,4102.950555555556,,,,,,,,2025,Great Britain,British Grand Prix,NOR,4,McLaren,1.0,48.0,89.734,MEDIUM,63.664,8817.819
11378.0,246.0,6,99.0,False,0,car,4127.5505555555565,,,,,,,,2025,Great Britain,British Grand Prix,NOR,4,McLaren,1.0,48.0,89.734,MEDIUM,64.024,8818.179
11589.0,253.0,6,99.0,False,0,car,4147.228333333334,,,,,,,,2025,Great Britain,British Grand Prix,NOR,4,McLaren,1.0,48.0,89.734,MEDIUM,64.304,8818.459
10446.0,258.0,6,99.0,False,0,car,4170.161666666667,,,,,,,,2025,Great Britain,British Grand Prix,NOR,4,McLaren,1.0,48.0,89.734,MEDIUM,64.624,8818.779
10654.0,266.0,7,99.0,False,0,car,4205.702222222223,,,,,,,,2025,Great Britain,British Grand Prix,NOR,4,McLaren,1.0,48.0,89.734,MEDIUM,65.105,8819.26
10840.0,271.0,7,99.0,False,0,car,4229.791111111112,,,,,,,,2025,Great Britain,British Grand Prix,NOR,4,McLaren,1.0,48.0,89.734,MEDIUM,65.425,8819.58
11074.0,273.0,7,99.0,False,0,car,4251.024444444445,,,,,,,,2025,Great Britain,British Grand Prix,NOR,4,McLaren,1.0,48.0,89.734,MEDIUM,65.705,8819.86
11075.0,278.0,7,99.0,False,0,car,4263.38,,,,,,,,2025,Great Britain,British Grand Prix,NOR,4,McLaren,1.0,48.0,89.734,MEDIUM,65.865,8820.02
11235.0,281.0,7,99.0,False,0,car,4278.991111111111,,,,,,,,2025,Great Britain,British Grand Prix,NOR,4,McLaren,1.0,48.0,89.734,MEDIUM,66.065,8820.22
11274.0,282.0,7,99.0,False,0,car,4291.524444444444,,,,,,,,2025,Great Britain,British Grand Prix,NOR,4,McLaren,1.0,48.0,89.734,MEDIUM,66.225,8820.38
11345.0,284.0,7,99.0,False,0,car,4307.302222222223,,,,,,,,2025,Great Britain,British Grand Prix,NOR,4,McLaren,1.0,48.0,89.734,MEDIUM,66.425,8820.58
11468.0,287.0,7,99.0,False,0,car,4332.813333333334,,,,,,,,2025,Great Britain,British Grand Prix,NOR,4,McLaren,1.0,48.0,89.734,MEDIUM,66.745,8820.9
11633.0,290.0,7,99.0,False,0,car,4352.146666666667,,,,,,,,2025,Great Britain,British Grand Prix,NOR,4,McLaren,1.0,48.0,89.734,MEDIUM,66.985,8821.14
11685.0,292.0,7,99.0,False,0,car,4371.613333333334,,,,,,,,2025,Great Britain,British Grand Prix,NOR,4,McLaren,1.0,48.0,89.734,MEDIUM,67.225,8821.38
11697.0,294.0,7,99.0,False,0,car,4387.946666666668,,,,,,,,2025,Great Britain,British Grand Prix,NOR,4,McLaren,1.0,48.0,89.734,MEDIUM,67.425,8821.58
10459.0,296.0,8,99.0,False,0,car,4410.9688888888895,,,,,,,,2025,Great Britain,British Grand Prix,NOR,4,McLaren,1.0,48.0,89.734,MEDIUM,67.705,8821.86
10498.0,298.0,8,99.0,False,0,car,4427.524444444445,,,,,,,,2025,Great Britain,British Grand Prix,NOR,4,McLaren,1.0,48.0,89.734,MEDIUM,67.905,8822.06
10598.0,300.0,8,99.0,False,0,car,4454.191111111111,,,,,,,,2025,Great Britain,British Grand Prix,NOR,4,McLaren,1.0,48.0,89.734,MEDIUM,68.225,8822.38
10713.0,303.0,8,99.0,False,0,car,4474.391111111112,,,,,,,,2025,Great Britain,British Grand Prix,NOR,4,McLaren,1.0,48.0,89.734,MEDIUM,68.465,8822.62
10732.0,303.0,8,99.0,False,0,car,4487.857777777778,,,,,,,,2025,Great Britain,British Grand Prix,NOR,4,McLaren,1.0,48.0,89.734,MEDIUM,68.625,8822.78
10759.0,304.0,8,99.0,False,0,car,4504.746666666667,,,,,,,,2025,Great Britain,British Grand Prix,NOR,4,McLaren,1.0,48.0,89.734,MEDIUM,68.825,8822.98
10749.0,306.0,8,99.0,False,0,car,4518.346666666666,,,,,,,,2025,Great Britain,British Grand Prix,NOR,4,McLaren,1.0,48.0,89.734,MEDIUM,68.985,8823.14
10815.0,307.0,8,99.0,False,0,car,4538.813333333333,,,,,,,,2025,Great Britain,British Grand Prix,NOR,4,McLaren,1.0,48.0,89.734,MEDIUM,69.225,8823.38
10863.0,308.0,8,99.0,False,0,car,4562.768888888888,,,,,,,,2025,Great Britain,British Grand Prix,NOR,4,McLaren,1.0,48.0,89.734,MEDIUM,69.505,8823.66
10971.0,310.0,8,99.0,False,0,car,4597.1272222222215,,,,,,,,2025,Great Britain,British Grand Prix,NOR,4,McLaren,1.0,48.0,89.734,MEDIUM,69.904,8824.059
10979.0,312.0,8,99.0,False,0,car,4621.393888888888,,,,,,,,2025,Great Britain,British Grand Prix,NOR,4,McLaren,1.0,48.0,89.734,MEDIUM,70.184,8824.339
11051.0,312.0,8,99.0,False,0,car,4638.727222222222,,,,,,,,2025,Great Britain,British Grand Prix,NOR,4,McLaren,1.0,48.0,89.734,MEDIUM,70.384,8824.539
11039.0,313.0,8,99.0,False,0,car,4656.1161111111105,,,,,,,,2025,Great Britain,British Grand Prix,NOR,4,McLaren,1.0,48.0,89.734,MEDIUM,70.584,8824.739
11153.0,313.0,8,99.0,False,0,car,4670.027222222221,,,,,,,,2025,Great Britain,British Grand Prix,NOR,4,McLaren,1.0,48.0,89.734,MEDIUM,70.744,8824.899
11044.0,313.0,8,99.0,False,0,car,4697.849444444443,,,,,,,,2025,Great Britain,British Grand Prix,NOR,4,McLaren,1.0,48.0,89.734,MEDIUM,71.064,8825.219
10967.0,312.0,8,99.0,False,0,car,4725.669444444444,,,,,,,,2025,Great Britain,British Grand Prix,NOR,4,McLaren,1.0,48.0,89.734,MEDIUM,71.385,8825.54
11003.0,312.0,8,99.0,False,0,car,4753.4027777777765,,,,,,,,2025,Great Britain,British Grand Prix,NOR,4,McLaren,1.0,48.0,89.734,MEDIUM,71.705,8825.86
10928.0,311.0,8,99.0,False,0,car,4770.680555555555,,,,,,,,2025,Great Britain,British Grand Prix,NOR,4,McLaren,1.0,48.0,89.734,MEDIUM,71.905,8826.06
10892.0,310.0,8,99.0,False,0,car,4791.347222222221,,,,,,,,2025,Great Britain,British Grand Prix,NOR,4,McLaren,1.0,48.0,89.734,MEDIUM,72.145,8826.3
10886.0,310.0,8,99.0,False,0,car,4808.569444444443,,,,,,,,2025,Great Britain,British Grand Prix,NOR,4,McLaren,1.0,48.0,89.734,MEDIUM,72.345,8826.5
10852.0,309.0,8,85.0,False,0,car,4842.902777777777,,,,,,,,2025,Great Britain,British Grand Prix,NOR,4,McLaren,1.0,48.0,89.734,MEDIUM,72.745,8826.9
10524.0,300.0,8,0.0,True,0,car,4862.902777777777,,,,,,,,2025,Great Britain,British Grand Prix,NOR,4,McLaren,1.0,48.0,89.734,MEDIUM,72.985,8827.14
11224.0,296.0,8,0.0,True,0,car,4876.0583333333325,,,,,,,,2025,Great Britain,British Grand Prix,NOR,4,McLaren,1.0,48.0,89.734,MEDIUM,73.145,8827.3
11236.0,286.0,8,0.0,True,0,car,4888.769444444444,,,,,,,,2025,Great Britain,British Grand Prix,NOR,4,McLaren,1.0,48.0,89.734,MEDIUM,73.305,8827.46
10710.0,273.0,7,0.0,True,0,car,4900.902777777777,,,,,,,,2025,Great Britain,British Grand Prix,NOR,4,McLaren,1.0,48.0,89.734,MEDIUM,73.465,8827.62
11402.0,257.0,7,0.0,True,0,car,4923.747222222221,,,,,,,,2025,Great Britain,British Grand Prix,NOR,4,McLaren,1.0,48.0,89.734,MEDIUM,73.785,8827.94
11055.0,247.0,6,0.0,True,0,car,4942.958333333332,,,,,,,,2025,Great Britain,British Grand Prix,NOR,4,McLaren,1.0,48.0,89.734,MEDIUM,74.065,8828.22
10876.0,241.0,6,0.0,False,0,car,4956.347222222221,,,,,,,,2025,Great Britain,British Grand Prix,NOR,4,McLaren,1.0,48.0,89.734,MEDIUM,74.265,8828.42
10393.0,232.0,6,0.0,False,0,car,4976.969444444442,,,,,,,,2025,Great Britain,British Grand Prix,NOR,4,McLaren,1.0,48.0,89.734,MEDIUM,74.585,8828.74
10315.0,230.0,6,9.0,False,0,car,4987.191666666665,,,,,,,,2025,Great Britain,British Grand Prix,NOR,4,McLaren,1.0,48.0,89.734,MEDIUM,74.745,8828.9
10097.0,223.0,6,29.0,False,0,car,4997.102777777775,,,,,,,,2025,Great Britain,British Grand Prix,NOR,4,McLaren,1.0,48.0,89.734,MEDIUM,74.905,8829.06
10123.0,221.0,6,73.0,False,0,car,5014.291666666664,,,,,,,,2025,Great Britain,British Grand Prix,NOR,4,McLaren,1.0,48.0,89.734,MEDIUM,75.185,8829.34
10123.0,223.0,6,73.0,False,0,car,5026.680555555553,,,,,,,,2025,Great Britain,British Grand Prix,NOR,4,McLaren,1.0,48.0,89.734,MEDIUM,75.385,8829.54
10556.0,227.0,6,98.0,False,0,car,5046.85833333333,,,,,,,,2025,Great Britain,British Grand Prix,NOR,4,McLaren,1.0,48.0,89.734,MEDIUM,75.705,8829.86
10712.0,231.0,6,98.0,False,0,car,5059.691666666664,,,,,,,,2025,Great Britain,British Grand Prix,NOR,4,McLaren,1.0,48.0,89.734,MEDIUM,75.905,8830.06
10899.0,236.0,6,98.0,False,0,car,5072.802777777775,,,,,,,,2025,Great Britain,British Grand Prix,NOR,4,McLaren,1.0,48.0,89.734,MEDIUM,76.105,8830.26
11047.0,241.0,6,98.0,False,0,car,5091.54722222222,,,,,,,,2025,Great Britain,British Grand Prix,NOR,4,McLaren,1.0,48.0,89.734,MEDIUM,76.385,8830.54
11047.0,242.0,6,98.0,False,0,car,5102.235555555552,,,,,,,,2025,Great Britain,British Grand Prix,NOR,4,McLaren,1.0,48.0,89.734,MEDIUM,76.544,8830.699
11238.0,244.0,6,98.0,False,0,car,5115.791111111108,,,,,,,,2025,Great Britain,British Grand Prix,NOR,4,McLaren,1.0,48.0,89.734,MEDIUM,76.744,8830.899
11525.0,250.0,6,99.0,False,0,car,5138.01333333333,,,,,,,,2025,Great Britain,British Grand Prix,NOR,4,McLaren,1.0,48.0,89.734,MEDIUM,77.064,8831.219
11557.0,255.0,6,99.0,False,0,car,5152.179999999997,,,,,,,,2025,Great Britain,British Grand Prix,NOR,4,McLaren,1.0,48.0,89.734,MEDIUM,77.264,8831.419
11663.0,257.0,6,99.0,False,0,car,5166.457777777775,,,,,,,,2025,Great Britain,British Grand Prix,NOR,4,McLaren,1.0,48.0,89.734,MEDIUM,77.464,8831.619
11103.0,258.0,6,99.0,False,0,car,5177.924444444441,,,,,,,,2025,Great Britain,British Grand Prix,NOR,4,McLaren,1.0,48.0,89.734,MEDIUM,77.624,8831.779
10368.0,260.0,7,99.0,False,0,car,5189.479999999998,,,,,,,,2025,Great Britain,British Grand Prix,NOR,4,McLaren,1.0,48.0,89.734,MEDIUM,77.784,8831.939
10500.0,263.0,7,99.0,False,0,car,5212.930833333331,,,,,,,,2025,Great Britain,British Grand Prix,NOR,4,McLaren,1.0,48.0,89.734,MEDIUM,78.105,8832.26
10626.0,265.0,7,99.0,False,0,car,5227.653055555554,,,,,,,,2025,Great Britain,British Grand Prix,NOR,4,McLaren,1.0,48.0,89.734,MEDIUM,78.305,8832.46
10656.0,268.0,7,99.0,False,0,car,5248.497499999997,,,,,,,,2025,Great Britain,British Grand Prix,NOR,4,McLaren,1.0,48.0,89.734,MEDIUM,78.585,8832.74
10724.0,269.0,7,99.0,False,0,car,5272.408611111108,,,,,,,,2025,Great Britain,British Grand Prix,NOR,4,McLaren,1.0,48.0,89.734,MEDIUM,78.905,8833.06
10781.0,271.0,7,99.0,False,0,car,5290.475277777775,,,,,,,,2025,Great Britain,British Grand Prix,NOR,4,McLaren,1.0,48.0,89.734,MEDIUM,79.145,8833.3
10681.0,272.0,7,99.0,False,0,car,5314.653055555553,,,,,,,,2025,Great Britain,British Grand Prix,NOR,4,McLaren,1.0,48.0,89.734,MEDIUM,79.465,8833.62
11314.0,269.0,7,0.0,True,0,car,5338.564166666663,,,,,,,,2025,Great Britain,British Grand Prix,NOR,4,McLaren,1.0,48.0,89.734,MEDIUM,79.785,8833.94
11474.0,266.0,6,0.0,True,0,car,5353.341944444442,,,,,,,,2025,Great Britain,British Grand Prix,NOR,4,McLaren,1.0,48.0,89.734,MEDIUM,79.985,8834.14
10848.0,156.0,5,0.0,True,0,car,5398.408611111108,,,,,,,,2025,Great Britain,British Grand Prix,NOR,4,McLaren,1.0,48.0,89.734,MEDIUM,81.025,8835.18
9496.0,144.0,3,0.0,True,0,car,5409.608611111108,,,,,,,,2025,Great Britain,British Grand Prix,NOR,4,McLaren,1.0,48.0,89.734,MEDIUM,81.305,8835.46
9059.0,129.0,3,0.0,True,0,car,5415.341944444442,,,,,,,,2025,Great Britain,British Grand Prix,NOR,4,McLaren,1.0,48.0,89.734,MEDIUM,81.465,8835.62
8484.0,122.0,3,0.0,True,0,car,5424.830833333331,,,,,,,,2025,Great Britain,British Grand Prix,NOR,4,McLaren,1.0,48.0,89.734,MEDIUM,81.745,8835.9
8318.0,117.0,3,0.0,True,0,car,5430.0308333333305,,,,,,,,2025,Great Britain,British Grand Prix,NOR,4,McLaren,1.0,48.0,89.734,MEDIUM,81.905,8836.06
7841.0,110.0,3,0.0,False,0,car,5438.586388888886,,,,,,,,2025,Great Britain,British Grand Prix,NOR,4,McLaren,1.0,48.0,89.734,MEDIUM,82.185,8836.34
7531.0,106.0,3,0.0,False,0,car,5450.364166666664,,,,,,,,2025,Great Britain,British Grand Prix,NOR,4,McLaren,1.0,48.0,89.734,MEDIUM,82.585,8836.74
7606.0,103.0,3,31.0,False,0,car,5460.664166666664,,,,,,,,2025,Great Britain,British Grand Prix,NOR,4,McLaren,1.0,48.0,89.734,MEDIUM,82.945,8837.1
8025.0,109.0,3,52.0,False,0,car,5471.533888888886,,,,,,,,2025,Great Britain,British Grand Prix,NOR,4,McLaren,1.0,48.0,89.734,MEDIUM,83.304,8837.459
8706.0,115.0,3,61.0,False,0,car,5477.922777777775,,,,,,,,2025,Great Britain,British Grand Prix,NOR,4,McLaren,1.0,48.0,89.734,MEDIUM,83.504,8837.659
8866.0,124.0,3,43.0,False,0,car,5486.1894444444415,,,,,,,,2025,Great Britain,British Grand Prix,NOR,4,McLaren,1.0,48.0,89.734,MEDIUM,83.744,8837.899
9140.0,126.0,3,12.0,False,0,car,5494.589444444441,,,,,,,,2025,Great Britain,British Grand Prix,NOR,4,McLaren,1.0,48.0,89.734,MEDIUM,83.984,8838.139
8803.0,123.0,3,0.0,False,0,car,5504.156111111108,,,,,,,,2025,Great Britain,British Grand Prix,NOR,4,McLaren,1.0,48.0,89.734,MEDIUM,84.264,8838.419
8750.0,122.0,3,18.0,False,0,car,5510.967777777774,,,,,,,,2025,Great Britain,British Grand Prix,NOR,4,McLaren,1.0,48.0,89.734,MEDIUM,84.465,8838.62
9003.0,122.0,3,25.0,False,0,car,5516.389999999997,,,,,,,,2025,Great Britain,British Grand Prix,NOR,4,McLaren,1.0,48.0,89.734,MEDIUM,84.625,8838.78
9243.0,125.0,3,49.0,False,0,car,5523.334444444441,,,,,,,,2025,Great Britain,British Grand Prix,NOR,4,McLaren,1.0,48.0,89.734,MEDIUM,84.825,8838.98
9898.0,134.0,3,64.0,False,0,car,5536.734444444441,,,,,,,,2025,Great Britain,British Grand Prix,NOR,4,McLaren,1.0,48.0,89.734,MEDIUM,85.185,8839.34
10563.0,142.0,3,69.0,False,0,car,5547.778888888885,,,,,,,,2025,Great Britain,British Grand Prix,NOR,4,McLaren,1.0,48.0,89.734,MEDIUM,85.465,8839.62
11114.0,149.0,3,87.0,False,0,car,5557.712222222219,,,,,,,,2025,Great Britain,British Grand Prix,NOR,4,McLaren,1.0,48.0,89.734,MEDIUM,85.705,8839.86
11779.0,158.0,3,98.0,False,0,car,5571.7566666666635,,,,,,,,2025,Great Britain,British Grand Prix,NOR,4,McLaren,1.0,48.0,89.734,MEDIUM,86.025,8840.18
11267.0,184.0,4,98.0,False,0,car,5594.2455555555525,,,,,,,,2025,Great Britain,British Grand Prix,NOR,4,McLaren,1.0,48.0,89.734,MEDIUM,86.465,8840.62
11581.0,187.0,4,98.0,False,0,car,5602.556666666664,,,,,,,,2025,Great Britain,British Grand Prix,NOR,4,McLaren,1.0,48.0,89.734,MEDIUM,86.625,8840.78
10687.0,201.0,5,98.0,False,0,car,5624.889999999998,,,,,,,,2025,Great Britain,British Grand Prix,NOR,4,McLaren,1.0,48.0,89.734,MEDIUM,87.025,8841.18
11038.0,210.0,5,98.0,False,0,car,5643.556666666664,,,,,,,,2025,Great Britain,British Grand Prix,NOR,4,McLaren,1.0,48.0,89.734,MEDIUM,87.345,8841.5
11468.0,216.0,5,98.0,False,0,car,5655.556666666664,,,,,,,,2025,Great Britain,British Grand Prix,NOR,4,McLaren,1.0,48.0,89.734,MEDIUM,87.545,8841.7
11752.0,221.0,5,98.0,False,0,car,5667.834444444442,,,,,,,,2025,Great Britain,British Grand Prix,NOR,4,McLaren,1.0,48.0,89.734,MEDIUM,87.745,8841.9
11400.0,226.0,5,98.0,False,0,car,5677.878888888886,,,,,,,,2025,Great Britain,British Grand Prix,NOR,4,McLaren,1.0,48.0,89.734,MEDIUM,87.905,8842.06
10712.0,228.0,5,98.0,False,0,car,5688.012222222219,,,,,,,,2025,Great Britain,British Grand Prix,NOR,4,McLaren,1.0,48.0,89.734,MEDIUM,88.065,8842.22
10889.0,236.0,6,98.0,False,0,car,5708.989999999997,,,,,,,,2025,Great Britain,British Grand Prix,NOR,4,McLaren,1.0,48.0,89.734,MEDIUM,88.385,8842.54
11202.0,244.0,6,98.0,False,0,car,5736.1011111111075,,,,,,,,2025,Great Britain,British Grand Prix,NOR,4,McLaren,1.0,48.0,89.734,MEDIUM,88.785,8842.94
11419.0,249.0,6,98.0,False,0,car,5758.234444444442,,,,,,,,2025,Great Britain,British Grand Prix,NOR,4,McLaren,1.0,48.0,89.734,MEDIUM,89.105,8843.26
11572.0,253.0,6,99.0,False,0,car,5775.1011111111075,,,,,,,,2025,Great Britain,British Grand Prix,NOR,4,McLaren,1.0,48.0,89.734,MEDIUM,89.345,8843.5
11675.0,260.0,6,99.0,False,0,car,5798.212222222219,,,,,,,,2025,Great Britain,British Grand Prix,NOR,4,McLaren,1.0,48.0,89.734,MEDIUM,89.665,8843.82
11211.0,257.0,6,99.0,False,0,car,0.21416666666666667,,,,,,,,2025,Great Britain,British Grand Prix,PIA,81,McLaren,2.0,51.0,89.337,MEDIUM,0.003,9030.101
10596.0,263.0,7,99.0,False,0,car,20.66972222222222,,,,,,,,2025,Great Britain,British Grand Prix,PIA,81,McLaren,2.0,51.0,89.337,MEDIUM,0.283,9030.381
10794.0,268.0,7,99.0,False,0,car,41.51416666666666,,,,,,,,2025,Great Britain,British Grand Prix,PIA,81,McLaren,2.0,51.0,89.337,MEDIUM,0.563,9030.661
10981.0,274.0,7,99.0,False,0,car,71.95861111111111,,,,,,,,2025,Great Britain,British Grand Prix,PIA,81,McLaren,2.0,51.0,89.337,MEDIUM,0.963,9031.061
11191.0,278.0,7,99.0,False,0,car,99.75861111111111,,,,,,,,2025,Great Britain,British Grand Prix,PIA,81,McLaren,2.0,51.0,89.337,MEDIUM,1.323,9031.421
11227.0,280.0,7,99.0,False,0,car,118.42527777777778,,,,,,,,2025,Great Britain,British Grand Prix,PIA,81,McLaren,2.0,51.0,89.337,MEDIUM,1.563,9031.661
11227.0,282.0,7,99.0,False,0,car,134.09194444444444,,,,,,,,2025,Great Britain,British Grand Prix,PIA,81,McLaren,2.0,51.0,89.337,MEDIUM,1.763,9031.861
11489.0,285.0,7,99.0,False,0,car,153.09194444444447,,,,,,,,2025,Great Britain,British Grand Prix,PIA,81,McLaren,2.0,51.0,89.337,MEDIUM,2.003,9032.101
11492.0,287.0,7,99.0,False,0,car,175.41416666666666,,,,,,,,2025,Great Britain,British Grand Prix,PIA,81,McLaren,2.0,51.0,89.337,MEDIUM,2.283,9032.381
11601.0,290.0,7,99.0,False,0,car,201.11138888888888,,,,,,,,2025,Great Britain,British Grand Prix,PIA,81,McLaren,2.0,51.0,89.337,MEDIUM,2.602,9032.7
11666.0,291.0,7,99.0,False,0,car,217.27805555555557,,,,,,,,2025,Great Britain,British Grand Prix,PIA,81,McLaren,2.0,51.0,89.337,MEDIUM,2.802,9032.9
11741.0,293.0,7,99.0,False,0,car,240.06694444444443,,,,,,,,2025,Great Britain,British Grand Prix,PIA,81,McLaren,2.0,51.0,89.337,MEDIUM,3.082,9033.18
10789.0,296.0,7,99.0,False,0,car,272.9558333333333,,,,,,,,2025,Great Britain,British Grand Prix,PIA,81,McLaren,2.0,51.0,89.337,MEDIUM,3.482,9033.58
10551.0,297.0,8,99.0,False,0,car,289.4558333333333,,,,,,,,2025,Great Britain,British Grand Prix,PIA,81,McLaren,2.0,51.0,89.337,MEDIUM,3.682,9033.78
10598.0,301.0,8,99.0,False,0,car,326.2447222222222,,,,,,,,2025,Great Britain,British Grand Prix,PIA,81,McLaren,2.0,51.0,89.337,MEDIUM,4.122,9034.22
10663.0,301.0,8,99.0,False,0,car,346.31138888888887,,,,,,,,2025,Great Britain,British Grand Prix,PIA,81,McLaren,2.0,51.0,89.337,MEDIUM,4.362,9034.46
10686.0,302.0,8,99.0,False,0,car,369.80027777777775,,,,,,,,2025,Great Britain,British Grand Prix,PIA,81,McLaren,2.0,51.0,89.337,MEDIUM,4.642,9034.74
10698.0,302.0,8,99.0,False,0,car,396.64472222222213,,,,,,,,2025,Great Britain,British Grand Prix,PIA,81,McLaren,2.0,51.0,89.337,MEDIUM,4.962,9035.06
10698.0,302.0,8,99.0,False,0,car,413.4224999999999,,,,,,,,2025,Great Britain,British Grand Prix,PIA,81,McLaren,2.0,51.0,89.337,MEDIUM,5.162,9035.26
10689.0,301.0,8,99.0,False,0,car,433.48916666666656,,,,,,,,2025,Great Britain,British Grand Prix,PIA,81,McLaren,2.0,51.0,89.337,MEDIUM,5.402,9035.5
10621.0,301.0,8,99.0,False,0,car,450.2113888888888,,,,,,,,2025,Great Britain,British Grand Prix,PIA,81,McLaren,2.0,51.0,89.337,MEDIUM,5.602,9035.7
10636.0,300.0,8,99.0,False,0,car,476.9613888888888,,,,,,,,2025,Great Britain,British Grand Prix,PIA,81,McLaren,2.0,51.0,89.337,MEDIUM,5.923,9036.021
10614.0,299.0,8,99.0,False,0,car,490.2502777777777,,,,,,,,2025,Great Britain,British Grand Prix,PIA,81,McLaren,2.0,51.0,89.337,MEDIUM,6.083,9036.181
10602.0,300.0,8,99.0,False,0,car,513.583611111111,,,,,,,,2025,Great Britain,British Grand Prix,PIA,81,McLaren,2.0,51.0,89.337,MEDIUM,6.363,9036.461
10656.0,301.0,8,99.0,False,0,car,533.6502777777777,,,,,,,,2025,Great Britain,British Grand Prix,PIA,81,McLaren,2.0,51.0,89.337,MEDIUM,6.603,9036.701
10732.0,305.0,8,99.0,False,0,car,564.1502777777777,,,,,,,,2025,Great Britain,British Grand Prix,PIA,81,McLaren,2.0,51.0,89.337,MEDIUM,6.963,9037.061
10733.0,305.0,8,99.0,False,0,car,584.483611111111,,,,,,,,2025,Great Britain,British Grand Prix,PIA,81,McLaren,2.0,51.0,89.337,MEDIUM,7.203,9037.301
10743.0,304.0,8,99.0,False,0,car,601.3724999999998,,,,,,,,2025,Great Britain,British Grand Prix,PIA,81,McLaren,2.0,51.0,89.337,MEDIUM,7.403,9037.501
10734.0,303.0,8,99.0,False,0,car,621.5724999999999,,,,,,,,2025,Great Britain,British Grand Prix,PIA,81,McLaren,2.0,51.0,89.337,MEDIUM,7.643,9037.741
10686.0,302.0,8,99.0,False,0,car,634.9947222222221,,,,,,,,2025,Great Britain,British Grand Prix,PIA,81,McLaren,2.0,51.0,89.337,MEDIUM,7.803,9037.901
10678.0,300.0,8,99.0,False,0,car,651.6613888888887,,,,,,,,2025,Great Britain,British Grand Prix,PIA,81,McLaren,2.0,51.0,89.337,MEDIUM,8.003,9038.101
10559.0,300.0,8,99.0,False,0,car,664.9947222222221,,,,,,,,2025,Great Britain,British Grand Prix,PIA,81,McLaren,2.0,51.0,89.337,MEDIUM,8.163,9038.261
10559.0,299.0,8,99.0,False,0,car,681.6058333333332,,,,,,,,2025,Great Britain,British Grand Prix,PIA,81,McLaren,2.0,51.0,89.337,MEDIUM,8.363,9038.461
10491.0,297.0,8,99.0,False,0,car,704.7058333333333,,,,,,,,2025,Great Britain,British Grand Prix,PIA,81,McLaren,2.0,51.0,89.337,MEDIUM,8.643,9038.741
10446.0,296.0,8,99.0,False,0,car,737.5947222222221,,,,,,,,2025,Great Britain,British Grand Prix,PIA,81,McLaren,2.0,51.0,89.337,MEDIUM,9.043,9039.141
10473.0,296.0,8,99.0,False,0,car,750.6680555555555,,,,,,,,2025,Great Britain,British Grand Prix,PIA,81,McLaren,2.0,51.0,89.337,MEDIUM,9.202,9039.3
10028.0,295.0,8,0.0,False,0,car,770.3347222222221,,,,,,,,2025,Great Britain,British Grand Prix,PIA,81,McLaren,2.0,51.0,89.337,MEDIUM,9.442,9039.54
9081.0,274.0,8,0.0,True,0,car,791.6458333333331,,,,,,,,2025,Great Britain,British Grand Prix,PIA,81,McLaren,2.0,51.0,89.337,MEDIUM,9.722,9039.82
8845.0,248.0,8,0.0,True,0,car,802.6680555555554,,,,,,,,2025,Great Britain,British Grand Prix,PIA,81,McLaren,2.0,51.0,89.337,MEDIUM,9.882,9039.98
9020.0,214.0,8,0.0,True,0,car,821.6902777777776,,,,,,,,2025,Great Britain,British Grand Prix,PIA,81,McLaren,2.0,51.0,89.337,MEDIUM,10.202,9040.3
10140.0,194.0,8,0.0,True,0,car,832.4680555555553,,,,,,,,2025,Great Britain,British Grand Prix,PIA,81,McLaren,2.0,51.0,89.337,MEDIUM,10.402,9040.5
9948.0,175.0,6,0.0,True,0,car,842.1902777777776,,,,,,,,2025,Great Britain,British Grand Prix,PIA,81,McLaren,2.0,51.0,89.337,MEDIUM,10.602,9040.7
10795.0,152.0,3,0.0,True,0,car,855.7013888888888,,,,,,,,2025,Great Britain,British Grand Prix,PIA,81,McLaren,2.0,51.0,89.337,MEDIUM,10.922,9041.02
9635.0,143.0,3,0.0,True,0,car,866.823611111111,,,,,,,,2025,Great Britain,British Grand Prix,PIA,81,McLaren,2.0,51.0,89.337,MEDIUM,11.202,9041.3
9126.0,133.0,3,0.0,True,0,car,875.6902777777776,,,,,,,,2025,Great Britain,British Grand Prix,PIA,81,McLaren,2.0,51.0,89.337,MEDIUM,11.442,9041.54
8637.0,124.0,3,0.0,True,0,car,888.0902777777776,,,,,,,,2025,Great Britain,British Grand Prix,PIA,81,McLaren,2.0,51.0,89.337,MEDIUM,11.802,9041.9
8403.0,121.0,3,0.0,False,0,car,896.1569444444443,,,,,,,,2025,Great Britain,British Grand Prix,PIA,81,McLaren,2.0,51.0,89.337,MEDIUM,12.042,9042.14
8053.0,115.0,3,2.0,False,0,car,907.6888888888888,,,,,,,,2025,Great Britain,British Grand Prix,PIA,81,McLaren,2.0,51.0,89.337,MEDIUM,12.403,9042.501
8246.0,112.0,3,26.0,False,0,car,915.1555555555555,,,,,,,,2025,Great Britain,British Grand Prix,PIA,81,McLaren,2.0,51.0,89.337,MEDIUM,12.643,9042.741
8377.0,113.0,3,28.0,False,0,car,920.1777777777777,,,,,,,,2025,Great Britain,British Grand Prix,PIA,81,McLaren,2.0,51.0,89.337,MEDIUM,12.803,9042.901
8648.0,115.0,3,36.0,False,0,car,929.1222222222221,,,,,,,,2025,Great Britain,British Grand Prix,PIA,81,McLaren,2.0,51.0,89.337,MEDIUM,13.083,9043.181
8820.0,118.0,3,44.0,False,0,car,936.9888888888888,,,,,,,,2025,Great Britain,British Grand Prix,PIA,81,McLaren,2.0,51.0,89.337,MEDIUM,13.323,9043.421
9113.0,118.0,3,44.0,False,0,car,942.2333333333332,,,,,,,,2025,Great Britain,British Grand Prix,PIA,81,McLaren,2.0,51.0,89.337,MEDIUM,13.483,9043.581
9437.0,122.0,3,50.0,False,0,car,953.0777777777777,,,,,,,,2025,Great Britain,British Grand Prix,PIA,81,McLaren,2.0,51.0,89.337,MEDIUM,13.803,9043.901
9888.0,130.0,3,59.0,False,0,car,958.8555555555554,,,,,,,,2025,Great Britain,British Grand Prix,PIA,81,McLaren,2.0,51.0,89.337,MEDIUM,13.963,9044.061
9676.0,135.0,3,61.0,False,0,car,967.8555555555554,,,,,,,,2025,Great Britain,British Grand Prix,PIA,81,McLaren,2.0,51.0,89.337,MEDIUM,14.203,9044.301
9120.0,133.0,3,0.0,True,0,car,978.1999999999998,,,,,,,,2025,Great Britain,British Grand Prix,PIA,81,McLaren,2.0,51.0,89.337,MEDIUM,14.483,9044.581
8204.0,124.0,3,0.0,True,0,car,987.8444444444442,,,,,,,,2025,Great Britain,British Grand Prix,PIA,81,McLaren,2.0,51.0,89.337,MEDIUM,14.763,9044.861
7699.0,117.0,3,0.0,True,0,car,994.3444444444442,,,,,,,,2025,Great Britain,British Grand Prix,PIA,81,McLaren,2.0,51.0,89.337,MEDIUM,14.963,9045.061
7238.0,106.0,3,0.0,True,0,car,1002.5888888888887,,,,,,,,2025,Great Britain,British Grand Prix,PIA,81,McLaren,2.0,51.0,89.337,MEDIUM,15.243,9045.341
6912.0,102.0,3,0.0,True,0,car,1009.3888888888887,,,,,,,,2025,Great Britain,British Grand Prix,PIA,81,McLaren,2.0,51.0,89.337,MEDIUM,15.483,9045.581
6696.0,95.0,3,0.0,True,0,car,1018.8624999999998,,,,,,,,2025,Great Britain,British Grand Prix,PIA,81,McLaren,2.0,51.0,89.337,MEDIUM,15.842,9045.94
6552.0,91.0,3,0.0,False,0,car,1023.9180555555554,,,,,,,,2025,Great Britain,British Grand Prix,PIA,81,McLaren,2.0,51.0,89.337,MEDIUM,16.042,9046.14
6275.0,89.0,3,0.0,False,0,car,1027.873611111111,,,,,,,,2025,Great Britain,British Grand Prix,PIA,81,McLaren,2.0,51.0,89.337,MEDIUM,16.202,9046.3
6153.0,87.0,3,0.0,False,0,car,1032.7069444444442,,,,,,,,2025,Great Britain,British Grand Prix,PIA,81,McLaren,2.0,51.0,89.337,MEDIUM,16.402,9046.5
5832.0,82.0,3,1.0,False,0,car,1039.9958333333332,,,,,,,,2025,Great Britain,British Grand Prix,PIA,81,McLaren,2.0,51.0,89.337,MEDIUM,16.722,9046.82
6067.0,80.0,3,21.0,False,0,car,1047.1069444444443,,,,,,,,2025,Great Britain,British Grand Prix,PIA,81,McLaren,2.0,51.0,89.337,MEDIUM,17.042,9047.14
6478.0,83.0,3,42.0,False,0,car,1054.484722222222,,,,,,,,2025,Great Britain,British Grand Prix,PIA,81,McLaren,2.0,51.0,89.337,MEDIUM,17.362,9047.46
6829.0,87.0,3,51.0,False,0,car,1059.3180555555555,,,,,,,,2025,Great Britain,British Grand Prix,PIA,81,McLaren,2.0,51.0,89.337,MEDIUM,17.562,9047.66
7784.0,99.0,3,71.0,False,0,car,1070.3180555555555,,,,,,,,2025,Great Britain,British Grand Prix,PIA,81,McLaren,2.0,51.0,89.337,MEDIUM,17.962,9048.06
8280.0,107.0,3,75.0,False,0,car,1076.2624999999998,,,,,,,,2025,Great Britain,British Grand Prix,PIA,81,McLaren,2.0,51.0,89.337,MEDIUM,18.162,9048.26
9099.0,111.0,3,86.0,False,0,car,1082.4291666666666,,,,,,,,2025,Great Britain,British Grand Prix,PIA,81,McLaren,2.0,51.0,89.337,MEDIUM,18.362,9048.46
9823.0,125.0,3,95.0,False,0,car,1087.9847222222222,,,,,,,,2025,Great Britain,British Grand Prix,PIA,81,McLaren,2.0,51.0,89.337,MEDIUM,18.522,9048.62
11387.0,141.0,3,99.0,False,0,car,1100.5180555555555,,,,,,,,2025,Great Britain,British Grand Prix,PIA,81,McLaren,2.0,51.0,89.337,MEDIUM,18.842,9048.94
11300.0,156.0,3,99.0,False,0,car,1114.4280555555556,,,,,,,,2025,Great Britain,British Grand Prix,PIA,81,McLaren,2.0,51.0,89.337,MEDIUM,19.163,9049.261
10460.0,165.0,4,99.0,False,0,car,1123.5947222222223,,,,,,,,2025,Great Britain,British Grand Prix,PIA,81,McLaren,2.0,51.0,89.337,MEDIUM,19.363,9049.461
10856.0,175.0,4,99.0,False,0,car,1133.3169444444445,,,,,,,,2025,Great Britain,British Grand Prix,PIA,81,McLaren,2.0,51.0,89.337,MEDIUM,19.563,9049.661
11539.0,183.0,4,99.0,False,0,car,1143.4836111111113,,,,,,,,2025,Great Britain,British Grand Prix,PIA,81,McLaren,2.0,51.0,89.337,MEDIUM,19.763,9049.861
11766.0,190.0,4,99.0,False,0,car,1151.9280555555556,,,,,,,,2025,Great Britain,British Grand Prix,PIA,81,McLaren,2.0,51.0,89.337,MEDIUM,19.923,9050.021
10806.0,201.0,5,99.0,False,0,car,1169.7947222222224,,,,,,,,2025,Great Britain,British Grand Prix,PIA,81,McLaren,2.0,51.0,89.337,MEDIUM,20.243,9050.341
10946.0,207.0,5,99.0,False,0,car,1183.5947222222226,,,,,,,,2025,Great Britain,British Grand Prix,PIA,81,McLaren,2.0,51.0,89.337,MEDIUM,20.483,9050.581
11631.0,218.0,5,99.0,False,0,car,1205.3947222222225,,,,,,,,2025,Great Britain,British Grand Prix,PIA,81,McLaren,2.0,51.0,89.337,MEDIUM,20.843,9050.941
11658.0,227.0,5,99.0,False,0,car,1233.139166666667,,,,,,,,2025,Great Britain,British Grand Prix,PIA,81,McLaren,2.0,51.0,89.337,MEDIUM,21.283,9051.381
10870.0,234.0,6,99.0,False,0,car,1248.739166666667,,,,,,,,2025,Great Britain,British Grand Prix,PIA,81,McLaren,2.0,51.0,89.337,MEDIUM,21.523,9051.621
10961.0,236.0,6,99.0,False,0,car,1264.4725000000005,,,,,,,,2025,Great Britain,British Grand Prix,PIA,81,McLaren,2.0,51.0,89.337,MEDIUM,21.763,9051.861
11195.0,245.0,6,99.0,False,0,car,1288.9725000000005,,,,,,,,2025,Great Britain,British Grand Prix,PIA,81,McLaren,2.0,51.0,89.337,MEDIUM,22.123,9052.221
11608.0,248.0,6,99.0,False,0,car,1319.2147222222227,,,,,,,,2025,Great Britain,British Grand Prix,PIA,81,McLaren,2.0,51.0,89.337,MEDIUM,22.562,9052.66
10269.0,256.0,6,99.0,False,0,car,1339.1258333333337,,,,,,,,2025,Great Britain,British Grand Prix,PIA,81,McLaren,2.0,51.0,89.337,MEDIUM,22.842,9052.94
10375.0,258.0,7,99.0,False,0,car,1353.4591666666672,,,,,,,,2025,Great Britain,British Grand Prix,PIA,81,McLaren,2.0,51.0,89.337,MEDIUM,23.042,9053.14
10519.0,262.0,7,99.0,False,0,car,1370.9258333333337,,,,,,,,2025,Great Britain,British Grand Prix,PIA,81,McLaren,2.0,51.0,89.337,MEDIUM,23.282,9053.38
10671.0,265.0,7,99.0,False,0,car,1382.7036111111115,,,,,,,,2025,Great Britain,British Grand Prix,PIA,81,McLaren,2.0,51.0,89.337,MEDIUM,23.442,9053.54
10826.0,269.0,7,99.0,False,0,car,1409.6036111111114,,,,,,,,2025,Great Britain,British Grand Prix,PIA,81,McLaren,2.0,51.0,89.337,MEDIUM,23.802,9053.9
10949.0,272.0,7,99.0,False,0,car,1430.759166666667,,,,,,,,2025,Great Britain,British Grand Prix,PIA,81,McLaren,2.0,51.0,89.337,MEDIUM,24.082,9054.18
11042.0,276.0,7,100.0,False,0,car,1452.2258333333334,,,,,,,,2025,Great Britain,British Grand Prix,PIA,81,McLaren,2.0,51.0,89.337,MEDIUM,24.362,9054.46
11126.0,278.0,7,99.0,False,0,car,1470.759166666667,,,,,,,,2025,Great Britain,British Grand Prix,PIA,81,McLaren,2.0,51.0,89.337,MEDIUM,24.602,9054.7
11316.0,282.0,7,99.0,False,0,car,1508.359166666667,,,,,,,,2025,Great Britain,British Grand Prix,PIA,81,McLaren,2.0,51.0,89.337,MEDIUM,25.082,9055.18
11409.0,285.0,7,99.0,False,0,car,1533.6925000000003,,,,,,,,2025,Great Britain,British Grand Prix,PIA,81,McLaren,2.0,51.0,89.337,MEDIUM,25.402,9055.5
11603.0,287.0,7,99.0,False,0,car,1546.5277777777778,,,,,,,,2025,Great Britain,British Grand Prix,PIA,81,McLaren,2.0,51.0,89.337,MEDIUM,25.563,9055.661
11582.0,288.0,7,99.0,False,0,car,1559.3277777777778,,,,,,,,2025,Great Britain,British Grand Prix,PIA,81,McLaren,2.0,51.0,89.337,MEDIUM,25.723,9055.821
11605.0,290.0,7,99.0,False,0,car,1578.6611111111113,,,,,,,,2025,Great Britain,British Grand Prix,PIA,81,McLaren,2.0,51.0,89.337,MEDIUM,25.963,9056.061
11628.0,291.0,7,99.0,False,0,car,1594.8277777777778,,,,,,,,2025,Great Britain,British Grand Prix,PIA,81,McLaren,2.0,51.0,89.337,MEDIUM,26.163,9056.261
11711.0,293.0,7,99.0,False,0,car,1617.6166666666668,,,,,,,,2025,Great Britain,British Grand Prix,PIA,81,McLaren,2.0,51.0,89.337,MEDIUM,26.443,9056.541
10495.0,296.0,8,99.0,False,0,car,1650.5055555555555,,,,,,,,2025,Great Britain,British Grand Prix,PIA,81,McLaren,2.0,51.0,89.337,MEDIUM,26.843,9056.941
10493.0,297.0,8,99.0,False,0,car,1670.3055555555554,,,,,,,,2025,Great Britain,British Grand Prix,PIA,81,McLaren,2.0,51.0,89.337,MEDIUM,27.083,9057.181
10483.0,299.0,8,99.0,False,0,car,1710.1722222222222,,,,,,,,2025,Great Britain,British Grand Prix,PIA,81,McLaren,2.0,51.0,89.337,MEDIUM,27.563,9057.661
10529.0,300.0,8,99.0,False,0,car,1733.5055555555557,,,,,,,,2025,Great Britain,British Grand Prix,PIA,81,McLaren,2.0,51.0,89.337,MEDIUM,27.843,9057.941
10509.0,299.0,8,99.0,False,0,car,1746.7944444444447,,,,,,,,2025,Great Britain,British Grand Prix,PIA,81,McLaren,2.0,51.0,89.337,MEDIUM,28.003,9058.101
10511.0,299.0,8,99.0,False,0,car,1770.0500000000004,,,,,,,,2025,Great Britain,British Grand Prix,PIA,81,McLaren,2.0,51.0,89.337,MEDIUM,28.283,9058.381
10511.0,298.0,8,99.0,False,0,car,1789.916666666667,,,,,,,,2025,Great Britain,British Grand Prix,PIA,81,McLaren,2.0,51.0,89.337,MEDIUM,28.523,9058.621
10447.0,298.0,8,100.0,False,0,car,1809.7833333333338,,,,,,,,2025,Great Britain,British Grand Prix,PIA,81,McLaren,2.0,51.0,89.337,MEDIUM,28.763,9058.861
10514.0,297.0,8,99.0,False,0,car,1822.9833333333336,,,,,,,,2025,Great Britain,British Grand Prix,PIA,81,McLaren,2.0,51.0,89.337,MEDIUM,28.923,9059.021
10045.0,276.0,8,0.0,True,0,car,1859.7066666666672,,,,,,,,2025,Great Britain,British Grand Prix,PIA,81,McLaren,2.0,51.0,89.337,MEDIUM,29.402,9059.5
10641.0,241.0,8,0.0,True,0,car,1886.4844444444448,,,,,,,,2025,Great Britain,British Grand Prix,PIA,81,McLaren,2.0,51.0,89.337,MEDIUM,29.802,9059.9
11096.0,226.0,7,0.0,True,0,car,1901.5511111111116,,,,,,,,2025,Great Britain,British Grand Prix,PIA,81,McLaren,2.0,51.0,89.337,MEDIUM,30.042,9060.14
11580.0,206.0,5,0.0,True,0,car,1917.5733333333337,,,,,,,,2025,Great Britain,British Grand Prix,PIA,81,McLaren,2.0,51.0,89.337,MEDIUM,30.322,9060.42
11742.0,197.0,4,0.0,True,0,car,1935.084444444445,,,,,,,,2025,Great Britain,British Grand Prix,PIA,81,McLaren,2.0,51.0,89.337,MEDIUM,30.642,9060.74
10589.0,179.0,4,0.0,True,0,car,1954.9733333333338,,,,,,,,2025,Great Britain,British Grand Prix,PIA,81,McLaren,2.0,51.0,89.337,MEDIUM,31.042,9061.14
10378.0,169.0,4,0.0,True,0,car,1969.995555555556,,,,,,,,2025,Great Britain,British Grand Prix,PIA,81,McLaren,2.0,51.0,89.337,MEDIUM,31.362,9061.46
9666.0,164.0,4,1.0,True,0,car,1979.1066666666673,,,,,,,,2025,Great Britain,British Grand Prix,PIA,81,McLaren,2.0,51.0,89.337,MEDIUM,31.562,9061.66
9376.0,158.0,4,3.0,False,0,car,1989.6400000000006,,,,,,,,2025,Great Britain,British Grand Prix,PIA,81,McLaren,2.0,51.0,89.337,MEDIUM,31.802,9061.9
9511.0,154.0,4,26.0,False,0,car,2001.6177777777784,,,,,,,,2025,Great Britain,British Grand Prix,PIA,81,McLaren,2.0,51.0,89.337,MEDIUM,32.082,9062.18
10596.0,166.0,4,74.0,False,0,car,2047.7750000000005,,,,,,,,2025,Great Britain,British Grand Prix,PIA,81,McLaren,2.0,51.0,89.337,MEDIUM,33.083,9063.181
10368.0,173.0,4,61.0,False,0,car,2059.308333333334,,,,,,,,2025,Great Britain,British Grand Prix,PIA,81,McLaren,2.0,51.0,89.337,MEDIUM,33.323,9063.421
10339.0,172.0,4,4.0,True,0,car,2072.6861111111116,,,,,,,,2025,Great Britain,British Grand Prix,PIA,81,McLaren,2.0,51.0,89.337,MEDIUM,33.603,9063.701
10954.0,168.0,4,0.0,True,0,car,2085.752777777778,,,,,,,,2025,Great Britain,British Grand Prix,PIA,81,McLaren,2.0,51.0,89.337,MEDIUM,33.883,9063.981
10454.0,153.0,4,0.0,True,0,car,2094.252777777778,,,,,,,,2025,Great Britain,British Grand Prix,PIA,81,McLaren,2.0,51.0,89.337,MEDIUM,34.083,9064.181
9766.0,140.0,3,0.0,True,0,car,2108.252777777778,,,,,,,,2025,Great Britain,British Grand Prix,PIA,81,McLaren,2.0,51.0,89.337,MEDIUM,34.443,9064.541
9257.0,136.0,3,0.0,True,0,car,2118.830555555556,,,,,,,,2025,Great Britain,British Grand Prix,PIA,81,McLaren,2.0,51.0,89.337,MEDIUM,34.723,9064.821
8799.0,128.0,3,0.0,True,0,car,2127.3638888888895,,,,,,,,2025,Great Britain,British Grand Prix,PIA,81,McLaren,2.0,51.0,89.337,MEDIUM,34.963,9065.061
8468.0,122.0,3,0.0,False,0,car,2136.8527777777786,,,,,,,,2025,Great Britain,British Grand Prix,PIA,81,McLaren,2.0,51.0,89.337,MEDIUM,35.243,9065.341
8256.0,119.0,3,0.0,False,0,car,2143.4638888888894,,,,,,,,2025,Great Britain,British Grand Prix,PIA,81,McLaren,2.0,51.0,89.337,MEDIUM,35.443,9065.541
7961.0,116.0,3,0.0,False,0,car,2152.4861111111118,,,,,,,,2025,Great Britain,British Grand Prix,PIA,81,McLaren,2.0,51.0,89.337,MEDIUM,35.723,9065.821
7958.0,112.0,3,0.0,False,0,car,2161.197222222223,,,,,,,,2025,Great Britain,British Grand Prix,PIA,81,McLaren,2.0,51.0,89.337,MEDIUM,36.003,9066.101
7502.0,106.0,3,0.0,False,0,car,2169.4122222222227,,,,,,,,2025,Great Britain,British Grand Prix,PIA,81,McLaren,2.0,51.0,89.337,MEDIUM,36.282,9066.38
7560.0,104.0,3,9.0,False,0,car,2178.656666666667,,,,,,,,2025,Great Britain,British Grand Prix,PIA,81,McLaren,2.0,51.0,89.337,MEDIUM,36.602,9066.7
8108.0,110.0,3,46.0,False,0,car,2190.8788888888894,,,,,,,,2025,Great Britain,British Grand Prix,PIA,81,McLaren,2.0,51.0,89.337,MEDIUM,37.002,9067.1
9011.0,116.0,3,57.0,False,0,car,2205.0566666666673,,,,,,,,2025,Great Britain,British Grand Prix,PIA,81,McLaren,2.0,51.0,89.337,MEDIUM,37.442,9067.54
9360.0,123.0,3,62.0,False,0,car,2211.890000000001,,,,,,,,2025,Great Britain,British Grand Prix,PIA,81,McLaren,2.0,51.0,89.337,MEDIUM,37.642,9067.74
10174.0,134.0,3,72.0,False,0,car,2226.7788888888895,,,,,,,,2025,Great Britain,British Grand Prix,PIA,81,McLaren,2.0,51.0,89.337,MEDIUM,38.042,9068.14
11165.0,146.0,3,83.0,False,0,car,2239.756666666667,,,,,,,,2025,Great Britain,British Grand Prix,PIA,81,McLaren,2.0,51.0,89.337,MEDIUM,38.362,9068.46
11729.0,150.0,3,87.0,False,0,car,2249.756666666667,,,,,,,,2025,Great Britain,British Grand Prix,PIA,81,McLaren,2.0,51.0,89.337,MEDIUM,38.602,9068.7
11119.0,166.0,3,92.0,False,0,car,2260.869444444445,,,,,,,,2025,Great Britain,British Grand Prix,PIA,81,McLaren,2.0,51.0,89.337,MEDIUM,38.843,9068.941
11002.0,175.0,4,99.0,False,0,car,2270.591666666667,,,,,,,,2025,Great Britain,British Grand Prix,PIA,81,McLaren,2.0,51.0,89.337,MEDIUM,39.043,9069.141
11576.0,186.0,4,99.0,False,0,car,2285.058333333334,,,,,,,,2025,Great Britain,British Grand Prix,PIA,81,McLaren,2.0,51.0,89.337,MEDIUM,39.323,9069.421
11324.0,186.0,4,99.0,False,0,car,2293.3250000000003,,,,,,,,2025,Great Britain,British Grand Prix,PIA,81,McLaren,2.0,51.0,89.337,MEDIUM,39.483,9069.581
10623.0,198.0,5,99.0,False,0,car,2302.1250000000005,,,,,,,,2025,Great Britain,British Grand Prix,PIA,81,McLaren,2.0,51.0,89.337,MEDIUM,39.643,9069.741
10862.0,201.0,5,99.0,False,0,car,2313.2916666666674,,,,,,,,2025,Great Britain,British Grand Prix,PIA,81,McLaren,2.0,51.0,89.337,MEDIUM,39.843,9069.941
11621.0,215.0,5,99.0,False,0,car,2332.4027777777783,,,,,,,,2025,Great Britain,British Grand Prix,PIA,81,McLaren,2.0,51.0,89.337,MEDIUM,40.163,9070.261
11568.0,219.0,5,99.0,False,0,car,2342.136111111112,,,,,,,,2025,Great Britain,British Grand Prix,PIA,81,McLaren,2.0,51.0,89.337,MEDIUM,40.323,9070.421
10728.0,227.0,5,99.0,False,0,car,2362.31388888889,,,,,,,,2025,Great Britain,British Grand Prix,PIA,81,McLaren,2.0,51.0,89.337,MEDIUM,40.643,9070.741
10782.0,233.0,6,99.0,False,0,car,2375.2583333333346,,,,,,,,2025,Great Britain,British Grand Prix,PIA,81,McLaren,2.0,51.0,89.337,MEDIUM,40.843,9070.941
11036.0,238.0,6,99.0,False,0,car,2391.125000000001,,,,,,,,2025,Great Britain,British Grand Prix,PIA,81,McLaren,2.0,51.0,89.337,MEDIUM,41.083,9071.181
11294.0,247.0,6,99.0,False,0,car,2415.8250000000007,,,,,,,,2025,Great Britain,British Grand Prix,PIA,81,McLaren,2.0,51.0,89.337,MEDIUM,41.443,9071.541
11520.0,250.0,6,99.0,False,0,car,2429.71388888889,,,,,,,,2025,Great Britain,British Grand Prix,PIA,81,McLaren,2.0,51.0,89.337,MEDIUM,41.643,9071.741
11701.0,254.0,6,99.0,False,0,car,2449.4694444444453,,,,,,,,2025,Great Britain,British Grand Prix,PIA,81,McLaren,2.0,51.0,89.337,MEDIUM,41.923,9072.021
11701.0,260.0,6,99.0,False,0,car,2466.8027777777784,,,,,,,,2025,Great Britain,British Grand Prix,PIA,81,McLaren,2.0,51.0,89.337,MEDIUM,42.163,9072.261
11561.0,262.0,7,99.0,False,0,car,2481.358333333334,,,,,,,,2025,Great Britain,British Grand Prix,PIA,81,McLaren,2.0,51.0,89.337,MEDIUM,42.363,9072.461
10722.0,269.0,7,99.0,False,0,car,2508.258333333334,,,,,,,,2025,Great Britain,British Grand Prix,PIA,81,McLaren,2.0,51.0,89.337,MEDIUM,42.723,9072.821
10856.0,271.0,7,99.0,False,0,car,2526.249722222223,,,,,,,,2025,Great Britain,British Grand Prix,PIA,81,McLaren,2.0,51.0,89.337,MEDIUM,42.962,9073.06
10979.0,274.0,7,99.0,False,0,car,2541.471944444445,,,,,,,,2025,Great Britain,British Grand Prix,PIA,81,McLaren,2.0,51.0,89.337,MEDIUM,43.162,9073.26
11000.0,276.0,7,99.0,False,0,car,2562.9386111111116,,,,,,,,2025,Great Britain,British Grand Prix,PIA,81,McLaren,2.0,51.0,89.337,MEDIUM,43.442,9073.54
11219.0,280.0,7,99.0,False,0,car,2584.7163888888895,,,,,,,,2025,Great Britain,British Grand Prix,PIA,81,McLaren,2.0,51.0,89.337,MEDIUM,43.722,9073.82
11255.0,282.0,7,99.0,False,0,car,2603.5163888888897,,,,,,,,2025,Great Britain,British Grand Prix,PIA,81,McLaren,2.0,51.0,89.337,MEDIUM,43.962,9074.06
11547.0,285.0,7,99.0,False,0,car,2628.849722222222,,,,,,,,2025,Great Britain,British Grand Prix,PIA,81,McLaren,2.0,51.0,89.337,MEDIUM,44.282,9074.38
11527.0,287.0,7,99.0,False,0,car,2670.305277777778,,,,,,,,2025,Great Britain,British Grand Prix,PIA,81,McLaren,2.0,51.0,89.337,MEDIUM,44.802,9074.9
11683.0,289.0,7,99.0,False,0,car,2699.205277777778,,,,,,,,2025,Great Britain,British Grand Prix,PIA,81,McLaren,2.0,51.0,89.337,MEDIUM,45.162,9075.26
10448.0,294.0,7,99.0,False,0,car,2722.1536111111113,,,,,,,,2025,Great Britain,British Grand Prix,PIA,81,McLaren,2.0,51.0,89.337,MEDIUM,45.443,9075.541
10502.0,296.0,8,99.0,False,0,car,2745.1758333333337,,,,,,,,2025,Great Britain,British Grand Prix,PIA,81,McLaren,2.0,51.0,89.337,MEDIUM,45.723,9075.821
10562.0,298.0,8,99.0,False,0,car,2768.3536111111116,,,,,,,,2025,Great Britain,British Grand Prix,PIA,81,McLaren,2.0,51.0,89.337,MEDIUM,46.003,9076.101
10644.0,301.0,8,99.0,False,0,car,2805.1425000000004,,,,,,,,2025,Great Britain,British Grand Prix,PIA,81,McLaren,2.0,51.0,89.337,MEDIUM,46.443,9076.541
10543.0,302.0,8,99.0,False,0,car,2838.6980555555565,,,,,,,,2025,Great Britain,British Grand Prix,PIA,81,McLaren,2.0,51.0,89.337,MEDIUM,46.843,9076.941
10688.0,303.0,8,99.0,False,0,car,2852.1647222222227,,,,,,,,2025,Great Britain,British Grand Prix,PIA,81,McLaren,2.0,51.0,89.337,MEDIUM,47.003,9077.101
10654.0,304.0,8,99.0,False,0,car,2950.120277777778,,,,,,,,2025,Great Britain,British Grand Prix,PIA,81,McLaren,2.0,51.0,89.337,MEDIUM,48.163,9078.261
10517.0,302.0,8,25.0,False,0,car,2976.9647222222225,,,,,,,,2025,Great Britain,British Grand Prix,PIA,81,McLaren,2.0,51.0,89.337,MEDIUM,48.483,9078.581
11471.0,293.0,7,38.0,False,0,car,2996.4980555555558,,,,,,,,2025,Great Britain,British Grand Prix,PIA,81,McLaren,2.0,51.0,89.337,MEDIUM,48.723,9078.821
11548.0,288.0,7,74.0,False,0,car,3022.0980555555557,,,,,,,,2025,Great Britain,British Grand Prix,PIA,81,McLaren,2.0,51.0,89.337,MEDIUM,49.043,9079.141
11508.0,287.0,7,82.0,False,0,car,3041.2313888888893,,,,,,,,2025,Great Britain,British Grand Prix,PIA,81,McLaren,2.0,51.0,89.337,MEDIUM,49.283,9079.381
11430.0,285.0,7,85.0,False,0,car,3066.4855555555555,,,,,,,,2025,Great Britain,British Grand Prix,PIA,81,McLaren,2.0,51.0,89.337,MEDIUM,49.602,9079.7
11421.0,285.0,7,85.0,False,0,car,3082.318888888889,,,,,,,,2025,Great Britain,British Grand Prix,PIA,81,McLaren,2.0,51.0,89.337,MEDIUM,49.802,9079.9
11417.0,284.0,7,94.0,False,0,car,3101.2522222222224,,,,,,,,2025,Great Britain,British Grand Prix,PIA,81,McLaren,2.0,51.0,89.337,MEDIUM,50.042,9080.14
11464.0,285.0,7,98.0,False,0,car,3126.585555555556,,,,,,,,2025,Great Britain,British Grand Prix,PIA,81,McLaren,2.0,51.0,89.337,MEDIUM,50.362,9080.46
11541.0,286.0,7,98.0,False,0,car,3142.4744444444445,,,,,,,,2025,Great Britain,British Grand Prix,PIA,81,McLaren,2.0,51.0,89.337,MEDIUM,50.562,9080.66
11558.0,287.0,7,98.0,False,0,car,3158.4188888888893,,,,,,,,2025,Great Britain,British Grand Prix,PIA,81,McLaren,2.0,51.0,89.337,MEDIUM,50.762,9080.86
11595.0,291.0,7,99.0,False,0,car,3177.8188888888894,,,,,,,,2025,Great Britain,British Grand Prix,PIA,81,McLaren,2.0,51.0,89.337,MEDIUM,51.002,9081.1
11602.0,292.0,7,99.0,False,0,car,3190.796666666667,,,,,,,,2025,Great Britain,British Grand Prix,PIA,81,McLaren,2.0,51.0,89.337,MEDIUM,51.162,9081.26
11562.0,292.0,7,99.0,False,0,car,3210.263333333334,,,,,,,,2025,Great Britain,British Grand Prix,PIA,81,McLaren,2.0,51.0,89.337,MEDIUM,51.402,9081.5
10534.0,293.0,8,99.0,False,0,car,3229.796666666667,,,,,,,,2025,Great Britain,British Grand Prix,PIA,81,McLaren,2.0,51.0,89.337,MEDIUM,51.642,9081.74
10427.0,295.0,8,99.0,False,0,car,3246.1855555555558,,,,,,,,2025,Great Britain,British Grand Prix,PIA,81,McLaren,2.0,51.0,89.337,MEDIUM,51.842,9081.94
10497.0,297.0,8,99.0,False,0,car,3262.7680555555557,,,,,,,,2025,Great Britain,British Grand Prix,PIA,81,McLaren,2.0,51.0,89.337,MEDIUM,52.043,9082.141
10497.0,298.0,8,99.0,False,0,car,3279.3236111111114,,,,,,,,2025,Great Britain,British Grand Prix,PIA,81,McLaren,2.0,51.0,89.337,MEDIUM,52.243,9082.341
10660.0,301.0,8,99.0,False,0,car,3309.4236111111113,,,,,,,,2025,Great Britain,British Grand Prix,PIA,81,McLaren,2.0,51.0,89.337,MEDIUM,52.603,9082.701
10715.0,304.0,8,99.0,False,0,car,3329.690277777778,,,,,,,,2025,Great Britain,British Grand Prix,PIA,81,McLaren,2.0,51.0,89.337,MEDIUM,52.843,9082.941
10852.0,306.0,8,99.0,False,0,car,3356.8902777777776,,,,,,,,2025,Great Britain,British Grand Prix,PIA,81,McLaren,2.0,51.0,89.337,MEDIUM,53.163,9083.261
10878.0,307.0,8,99.0,False,0,car,3377.3569444444443,,,,,,,,2025,Great Britain,British Grand Prix,PIA,81,McLaren,2.0,51.0,89.337,MEDIUM,53.403,9083.501
10892.0,309.0,8,99.0,False,0,car,3404.823611111111,,,,,,,,2025,Great Britain,British Grand Prix,PIA,81,McLaren,2.0,51.0,89.337,MEDIUM,53.723,9083.821
10939.0,310.0,8,99.0,False,0,car,3425.490277777778,,,,,,,,2025,Great Britain,British Grand Prix,PIA,81,McLaren,2.0,51.0,89.337,MEDIUM,53.963,9084.061
10962.0,311.0,8,99.0,False,0,car,3439.3125,,,,,,,,2025,Great Britain,British Grand Prix,PIA,81,McLaren,2.0,51.0,89.337,MEDIUM,54.123,9084.221
11048.0,312.0,8,99.0,False,0,car,3456.6458333333335,,,,,,,,2025,Great Britain,British Grand Prix,PIA,81,McLaren,2.0,51.0,89.337,MEDIUM,54.323,9084.421
11017.0,313.0,8,99.0,False,0,car,3470.5569444444445,,,,,,,,2025,Great Britain,British Grand Prix,PIA,81,McLaren,2.0,51.0,89.337,MEDIUM,54.483,9084.581
11139.0,314.0,8,99.0,False,0,car,3498.4680555555556,,,,,,,,2025,Great Britain,British Grand Prix,PIA,81,McLaren,2.0,51.0,89.337,MEDIUM,54.803,9084.901
11112.0,315.0,8,99.0,False,0,car,3526.4680555555556,,,,,,,,2025,Great Britain,British Grand Prix,PIA,81,McLaren,2.0,51.0,89.337,MEDIUM,55.123,9085.221
11147.0,315.0,8,99.0,False,0,car,3547.4680555555556,,,,,,,,2025,Great Britain,British Grand Prix,PIA,81,McLaren,2.0,51.0,89.337,MEDIUM,55.363,9085.461
11029.0,314.0,8,99.0,False,0,car,3585.8458333333333,,,,,,,,2025,Great Britain,British Grand Prix,PIA,81,McLaren,2.0,51.0,89.337,MEDIUM,55.803,9085.901
11094.0,313.0,8,99.0,False,0,car,3603.2347222222224,,,,,,,,2025,Great Britain,British Grand Prix,PIA,81,McLaren,2.0,51.0,89.337,MEDIUM,56.003,9086.101
11007.0,313.0,8,99.0,False,0,car,3620.536666666667,,,,,,,,2025,Great Britain,British Grand Prix,PIA,81,McLaren,2.0,51.0,89.337,MEDIUM,56.202,9086.3
11007.0,313.0,8,99.0,False,0,car,3634.4477777777784,,,,,,,,2025,Great Britain,British Grand Prix,PIA,81,McLaren,2.0,51.0,89.337,MEDIUM,56.362,9086.46
11031.0,312.0,8,43.0,False,0,car,3648.3144444444447,,,,,,,,2025,Great Britain,British Grand Prix,PIA,81,McLaren,2.0,51.0,89.337,MEDIUM,56.522,9086.62
11908.0,305.0,8,40.0,False,0,car,3678.8144444444447,,,,,,,,2025,Great Britain,British Grand Prix,PIA,81,McLaren,2.0,51.0,89.337,MEDIUM,56.882,9086.98
11809.0,296.0,7,67.0,False,0,car,3708.4144444444446,,,,,,,,2025,Great Britain,British Grand Prix,PIA,81,McLaren,2.0,51.0,89.337,MEDIUM,57.242,9087.34
11635.0,292.0,7,87.0,False,0,car,3747.3477777777784,,,,,,,,2025,Great Britain,British Grand Prix,PIA,81,McLaren,2.0,51.0,89.337,MEDIUM,57.722,9087.82
11158.0,289.0,7,10.0,True,0,car,3779.4588888888893,,,,,,,,2025,Great Britain,British Grand Prix,PIA,81,McLaren,2.0,51.0,89.337,MEDIUM,58.122,9088.22
11434.0,281.0,7,5.0,True,0,car,3798.192222222223,,,,,,,,2025,Great Britain,British Grand Prix,PIA,81,McLaren,2.0,51.0,89.337,MEDIUM,58.362,9088.46
12315.0,272.0,6,5.0,True,0,car,3813.3788888888894,,,,,,,,2025,Great Britain,British Grand Prix,PIA,81,McLaren,2.0,51.0,89.337,MEDIUM,58.563,9088.661
11627.0,263.0,6,7.0,False,0,car,3836.756666666667,,,,,,,,2025,Great Britain,British Grand Prix,PIA,81,McLaren,2.0,51.0,89.337,MEDIUM,58.883,9088.981
11426.0,255.0,6,27.0,False,0,car,3853.7566666666667,,,,,,,,2025,Great Britain,British Grand Prix,PIA,81,McLaren,2.0,51.0,89.337,MEDIUM,59.123,9089.221
11340.0,250.0,6,44.0,False,0,car,3870.4233333333336,,,,,,,,2025,Great Britain,British Grand Prix,PIA,81,McLaren,2.0,51.0,89.337,MEDIUM,59.363,9089.461
11320.0,247.0,6,56.0,False,0,car,3881.4011111111117,,,,,,,,2025,Great Britain,British Grand Prix,PIA,81,McLaren,2.0,51.0,89.337,MEDIUM,59.523,9089.621
11147.0,247.0,6,38.0,False,0,car,3895.1233333333334,,,,,,,,2025,Great Britain,British Grand Prix,PIA,81,McLaren,2.0,51.0,89.337,MEDIUM,59.723,9089.821
11073.0,242.0,6,3.0,True,0,car,3908.5677777777782,,,,,,,,2025,Great Britain,British Grand Prix,PIA,81,McLaren,2.0,51.0,89.337,MEDIUM,59.923,9090.021
11943.0,235.0,6,1.0,True,0,car,3926.845555555556,,,,,,,,2025,Great Britain,British Grand Prix,PIA,81,McLaren,2.0,51.0,89.337,MEDIUM,60.203,9090.301
11332.0,226.0,5,1.0,True,0,car,3944.4233333333336,,,,,,,,2025,Great Britain,British Grand Prix,PIA,81,McLaren,2.0,51.0,89.337,MEDIUM,60.483,9090.581
11091.0,217.0,5,1.0,True,0,car,3954.0677777777782,,,,,,,,2025,Great Britain,British Grand Prix,PIA,81,McLaren,2.0,51.0,89.337,MEDIUM,60.643,9090.741
10738.0,212.0,5,2.0,False,0,car,3965.845555555556,,,,,,,,2025,Great Britain,British Grand Prix,PIA,81,McLaren,2.0,51.0,89.337,MEDIUM,60.843,9090.941
10536.0,208.0,5,10.0,False,0,car,3984.3344444444447,,,,,,,,2025,Great Britain,British Grand Prix,PIA,81,McLaren,2.0,51.0,89.337,MEDIUM,61.163,9091.261
10792.0,202.0,5,72.0,False,0,car,4011.267777777778,,,,,,,,2025,Great Britain,British Grand Prix,PIA,81,McLaren,2.0,51.0,89.337,MEDIUM,61.643,9091.741
10898.0,204.0,5,74.0,False,0,car,4020.3344444444447,,,,,,,,2025,Great Britain,British Grand Prix,PIA,81,McLaren,2.0,51.0,89.337,MEDIUM,61.803,9091.901
11122.0,209.0,5,89.0,False,0,car,4038.9122222222227,,,,,,,,2025,Great Britain,British Grand Prix,PIA,81,McLaren,2.0,51.0,89.337,MEDIUM,62.123,9092.221
11316.0,211.0,5,93.0,False,0,car,4048.290000000001,,,,,,,,2025,Great Britain,British Grand Prix,PIA,81,McLaren,2.0,51.0,89.337,MEDIUM,62.283,9092.381
11758.0,218.0,5,98.0,False,0,car,4072.512222222223,,,,,,,,2025,Great Britain,British Grand Prix,PIA,81,McLaren,2.0,51.0,89.337,MEDIUM,62.683,9092.781
10509.0,228.0,6,99.0,False,0,car,4095.2488888888897,,,,,,,,2025,Great Britain,British Grand Prix,PIA,81,McLaren,2.0,51.0,89.337,MEDIUM,63.042,9093.14
11110.0,237.0,6,99.0,False,0,car,4121.582222222223,,,,,,,,2025,Great Britain,British Grand Prix,PIA,81,McLaren,2.0,51.0,89.337,MEDIUM,63.442,9093.54
11138.0,243.0,6,99.0,False,0,car,4135.082222222223,,,,,,,,2025,Great Britain,British Grand Prix,PIA,81,McLaren,2.0,51.0,89.337,MEDIUM,63.642,9093.74
11493.0,249.0,6,99.0,False,0,car,4159.982222222223,,,,,,,,2025,Great Britain,British Grand Prix,PIA,81,McLaren,2.0,51.0,89.337,MEDIUM,64.002,9094.1
11566.0,255.0,6,99.0,False,0,car,4176.982222222224,,,,,,,,2025,Great Britain,British Grand Prix,PIA,81,McLaren,2.0,51.0,89.337,MEDIUM,64.242,9094.34
10380.0,258.0,7,99.0,False,0,car,4191.315555555556,,,,,,,,2025,Great Britain,British Grand Prix,PIA,81,McLaren,2.0,51.0,89.337,MEDIUM,64.442,9094.54
10526.0,262.0,7,99.0,False,0,car,4205.8711111111115,,,,,,,,2025,Great Britain,British Grand Prix,PIA,81,McLaren,2.0,51.0,89.337,MEDIUM,64.642,9094.74
10703.0,267.0,7,99.0,False,0,car,4226.637777777778,,,,,,,,2025,Great Britain,British Grand Prix,PIA,81,McLaren,2.0,51.0,89.337,MEDIUM,64.922,9095.02
10884.0,270.0,7,99.0,False,0,car,4244.712777777778,,,,,,,,2025,Great Britain,British Grand Prix,PIA,81,McLaren,2.0,51.0,89.337,MEDIUM,65.163,9095.261
11124.0,273.0,7,99.0,False,0,car,4259.879444444445,,,,,,,,2025,Great Britain,British Grand Prix,PIA,81,McLaren,2.0,51.0,89.337,MEDIUM,65.363,9095.461
11095.0,276.0,7,99.0,False,0,car,4275.212777777779,,,,,,,,2025,Great Britain,British Grand Prix,PIA,81,McLaren,2.0,51.0,89.337,MEDIUM,65.563,9095.661
11215.0,279.0,7,99.0,False,0,car,4290.712777777779,,,,,,,,2025,Great Britain,British Grand Prix,PIA,81,McLaren,2.0,51.0,89.337,MEDIUM,65.763,9095.861
11232.0,281.0,7,99.0,False,0,car,4303.201666666668,,,,,,,,2025,Great Britain,British Grand Prix,PIA,81,McLaren,2.0,51.0,89.337,MEDIUM,65.923,9096.021
11442.0,285.0,7,99.0,False,0,car,4331.701666666668,,,,,,,,2025,Great Britain,British Grand Prix,PIA,81,McLaren,2.0,51.0,89.337,MEDIUM,66.283,9096.381
11592.0,289.0,7,99.0,False,0,car,4360.601666666667,,,,,,,,2025,Great Britain,British Grand Prix,PIA,81,McLaren,2.0,51.0,89.337,MEDIUM,66.643,9096.741
11683.0,292.0,7,99.0,False,0,car,4389.801666666667,,,,,,,,2025,Great Britain,British Grand Prix,PIA,81,McLaren,2.0,51.0,89.337,MEDIUM,67.003,9097.101
10127.0,296.0,8,99.0,False,0,car,4419.401666666668,,,,,,,,2025,Great Britain,British Grand Prix,PIA,81,McLaren,2.0,51.0,89.337,MEDIUM,67.363,9097.461
10558.0,296.0,8,99.0,False,0,car,4442.423888888889,,,,,,,,2025,Great Britain,British Grand Prix,PIA,81,McLaren,2.0,51.0,89.337,MEDIUM,67.643,9097.741
10603.0,300.0,8,99.0,False,0,car,4455.7572222222225,,,,,,,,2025,Great Britain,British Grand Prix,PIA,81,McLaren,2.0,51.0,89.337,MEDIUM,67.803,9097.901
10614.0,301.0,8,99.0,False,0,car,4469.135,,,,,,,,2025,Great Britain,British Grand Prix,PIA,81,McLaren,2.0,51.0,89.337,MEDIUM,67.963,9098.061
10730.0,303.0,8,99.0,False,0,car,4496.0683333333345,,,,,,,,2025,Great Britain,British Grand Prix,PIA,81,McLaren,2.0,51.0,89.337,MEDIUM,68.283,9098.381
10786.0,305.0,8,99.0,False,0,car,4519.790555555557,,,,,,,,2025,Great Britain,British Grand Prix,PIA,81,McLaren,2.0,51.0,89.337,MEDIUM,68.563,9098.661
10852.0,307.0,8,99.0,False,0,car,4536.846111111113,,,,,,,,2025,Great Britain,British Grand Prix,PIA,81,McLaren,2.0,51.0,89.337,MEDIUM,68.763,9098.861
10871.0,308.0,8,99.0,False,0,car,4553.957222222223,,,,,,,,2025,Great Britain,British Grand Prix,PIA,81,McLaren,2.0,51.0,89.337,MEDIUM,68.963,9099.061
10904.0,310.0,8,99.0,False,0,car,4578.0683333333345,,,,,,,,2025,Great Britain,British Grand Prix,PIA,81,McLaren,2.0,51.0,89.337,MEDIUM,69.243,9099.341
10954.0,310.0,8,99.0,False,0,car,4598.735000000002,,,,,,,,2025,Great Britain,British Grand Prix,PIA,81,McLaren,2.0,51.0,89.337,MEDIUM,69.483,9099.581
11000.0,311.0,8,99.0,False,0,car,4612.470833333335,,,,,,,,2025,Great Britain,British Grand Prix,PIA,81,McLaren,2.0,51.0,89.337,MEDIUM,69.642,9099.74
11023.0,312.0,8,99.0,False,0,car,4633.270833333336,,,,,,,,2025,Great Britain,British Grand Prix,PIA,81,McLaren,2.0,51.0,89.337,MEDIUM,69.882,9099.98
11062.0,314.0,8,99.0,False,0,car,4650.715277777779,,,,,,,,2025,Great Britain,British Grand Prix,PIA,81,McLaren,2.0,51.0,89.337,MEDIUM,70.082,9100.18
11066.0,314.0,8,99.0,False,0,car,4668.1597222222235,,,,,,,,2025,Great Britain,British Grand Prix,PIA,81,McLaren,2.0,51.0,89.337,MEDIUM,70.282,9100.38
11114.0,315.0,8,99.0,False,0,car,4710.1597222222235,,,,,,,,2025,Great Britain,British Grand Prix,PIA,81,McLaren,2.0,51.0,89.337,MEDIUM,70.762,9100.86
11127.0,315.0,8,99.0,False,0,car,4734.6597222222235,,,,,,,,2025,Great Britain,British Grand Prix,PIA,81,McLaren,2.0,51.0,89.337,MEDIUM,71.042,9101.14
11222.0,317.0,8,99.0,False,0,car,4762.837500000001,,,,,,,,2025,Great Britain,British Grand Prix,PIA,81,McLaren,2.0,51.0,89.337,MEDIUM,71.362,9101.46
11187.0,317.0,8,99.0,False,0,car,4776.92638888889,,,,,,,,2025,Great Britain,British Grand Prix,PIA,81,McLaren,2.0,51.0,89.337,MEDIUM,71.522,9101.62
11136.0,316.0,8,99.0,False,0,car,4801.591944444444,,,,,,,,2025,Great Britain,British Grand Prix,PIA,81,McLaren,2.0,51.0,89.337,MEDIUM,71.803,9101.901
11098.0,315.0,8,99.0,False,0,car,4815.591944444444,,,,,,,,2025,Great Britain,British Grand Prix,PIA,81,McLaren,2.0,51.0,89.337,MEDIUM,71.963,9102.061
11078.0,314.0,8,99.0,False,0,car,4829.547500000001,,,,,,,,2025,Great Britain,British Grand Prix,PIA,81,McLaren,2.0,51.0,89.337,MEDIUM,72.123,9102.221
11061.0,314.0,8,99.0,False,0,car,4857.458611111111,,,,,,,,2025,Great Britain,British Grand Prix,PIA,81,McLaren,2.0,51.0,89.337,MEDIUM,72.443,9102.541
10584.0,309.0,8,6.0,True,0,car,4884.925277777778,,,,,,,,2025,Great Britain,British Grand Prix,PIA,81,McLaren,2.0,51.0,89.337,MEDIUM,72.763,9102.861
10944.0,292.0,7,0.0,True,0,car,4920.614166666667,,,,,,,,2025,Great Britain,British Grand Prix,PIA,81,McLaren,2.0,51.0,89.337,MEDIUM,73.203,9103.301
12073.0,274.0,7,0.0,True,0,car,4935.83638888889,,,,,,,,2025,Great Britain,British Grand Prix,PIA,81,McLaren,2.0,51.0,89.337,MEDIUM,73.403,9103.501
11843.0,263.0,6,0.0,False,0,car,4950.4475,,,,,,,,2025,Great Britain,British Grand Prix,PIA,81,McLaren,2.0,51.0,89.337,MEDIUM,73.603,9103.701
11491.0,260.0,6,0.0,False,0,car,4964.891944444445,,,,,,,,2025,Great Britain,British Grand Prix,PIA,81,McLaren,2.0,51.0,89.337,MEDIUM,73.803,9103.901
11051.0,250.0,6,0.0,False,0,car,4984.336388888889,,,,,,,,2025,Great Britain,British Grand Prix,PIA,81,McLaren,2.0,51.0,89.337,MEDIUM,74.083,9104.181
10729.0,240.0,6,1.0,False,0,car,5003.003055555556,,,,,,,,2025,Great Britain,British Grand Prix,PIA,81,McLaren,2.0,51.0,89.337,MEDIUM,74.363,9104.461
10549.0,233.0,6,56.0,False,0,car,5021.125277777778,,,,,,,,2025,Great Britain,British Grand Prix,PIA,81,McLaren,2.0,51.0,89.337,MEDIUM,74.643,9104.741
10621.0,230.0,6,72.0,False,0,car,5036.458611111111,,,,,,,,2025,Great Britain,British Grand Prix,PIA,81,McLaren,2.0,51.0,89.337,MEDIUM,74.883,9104.981
10676.0,233.0,6,92.0,False,0,car,5051.991944444445,,,,,,,,2025,Great Britain,British Grand Prix,PIA,81,McLaren,2.0,51.0,89.337,MEDIUM,75.123,9105.221
10863.0,234.0,6,96.0,False,0,car,5062.391944444445,,,,,,,,2025,Great Britain,British Grand Prix,PIA,81,McLaren,2.0,51.0,89.337,MEDIUM,75.283,9105.381
11109.0,239.0,6,98.0,False,0,car,5080.980833333334,,,,,,,,2025,Great Britain,British Grand Prix,PIA,81,McLaren,2.0,51.0,89.337,MEDIUM,75.563,9105.661
11240.0,244.0,6,98.0,False,0,car,5108.091944444444,,,,,,,,2025,Great Britain,British Grand Prix,PIA,81,McLaren,2.0,51.0,89.337,MEDIUM,75.963,9106.061
11475.0,247.0,6,98.0,False,0,car,5127.303055555555,,,,,,,,2025,Great Britain,British Grand Prix,PIA,81,McLaren,2.0,51.0,89.337,MEDIUM,76.243,9106.341
11521.0,250.0,6,99.0,False,0,car,5141.1224999999995,,,,,,,,2025,Great Britain,British Grand Prix,PIA,81,McLaren,2.0,51.0,89.337,MEDIUM,76.442,9106.54
11430.0,256.0,6,99.0,False,0,car,5163.878055555556,,,,,,,,2025,Great Britain,British Grand Prix,PIA,81,McLaren,2.0,51.0,89.337,MEDIUM,76.762,9106.86
10529.0,262.0,7,99.0,False,0,car,5190.078055555556,,,,,,,,2025,Great Britain,British Grand Prix,PIA,81,McLaren,2.0,51.0,89.337,MEDIUM,77.122,9107.22
10802.0,269.0,7,99.0,False,0,car,5225.9447222222225,,,,,,,,2025,Great Britain,British Grand Prix,PIA,81,McLaren,2.0,51.0,89.337,MEDIUM,77.602,9107.7
10772.0,271.0,7,99.0,False,0,car,5250.033611111111,,,,,,,,2025,Great Britain,British Grand Prix,PIA,81,McLaren,2.0,51.0,89.337,MEDIUM,77.922,9108.02
10780.0,271.0,7,99.0,False,0,car,5265.089166666667,,,,,,,,2025,Great Britain,British Grand Prix,PIA,81,McLaren,2.0,51.0,89.337,MEDIUM,78.122,9108.22
10857.0,272.0,7,99.0,False,0,car,5277.253611111111,,,,,,,,2025,Great Britain,British Grand Prix,PIA,81,McLaren,2.0,51.0,89.337,MEDIUM,78.283,9108.381
10928.0,274.0,7,99.0,False,0,car,5295.520277777778,,,,,,,,2025,Great Britain,British Grand Prix,PIA,81,McLaren,2.0,51.0,89.337,MEDIUM,78.523,9108.621
10951.0,274.0,7,99.0,False,0,car,5310.7425,,,,,,,,2025,Great Britain,British Grand Prix,PIA,81,McLaren,2.0,51.0,89.337,MEDIUM,78.723,9108.821
10987.0,275.0,7,99.0,False,0,car,5329.075833333333,,,,,,,,2025,Great Britain,British Grand Prix,PIA,81,McLaren,2.0,51.0,89.337,MEDIUM,78.963,9109.061
11008.0,276.0,7,99.0,False,0,car,5347.475833333334,,,,,,,,2025,Great Britain,British Grand Prix,PIA,81,McLaren,2.0,51.0,89.337,MEDIUM,79.203,9109.301
9838.0,250.0,7,0.0,True,0,car,5375.253611111111,,,,,,,,2025,Great Britain,British Grand Prix,PIA,81,McLaren,2.0,51.0,89.337,MEDIUM,79.603,9109.701
8726.0,199.0,7,0.0,True,0,car,5399.575833333334,,,,,,,,2025,Great Britain,British Grand Prix,PIA,81,McLaren,2.0,51.0,89.337,MEDIUM,80.043,9110.141
9982.0,188.0,7,0.0,True,0,car,5410.020277777778,,,,,,,,2025,Great Britain,British Grand Prix,PIA,81,McLaren,2.0,51.0,89.337,MEDIUM,80.243,9110.341
10402.0,168.0,7,0.0,True,0,car,5417.486944444445,,,,,,,,2025,Great Britain,British Grand Prix,PIA,81,McLaren,2.0,51.0,89.337,MEDIUM,80.403,9110.501
10355.0,145.0,5,0.0,True,0,car,5427.153611111111,,,,,,,,2025,Great Britain,British Grand Prix,PIA,81,McLaren,2.0,51.0,89.337,MEDIUM,80.643,9110.741
9279.0,134.0,3,0.0,True,0,car,5434.598055555555,,,,,,,,2025,Great Britain,British Grand Prix,PIA,81,McLaren,2.0,51.0,89.337,MEDIUM,80.843,9110.941
8700.0,129.0,3,0.0,True,0,car,5440.331388888889,,,,,,,,2025,Great Britain,British Grand Prix,PIA,81,McLaren,2.0,51.0,89.337,MEDIUM,81.003,9111.101
8429.0,121.0,3,0.0,True,0,car,5448.398055555555,,,,,,,,2025,Great Britain,British Grand Prix,PIA,81,McLaren,2.0,51.0,89.337,MEDIUM,81.243,9111.341
7649.0,111.0,3,0.0,True,0,car,5457.031388888889,,,,,,,,2025,Great Britain,British Grand Prix,PIA,81,McLaren,2.0,51.0,89.337,MEDIUM,81.523,9111.621
7231.0,104.0,3,0.0,True,0,car,5462.809166666667,,,,,,,,2025,Great Britain,British Grand Prix,PIA,81,McLaren,2.0,51.0,89.337,MEDIUM,81.723,9111.821
7009.0,102.0,3,2.0,False,0,car,5473.009166666667,,,,,,,,2025,Great Britain,British Grand Prix,PIA,81,McLaren,2.0,51.0,89.337,MEDIUM,82.083,9112.181
7111.0,98.0,3,16.0,False,0,car,5478.453611111111,,,,,,,,2025,Great Britain,British Grand Prix,PIA,81,McLaren,2.0,51.0,89.337,MEDIUM,82.283,9112.381
7457.0,99.0,3,42.0,False,0,car,5485.0536111111105,,,,,,,,2025,Great Britain,British Grand Prix,PIA,81,McLaren,2.0,51.0,89.337,MEDIUM,82.523,9112.621
8101.0,109.0,3,67.0,False,0,car,5497.164722222222,,,,,,,,2025,Great Britain,British Grand Prix,PIA,81,McLaren,2.0,51.0,89.337,MEDIUM,82.923,9113.021
8663.0,117.0,3,69.0,False,0,car,5503.632222222222,,,,,,,,2025,Great Britain,British Grand Prix,PIA,81,McLaren,2.0,51.0,89.337,MEDIUM,83.122,9113.22
8503.0,121.0,3,2.0,False,0,car,5518.421111111111,,,,,,,,2025,Great Britain,British Grand Prix,PIA,81,McLaren,2.0,51.0,89.337,MEDIUM,83.562,9113.66
8397.0,120.0,3,5.0,False,0,car,5523.754444444444,,,,,,,,2025,Great Britain,British Grand Prix,PIA,81,McLaren,2.0,51.0,89.337,MEDIUM,83.722,9113.82
8321.0,120.0,3,16.0,False,0,car,5529.087777777778,,,,,,,,2025,Great Britain,British Grand Prix,PIA,81,McLaren,2.0,51.0,89.337,MEDIUM,83.882,9113.98
8652.0,115.0,3,39.0,False,0,car,5536.754444444444,,,,,,,,2025,Great Britain,British Grand Prix,PIA,81,McLaren,2.0,51.0,89.337,MEDIUM,84.122,9114.22
9033.0,120.0,3,54.0,False,0,car,5547.42111111111,,,,,,,,2025,Great Britain,British Grand Prix,PIA,81,McLaren,2.0,51.0,89.337,MEDIUM,84.442,9114.54
9740.0,126.0,3,65.0,False,0,car,5560.05611111111,,,,,,,,2025,Great Britain,British Grand Prix,PIA,81,McLaren,2.0,51.0,89.337,MEDIUM,84.803,9114.901
9923.0,136.0,3,72.0,False,0,car,5569.122777777777,,,,,,,,2025,Great Britain,British Grand Prix,PIA,81,McLaren,2.0,51.0,89.337,MEDIUM,85.043,9115.141
11043.0,143.0,3,84.0,False,0,car,5578.65611111111,,,,,,,,2025,Great Britain,British Grand Prix,PIA,81,McLaren,2.0,51.0,89.337,MEDIUM,85.283,9115.381
11681.0,155.0,3,92.0,False,0,car,5588.989444444443,,,,,,,,2025,Great Britain,British Grand Prix,PIA,81,McLaren,2.0,51.0,89.337,MEDIUM,85.523,9115.621
11329.0,159.0,3,97.0,False,0,car,5596.05611111111,,,,,,,,2025,Great Britain,British Grand Prix,PIA,81,McLaren,2.0,51.0,89.337,MEDIUM,85.683,9115.781
10774.0,172.0,4,98.0,False,0,car,5611.344999999998,,,,,,,,2025,Great Britain,British Grand Prix,PIA,81,McLaren,2.0,51.0,89.337,MEDIUM,86.003,9116.101
11333.0,181.0,4,99.0,False,0,car,5625.422777777776,,,,,,,,2025,Great Britain,British Grand Prix,PIA,81,McLaren,2.0,51.0,89.337,MEDIUM,86.283,9116.381
11333.0,181.0,4,99.0,False,0,car,5633.467222222221,,,,,,,,2025,Great Britain,British Grand Prix,PIA,81,McLaren,2.0,51.0,89.337,MEDIUM,86.443,9116.541
10876.0,201.0,5,98.0,False,0,car,5651.3338888888875,,,,,,,,2025,Great Britain,British Grand Prix,PIA,81,McLaren,2.0,51.0,89.337,MEDIUM,86.763,9116.861
11308.0,201.0,5,98.0,False,0,car,5666.967222222221,,,,,,,,2025,Great Britain,British Grand Prix,PIA,81,McLaren,2.0,51.0,89.337,MEDIUM,87.043,9117.141
11583.0,213.0,5,98.0,False,0,car,5681.1672222222205,,,,,,,,2025,Great Britain,British Grand Prix,PIA,81,McLaren,2.0,51.0,89.337,MEDIUM,87.283,9117.381
11810.0,224.0,5,98.0,False,0,car,5696.100555555554,,,,,,,,2025,Great Britain,British Grand Prix,PIA,81,McLaren,2.0,51.0,89.337,MEDIUM,87.523,9117.621
10689.0,230.0,5,98.0,False,0,car,5716.544999999999,,,,,,,,2025,Great Britain,British Grand Prix,PIA,81,McLaren,2.0,51.0,89.337,MEDIUM,87.843,9117.941
10871.0,230.0,6,98.0,False,0,car,5734.433888888888,,,,,,,,2025,Great Britain,British Grand Prix,PIA,81,McLaren,2.0,51.0,89.337,MEDIUM,88.123,9118.221
11153.0,243.0,6,98.0,False,0,car,5756.033888888887,,,,,,,,2025,Great Britain,British Grand Prix,PIA,81,McLaren,2.0,51.0,89.337,MEDIUM,88.443,9118.541
11499.0,249.0,6,98.0,False,0,car,5778.167222222221,,,,,,,,2025,Great Britain,British Grand Prix,PIA,81,McLaren,2.0,51.0,89.337,MEDIUM,88.763,9118.861
11528.0,252.0,6,98.0,False,0,car,5789.367222222221,,,,,,,,2025,Great Britain,British Grand Prix,PIA,81,McLaren,2.0,51.0,89.337,MEDIUM,88.923,9119.021
10997.0,256.0,6,99.0,False,0,car,5812.122777777777,,,,,,,,2025,Great Britain,British Grand Prix,PIA,81,McLaren,2.0,51.0,89.337,MEDIUM,89.243,9119.341
11865.0,259.0,6,100.0,False,0,car,4.820277777777778,,,,,,,,2025,Great Britain,British Grand Prix,HUL,27,Kick Sauber,3.0,51.0,90.933,MEDIUM,0.067,9057.181
11768.0,265.0,6,100.0,False,0,car,40.15361111111111,,,,,,,,2025,Great Britain,British Grand Prix,HUL,27,Kick Sauber,3.0,51.0,90.933,MEDIUM,0.547,9057.661
10865.0,269.0,7,100.0,False,0,car,61.07583333333332,,,,,,,,2025,Great Britain,British Grand Prix,HUL,27,Kick Sauber,3.0,51.0,90.933,MEDIUM,0.827,9057.941
10929.0,272.0,7,100.0,False,0,car,73.16472222222221,,,,,,,,2025,Great Britain,British Grand Prix,HUL,27,Kick Sauber,3.0,51.0,90.933,MEDIUM,0.987,9058.101
11066.0,276.0,7,100.0,False,0,car,94.63138888888886,,,,,,,,2025,Great Britain,British Grand Prix,HUL,27,Kick Sauber,3.0,51.0,90.933,MEDIUM,1.267,9058.381
11115.0,278.0,7,100.0,False,0,car,113.1647222222222,,,,,,,,2025,Great Britain,British Grand Prix,HUL,27,Kick Sauber,3.0,51.0,90.933,MEDIUM,1.507,9058.621
11221.0,279.0,7,100.0,False,0,car,131.76472222222222,,,,,,,,2025,Great Britain,British Grand Prix,HUL,27,Kick Sauber,3.0,51.0,90.933,MEDIUM,1.747,9058.861
11316.0,282.0,7,100.0,False,0,car,144.29805555555555,,,,,,,,2025,Great Britain,British Grand Prix,HUL,27,Kick Sauber,3.0,51.0,90.933,MEDIUM,1.907,9059.021
11461.0,285.0,7,100.0,False,0,car,182.2188888888889,,,,,,,,2025,Great Britain,British Grand Prix,HUL,27,Kick Sauber,3.0,51.0,90.933,MEDIUM,2.386,9059.5
11570.0,288.0,7,100.0,False,0,car,214.2188888888889,,,,,,,,2025,Great Britain,British Grand Prix,HUL,27,Kick Sauber,3.0,51.0,90.933,MEDIUM,2.786,9059.9
11661.0,291.0,7,100.0,False,0,car,233.61888888888888,,,,,,,,2025,Great Britain,British Grand Prix,HUL,27,Kick Sauber,3.0,51.0,90.933,MEDIUM,3.026,9060.14
11707.0,293.0,7,100.0,False,0,car,256.40777777777777,,,,,,,,2025,Great Britain,British Grand Prix,HUL,27,Kick Sauber,3.0,51.0,90.933,MEDIUM,3.306,9060.42
11804.0,295.0,7,100.0,False,0,car,282.63,,,,,,,,2025,Great Britain,British Grand Prix,HUL,27,Kick Sauber,3.0,51.0,90.933,MEDIUM,3.626,9060.74
11870.0,296.0,7,100.0,False,0,car,315.51888888888885,,,,,,,,2025,Great Britain,British Grand Prix,HUL,27,Kick Sauber,3.0,51.0,90.933,MEDIUM,4.026,9061.14
11935.0,298.0,7,100.0,False,0,car,342.0077777777778,,,,,,,,2025,Great Britain,British Grand Prix,HUL,27,Kick Sauber,3.0,51.0,90.933,MEDIUM,4.346,9061.46
11828.0,298.0,7,90.0,False,0,car,358.56333333333333,,,,,,,,2025,Great Britain,British Grand Prix,HUL,27,Kick Sauber,3.0,51.0,90.933,MEDIUM,4.546,9061.66
11687.0,293.0,7,58.0,False,0,car,378.09666666666664,,,,,,,,2025,Great Britain,British Grand Prix,HUL,27,Kick Sauber,3.0,51.0,90.933,MEDIUM,4.786,9061.9
11642.0,290.0,7,86.0,False,0,car,400.65222222222224,,,,,,,,2025,Great Britain,British Grand Prix,HUL,27,Kick Sauber,3.0,51.0,90.933,MEDIUM,5.066,9062.18
11524.0,287.0,7,100.0,False,0,car,480.4541666666667,,,,,,,,2025,Great Britain,British Grand Prix,HUL,27,Kick Sauber,3.0,51.0,90.933,MEDIUM,6.067,9063.181
11561.0,288.0,7,100.0,False,0,car,499.6541666666667,,,,,,,,2025,Great Britain,British Grand Prix,HUL,27,Kick Sauber,3.0,51.0,90.933,MEDIUM,6.307,9063.421
11618.0,289.0,7,100.0,False,0,car,522.1319444444445,,,,,,,,2025,Great Britain,British Grand Prix,HUL,27,Kick Sauber,3.0,51.0,90.933,MEDIUM,6.587,9063.701
11639.0,291.0,7,100.0,False,0,car,544.7652777777778,,,,,,,,2025,Great Britain,British Grand Prix,HUL,27,Kick Sauber,3.0,51.0,90.933,MEDIUM,6.867,9063.981
11680.0,291.0,7,100.0,False,0,car,560.9319444444444,,,,,,,,2025,Great Britain,British Grand Prix,HUL,27,Kick Sauber,3.0,51.0,90.933,MEDIUM,7.067,9064.181
11653.0,291.0,7,100.0,False,0,car,590.0319444444443,,,,,,,,2025,Great Britain,British Grand Prix,HUL,27,Kick Sauber,3.0,51.0,90.933,MEDIUM,7.427,9064.541
11585.0,289.0,7,100.0,False,0,car,612.5097222222221,,,,,,,,2025,Great Britain,British Grand Prix,HUL,27,Kick Sauber,3.0,51.0,90.933,MEDIUM,7.707,9064.821
11548.0,288.0,7,100.0,False,0,car,631.7097222222221,,,,,,,,2025,Great Britain,British Grand Prix,HUL,27,Kick Sauber,3.0,51.0,90.933,MEDIUM,7.947,9065.061
11527.0,287.0,7,100.0,False,0,car,654.0319444444443,,,,,,,,2025,Great Britain,British Grand Prix,HUL,27,Kick Sauber,3.0,51.0,90.933,MEDIUM,8.227,9065.341
11463.0,287.0,7,100.0,False,0,car,669.9763888888887,,,,,,,,2025,Great Britain,British Grand Prix,HUL,27,Kick Sauber,3.0,51.0,90.933,MEDIUM,8.427,9065.541
11456.0,285.0,7,100.0,False,0,car,692.1430555555554,,,,,,,,2025,Great Britain,British Grand Prix,HUL,27,Kick Sauber,3.0,51.0,90.933,MEDIUM,8.707,9065.821
11377.0,284.0,7,100.0,False,0,car,714.2319444444443,,,,,,,,2025,Great Britain,British Grand Prix,HUL,27,Kick Sauber,3.0,51.0,90.933,MEDIUM,8.987,9066.101
11352.0,283.0,7,100.0,False,0,car,736.1644444444443,,,,,,,,2025,Great Britain,British Grand Prix,HUL,27,Kick Sauber,3.0,51.0,90.933,MEDIUM,9.266,9066.38
11291.0,282.0,7,100.0,False,0,car,761.231111111111,,,,,,,,2025,Great Britain,British Grand Prix,HUL,27,Kick Sauber,3.0,51.0,90.933,MEDIUM,9.586,9066.7
9974.0,258.0,7,0.0,True,0,car,789.8977777777777,,,,,,,,2025,Great Britain,British Grand Prix,HUL,27,Kick Sauber,3.0,51.0,90.933,MEDIUM,9.986,9067.1
10094.0,196.0,7,0.0,True,0,car,813.8533333333332,,,,,,,,2025,Great Britain,British Grand Prix,HUL,27,Kick Sauber,3.0,51.0,90.933,MEDIUM,10.426,9067.54
10857.0,180.0,5,0.0,True,0,car,823.8533333333332,,,,,,,,2025,Great Britain,British Grand Prix,HUL,27,Kick Sauber,3.0,51.0,90.933,MEDIUM,10.626,9067.74
9798.0,153.0,4,0.0,True,0,car,840.8533333333332,,,,,,,,2025,Great Britain,British Grand Prix,HUL,27,Kick Sauber,3.0,51.0,90.933,MEDIUM,11.026,9068.14
8790.0,138.0,4,0.0,True,0,car,853.1199999999999,,,,,,,,2025,Great Britain,British Grand Prix,HUL,27,Kick Sauber,3.0,51.0,90.933,MEDIUM,11.346,9068.46
9454.0,131.0,3,0.0,True,0,car,861.8533333333332,,,,,,,,2025,Great Britain,British Grand Prix,HUL,27,Kick Sauber,3.0,51.0,90.933,MEDIUM,11.586,9068.7
8880.0,121.0,3,0.0,True,0,car,869.9536111111111,,,,,,,,2025,Great Britain,British Grand Prix,HUL,27,Kick Sauber,3.0,51.0,90.933,MEDIUM,11.827,9068.941
8564.0,117.0,3,0.0,True,0,car,876.4536111111111,,,,,,,,2025,Great Britain,British Grand Prix,HUL,27,Kick Sauber,3.0,51.0,90.933,MEDIUM,12.027,9069.141
8362.0,113.0,3,0.0,False,0,car,885.2425,,,,,,,,2025,Great Britain,British Grand Prix,HUL,27,Kick Sauber,3.0,51.0,90.933,MEDIUM,12.307,9069.421
8203.0,112.0,3,2.0,False,0,car,890.2202777777777,,,,,,,,2025,Great Britain,British Grand Prix,HUL,27,Kick Sauber,3.0,51.0,90.933,MEDIUM,12.467,9069.581
8049.0,109.0,3,5.0,False,0,car,895.0647222222221,,,,,,,,2025,Great Britain,British Grand Prix,HUL,27,Kick Sauber,3.0,51.0,90.933,MEDIUM,12.627,9069.741
8218.0,108.0,3,17.0,False,0,car,901.0647222222221,,,,,,,,2025,Great Britain,British Grand Prix,HUL,27,Kick Sauber,3.0,51.0,90.933,MEDIUM,12.827,9069.941
8204.0,108.0,3,29.0,False,0,car,910.6647222222222,,,,,,,,2025,Great Britain,British Grand Prix,HUL,27,Kick Sauber,3.0,51.0,90.933,MEDIUM,13.147,9070.261
8496.0,109.0,3,39.0,False,0,car,915.5091666666666,,,,,,,,2025,Great Britain,British Grand Prix,HUL,27,Kick Sauber,3.0,51.0,90.933,MEDIUM,13.307,9070.421
8842.0,114.0,3,43.0,False,0,car,925.6424999999999,,,,,,,,2025,Great Britain,British Grand Prix,HUL,27,Kick Sauber,3.0,51.0,90.933,MEDIUM,13.627,9070.741
9064.0,117.0,3,53.0,False,0,car,932.1424999999999,,,,,,,,2025,Great Britain,British Grand Prix,HUL,27,Kick Sauber,3.0,51.0,90.933,MEDIUM,13.827,9070.941
9567.0,123.0,3,62.0,False,0,car,940.3425,,,,,,,,2025,Great Britain,British Grand Prix,HUL,27,Kick Sauber,3.0,51.0,90.933,MEDIUM,14.067,9071.181
10683.0,136.0,3,77.0,False,0,car,953.9425,,,,,,,,2025,Great Britain,British Grand Prix,HUL,27,Kick Sauber,3.0,51.0,90.933,MEDIUM,14.427,9071.541
10478.0,141.0,3,78.0,False,0,car,961.7758333333334,,,,,,,,2025,Great Britain,British Grand Prix,HUL,27,Kick Sauber,3.0,51.0,90.933,MEDIUM,14.627,9071.741
9926.0,133.0,3,0.0,True,0,car,972.1202777777778,,,,,,,,2025,Great Britain,British Grand Prix,HUL,27,Kick Sauber,3.0,51.0,90.933,MEDIUM,14.907,9072.021
8753.0,123.0,3,0.0,True,0,car,980.3202777777778,,,,,,,,2025,Great Britain,British Grand Prix,HUL,27,Kick Sauber,3.0,51.0,90.933,MEDIUM,15.147,9072.261
8375.0,116.0,3,0.0,True,0,car,986.7647222222223,,,,,,,,2025,Great Britain,British Grand Prix,HUL,27,Kick Sauber,3.0,51.0,90.933,MEDIUM,15.347,9072.461
7439.0,106.0,3,0.0,True,0,car,997.3647222222223,,,,,,,,2025,Great Britain,British Grand Prix,HUL,27,Kick Sauber,3.0,51.0,90.933,MEDIUM,15.707,9072.821
7080.0,96.0,3,0.0,True,0,car,1003.7380555555557,,,,,,,,2025,Great Britain,British Grand Prix,HUL,27,Kick Sauber,3.0,51.0,90.933,MEDIUM,15.946,9073.06
6990.0,93.0,3,0.0,False,0,car,1008.9047222222224,,,,,,,,2025,Great Britain,British Grand Prix,HUL,27,Kick Sauber,3.0,51.0,90.933,MEDIUM,16.146,9073.26
6610.0,90.0,3,0.0,False,0,car,1015.9047222222223,,,,,,,,2025,Great Britain,British Grand Prix,HUL,27,Kick Sauber,3.0,51.0,90.933,MEDIUM,16.426,9073.54
6604.0,87.0,3,0.0,False,0,car,1022.6713888888889,,,,,,,,2025,Great Britain,British Grand Prix,HUL,27,Kick Sauber,3.0,51.0,90.933,MEDIUM,16.706,9073.82
6349.0,85.0,3,0.0,False,0,car,1028.3380555555557,,,,,,,,2025,Great Britain,British Grand Prix,HUL,27,Kick Sauber,3.0,51.0,90.933,MEDIUM,16.946,9074.06
6575.0,84.0,3,24.0,False,0,car,1035.8047222222224,,,,,,,,2025,Great Britain,British Grand Prix,HUL,27,Kick Sauber,3.0,51.0,90.933,MEDIUM,17.266,9074.38
6951.0,90.0,3,36.0,False,0,car,1048.8047222222224,,,,,,,,2025,Great Britain,British Grand Prix,HUL,27,Kick Sauber,3.0,51.0,90.933,MEDIUM,17.786,9074.9
7342.0,94.0,3,32.0,False,0,car,1058.2047222222225,,,,,,,,2025,Great Britain,British Grand Prix,HUL,27,Kick Sauber,3.0,51.0,90.933,MEDIUM,18.146,9075.26
7880.0,101.0,3,55.0,False,0,car,1066.0883333333336,,,,,,,,2025,Great Britain,British Grand Prix,HUL,27,Kick Sauber,3.0,51.0,90.933,MEDIUM,18.427,9075.541
8495.0,111.0,3,65.0,False,0,car,1074.721666666667,,,,,,,,2025,Great Britain,British Grand Prix,HUL,27,Kick Sauber,3.0,51.0,90.933,MEDIUM,18.707,9075.821
9527.0,121.0,3,82.0,False,0,car,1084.132777777778,,,,,,,,2025,Great Britain,British Grand Prix,HUL,27,Kick Sauber,3.0,51.0,90.933,MEDIUM,18.987,9076.101
11289.0,149.0,3,100.0,False,0,car,1102.3438888888893,,,,,,,,2025,Great Britain,British Grand Prix,HUL,27,Kick Sauber,3.0,51.0,90.933,MEDIUM,19.427,9076.541
12582.0,162.0,3,100.0,False,0,car,1120.3438888888893,,,,,,,,2025,Great Britain,British Grand Prix,HUL,27,Kick Sauber,3.0,51.0,90.933,MEDIUM,19.827,9076.941
12348.0,171.0,3,100.0,False,0,car,1127.9438888888892,,,,,,,,2025,Great Britain,British Grand Prix,HUL,27,Kick Sauber,3.0,51.0,90.933,MEDIUM,19.987,9077.101
11148.0,208.0,4,100.0,False,0,car,1194.9661111111113,,,,,,,,2025,Great Britain,British Grand Prix,HUL,27,Kick Sauber,3.0,51.0,90.933,MEDIUM,21.147,9078.261
11529.0,215.0,5,100.0,False,0,car,1214.0772222222224,,,,,,,,2025,Great Britain,British Grand Prix,HUL,27,Kick Sauber,3.0,51.0,90.933,MEDIUM,21.467,9078.581
11834.0,222.0,5,100.0,False,0,car,1228.8772222222226,,,,,,,,2025,Great Britain,British Grand Prix,HUL,27,Kick Sauber,3.0,51.0,90.933,MEDIUM,21.707,9078.821
11873.0,229.0,5,100.0,False,0,car,1249.2327777777782,,,,,,,,2025,Great Britain,British Grand Prix,HUL,27,Kick Sauber,3.0,51.0,90.933,MEDIUM,22.027,9079.141
10924.0,233.0,6,100.0,False,0,car,1264.7661111111115,,,,,,,,2025,Great Britain,British Grand Prix,HUL,27,Kick Sauber,3.0,51.0,90.933,MEDIUM,22.267,9079.381
10940.0,236.0,6,100.0,False,0,car,1285.6783333333337,,,,,,,,2025,Great Britain,British Grand Prix,HUL,27,Kick Sauber,3.0,51.0,90.933,MEDIUM,22.586,9079.7
11002.0,240.0,6,100.0,False,0,car,1299.0116666666672,,,,,,,,2025,Great Britain,British Grand Prix,HUL,27,Kick Sauber,3.0,51.0,90.933,MEDIUM,22.786,9079.9
11278.0,245.0,6,100.0,False,0,car,1315.3450000000005,,,,,,,,2025,Great Britain,British Grand Prix,HUL,27,Kick Sauber,3.0,51.0,90.933,MEDIUM,23.026,9080.14
11494.0,250.0,6,100.0,False,0,car,1337.5672222222227,,,,,,,,2025,Great Britain,British Grand Prix,HUL,27,Kick Sauber,3.0,51.0,90.933,MEDIUM,23.346,9080.46
11624.0,254.0,6,100.0,False,0,car,1351.6783333333337,,,,,,,,2025,Great Britain,British Grand Prix,HUL,27,Kick Sauber,3.0,51.0,90.933,MEDIUM,23.546,9080.66
11765.0,257.0,6,100.0,False,0,car,1365.9561111111116,,,,,,,,2025,Great Britain,British Grand Prix,HUL,27,Kick Sauber,3.0,51.0,90.933,MEDIUM,23.746,9080.86
11852.0,260.0,6,100.0,False,0,car,1383.289444444445,,,,,,,,2025,Great Britain,British Grand Prix,HUL,27,Kick Sauber,3.0,51.0,90.933,MEDIUM,23.986,9081.1
10732.0,261.0,6,100.0,False,0,car,1394.889444444445,,,,,,,,2025,Great Britain,British Grand Prix,HUL,27,Kick Sauber,3.0,51.0,90.933,MEDIUM,24.146,9081.26
10662.0,263.0,7,100.0,False,0,car,1412.4227777777783,,,,,,,,2025,Great Britain,British Grand Prix,HUL,27,Kick Sauber,3.0,51.0,90.933,MEDIUM,24.386,9081.5
10814.0,269.0,7,100.0,False,0,car,1430.3561111111117,,,,,,,,2025,Great Britain,British Grand Prix,HUL,27,Kick Sauber,3.0,51.0,90.933,MEDIUM,24.626,9081.74
10863.0,271.0,7,100.0,False,0,car,1445.411666666667,,,,,,,,2025,Great Britain,British Grand Prix,HUL,27,Kick Sauber,3.0,51.0,90.933,MEDIUM,24.826,9081.94
10962.0,273.0,7,100.0,False,0,car,1460.6541666666672,,,,,,,,2025,Great Britain,British Grand Prix,HUL,27,Kick Sauber,3.0,51.0,90.933,MEDIUM,25.027,9082.141
11055.0,275.0,7,100.0,False,0,car,1475.931944444445,,,,,,,,2025,Great Britain,British Grand Prix,HUL,27,Kick Sauber,3.0,51.0,90.933,MEDIUM,25.227,9082.341
11142.0,277.0,7,100.0,False,0,car,1503.631944444445,,,,,,,,2025,Great Britain,British Grand Prix,HUL,27,Kick Sauber,3.0,51.0,90.933,MEDIUM,25.587,9082.701
11228.0,282.0,7,100.0,False,0,car,1522.4319444444452,,,,,,,,2025,Great Britain,British Grand Prix,HUL,27,Kick Sauber,3.0,51.0,90.933,MEDIUM,25.827,9082.941
11372.0,284.0,7,100.0,False,0,car,1547.6763888888895,,,,,,,,2025,Great Britain,British Grand Prix,HUL,27,Kick Sauber,3.0,51.0,90.933,MEDIUM,26.147,9083.261
11409.0,285.0,7,100.0,False,0,car,1566.6763888888897,,,,,,,,2025,Great Britain,British Grand Prix,HUL,27,Kick Sauber,3.0,51.0,90.933,MEDIUM,26.387,9083.501
11504.0,288.0,7,100.0,False,0,car,1592.2763888888899,,,,,,,,2025,Great Britain,British Grand Prix,HUL,27,Kick Sauber,3.0,51.0,90.933,MEDIUM,26.707,9083.821
11515.0,289.0,7,100.0,False,0,car,1611.5430555555565,,,,,,,,2025,Great Britain,British Grand Prix,HUL,27,Kick Sauber,3.0,51.0,90.933,MEDIUM,26.947,9084.061
11544.0,289.0,7,100.0,False,0,car,1624.387500000001,,,,,,,,2025,Great Britain,British Grand Prix,HUL,27,Kick Sauber,3.0,51.0,90.933,MEDIUM,27.107,9084.221
11530.0,289.0,7,100.0,False,0,car,1640.4430555555564,,,,,,,,2025,Great Britain,British Grand Prix,HUL,27,Kick Sauber,3.0,51.0,90.933,MEDIUM,27.307,9084.421
11571.0,289.0,7,100.0,False,0,car,1653.2875000000008,,,,,,,,2025,Great Britain,British Grand Prix,HUL,27,Kick Sauber,3.0,51.0,90.933,MEDIUM,27.467,9084.581
11562.0,289.0,7,100.0,False,0,car,1678.9763888888897,,,,,,,,2025,Great Britain,British Grand Prix,HUL,27,Kick Sauber,3.0,51.0,90.933,MEDIUM,27.787,9084.901
11538.0,290.0,7,100.0,False,0,car,1704.7541666666675,,,,,,,,2025,Great Britain,British Grand Prix,HUL,27,Kick Sauber,3.0,51.0,90.933,MEDIUM,28.107,9085.221
11564.0,290.0,7,100.0,False,0,car,1724.087500000001,,,,,,,,2025,Great Britain,British Grand Prix,HUL,27,Kick Sauber,3.0,51.0,90.933,MEDIUM,28.347,9085.461
11522.0,289.0,7,100.0,False,0,car,1759.409722222223,,,,,,,,2025,Great Britain,British Grand Prix,HUL,27,Kick Sauber,3.0,51.0,90.933,MEDIUM,28.787,9085.901
11557.0,289.0,7,100.0,False,0,car,1775.4652777777785,,,,,,,,2025,Great Britain,British Grand Prix,HUL,27,Kick Sauber,3.0,51.0,90.933,MEDIUM,28.987,9086.101
11533.0,289.0,7,100.0,False,0,car,1791.4405555555563,,,,,,,,2025,Great Britain,British Grand Prix,HUL,27,Kick Sauber,3.0,51.0,90.933,MEDIUM,29.186,9086.3
11535.0,288.0,7,100.0,False,0,car,1804.2405555555563,,,,,,,,2025,Great Britain,British Grand Prix,HUL,27,Kick Sauber,3.0,51.0,90.933,MEDIUM,29.346,9086.46
11471.0,287.0,7,100.0,False,0,car,1816.9961111111118,,,,,,,,2025,Great Britain,British Grand Prix,HUL,27,Kick Sauber,3.0,51.0,90.933,MEDIUM,29.506,9086.62
11426.0,287.0,7,100.0,True,0,car,1845.6961111111118,,,,,,,,2025,Great Britain,British Grand Prix,HUL,27,Kick Sauber,3.0,51.0,90.933,MEDIUM,29.866,9086.98
10591.0,260.0,7,0.0,True,0,car,1871.6961111111118,,,,,,,,2025,Great Britain,British Grand Prix,HUL,27,Kick Sauber,3.0,51.0,90.933,MEDIUM,30.226,9087.34
11159.0,221.0,7,0.0,True,0,car,1901.1627777777785,,,,,,,,2025,Great Britain,British Grand Prix,HUL,27,Kick Sauber,3.0,51.0,90.933,MEDIUM,30.706,9087.82
10372.0,198.0,5,0.0,True,0,car,1923.1627777777787,,,,,,,,2025,Great Britain,British Grand Prix,HUL,27,Kick Sauber,3.0,51.0,90.933,MEDIUM,31.106,9088.22
11229.0,187.0,5,0.0,True,0,car,1935.6294444444454,,,,,,,,2025,Great Britain,British Grand Prix,HUL,27,Kick Sauber,3.0,51.0,90.933,MEDIUM,31.346,9088.46
10976.0,179.0,4,0.0,True,0,car,1945.623611111112,,,,,,,,2025,Great Britain,British Grand Prix,HUL,27,Kick Sauber,3.0,51.0,90.933,MEDIUM,31.547,9088.661
10619.0,171.0,4,2.0,True,0,car,1960.823611111112,,,,,,,,2025,Great Britain,British Grand Prix,HUL,27,Kick Sauber,3.0,51.0,90.933,MEDIUM,31.867,9088.981
10045.0,161.0,4,0.0,False,0,car,1971.5569444444454,,,,,,,,2025,Great Britain,British Grand Prix,HUL,27,Kick Sauber,3.0,51.0,90.933,MEDIUM,32.107,9089.221
9866.0,157.0,4,9.0,False,0,car,1982.0236111111121,,,,,,,,2025,Great Britain,British Grand Prix,HUL,27,Kick Sauber,3.0,51.0,90.933,MEDIUM,32.347,9089.461
9663.0,154.0,4,18.0,False,0,car,1988.8680555555563,,,,,,,,2025,Great Britain,British Grand Prix,HUL,27,Kick Sauber,3.0,51.0,90.933,MEDIUM,32.507,9089.621
9614.0,153.0,4,29.0,False,0,car,1997.3680555555566,,,,,,,,2025,Great Britain,British Grand Prix,HUL,27,Kick Sauber,3.0,51.0,90.933,MEDIUM,32.707,9089.821
9550.0,151.0,4,34.0,False,0,car,2005.7569444444453,,,,,,,,2025,Great Britain,British Grand Prix,HUL,27,Kick Sauber,3.0,51.0,90.933,MEDIUM,32.907,9090.021
9685.0,152.0,4,50.0,False,0,car,2017.5791666666676,,,,,,,,2025,Great Britain,British Grand Prix,HUL,27,Kick Sauber,3.0,51.0,90.933,MEDIUM,33.187,9090.301
9988.0,153.0,4,65.0,False,0,car,2029.4791666666677,,,,,,,,2025,Great Britain,British Grand Prix,HUL,27,Kick Sauber,3.0,51.0,90.933,MEDIUM,33.467,9090.581
10154.0,157.0,4,75.0,False,0,car,2036.4569444444455,,,,,,,,2025,Great Britain,British Grand Prix,HUL,27,Kick Sauber,3.0,51.0,90.933,MEDIUM,33.627,9090.741
10509.0,164.0,4,80.0,False,0,car,2045.5680555555564,,,,,,,,2025,Great Britain,British Grand Prix,HUL,27,Kick Sauber,3.0,51.0,90.933,MEDIUM,33.827,9090.941
10757.0,174.0,4,85.0,False,0,car,2061.034722222223,,,,,,,,2025,Great Britain,British Grand Prix,HUL,27,Kick Sauber,3.0,51.0,90.933,MEDIUM,34.147,9091.261
9649.0,161.0,4,0.0,True,0,car,2082.50138888889,,,,,,,,2025,Great Britain,British Grand Prix,HUL,27,Kick Sauber,3.0,51.0,90.933,MEDIUM,34.627,9091.741
9067.0,150.0,4,0.0,True,0,car,2089.1680555555563,,,,,,,,2025,Great Britain,British Grand Prix,HUL,27,Kick Sauber,3.0,51.0,90.933,MEDIUM,34.787,9091.901
8565.0,141.0,4,0.0,True,0,car,2101.7013888888896,,,,,,,,2025,Great Britain,British Grand Prix,HUL,27,Kick Sauber,3.0,51.0,90.933,MEDIUM,35.107,9092.221
8137.0,135.0,4,0.0,True,0,car,2107.7013888888896,,,,,,,,2025,Great Britain,British Grand Prix,HUL,27,Kick Sauber,3.0,51.0,90.933,MEDIUM,35.267,9092.381
7460.0,122.0,4,0.0,False,0,car,2121.2569444444453,,,,,,,,2025,Great Britain,British Grand Prix,HUL,27,Kick Sauber,3.0,51.0,90.933,MEDIUM,35.667,9092.781
7203.0,115.0,4,0.0,False,0,car,2132.725000000001,,,,,,,,2025,Great Britain,British Grand Prix,HUL,27,Kick Sauber,3.0,51.0,90.933,MEDIUM,36.026,9093.14
7108.0,111.0,4,6.0,False,0,car,2145.0583333333343,,,,,,,,2025,Great Britain,British Grand Prix,HUL,27,Kick Sauber,3.0,51.0,90.933,MEDIUM,36.426,9093.54
6842.0,109.0,4,2.0,False,0,car,2151.1138888888895,,,,,,,,2025,Great Britain,British Grand Prix,HUL,27,Kick Sauber,3.0,51.0,90.933,MEDIUM,36.626,9093.74
6793.0,105.0,4,0.0,False,0,car,2161.6138888888895,,,,,,,,2025,Great Britain,British Grand Prix,HUL,27,Kick Sauber,3.0,51.0,90.933,MEDIUM,36.986,9094.1
6771.0,103.0,4,27.0,False,0,car,2168.4805555555563,,,,,,,,2025,Great Britain,British Grand Prix,HUL,27,Kick Sauber,3.0,51.0,90.933,MEDIUM,37.226,9094.34
6934.0,107.0,4,39.0,False,0,car,2174.4250000000006,,,,,,,,2025,Great Britain,British Grand Prix,HUL,27,Kick Sauber,3.0,51.0,90.933,MEDIUM,37.426,9094.54
7213.0,110.0,4,44.0,False,0,car,2180.5361111111115,,,,,,,,2025,Great Britain,British Grand Prix,HUL,27,Kick Sauber,3.0,51.0,90.933,MEDIUM,37.626,9094.74
7396.0,115.0,4,49.0,False,0,car,2189.480555555556,,,,,,,,2025,Great Britain,British Grand Prix,HUL,27,Kick Sauber,3.0,51.0,90.933,MEDIUM,37.906,9095.02
7798.0,119.0,4,52.0,False,0,car,2197.446944444445,,,,,,,,2025,Great Britain,British Grand Prix,HUL,27,Kick Sauber,3.0,51.0,90.933,MEDIUM,38.147,9095.261
8088.0,124.0,4,57.0,False,0,car,2204.335833333334,,,,,,,,2025,Great Britain,British Grand Prix,HUL,27,Kick Sauber,3.0,51.0,90.933,MEDIUM,38.347,9095.461
8460.0,130.0,4,62.0,False,0,car,2211.558055555556,,,,,,,,2025,Great Britain,British Grand Prix,HUL,27,Kick Sauber,3.0,51.0,90.933,MEDIUM,38.547,9095.661
8929.0,132.0,4,76.0,False,0,car,2218.8913888888897,,,,,,,,2025,Great Britain,British Grand Prix,HUL,27,Kick Sauber,3.0,51.0,90.933,MEDIUM,38.747,9095.861
9121.0,144.0,4,84.0,False,0,car,2225.2913888888897,,,,,,,,2025,Great Britain,British Grand Prix,HUL,27,Kick Sauber,3.0,51.0,90.933,MEDIUM,38.907,9096.021
10424.0,158.0,4,100.0,False,0,car,2241.09138888889,,,,,,,,2025,Great Britain,British Grand Prix,HUL,27,Kick Sauber,3.0,51.0,90.933,MEDIUM,39.267,9096.381
11280.0,176.0,4,100.0,False,0,car,2258.69138888889,,,,,,,,2025,Great Britain,British Grand Prix,HUL,27,Kick Sauber,3.0,51.0,90.933,MEDIUM,39.627,9096.741
11960.0,187.0,4,100.0,False,0,car,2277.3913888888897,,,,,,,,2025,Great Britain,British Grand Prix,HUL,27,Kick Sauber,3.0,51.0,90.933,MEDIUM,39.987,9097.101
12012.0,197.0,4,100.0,False,0,car,2297.0913888888895,,,,,,,,2025,Great Britain,British Grand Prix,HUL,27,Kick Sauber,3.0,51.0,90.933,MEDIUM,40.347,9097.461
11169.0,211.0,5,100.0,False,0,car,2313.5025000000005,,,,,,,,2025,Great Britain,British Grand Prix,HUL,27,Kick Sauber,3.0,51.0,90.933,MEDIUM,40.627,9097.741
11314.0,213.0,5,100.0,False,0,car,2322.9691666666668,,,,,,,,2025,Great Britain,British Grand Prix,HUL,27,Kick Sauber,3.0,51.0,90.933,MEDIUM,40.787,9097.901
11746.0,218.0,5,100.0,False,0,car,2332.658055555556,,,,,,,,2025,Great Britain,British Grand Prix,HUL,27,Kick Sauber,3.0,51.0,90.933,MEDIUM,40.947,9098.061
12039.0,226.0,5,100.0,False,0,car,2352.746944444445,,,,,,,,2025,Great Britain,British Grand Prix,HUL,27,Kick Sauber,3.0,51.0,90.933,MEDIUM,41.267,9098.381
11872.0,232.0,5,100.0,False,0,car,2370.7913888888893,,,,,,,,2025,Great Britain,British Grand Prix,HUL,27,Kick Sauber,3.0,51.0,90.933,MEDIUM,41.547,9098.661
10916.0,238.0,6,100.0,False,0,car,2384.013611111112,,,,,,,,2025,Great Britain,British Grand Prix,HUL,27,Kick Sauber,3.0,51.0,90.933,MEDIUM,41.747,9098.861
11127.0,240.0,6,100.0,False,0,car,2397.3469444444454,,,,,,,,2025,Great Britain,British Grand Prix,HUL,27,Kick Sauber,3.0,51.0,90.933,MEDIUM,41.947,9099.061
11362.0,247.0,6,100.0,False,0,car,2416.558055555556,,,,,,,,2025,Great Britain,British Grand Prix,HUL,27,Kick Sauber,3.0,51.0,90.933,MEDIUM,42.227,9099.341
11502.0,251.0,6,100.0,False,0,car,2433.2913888888897,,,,,,,,2025,Great Britain,British Grand Prix,HUL,27,Kick Sauber,3.0,51.0,90.933,MEDIUM,42.467,9099.581
11672.0,253.0,6,100.0,False,0,car,2444.4655555555564,,,,,,,,2025,Great Britain,British Grand Prix,HUL,27,Kick Sauber,3.0,51.0,90.933,MEDIUM,42.626,9099.74
11774.0,257.0,6,100.0,False,0,car,2461.59888888889,,,,,,,,2025,Great Britain,British Grand Prix,HUL,27,Kick Sauber,3.0,51.0,90.933,MEDIUM,42.866,9099.98
11901.0,260.0,6,100.0,False,0,car,2476.043333333335,,,,,,,,2025,Great Britain,British Grand Prix,HUL,27,Kick Sauber,3.0,51.0,90.933,MEDIUM,43.066,9100.18
10781.0,263.0,6,100.0,False,0,car,2490.6544444444457,,,,,,,,2025,Great Britain,British Grand Prix,HUL,27,Kick Sauber,3.0,51.0,90.933,MEDIUM,43.266,9100.38
10864.0,269.0,7,100.0,False,0,car,2526.5211111111125,,,,,,,,2025,Great Britain,British Grand Prix,HUL,27,Kick Sauber,3.0,51.0,90.933,MEDIUM,43.746,9100.86
11027.0,272.0,7,100.0,False,0,car,2547.676666666668,,,,,,,,2025,Great Britain,British Grand Prix,HUL,27,Kick Sauber,3.0,51.0,90.933,MEDIUM,44.026,9101.14
11081.0,275.0,7,100.0,False,0,car,2572.121111111112,,,,,,,,2025,Great Britain,British Grand Prix,HUL,27,Kick Sauber,3.0,51.0,90.933,MEDIUM,44.346,9101.46
11114.0,277.0,7,100.0,False,0,car,2584.4322222222236,,,,,,,,2025,Great Britain,British Grand Prix,HUL,27,Kick Sauber,3.0,51.0,90.933,MEDIUM,44.506,9101.62
11272.0,279.0,7,100.0,False,0,car,2606.2097222222233,,,,,,,,2025,Great Britain,British Grand Prix,HUL,27,Kick Sauber,3.0,51.0,90.933,MEDIUM,44.787,9101.901
11311.0,281.0,7,100.0,False,0,car,2618.6986111111123,,,,,,,,2025,Great Britain,British Grand Prix,HUL,27,Kick Sauber,3.0,51.0,90.933,MEDIUM,44.947,9102.061
11329.0,283.0,7,100.0,False,0,car,2631.27638888889,,,,,,,,2025,Great Britain,British Grand Prix,HUL,27,Kick Sauber,3.0,51.0,90.933,MEDIUM,45.107,9102.221
11482.0,286.0,7,100.0,False,0,car,2656.6986111111123,,,,,,,,2025,Great Britain,British Grand Prix,HUL,27,Kick Sauber,3.0,51.0,90.933,MEDIUM,45.427,9102.541
11560.0,288.0,7,100.0,False,0,car,2682.298611111112,,,,,,,,2025,Great Britain,British Grand Prix,HUL,27,Kick Sauber,3.0,51.0,90.933,MEDIUM,45.747,9102.861
11681.0,291.0,7,100.0,False,0,car,2717.865277777779,,,,,,,,2025,Great Britain,British Grand Prix,HUL,27,Kick Sauber,3.0,51.0,90.933,MEDIUM,46.187,9103.301
11700.0,293.0,7,100.0,False,0,car,2734.1430555555567,,,,,,,,2025,Great Britain,British Grand Prix,HUL,27,Kick Sauber,3.0,51.0,90.933,MEDIUM,46.387,9103.501
11746.0,294.0,7,100.0,False,0,car,2750.47638888889,,,,,,,,2025,Great Britain,British Grand Prix,HUL,27,Kick Sauber,3.0,51.0,90.933,MEDIUM,46.587,9103.701
11828.0,295.0,7,100.0,False,0,car,2766.865277777779,,,,,,,,2025,Great Britain,British Grand Prix,HUL,27,Kick Sauber,3.0,51.0,90.933,MEDIUM,46.787,9103.901
11404.0,297.0,7,100.0,False,0,car,2789.9652777777787,,,,,,,,2025,Great Britain,British Grand Prix,HUL,27,Kick Sauber,3.0,51.0,90.933,MEDIUM,47.067,9104.181
10740.0,298.0,8,100.0,False,0,car,2813.1430555555567,,,,,,,,2025,Great Britain,British Grand Prix,HUL,27,Kick Sauber,3.0,51.0,90.933,MEDIUM,47.347,9104.461
10684.0,301.0,8,100.0,False,0,car,2836.5541666666677,,,,,,,,2025,Great Britain,British Grand Prix,HUL,27,Kick Sauber,3.0,51.0,90.933,MEDIUM,47.627,9104.741
10720.0,301.0,8,100.0,False,0,car,2856.620833333334,,,,,,,,2025,Great Britain,British Grand Prix,HUL,27,Kick Sauber,3.0,51.0,90.933,MEDIUM,47.867,9104.981
10775.0,303.0,8,100.0,False,0,car,2876.820833333334,,,,,,,,2025,Great Britain,British Grand Prix,HUL,27,Kick Sauber,3.0,51.0,90.933,MEDIUM,48.107,9105.221
10789.0,303.0,8,100.0,False,0,car,2890.2875000000013,,,,,,,,2025,Great Britain,British Grand Prix,HUL,27,Kick Sauber,3.0,51.0,90.933,MEDIUM,48.267,9105.381
10823.0,303.0,8,100.0,False,0,car,2913.8541666666674,,,,,,,,2025,Great Britain,British Grand Prix,HUL,27,Kick Sauber,3.0,51.0,90.933,MEDIUM,48.547,9105.661
10863.0,306.0,8,100.0,False,0,car,2947.854166666668,,,,,,,,2025,Great Britain,British Grand Prix,HUL,27,Kick Sauber,3.0,51.0,90.933,MEDIUM,48.947,9106.061
10708.0,304.0,8,53.0,False,0,car,2971.498611111112,,,,,,,,2025,Great Britain,British Grand Prix,HUL,27,Kick Sauber,3.0,51.0,90.933,MEDIUM,49.227,9106.341
10329.0,302.0,8,25.0,False,0,car,2988.1925000000015,,,,,,,,2025,Great Britain,British Grand Prix,HUL,27,Kick Sauber,3.0,51.0,90.933,MEDIUM,49.426,9106.54
11309.0,288.0,7,38.0,False,0,car,3013.7925000000014,,,,,,,,2025,Great Britain,British Grand Prix,HUL,27,Kick Sauber,3.0,51.0,90.933,MEDIUM,49.746,9106.86
11177.0,278.0,7,65.0,False,0,car,3041.5925000000016,,,,,,,,2025,Great Britain,British Grand Prix,HUL,27,Kick Sauber,3.0,51.0,90.933,MEDIUM,50.106,9107.22
11084.0,274.0,7,94.0,False,0,car,3078.125833333335,,,,,,,,2025,Great Britain,British Grand Prix,HUL,27,Kick Sauber,3.0,51.0,90.933,MEDIUM,50.586,9107.7
11095.0,274.0,7,100.0,False,0,car,3102.4813888888903,,,,,,,,2025,Great Britain,British Grand Prix,HUL,27,Kick Sauber,3.0,51.0,90.933,MEDIUM,50.906,9108.02
11172.0,277.0,7,100.0,False,0,car,3117.8702777777794,,,,,,,,2025,Great Britain,British Grand Prix,HUL,27,Kick Sauber,3.0,51.0,90.933,MEDIUM,51.106,9108.22
11198.0,277.0,7,100.0,False,0,car,3130.258333333335,,,,,,,,2025,Great Britain,British Grand Prix,HUL,27,Kick Sauber,3.0,51.0,90.933,MEDIUM,51.267,9108.381
11249.0,278.0,7,100.0,False,0,car,3148.791666666668,,,,,,,,2025,Great Britain,British Grand Prix,HUL,27,Kick Sauber,3.0,51.0,90.933,MEDIUM,51.507,9108.621
11265.0,278.0,7,100.0,False,0,car,3164.2361111111127,,,,,,,,2025,Great Britain,British Grand Prix,HUL,27,Kick Sauber,3.0,51.0,90.933,MEDIUM,51.707,9108.821
11437.0,282.0,7,100.0,False,0,car,3183.036111111113,,,,,,,,2025,Great Britain,British Grand Prix,HUL,27,Kick Sauber,3.0,51.0,90.933,MEDIUM,51.947,9109.061
11497.0,284.0,7,100.0,False,0,car,3201.969444444446,,,,,,,,2025,Great Britain,British Grand Prix,HUL,27,Kick Sauber,3.0,51.0,90.933,MEDIUM,52.187,9109.301
11507.0,288.0,7,100.0,False,0,car,3233.9694444444463,,,,,,,,2025,Great Britain,British Grand Prix,HUL,27,Kick Sauber,3.0,51.0,90.933,MEDIUM,52.587,9109.701
11720.0,293.0,7,100.0,False,0,car,3269.7805555555574,,,,,,,,2025,Great Britain,British Grand Prix,HUL,27,Kick Sauber,3.0,51.0,90.933,MEDIUM,53.027,9110.141
11786.0,294.0,7,100.0,False,0,car,3286.1138888888904,,,,,,,,2025,Great Britain,British Grand Prix,HUL,27,Kick Sauber,3.0,51.0,90.933,MEDIUM,53.227,9110.341
11770.0,294.0,7,100.0,False,0,car,3299.1805555555575,,,,,,,,2025,Great Britain,British Grand Prix,HUL,27,Kick Sauber,3.0,51.0,90.933,MEDIUM,53.387,9110.501
10501.0,296.0,8,100.0,False,0,car,3318.913888888891,,,,,,,,2025,Great Britain,British Grand Prix,HUL,27,Kick Sauber,3.0,51.0,90.933,MEDIUM,53.627,9110.741
10593.0,296.0,8,100.0,False,0,car,3335.358333333335,,,,,,,,2025,Great Britain,British Grand Prix,HUL,27,Kick Sauber,3.0,51.0,90.933,MEDIUM,53.827,9110.941
10609.0,300.0,8,100.0,False,0,car,3348.6916666666684,,,,,,,,2025,Great Britain,British Grand Prix,HUL,27,Kick Sauber,3.0,51.0,90.933,MEDIUM,53.987,9111.101
10680.0,301.0,8,100.0,False,0,car,3368.7583333333346,,,,,,,,2025,Great Britain,British Grand Prix,HUL,27,Kick Sauber,3.0,51.0,90.933,MEDIUM,54.227,9111.341
10746.0,302.0,8,100.0,False,0,car,3392.2472222222236,,,,,,,,2025,Great Britain,British Grand Prix,HUL,27,Kick Sauber,3.0,51.0,90.933,MEDIUM,54.507,9111.621
10767.0,303.0,8,100.0,False,0,car,3409.080555555557,,,,,,,,2025,Great Britain,British Grand Prix,HUL,27,Kick Sauber,3.0,51.0,90.933,MEDIUM,54.707,9111.821
10768.0,303.0,8,100.0,False,0,car,3439.3805555555573,,,,,,,,2025,Great Britain,British Grand Prix,HUL,27,Kick Sauber,3.0,51.0,90.933,MEDIUM,55.067,9112.181
10792.0,305.0,8,100.0,False,0,car,3456.325000000002,,,,,,,,2025,Great Britain,British Grand Prix,HUL,27,Kick Sauber,3.0,51.0,90.933,MEDIUM,55.267,9112.381
10783.0,304.0,8,100.0,False,0,car,3476.5916666666685,,,,,,,,2025,Great Britain,British Grand Prix,HUL,27,Kick Sauber,3.0,51.0,90.933,MEDIUM,55.507,9112.621
10803.0,303.0,8,100.0,False,0,car,3510.258333333335,,,,,,,,2025,Great Britain,British Grand Prix,HUL,27,Kick Sauber,3.0,51.0,90.933,MEDIUM,55.907,9113.021
10776.0,303.0,8,100.0,False,0,car,3527.007500000002,,,,,,,,2025,Great Britain,British Grand Prix,HUL,27,Kick Sauber,3.0,51.0,90.933,MEDIUM,56.106,9113.22
10757.0,302.0,8,100.0,False,0,car,3563.918611111113,,,,,,,,2025,Great Britain,British Grand Prix,HUL,27,Kick Sauber,3.0,51.0,90.933,MEDIUM,56.546,9113.66
10700.0,301.0,8,100.0,False,0,car,3577.296388888891,,,,,,,,2025,Great Britain,British Grand Prix,HUL,27,Kick Sauber,3.0,51.0,90.933,MEDIUM,56.706,9113.82
10693.0,301.0,8,100.0,False,0,car,3590.6741666666685,,,,,,,,2025,Great Britain,British Grand Prix,HUL,27,Kick Sauber,3.0,51.0,90.933,MEDIUM,56.866,9113.98
10689.0,301.0,8,100.0,False,0,car,3610.740833333335,,,,,,,,2025,Great Britain,British Grand Prix,HUL,27,Kick Sauber,3.0,51.0,90.933,MEDIUM,57.106,9114.22
10526.0,299.0,8,92.0,False,0,car,3637.318611111113,,,,,,,,2025,Great Britain,British Grand Prix,HUL,27,Kick Sauber,3.0,51.0,90.933,MEDIUM,57.426,9114.54
10642.0,297.0,8,36.0,False,0,car,3667.101111111113,,,,,,,,2025,Great Britain,British Grand Prix,HUL,27,Kick Sauber,3.0,51.0,90.933,MEDIUM,57.787,9114.901
10221.0,287.0,8,60.0,False,0,car,3686.2344444444466,,,,,,,,2025,Great Britain,British Grand Prix,HUL,27,Kick Sauber,3.0,51.0,90.933,MEDIUM,58.027,9115.141
9971.0,282.0,8,59.0,False,0,car,3705.0344444444468,,,,,,,,2025,Great Britain,British Grand Prix,HUL,27,Kick Sauber,3.0,51.0,90.933,MEDIUM,58.267,9115.381
9982.0,280.0,8,100.0,False,0,car,3723.701111111113,,,,,,,,2025,Great Britain,British Grand Prix,HUL,27,Kick Sauber,3.0,51.0,90.933,MEDIUM,58.507,9115.621
9998.0,280.0,8,100.0,False,0,car,3736.1455555555576,,,,,,,,2025,Great Britain,British Grand Prix,HUL,27,Kick Sauber,3.0,51.0,90.933,MEDIUM,58.667,9115.781
9976.0,279.0,8,100.0,False,0,car,3760.945555555558,,,,,,,,2025,Great Britain,British Grand Prix,HUL,27,Kick Sauber,3.0,51.0,90.933,MEDIUM,58.987,9116.101
9612.0,280.0,8,0.0,True,0,car,3782.7233333333356,,,,,,,,2025,Great Britain,British Grand Prix,HUL,27,Kick Sauber,3.0,51.0,90.933,MEDIUM,59.267,9116.381
9443.0,274.0,8,0.0,True,0,car,3794.901111111113,,,,,,,,2025,Great Britain,British Grand Prix,HUL,27,Kick Sauber,3.0,51.0,90.933,MEDIUM,59.427,9116.541
10068.0,261.0,7,0.0,True,0,car,3818.101111111113,,,,,,,,2025,Great Britain,British Grand Prix,HUL,27,Kick Sauber,3.0,51.0,90.933,MEDIUM,59.747,9116.861
11078.0,252.0,7,0.0,True,0,car,3837.701111111113,,,,,,,,2025,Great Britain,British Grand Prix,HUL,27,Kick Sauber,3.0,51.0,90.933,MEDIUM,60.027,9117.141
10824.0,240.0,6,28.0,False,0,car,3853.701111111113,,,,,,,,2025,Great Britain,British Grand Prix,HUL,27,Kick Sauber,3.0,51.0,90.933,MEDIUM,60.267,9117.381
10754.0,233.0,6,45.0,False,0,car,3869.2344444444457,,,,,,,,2025,Great Britain,British Grand Prix,HUL,27,Kick Sauber,3.0,51.0,90.933,MEDIUM,60.507,9117.621
10671.0,232.0,6,76.0,False,0,car,3889.856666666668,,,,,,,,2025,Great Britain,British Grand Prix,HUL,27,Kick Sauber,3.0,51.0,90.933,MEDIUM,60.827,9117.941
10670.0,234.0,6,53.0,False,0,car,3908.056666666668,,,,,,,,2025,Great Britain,British Grand Prix,HUL,27,Kick Sauber,3.0,51.0,90.933,MEDIUM,61.107,9118.221
10715.0,230.0,6,0.0,True,0,car,3928.5011111111126,,,,,,,,2025,Great Britain,British Grand Prix,HUL,27,Kick Sauber,3.0,51.0,90.933,MEDIUM,61.427,9118.541
11054.0,215.0,5,3.0,True,0,car,3947.612222222224,,,,,,,,2025,Great Britain,British Grand Prix,HUL,27,Kick Sauber,3.0,51.0,90.933,MEDIUM,61.747,9118.861
10932.0,210.0,5,12.0,True,0,car,3956.945555555557,,,,,,,,2025,Great Britain,British Grand Prix,HUL,27,Kick Sauber,3.0,51.0,90.933,MEDIUM,61.907,9119.021
10825.0,203.0,5,48.0,False,0,car,3974.990000000001,,,,,,,,2025,Great Britain,British Grand Prix,HUL,27,Kick Sauber,3.0,51.0,90.933,MEDIUM,62.227,9119.341
10951.0,202.0,5,76.0,False,0,car,3992.945555555557,,,,,,,,2025,Great Britain,British Grand Prix,HUL,27,Kick Sauber,3.0,51.0,90.933,MEDIUM,62.547,9119.661
11283.0,207.0,5,89.0,False,0,car,4015.888055555557,,,,,,,,2025,Great Britain,British Grand Prix,HUL,27,Kick Sauber,3.0,51.0,90.933,MEDIUM,62.946,9120.06
11747.0,218.0,5,100.0,False,0,car,4037.688055555557,,,,,,,,2025,Great Britain,British Grand Prix,HUL,27,Kick Sauber,3.0,51.0,90.933,MEDIUM,63.306,9120.42
11795.0,218.0,5,100.0,False,0,car,4049.7991666666685,,,,,,,,2025,Great Britain,British Grand Prix,HUL,27,Kick Sauber,3.0,51.0,90.933,MEDIUM,63.506,9120.62
12199.0,225.0,5,100.0,False,0,car,4067.2991666666685,,,,,,,,2025,Great Britain,British Grand Prix,HUL,27,Kick Sauber,3.0,51.0,90.933,MEDIUM,63.786,9120.9
12234.0,233.0,5,100.0,False,0,car,4082.8325000000013,,,,,,,,2025,Great Britain,British Grand Prix,HUL,27,Kick Sauber,3.0,51.0,90.933,MEDIUM,64.026,9121.14
11246.0,236.0,6,100.0,False,0,car,4098.565833333335,,,,,,,,2025,Great Britain,British Grand Prix,HUL,27,Kick Sauber,3.0,51.0,90.933,MEDIUM,64.266,9121.38
11180.0,245.0,6,100.0,False,0,car,4123.1338888888895,,,,,,,,2025,Great Britain,British Grand Prix,HUL,27,Kick Sauber,3.0,51.0,90.933,MEDIUM,64.627,9121.741
11409.0,250.0,6,100.0,False,0,car,4142.578333333334,,,,,,,,2025,Great Britain,British Grand Prix,HUL,27,Kick Sauber,3.0,51.0,90.933,MEDIUM,64.907,9122.021
11688.0,252.0,6,100.0,False,0,car,4162.178333333334,,,,,,,,2025,Great Britain,British Grand Prix,HUL,27,Kick Sauber,3.0,51.0,90.933,MEDIUM,65.187,9122.301
11827.0,256.0,6,100.0,False,0,car,4173.556111111112,,,,,,,,2025,Great Britain,British Grand Prix,HUL,27,Kick Sauber,3.0,51.0,90.933,MEDIUM,65.347,9122.461
12039.0,258.0,6,100.0,False,0,car,4187.889444444446,,,,,,,,2025,Great Britain,British Grand Prix,HUL,27,Kick Sauber,3.0,51.0,90.933,MEDIUM,65.547,9122.661
11952.0,261.0,6,100.0,False,0,car,4205.289444444446,,,,,,,,2025,Great Britain,British Grand Prix,HUL,27,Kick Sauber,3.0,51.0,90.933,MEDIUM,65.787,9122.901
10972.0,264.0,6,100.0,False,0,car,4217.022777777779,,,,,,,,2025,Great Britain,British Grand Prix,HUL,27,Kick Sauber,3.0,51.0,90.933,MEDIUM,65.947,9123.061
10770.0,268.0,7,100.0,False,0,car,4234.889444444445,,,,,,,,2025,Great Britain,British Grand Prix,HUL,27,Kick Sauber,3.0,51.0,90.933,MEDIUM,66.187,9123.301
10965.0,271.0,7,100.0,False,0,car,4252.9561111111125,,,,,,,,2025,Great Britain,British Grand Prix,HUL,27,Kick Sauber,3.0,51.0,90.933,MEDIUM,66.427,9123.541
10965.0,272.0,7,100.0,False,0,car,4265.045000000001,,,,,,,,2025,Great Britain,British Grand Prix,HUL,27,Kick Sauber,3.0,51.0,90.933,MEDIUM,66.587,9123.701
11092.0,275.0,7,100.0,False,0,car,4280.322777777779,,,,,,,,2025,Great Britain,British Grand Prix,HUL,27,Kick Sauber,3.0,51.0,90.933,MEDIUM,66.787,9123.901
11191.0,278.0,7,100.0,False,0,car,4295.767222222223,,,,,,,,2025,Great Britain,British Grand Prix,HUL,27,Kick Sauber,3.0,51.0,90.933,MEDIUM,66.987,9124.101
11318.0,283.0,7,100.0,False,0,car,4320.922777777779,,,,,,,,2025,Great Britain,British Grand Prix,HUL,27,Kick Sauber,3.0,51.0,90.933,MEDIUM,67.307,9124.421
11513.0,286.0,7,100.0,False,0,car,4346.345,,,,,,,,2025,Great Britain,British Grand Prix,HUL,27,Kick Sauber,3.0,51.0,90.933,MEDIUM,67.627,9124.741
11579.0,286.0,7,100.0,False,0,car,4362.233888888889,,,,,,,,2025,Great Britain,British Grand Prix,HUL,27,Kick Sauber,3.0,51.0,90.933,MEDIUM,67.827,9124.941
11639.0,290.0,7,100.0,False,0,car,4388.011666666667,,,,,,,,2025,Great Britain,British Grand Prix,HUL,27,Kick Sauber,3.0,51.0,90.933,MEDIUM,68.147,9125.261
11725.0,292.0,7,100.0,False,0,car,4404.233888888889,,,,,,,,2025,Great Britain,British Grand Prix,HUL,27,Kick Sauber,3.0,51.0,90.933,MEDIUM,68.347,9125.461
11798.0,294.0,7,100.0,False,0,car,4427.100555555556,,,,,,,,2025,Great Britain,British Grand Prix,HUL,27,Kick Sauber,3.0,51.0,90.933,MEDIUM,68.627,9125.741
11408.0,295.0,7,100.0,False,0,car,4446.767222222223,,,,,,,,2025,Great Britain,British Grand Prix,HUL,27,Kick Sauber,3.0,51.0,90.933,MEDIUM,68.867,9125.981
10702.0,298.0,8,100.0,False,0,car,4466.633888888889,,,,,,,,2025,Great Britain,British Grand Prix,HUL,27,Kick Sauber,3.0,51.0,90.933,MEDIUM,69.107,9126.221
10713.0,300.0,8,100.0,False,0,car,4489.967222222222,,,,,,,,2025,Great Britain,British Grand Prix,HUL,27,Kick Sauber,3.0,51.0,90.933,MEDIUM,69.387,9126.501
10725.0,301.0,8,100.0,False,0,car,4503.261388888889,,,,,,,,2025,Great Britain,British Grand Prix,HUL,27,Kick Sauber,3.0,51.0,90.933,MEDIUM,69.546,9126.66
10740.0,302.0,8,100.0,False,0,car,4520.039166666666,,,,,,,,2025,Great Britain,British Grand Prix,HUL,27,Kick Sauber,3.0,51.0,90.933,MEDIUM,69.746,9126.86
10799.0,303.0,8,100.0,False,0,car,4536.8724999999995,,,,,,,,2025,Great Britain,British Grand Prix,HUL,27,Kick Sauber,3.0,51.0,90.933,MEDIUM,69.946,9127.06
10843.0,304.0,8,100.0,False,0,car,4563.894722222222,,,,,,,,2025,Great Britain,British Grand Prix,HUL,27,Kick Sauber,3.0,51.0,90.933,MEDIUM,70.266,9127.38
10912.0,307.0,8,100.0,False,0,car,4635.613333333333,,,,,,,,2025,Great Britain,British Grand Prix,HUL,27,Kick Sauber,3.0,51.0,90.933,MEDIUM,71.107,9128.221
10933.0,308.0,8,100.0,False,0,car,4652.724444444444,,,,,,,,2025,Great Britain,British Grand Prix,HUL,27,Kick Sauber,3.0,51.0,90.933,MEDIUM,71.307,9128.421
10976.0,309.0,8,100.0,False,0,car,4693.924444444445,,,,,,,,2025,Great Britain,British Grand Prix,HUL,27,Kick Sauber,3.0,51.0,90.933,MEDIUM,71.787,9128.901
10897.0,307.0,8,100.0,False,0,car,4710.98,,,,,,,,2025,Great Britain,British Grand Prix,HUL,27,Kick Sauber,3.0,51.0,90.933,MEDIUM,71.987,9129.101
10919.0,307.0,8,100.0,False,0,car,4734.857777777777,,,,,,,,2025,Great Britain,British Grand Prix,HUL,27,Kick Sauber,3.0,51.0,90.933,MEDIUM,72.267,9129.381
10880.0,306.0,8,100.0,False,0,car,4758.6577777777775,,,,,,,,2025,Great Britain,British Grand Prix,HUL,27,Kick Sauber,3.0,51.0,90.933,MEDIUM,72.547,9129.661
10874.0,306.0,8,100.0,False,0,car,4796.057777777777,,,,,,,,2025,Great Britain,British Grand Prix,HUL,27,Kick Sauber,3.0,51.0,90.933,MEDIUM,72.987,9130.101
10789.0,306.0,8,100.0,False,0,car,4816.457777777778,,,,,,,,2025,Great Britain,British Grand Prix,HUL,27,Kick Sauber,3.0,51.0,90.933,MEDIUM,73.227,9130.341
10757.0,304.0,8,100.0,False,0,car,4833.346666666666,,,,,,,,2025,Great Britain,British Grand Prix,HUL,27,Kick Sauber,3.0,51.0,90.933,MEDIUM,73.427,9130.541
10739.0,304.0,8,100.0,False,0,car,4846.857777777777,,,,,,,,2025,Great Britain,British Grand Prix,HUL,27,Kick Sauber,3.0,51.0,90.933,MEDIUM,73.587,9130.701
10529.0,301.0,8,100.0,False,0,car,4883.646666666666,,,,,,,,2025,Great Britain,British Grand Prix,HUL,27,Kick Sauber,3.0,51.0,90.933,MEDIUM,74.027,9131.141
10348.0,306.0,8,0.0,True,0,car,4904.046666666665,,,,,,,,2025,Great Britain,British Grand Prix,HUL,27,Kick Sauber,3.0,51.0,90.933,MEDIUM,74.267,9131.381
10459.0,280.0,8,0.0,True,0,car,4922.713333333332,,,,,,,,2025,Great Britain,British Grand Prix,HUL,27,Kick Sauber,3.0,51.0,90.933,MEDIUM,74.507,9131.621
10725.0,259.0,7,0.0,True,0,car,4942.857777777776,,,,,,,,2025,Great Britain,British Grand Prix,HUL,27,Kick Sauber,3.0,51.0,90.933,MEDIUM,74.787,9131.901
10549.0,238.0,6,0.0,True,0,car,4966.657777777777,,,,,,,,2025,Great Britain,British Grand Prix,HUL,27,Kick Sauber,3.0,51.0,90.933,MEDIUM,75.147,9132.261
10326.0,234.0,6,16.0,False,0,car,4982.257777777776,,,,,,,,2025,Great Britain,British Grand Prix,HUL,27,Kick Sauber,3.0,51.0,90.933,MEDIUM,75.387,9132.501
10121.0,221.0,6,46.0,False,0,car,4996.991111111109,,,,,,,,2025,Great Britain,British Grand Prix,HUL,27,Kick Sauber,3.0,51.0,90.933,MEDIUM,75.627,9132.741
10058.0,218.0,6,73.0,False,0,car,5018.791111111109,,,,,,,,2025,Great Britain,British Grand Prix,HUL,27,Kick Sauber,3.0,51.0,90.933,MEDIUM,75.987,9133.101
10136.0,219.0,6,83.0,False,0,car,5030.957777777776,,,,,,,,2025,Great Britain,British Grand Prix,HUL,27,Kick Sauber,3.0,51.0,90.933,MEDIUM,76.187,9133.301
10380.0,222.0,6,100.0,False,0,car,5050.629444444443,,,,,,,,2025,Great Britain,British Grand Prix,HUL,27,Kick Sauber,3.0,51.0,90.933,MEDIUM,76.506,9133.62
10658.0,228.0,6,100.0,False,0,car,5073.429444444443,,,,,,,,2025,Great Britain,British Grand Prix,HUL,27,Kick Sauber,3.0,51.0,90.933,MEDIUM,76.866,9133.98
10799.0,234.0,6,100.0,False,0,car,5094.229444444443,,,,,,,,2025,Great Britain,British Grand Prix,HUL,27,Kick Sauber,3.0,51.0,90.933,MEDIUM,77.186,9134.3
11094.0,238.0,6,100.0,False,0,car,5112.806666666665,,,,,,,,2025,Great Britain,British Grand Prix,HUL,27,Kick Sauber,3.0,51.0,90.933,MEDIUM,77.467,9134.581
11181.0,241.0,6,100.0,False,0,car,5123.517777777775,,,,,,,,2025,Great Britain,British Grand Prix,HUL,27,Kick Sauber,3.0,51.0,90.933,MEDIUM,77.627,9134.741
11203.0,241.0,6,100.0,False,0,car,5134.228888888887,,,,,,,,2025,Great Britain,British Grand Prix,HUL,27,Kick Sauber,3.0,51.0,90.933,MEDIUM,77.787,9134.901
11466.0,250.0,6,100.0,False,0,car,5156.451111111109,,,,,,,,2025,Great Britain,British Grand Prix,HUL,27,Kick Sauber,3.0,51.0,90.933,MEDIUM,78.107,9135.221
11649.0,252.0,6,100.0,False,0,car,5173.251111111108,,,,,,,,2025,Great Britain,British Grand Prix,HUL,27,Kick Sauber,3.0,51.0,90.933,MEDIUM,78.347,9135.461
11755.0,255.0,6,100.0,False,0,car,5190.251111111109,,,,,,,,2025,Great Britain,British Grand Prix,HUL,27,Kick Sauber,3.0,51.0,90.933,MEDIUM,78.587,9135.701
11187.0,257.0,6,100.0,False,0,car,5204.528888888887,,,,,,,,2025,Great Britain,British Grand Prix,HUL,27,Kick Sauber,3.0,51.0,90.933,MEDIUM,78.787,9135.901
10576.0,262.0,7,100.0,False,0,car,5236.551111111109,,,,,,,,2025,Great Britain,British Grand Prix,HUL,27,Kick Sauber,3.0,51.0,90.933,MEDIUM,79.227,9136.341
10594.0,264.0,7,100.0,False,0,car,5257.084444444443,,,,,,,,2025,Great Britain,British Grand Prix,HUL,27,Kick Sauber,3.0,51.0,90.933,MEDIUM,79.507,9136.621
10659.0,265.0,7,100.0,False,0,car,5277.695555555554,,,,,,,,2025,Great Britain,British Grand Prix,HUL,27,Kick Sauber,3.0,51.0,90.933,MEDIUM,79.787,9136.901
10759.0,266.0,7,100.0,False,0,car,5295.428888888887,,,,,,,,2025,Great Britain,British Grand Prix,HUL,27,Kick Sauber,3.0,51.0,90.933,MEDIUM,80.027,9137.141
10752.0,269.0,7,100.0,False,0,car,5310.373333333331,,,,,,,,2025,Great Britain,British Grand Prix,HUL,27,Kick Sauber,3.0,51.0,90.933,MEDIUM,80.227,9137.341
10768.0,270.0,7,100.0,False,0,car,5331.373333333331,,,,,,,,2025,Great Britain,British Grand Prix,HUL,27,Kick Sauber,3.0,51.0,90.933,MEDIUM,80.507,9137.621
10762.0,269.0,7,100.0,False,0,car,5358.273333333331,,,,,,,,2025,Great Britain,British Grand Prix,HUL,27,Kick Sauber,3.0,51.0,90.933,MEDIUM,80.867,9137.981
10772.0,270.0,7,100.0,False,0,car,5370.273333333331,,,,,,,,2025,Great Britain,British Grand Prix,HUL,27,Kick Sauber,3.0,51.0,90.933,MEDIUM,81.027,9138.141
10881.0,269.0,7,0.0,True,0,car,5385.217777777775,,,,,,,,2025,Great Britain,British Grand Prix,HUL,27,Kick Sauber,3.0,51.0,90.933,MEDIUM,81.227,9138.341
9874.0,238.0,7,0.0,True,0,car,5403.728888888886,,,,,,,,2025,Great Britain,British Grand Prix,HUL,27,Kick Sauber,3.0,51.0,90.933,MEDIUM,81.507,9138.621
9510.0,212.0,6,0.0,True,0,car,5420.217777777775,,,,,,,,2025,Great Britain,British Grand Prix,HUL,27,Kick Sauber,3.0,51.0,90.933,MEDIUM,81.787,9138.901
10191.0,190.0,6,0.0,True,0,car,5430.77333333333,,,,,,,,2025,Great Britain,British Grand Prix,HUL,27,Kick Sauber,3.0,51.0,90.933,MEDIUM,81.987,9139.101
9014.0,158.0,5,0.0,True,0,car,5439.551111111108,,,,,,,,2025,Great Britain,British Grand Prix,HUL,27,Kick Sauber,3.0,51.0,90.933,MEDIUM,82.187,9139.301
9480.0,155.0,4,0.0,True,0,car,5448.1622222222195,,,,,,,,2025,Great Britain,British Grand Prix,HUL,27,Kick Sauber,3.0,51.0,90.933,MEDIUM,82.387,9139.501
8306.0,118.0,3,0.0,True,0,car,5458.651111111109,,,,,,,,2025,Great Britain,British Grand Prix,HUL,27,Kick Sauber,3.0,51.0,90.933,MEDIUM,82.707,9139.821
7551.0,110.0,3,0.0,True,0,car,5465.9844444444425,,,,,,,,2025,Great Britain,British Grand Prix,HUL,27,Kick Sauber,3.0,51.0,90.933,MEDIUM,82.947,9140.061
7168.0,100.0,3,0.0,True,0,car,5473.7344444444425,,,,,,,,2025,Great Britain,British Grand Prix,HUL,27,Kick Sauber,3.0,51.0,90.933,MEDIUM,83.226,9140.34
7347.0,96.0,3,9.0,False,0,car,5481.201111111109,,,,,,,,2025,Great Britain,British Grand Prix,HUL,27,Kick Sauber,3.0,51.0,90.933,MEDIUM,83.506,9140.62
7501.0,96.0,3,22.0,False,0,car,5487.601111111108,,,,,,,,2025,Great Britain,British Grand Prix,HUL,27,Kick Sauber,3.0,51.0,90.933,MEDIUM,83.746,9140.86
7352.0,96.0,3,38.0,False,0,car,5494.001111111109,,,,,,,,2025,Great Britain,British Grand Prix,HUL,27,Kick Sauber,3.0,51.0,90.933,MEDIUM,83.986,9141.1
8081.0,99.0,3,57.0,False,0,car,5499.528611111109,,,,,,,,2025,Great Britain,British Grand Prix,HUL,27,Kick Sauber,3.0,51.0,90.933,MEDIUM,84.187,9141.301
8648.0,104.0,3,64.0,False,0,car,5504.150833333331,,,,,,,,2025,Great Britain,British Grand Prix,HUL,27,Kick Sauber,3.0,51.0,90.933,MEDIUM,84.347,9141.461
8837.0,112.0,3,64.0,False,0,car,5511.6174999999985,,,,,,,,2025,Great Britain,British Grand Prix,HUL,27,Kick Sauber,3.0,51.0,90.933,MEDIUM,84.587,9141.701
7953.0,120.0,3,59.0,False,0,car,5518.284166666665,,,,,,,,2025,Great Britain,British Grand Prix,HUL,27,Kick Sauber,3.0,51.0,90.933,MEDIUM,84.787,9141.901
7709.0,126.0,4,0.0,False,0,car,5530.884166666666,,,,,,,,2025,Great Britain,British Grand Prix,HUL,27,Kick Sauber,3.0,51.0,90.933,MEDIUM,85.147,9142.261
7620.0,123.0,4,0.0,False,0,car,5539.084166666666,,,,,,,,2025,Great Britain,British Grand Prix,HUL,27,Kick Sauber,3.0,51.0,90.933,MEDIUM,85.387,9142.501
7895.0,121.0,4,5.0,False,0,car,5544.461944444443,,,,,,,,2025,Great Britain,British Grand Prix,HUL,27,Kick Sauber,3.0,51.0,90.933,MEDIUM,85.547,9142.661
7708.0,119.0,4,29.0,False,0,car,5551.073055555555,,,,,,,,2025,Great Britain,British Grand Prix,HUL,27,Kick Sauber,3.0,51.0,90.933,MEDIUM,85.747,9142.861
8156.0,123.0,4,57.0,False,0,car,5566.1063888888875,,,,,,,,2025,Great Britain,British Grand Prix,HUL,27,Kick Sauber,3.0,51.0,90.933,MEDIUM,86.187,9143.301
8881.0,132.0,4,75.0,False,0,car,5580.7730555555545,,,,,,,,2025,Great Britain,British Grand Prix,HUL,27,Kick Sauber,3.0,51.0,90.933,MEDIUM,86.587,9143.701
9591.0,147.0,4,80.0,False,0,car,5595.473055555554,,,,,,,,2025,Great Britain,British Grand Prix,HUL,27,Kick Sauber,3.0,51.0,90.933,MEDIUM,86.947,9144.061
10317.0,160.0,4,100.0,False,0,car,5609.695277777776,,,,,,,,2025,Great Britain,British Grand Prix,HUL,27,Kick Sauber,3.0,51.0,90.933,MEDIUM,87.267,9144.381
11680.0,177.0,4,100.0,False,0,car,5629.361944444443,,,,,,,,2025,Great Britain,British Grand Prix,HUL,27,Kick Sauber,3.0,51.0,90.933,MEDIUM,87.667,9144.781
12425.0,191.0,4,100.0,False,0,car,5648.461944444443,,,,,,,,2025,Great Britain,British Grand Prix,HUL,27,Kick Sauber,3.0,51.0,90.933,MEDIUM,88.027,9145.141
11641.0,197.0,4,100.0,False,0,car,5659.406388888888,,,,,,,,2025,Great Britain,British Grand Prix,HUL,27,Kick Sauber,3.0,51.0,90.933,MEDIUM,88.227,9145.341
11111.0,204.0,4,100.0,False,0,car,5670.739722222222,,,,,,,,2025,Great Britain,British Grand Prix,HUL,27,Kick Sauber,3.0,51.0,90.933,MEDIUM,88.427,9145.541
11463.0,212.0,5,100.0,False,0,car,5687.22861111111,,,,,,,,2025,Great Britain,British Grand Prix,HUL,27,Kick Sauber,3.0,51.0,90.933,MEDIUM,88.707,9145.821
11960.0,221.0,5,100.0,False,0,car,5706.873055555555,,,,,,,,2025,Great Britain,British Grand Prix,HUL,27,Kick Sauber,3.0,51.0,90.933,MEDIUM,89.027,9146.141
12180.0,225.0,5,100.0,False,0,car,5721.873055555555,,,,,,,,2025,Great Britain,British Grand Prix,HUL,27,Kick Sauber,3.0,51.0,90.933,MEDIUM,89.267,9146.381
11892.0,226.0,5,100.0,False,0,car,5734.4286111111105,,,,,,,,2025,Great Britain,British Grand Prix,HUL,27,Kick Sauber,3.0,51.0,90.933,MEDIUM,89.467,9146.581
10705.0,233.0,6,100.0,False,0,car,5747.373055555555,,,,,,,,2025,Great Britain,British Grand Prix,HUL,27,Kick Sauber,3.0,51.0,90.933,MEDIUM,89.667,9146.781
11055.0,239.0,6,100.0,False,0,car,5763.24,,,,,,,,2025,Great Britain,British Grand Prix,HUL,27,Kick Sauber,3.0,51.0,90.933,MEDIUM,89.906,9147.02
11159.0,240.0,6,100.0,False,0,car,5773.906666666666,,,,,,,,2025,Great Britain,British Grand Prix,HUL,27,Kick Sauber,3.0,51.0,90.933,MEDIUM,90.066,9147.18
11314.0,244.0,6,100.0,False,0,car,5784.75111111111,,,,,,,,2025,Great Britain,British Grand Prix,HUL,27,Kick Sauber,3.0,51.0,90.933,MEDIUM,90.226,9147.34
11508.0,248.0,6,100.0,False,0,car,5801.284444444443,,,,,,,,2025,Great Britain,British Grand Prix,HUL,27,Kick Sauber,3.0,51.0,90.933,MEDIUM,90.466,9147.58
11630.0,250.0,6,100.0,False,0,car,5815.242777777777,,,,,,,,2025,Great Britain,British Grand Prix,HUL,27,Kick Sauber,3.0,51.0,90.933,MEDIUM,90.667,9147.781
11767.0,255.0,6,100.0,False,0,car,5829.409444444444,,,,,,,,2025,Great Britain,British Grand Prix,HUL,27,Kick Sauber,3.0,51.0,90.933,MEDIUM,90.867,9147.981
11380.0,321.0,8,100.0,False,0,car,16.139166666666668,,,,,,,,2025,Italy,Italian Grand Prix,VER,1,Red Bull Racing,1.0,52.0,81.003,HARD,0.181,7712.515
11428.0,323.0,8,100.0,False,0,car,37.6725,,,,,,,,2025,Italy,Italian Grand Prix,VER,1,Red Bull Racing,1.0,52.0,81.003,HARD,0.421,7712.755
11466.0,323.0,8,100.0,False,0,car,55.61694444444444,,,,,,,,2025,Italy,Italian Grand Prix,VER,1,Red Bull Racing,1.0,52.0,81.003,HARD,0.621,7712.955
11506.0,326.0,8,100.0,False,0,car,84.59472222222222,,,,,,,,2025,Italy,Italian Grand Prix,VER,1,Red Bull Racing,1.0,52.0,81.003,HARD,0.941,7713.275
11523.0,328.0,8,100.0,False,0,car,106.46138888888889,,,,,,,,2025,Italy,Italian Grand Prix,VER,1,Red Bull Racing,1.0,52.0,81.003,HARD,1.181,7713.515
11708.0,329.0,8,100.0,False,0,car,146.76388888888889,,,,,,,,2025,Italy,Italian Grand Prix,VER,1,Red Bull Racing,1.0,52.0,81.003,HARD,1.622,7713.956
11635.0,330.0,8,100.0,False,0,car,165.09722222222223,,,,,,,,2025,Italy,Italian Grand Prix,VER,1,Red Bull Racing,1.0,52.0,81.003,HARD,1.822,7714.156
11690.0,330.0,8,100.0,False,0,car,194.43055555555554,,,,,,,,2025,Italy,Italian Grand Prix,VER,1,Red Bull Racing,1.0,52.0,81.003,HARD,2.142,7714.476
11774.0,332.0,8,100.0,False,0,car,212.875,,,,,,,,2025,Italy,Italian Grand Prix,VER,1,Red Bull Racing,1.0,52.0,81.003,HARD,2.342,7714.676
11734.0,334.0,8,100.0,False,0,car,246.27499999999998,,,,,,,,2025,Italy,Italian Grand Prix,VER,1,Red Bull Racing,1.0,52.0,81.003,HARD,2.702,7715.036
11804.0,334.0,8,100.0,False,0,car,275.96388888888885,,,,,,,,2025,Italy,Italian Grand Prix,VER,1,Red Bull Racing,1.0,52.0,81.003,HARD,3.022,7715.356
11948.0,336.0,8,100.0,False,0,car,324.49722222222215,,,,,,,,2025,Italy,Italian Grand Prix,VER,1,Red Bull Racing,1.0,52.0,81.003,HARD,3.542,7715.876
11898.0,337.0,8,100.0,False,0,car,361.9416666666666,,,,,,,,2025,Italy,Italian Grand Prix,VER,1,Red Bull Racing,1.0,52.0,81.003,HARD,3.942,7716.276
11972.0,338.0,8,100.0,False,0,car,399.4972222222221,,,,,,,,2025,Italy,Italian Grand Prix,VER,1,Red Bull Racing,1.0,52.0,81.003,HARD,4.342,7716.676
12029.0,339.0,8,100.0,False,0,car,433.3972222222221,,,,,,,,2025,Italy,Italian Grand Prix,VER,1,Red Bull Racing,1.0,52.0,81.003,HARD,4.702,7717.036
12022.0,339.0,8,100.0,False,0,car,452.2305555555555,,,,,,,,2025,Italy,Italian Grand Prix,VER,1,Red Bull Racing,1.0,52.0,81.003,HARD,4.902,7717.236
11869.0,338.0,8,100.0,False,0,car,493.5416666666666,,,,,,,,2025,Italy,Italian Grand Prix,VER,1,Red Bull Racing,1.0,52.0,81.003,HARD,5.342,7717.676
11871.0,337.0,8,100.0,False,0,car,523.4972222222221,,,,,,,,2025,Italy,Italian Grand Prix,VER,1,Red Bull Racing,1.0,52.0,81.003,HARD,5.662,7717.996
11811.0,335.0,8,100.0,False,0,car,553.275,,,,,,,,2025,Italy,Italian Grand Prix,VER,1,Red Bull Racing,1.0,52.0,81.003,HARD,5.982,7718.316
11750.0,334.0,8,100.0,False,0,car,579.16,,,,,,,,2025,Italy,Italian Grand Prix,VER,1,Red Bull Racing,1.0,52.0,81.003,HARD,6.261,7718.595
11663.0,332.0,8,100.0,False,0,car,601.2933333333333,,,,,,,,2025,Italy,Italian Grand Prix,VER,1,Red Bull Racing,1.0,52.0,81.003,HARD,6.501,7718.835
11582.0,330.0,8,100.0,False,0,car,630.6266666666666,,,,,,,,2025,Italy,Italian Grand Prix,VER,1,Red Bull Racing,1.0,52.0,81.003,HARD,6.821,7719.155
11620.0,330.0,8,100.0,False,0,car,645.2933333333332,,,,,,,,2025,Italy,Italian Grand Prix,VER,1,Red Bull Racing,1.0,52.0,81.003,HARD,6.981,7719.315
11486.0,327.0,8,100.0,False,0,car,681.6266666666666,,,,,,,,2025,Italy,Italian Grand Prix,VER,1,Red Bull Racing,1.0,52.0,81.003,HARD,7.381,7719.715
11431.0,326.0,8,100.0,False,0,car,699.7377777777776,,,,,,,,2025,Italy,Italian Grand Prix,VER,1,Red Bull Racing,1.0,52.0,81.003,HARD,7.581,7719.915
11472.0,325.0,8,100.0,False,0,car,717.8836111111109,,,,,,,,2025,Italy,Italian Grand Prix,VER,1,Red Bull Racing,1.0,52.0,81.003,HARD,7.782,7720.116
11392.0,323.0,8,91.0,False,0,car,739.4169444444442,,,,,,,,2025,Italy,Italian Grand Prix,VER,1,Red Bull Racing,1.0,52.0,81.003,HARD,8.022,7720.356
11179.0,319.0,8,14.0,False,0,car,764.2280555555552,,,,,,,,2025,Italy,Italian Grand Prix,VER,1,Red Bull Racing,1.0,52.0,81.003,HARD,8.302,7720.636
10942.0,311.0,8,0.0,True,0,car,781.505833333333,,,,,,,,2025,Italy,Italian Grand Prix,VER,1,Red Bull Racing,1.0,52.0,81.003,HARD,8.502,7720.836
9345.0,273.0,8,0.0,True,0,car,805.7724999999996,,,,,,,,2025,Italy,Italian Grand Prix,VER,1,Red Bull Racing,1.0,52.0,81.003,HARD,8.822,7721.156
9105.0,233.0,8,0.0,True,0,car,821.3058333333329,,,,,,,,2025,Italy,Italian Grand Prix,VER,1,Red Bull Racing,1.0,52.0,81.003,HARD,9.062,7721.396
9361.0,221.0,8,0.0,True,0,car,831.1280555555551,,,,,,,,2025,Italy,Italian Grand Prix,VER,1,Red Bull Racing,1.0,52.0,81.003,HARD,9.222,7721.556
9741.0,209.0,8,0.0,True,0,car,842.7391666666663,,,,,,,,2025,Italy,Italian Grand Prix,VER,1,Red Bull Racing,1.0,52.0,81.003,HARD,9.422,7721.756
10126.0,176.0,8,0.0,True,0,car,850.5613888888885,,,,,,,,2025,Italy,Italian Grand Prix,VER,1,Red Bull Racing,1.0,52.0,81.003,HARD,9.582,7721.916
10632.0,147.0,8,0.0,True,0,car,861.9947222222218,,,,,,,,2025,Italy,Italian Grand Prix,VER,1,Red Bull Racing,1.0,52.0,81.003,HARD,9.862,7722.196
11001.0,133.0,6,0.0,True,0,car,870.8613888888884,,,,,,,,2025,Italy,Italian Grand Prix,VER,1,Red Bull Racing,1.0,52.0,81.003,HARD,10.102,7722.436
9226.0,115.0,2,0.0,True,0,car,882.3613888888884,,,,,,,,2025,Italy,Italian Grand Prix,VER,1,Red Bull Racing,1.0,52.0,81.003,HARD,10.462,7722.796
8230.0,99.0,2,0.0,True,0,car,892.2613888888884,,,,,,,,2025,Italy,Italian Grand Prix,VER,1,Red Bull Racing,1.0,52.0,81.003,HARD,10.822,7723.156
7081.0,90.0,2,0.0,True,0,car,900.2613888888884,,,,,,,,2025,Italy,Italian Grand Prix,VER,1,Red Bull Racing,1.0,52.0,81.003,HARD,11.142,7723.476
6834.0,88.0,2,0.0,False,0,car,907.1058333333328,,,,,,,,2025,Italy,Italian Grand Prix,VER,1,Red Bull Racing,1.0,52.0,81.003,HARD,11.422,7723.756
6851.0,78.0,2,3.0,False,0,car,911.4391666666662,,,,,,,,2025,Italy,Italian Grand Prix,VER,1,Red Bull Racing,1.0,52.0,81.003,HARD,11.622,7723.956
7341.0,77.0,2,22.0,False,0,car,919.1391666666661,,,,,,,,2025,Italy,Italian Grand Prix,VER,1,Red Bull Racing,1.0,52.0,81.003,HARD,11.982,7724.316
7870.0,81.0,2,40.0,False,0,car,924.5391666666661,,,,,,,,2025,Italy,Italian Grand Prix,VER,1,Red Bull Racing,1.0,52.0,81.003,HARD,12.222,7724.556
7343.0,86.0,2,0.0,True,0,car,929.316944444444,,,,,,,,2025,Italy,Italian Grand Prix,VER,1,Red Bull Racing,1.0,52.0,81.003,HARD,12.422,7724.756
6746.0,80.0,2,0.0,False,0,car,937.316944444444,,,,,,,,2025,Italy,Italian Grand Prix,VER,1,Red Bull Racing,1.0,52.0,81.003,HARD,12.782,7725.116
6357.0,80.0,2,0.0,False,0,car,940.8502777777773,,,,,,,,2025,Italy,Italian Grand Prix,VER,1,Red Bull Racing,1.0,52.0,81.003,HARD,12.941,7725.275
6672.0,74.0,2,3.0,False,0,car,944.9613888888883,,,,,,,,2025,Italy,Italian Grand Prix,VER,1,Red Bull Racing,1.0,52.0,81.003,HARD,13.141,7725.475
6920.0,74.0,2,15.0,False,0,car,951.5391666666661,,,,,,,,2025,Italy,Italian Grand Prix,VER,1,Red Bull Racing,1.0,52.0,81.003,HARD,13.461,7725.795
7432.0,77.0,2,27.0,False,0,car,958.3836111111106,,,,,,,,2025,Italy,Italian Grand Prix,VER,1,Red Bull Racing,1.0,52.0,81.003,HARD,13.781,7726.115
7825.0,81.0,2,32.0,False,0,car,964.6836111111105,,,,,,,,2025,Italy,Italian Grand Prix,VER,1,Red Bull Racing,1.0,52.0,81.003,HARD,14.061,7726.395
8245.0,86.0,2,32.0,False,0,car,969.4613888888882,,,,,,,,2025,Italy,Italian Grand Prix,VER,1,Red Bull Racing,1.0,52.0,81.003,HARD,14.261,7726.595
9847.0,99.0,2,67.0,False,0,car,979.3888888888882,,,,,,,,2025,Italy,Italian Grand Prix,VER,1,Red Bull Racing,1.0,52.0,81.003,HARD,14.622,7726.956
10393.0,107.0,2,69.0,False,0,car,984.1444444444438,,,,,,,,2025,Italy,Italian Grand Prix,VER,1,Red Bull Racing,1.0,52.0,81.003,HARD,14.782,7727.116
10551.0,121.0,2,80.0,False,0,car,993.5555555555549,,,,,,,,2025,Italy,Italian Grand Prix,VER,1,Red Bull Racing,1.0,52.0,81.003,HARD,15.062,7727.396
10732.0,137.0,3,96.0,False,0,car,1007.2555555555549,,,,,,,,2025,Italy,Italian Grand Prix,VER,1,Red Bull Racing,1.0,52.0,81.003,HARD,15.422,7727.756
11653.0,153.0,3,100.0,False,0,car,1017.455555555555,,,,,,,,2025,Italy,Italian Grand Prix,VER,1,Red Bull Racing,1.0,52.0,81.003,HARD,15.662,7727.996
11689.0,158.0,3,100.0,False,0,car,1024.4777777777772,,,,,,,,2025,Italy,Italian Grand Prix,VER,1,Red Bull Racing,1.0,52.0,81.003,HARD,15.822,7728.156
10335.0,168.0,3,100.0,False,0,car,1033.8111111111104,,,,,,,,2025,Italy,Italian Grand Prix,VER,1,Red Bull Racing,1.0,52.0,81.003,HARD,16.022,7728.356
11206.0,181.0,4,100.0,False,0,car,1049.8999999999994,,,,,,,,2025,Italy,Italian Grand Prix,VER,1,Red Bull Racing,1.0,52.0,81.003,HARD,16.342,7728.676
11744.0,194.0,4,100.0,False,0,car,1064.9888888888884,,,,,,,,2025,Italy,Italian Grand Prix,VER,1,Red Bull Racing,1.0,52.0,81.003,HARD,16.622,7728.956
11543.0,198.0,4,100.0,False,0,car,1073.7888888888883,,,,,,,,2025,Italy,Italian Grand Prix,VER,1,Red Bull Racing,1.0,52.0,81.003,HARD,16.782,7729.116
11021.0,212.0,5,100.0,False,0,car,1092.6333333333328,,,,,,,,2025,Italy,Italian Grand Prix,VER,1,Red Bull Racing,1.0,52.0,81.003,HARD,17.102,7729.436
11294.0,221.0,5,100.0,False,0,car,1109.8222222222216,,,,,,,,2025,Italy,Italian Grand Prix,VER,1,Red Bull Racing,1.0,52.0,81.003,HARD,17.382,7729.716
11861.0,230.0,5,100.0,False,0,car,1130.2666666666662,,,,,,,,2025,Italy,Italian Grand Prix,VER,1,Red Bull Racing,1.0,52.0,81.003,HARD,17.702,7730.036
10768.0,235.0,5,100.0,False,0,car,1143.3222222222216,,,,,,,,2025,Italy,Italian Grand Prix,VER,1,Red Bull Racing,1.0,52.0,81.003,HARD,17.902,7730.236
10867.0,238.0,6,100.0,False,0,car,1153.8999999999994,,,,,,,,2025,Italy,Italian Grand Prix,VER,1,Red Bull Racing,1.0,52.0,81.003,HARD,18.062,7730.396
11193.0,248.0,6,100.0,False,0,car,1175.944444444444,,,,,,,,2025,Italy,Italian Grand Prix,VER,1,Red Bull Racing,1.0,52.0,81.003,HARD,18.382,7730.716
11323.0,253.0,6,100.0,False,0,car,1189.9999999999993,,,,,,,,2025,Italy,Italian Grand Prix,VER,1,Red Bull Racing,1.0,52.0,81.003,HARD,18.582,7730.916
11668.0,259.0,6,100.0,False,0,car,1210.1444444444435,,,,,,,,2025,Italy,Italian Grand Prix,VER,1,Red Bull Racing,1.0,52.0,81.003,HARD,18.862,7731.196
11526.0,261.0,6,100.0,False,0,car,1221.7444444444434,,,,,,,,2025,Italy,Italian Grand Prix,VER,1,Red Bull Racing,1.0,52.0,81.003,HARD,19.022,7731.356
10539.0,266.0,6,100.0,False,0,car,1242.4333333333323,,,,,,,,2025,Italy,Italian Grand Prix,VER,1,Red Bull Racing,1.0,52.0,81.003,HARD,19.302,7731.636
10756.0,270.0,7,100.0,False,0,car,1260.4333333333325,,,,,,,,2025,Italy,Italian Grand Prix,VER,1,Red Bull Racing,1.0,52.0,81.003,HARD,19.542,7731.876
11053.0,277.0,7,100.0,False,0,car,1291.1341666666656,,,,,,,,2025,Italy,Italian Grand Prix,VER,1,Red Bull Racing,1.0,52.0,81.003,HARD,19.941,7732.275
11115.0,281.0,7,100.0,False,0,car,1309.8674999999992,,,,,,,,2025,Italy,Italian Grand Prix,VER,1,Red Bull Racing,1.0,52.0,81.003,HARD,20.181,7732.515
11348.0,285.0,7,100.0,False,0,car,1332.0341666666657,,,,,,,,2025,Italy,Italian Grand Prix,VER,1,Red Bull Racing,1.0,52.0,81.003,HARD,20.461,7732.795
11348.0,288.0,7,100.0,False,0,car,1351.2341666666657,,,,,,,,2025,Italy,Italian Grand Prix,VER,1,Red Bull Racing,1.0,52.0,81.003,HARD,20.701,7733.035
11512.0,290.0,7,100.0,False,0,car,1373.8702777777767,,,,,,,,2025,Italy,Italian Grand Prix,VER,1,Red Bull Racing,1.0,52.0,81.003,HARD,20.982,7733.316
11666.0,293.0,7,100.0,False,0,car,1386.8924999999988,,,,,,,,2025,Italy,Italian Grand Prix,VER,1,Red Bull Racing,1.0,52.0,81.003,HARD,21.142,7733.476
10546.0,295.0,7,100.0,False,0,car,1406.5591666666655,,,,,,,,2025,Italy,Italian Grand Prix,VER,1,Red Bull Racing,1.0,52.0,81.003,HARD,21.382,7733.716
10578.0,297.0,8,100.0,False,0,car,1429.6591666666654,,,,,,,,2025,Italy,Italian Grand Prix,VER,1,Red Bull Racing,1.0,52.0,81.003,HARD,21.662,7733.996
10727.0,297.0,8,100.0,False,0,car,1442.8591666666655,,,,,,,,2025,Italy,Italian Grand Prix,VER,1,Red Bull Racing,1.0,52.0,81.003,HARD,21.822,7734.156
10787.0,302.0,8,100.0,False,0,car,1462.992499999999,,,,,,,,2025,Italy,Italian Grand Prix,VER,1,Red Bull Racing,1.0,52.0,81.003,HARD,22.062,7734.396
10803.0,304.0,8,100.0,False,0,car,1483.2591666666654,,,,,,,,2025,Italy,Italian Grand Prix,VER,1,Red Bull Racing,1.0,52.0,81.003,HARD,22.302,7734.636
10954.0,306.0,8,100.0,False,0,car,1510.4591666666654,,,,,,,,2025,Italy,Italian Grand Prix,VER,1,Red Bull Racing,1.0,52.0,81.003,HARD,22.622,7734.956
10949.0,309.0,8,100.0,False,0,car,1534.492499999999,,,,,,,,2025,Italy,Italian Grand Prix,VER,1,Red Bull Racing,1.0,52.0,81.003,HARD,22.902,7735.236
11066.0,311.0,8,100.0,False,0,car,1565.5924999999988,,,,,,,,2025,Italy,Italian Grand Prix,VER,1,Red Bull Racing,1.0,52.0,81.003,HARD,23.262,7735.596
11066.0,313.0,8,100.0,False,0,car,1582.9813888888877,,,,,,,,2025,Italy,Italian Grand Prix,VER,1,Red Bull Racing,1.0,52.0,81.003,HARD,23.462,7735.796
11121.0,314.0,8,100.0,False,0,car,1600.425833333332,,,,,,,,2025,Italy,Italian Grand Prix,VER,1,Red Bull Racing,1.0,52.0,81.003,HARD,23.662,7735.996
11194.0,315.0,8,100.0,False,0,car,1614.425833333332,,,,,,,,2025,Italy,Italian Grand Prix,VER,1,Red Bull Racing,1.0,52.0,81.003,HARD,23.822,7736.156
11167.0,316.0,8,100.0,False,0,car,1631.9813888888875,,,,,,,,2025,Italy,Italian Grand Prix,VER,1,Red Bull Racing,1.0,52.0,81.003,HARD,24.022,7736.356
11306.0,318.0,8,100.0,False,0,car,1670.8480555555543,,,,,,,,2025,Italy,Italian Grand Prix,VER,1,Red Bull Racing,1.0,52.0,81.003,HARD,24.462,7736.796
11276.0,319.0,8,100.0,False,0,car,1685.025833333332,,,,,,,,2025,Italy,Italian Grand Prix,VER,1,Red Bull Racing,1.0,52.0,81.003,HARD,24.622,7736.956
11187.0,320.0,8,100.0,False,0,car,1706.3591666666653,,,,,,,,2025,Italy,Italian Grand Prix,VER,1,Red Bull Racing,1.0,52.0,81.003,HARD,24.862,7737.196
11362.0,319.0,8,100.0,False,0,car,1731.1702777777764,,,,,,,,2025,Italy,Italian Grand Prix,VER,1,Red Bull Racing,1.0,52.0,81.003,HARD,25.142,7737.476
11300.0,319.0,8,100.0,False,0,car,1748.8924999999986,,,,,,,,2025,Italy,Italian Grand Prix,VER,1,Red Bull Racing,1.0,52.0,81.003,HARD,25.342,7737.676
11340.0,319.0,8,100.0,False,0,car,1763.0702777777763,,,,,,,,2025,Italy,Italian Grand Prix,VER,1,Red Bull Racing,1.0,52.0,81.003,HARD,25.502,7737.836
11356.0,319.0,8,100.0,False,0,car,1787.8813888888874,,,,,,,,2025,Italy,Italian Grand Prix,VER,1,Red Bull Racing,1.0,52.0,81.003,HARD,25.782,7738.116
11228.0,318.0,8,100.0,False,0,car,1805.548055555554,,,,,,,,2025,Italy,Italian Grand Prix,VER,1,Red Bull Racing,1.0,52.0,81.003,HARD,25.982,7738.316
11236.0,317.0,8,100.0,False,0,car,1840.6822222222206,,,,,,,,2025,Italy,Italian Grand Prix,VER,1,Red Bull Racing,1.0,52.0,81.003,HARD,26.381,7738.715
11134.0,316.0,8,100.0,False,0,car,1879.3044444444429,,,,,,,,2025,Italy,Italian Grand Prix,VER,1,Red Bull Racing,1.0,52.0,81.003,HARD,26.821,7739.155
11136.0,315.0,8,100.0,False,0,car,1900.3044444444427,,,,,,,,2025,Italy,Italian Grand Prix,VER,1,Red Bull Racing,1.0,52.0,81.003,HARD,27.061,7739.395
11111.0,314.0,8,100.0,False,0,car,1921.2377777777758,,,,,,,,2025,Italy,Italian Grand Prix,VER,1,Red Bull Racing,1.0,52.0,81.003,HARD,27.301,7739.635
11013.0,313.0,8,100.0,False,0,car,1945.669166666665,,,,,,,,2025,Italy,Italian Grand Prix,VER,1,Red Bull Racing,1.0,52.0,81.003,HARD,27.582,7739.916
11038.0,313.0,8,100.0,False,0,car,1973.4913888888873,,,,,,,,2025,Italy,Italian Grand Prix,VER,1,Red Bull Racing,1.0,52.0,81.003,HARD,27.902,7740.236
10539.0,298.0,8,0.0,True,0,car,1996.6691666666648,,,,,,,,2025,Italy,Italian Grand Prix,VER,1,Red Bull Racing,1.0,52.0,81.003,HARD,28.182,7740.516
9023.0,255.0,8,0.0,True,0,car,2016.5024999999982,,,,,,,,2025,Italy,Italian Grand Prix,VER,1,Red Bull Racing,1.0,52.0,81.003,HARD,28.462,7740.796
9334.0,218.0,8,0.0,True,0,car,2038.3024999999982,,,,,,,,2025,Italy,Italian Grand Prix,VER,1,Red Bull Racing,1.0,52.0,81.003,HARD,28.822,7741.156
9145.0,183.0,8,0.0,True,0,car,2052.5358333333315,,,,,,,,2025,Italy,Italian Grand Prix,VER,1,Red Bull Racing,1.0,52.0,81.003,HARD,29.102,7741.436
9425.0,173.0,8,0.0,True,0,car,2062.1469444444424,,,,,,,,2025,Italy,Italian Grand Prix,VER,1,Red Bull Racing,1.0,52.0,81.003,HARD,29.302,7741.636
9370.0,137.0,4,0.0,True,0,car,2075.846944444442,,,,,,,,2025,Italy,Italian Grand Prix,VER,1,Red Bull Racing,1.0,52.0,81.003,HARD,29.662,7741.996
8675.0,127.0,3,0.0,True,0,car,2085.72472222222,,,,,,,,2025,Italy,Italian Grand Prix,VER,1,Red Bull Racing,1.0,52.0,81.003,HARD,29.942,7742.276
8256.0,114.0,3,0.0,True,0,car,2095.858055555553,,,,,,,,2025,Italy,Italian Grand Prix,VER,1,Red Bull Racing,1.0,52.0,81.003,HARD,30.262,7742.596
7836.0,111.0,3,0.0,True,0,car,2102.0247222222197,,,,,,,,2025,Italy,Italian Grand Prix,VER,1,Red Bull Racing,1.0,52.0,81.003,HARD,30.462,7742.796
8062.0,109.0,3,5.0,False,0,car,2110.5024999999973,,,,,,,,2025,Italy,Italian Grand Prix,VER,1,Red Bull Racing,1.0,52.0,81.003,HARD,30.742,7743.076
8023.0,107.0,3,21.0,False,0,car,2115.258055555553,,,,,,,,2025,Italy,Italian Grand Prix,VER,1,Red Bull Racing,1.0,52.0,81.003,HARD,30.902,7743.236
8404.0,110.0,3,39.0,False,0,car,2120.1469444444415,,,,,,,,2025,Italy,Italian Grand Prix,VER,1,Red Bull Racing,1.0,52.0,81.003,HARD,31.062,7743.396
8660.0,116.0,3,56.0,False,0,car,2126.591388888886,,,,,,,,2025,Italy,Italian Grand Prix,VER,1,Red Bull Racing,1.0,52.0,81.003,HARD,31.262,7743.596
8486.0,120.0,3,3.0,False,0,car,2135.9247222222193,,,,,,,,2025,Italy,Italian Grand Prix,VER,1,Red Bull Racing,1.0,52.0,81.003,HARD,31.542,7743.876
8684.0,118.0,3,3.0,False,0,car,2141.169166666664,,,,,,,,2025,Italy,Italian Grand Prix,VER,1,Red Bull Racing,1.0,52.0,81.003,HARD,31.702,7744.036
8615.0,118.0,3,43.0,False,0,car,2149.0358333333306,,,,,,,,2025,Italy,Italian Grand Prix,VER,1,Red Bull Racing,1.0,52.0,81.003,HARD,31.942,7744.276
9442.0,121.0,3,64.0,False,0,car,2155.758055555553,,,,,,,,2025,Italy,Italian Grand Prix,VER,1,Red Bull Racing,1.0,52.0,81.003,HARD,32.142,7744.476
10011.0,131.0,3,69.0,False,0,car,2164.491388888886,,,,,,,,2025,Italy,Italian Grand Prix,VER,1,Red Bull Racing,1.0,52.0,81.003,HARD,32.382,7744.716
11171.0,142.0,3,91.0,False,0,car,2175.5358333333306,,,,,,,,2025,Italy,Italian Grand Prix,VER,1,Red Bull Racing,1.0,52.0,81.003,HARD,32.662,7744.996
11550.0,148.0,3,96.0,False,0,car,2182.1136111111086,,,,,,,,2025,Italy,Italian Grand Prix,VER,1,Red Bull Racing,1.0,52.0,81.003,HARD,32.822,7745.156
10362.0,162.0,3,95.0,False,0,car,2192.9136111111084,,,,,,,,2025,Italy,Italian Grand Prix,VER,1,Red Bull Racing,1.0,52.0,81.003,HARD,33.062,7745.396
10791.0,176.0,4,100.0,False,0,car,2208.509166666664,,,,,,,,2025,Italy,Italian Grand Prix,VER,1,Red Bull Racing,1.0,52.0,81.003,HARD,33.381,7745.715
11839.0,184.0,4,100.0,False,0,car,2226.909166666664,,,,,,,,2025,Italy,Italian Grand Prix,VER,1,Red Bull Racing,1.0,52.0,81.003,HARD,33.741,7746.075
11918.0,202.0,4,100.0,False,0,car,2244.86472222222,,,,,,,,2025,Italy,Italian Grand Prix,VER,1,Red Bull Racing,1.0,52.0,81.003,HARD,34.061,7746.395
11019.0,214.0,5,100.0,False,0,car,2268.7019444444422,,,,,,,,2025,Italy,Italian Grand Prix,VER,1,Red Bull Racing,1.0,52.0,81.003,HARD,34.462,7746.796
11508.0,223.0,5,100.0,False,0,car,2293.47972222222,,,,,,,,2025,Italy,Italian Grand Prix,VER,1,Red Bull Racing,1.0,52.0,81.003,HARD,34.862,7747.196
11536.0,225.0,5,100.0,False,0,car,2303.47972222222,,,,,,,,2025,Italy,Italian Grand Prix,VER,1,Red Bull Racing,1.0,52.0,81.003,HARD,35.022,7747.356
11816.0,231.0,5,100.0,False,0,car,2321.4463888888868,,,,,,,,2025,Italy,Italian Grand Prix,VER,1,Red Bull Racing,1.0,52.0,81.003,HARD,35.302,7747.636
11515.0,236.0,5,100.0,False,0,car,2331.935277777776,,,,,,,,2025,Italy,Italian Grand Prix,VER,1,Red Bull Racing,1.0,52.0,81.003,HARD,35.462,7747.796
10712.0,238.0,6,100.0,False,0,car,2345.1574999999975,,,,,,,,2025,Italy,Italian Grand Prix,VER,1,Red Bull Racing,1.0,52.0,81.003,HARD,35.662,7747.996
10815.0,241.0,6,100.0,False,0,car,2358.5463888888867,,,,,,,,2025,Italy,Italian Grand Prix,VER,1,Red Bull Racing,1.0,52.0,81.003,HARD,35.862,7748.196
10926.0,243.0,6,100.0,False,0,car,2372.046388888886,,,,,,,,2025,Italy,Italian Grand Prix,VER,1,Red Bull Racing,1.0,52.0,81.003,HARD,36.062,7748.396
11051.0,246.0,6,100.0,False,0,car,2388.4463888888863,,,,,,,,2025,Italy,Italian Grand Prix,VER,1,Red Bull Racing,1.0,52.0,81.003,HARD,36.302,7748.636
10930.0,250.0,6,100.0,False,0,car,2413.4463888888863,,,,,,,,2025,Italy,Italian Grand Prix,VER,1,Red Bull Racing,1.0,52.0,81.003,HARD,36.662,7748.996
10650.0,240.0,6,0.0,True,0,car,2426.77972222222,,,,,,,,2025,Italy,Italian Grand Prix,VER,1,Red Bull Racing,1.0,52.0,81.003,HARD,36.862,7749.196
10194.0,233.0,6,0.0,True,0,car,2437.135277777775,,,,,,,,2025,Italy,Italian Grand Prix,VER,1,Red Bull Racing,1.0,52.0,81.003,HARD,37.022,7749.356
9661.0,216.0,6,0.0,True,0,car,2453.9352777777754,,,,,,,,2025,Italy,Italian Grand Prix,VER,1,Red Bull Racing,1.0,52.0,81.003,HARD,37.302,7749.636
10382.0,210.0,5,0.0,True,0,car,2467.9352777777754,,,,,,,,2025,Italy,Italian Grand Prix,VER,1,Red Bull Racing,1.0,52.0,81.003,HARD,37.542,7749.876
10105.0,199.0,5,1.0,False,0,car,2487.8352777777754,,,,,,,,2025,Italy,Italian Grand Prix,VER,1,Red Bull Racing,1.0,52.0,81.003,HARD,37.902,7750.236
9975.0,196.0,5,14.0,False,0,car,2496.546388888886,,,,,,,,2025,Italy,Italian Grand Prix,VER,1,Red Bull Racing,1.0,52.0,81.003,HARD,38.062,7750.396
10147.0,195.0,5,55.0,False,0,car,2505.213055555553,,,,,,,,2025,Italy,Italian Grand Prix,VER,1,Red Bull Racing,1.0,52.0,81.003,HARD,38.222,7750.556
10447.0,199.0,5,92.0,False,0,car,2520.690833333331,,,,,,,,2025,Italy,Italian Grand Prix,VER,1,Red Bull Racing,1.0,52.0,81.003,HARD,38.502,7750.836
10727.0,201.0,5,100.0,False,0,car,2529.6241666666638,,,,,,,,2025,Italy,Italian Grand Prix,VER,1,Red Bull Racing,1.0,52.0,81.003,HARD,38.662,7750.996
10925.0,209.0,5,100.0,False,0,car,2541.235277777775,,,,,,,,2025,Italy,Italian Grand Prix,VER,1,Red Bull Racing,1.0,52.0,81.003,HARD,38.862,7751.196
11129.0,212.0,5,100.0,False,0,car,2557.724166666664,,,,,,,,2025,Italy,Italian Grand Prix,VER,1,Red Bull Racing,1.0,52.0,81.003,HARD,39.142,7751.476
11171.0,216.0,5,100.0,False,0,car,2572.1241666666638,,,,,,,,2025,Italy,Italian Grand Prix,VER,1,Red Bull Racing,1.0,52.0,81.003,HARD,39.382,7751.716
11618.0,224.0,5,100.0,False,0,car,2599.501944444442,,,,,,,,2025,Italy,Italian Grand Prix,VER,1,Red Bull Racing,1.0,52.0,81.003,HARD,39.822,7752.156
11211.0,228.0,5,100.0,False,0,car,2609.5719444444417,,,,,,,,2025,Italy,Italian Grand Prix,VER,1,Red Bull Racing,1.0,52.0,81.003,HARD,39.981,7752.315
10538.0,230.0,5,100.0,False,0,car,2619.794166666664,,,,,,,,2025,Italy,Italian Grand Prix,VER,1,Red Bull Racing,1.0,52.0,81.003,HARD,40.141,7752.475
10707.0,236.0,6,100.0,False,0,car,2638.1497222222197,,,,,,,,2025,Italy,Italian Grand Prix,VER,1,Red Bull Racing,1.0,52.0,81.003,HARD,40.421,7752.755
11054.0,245.0,6,100.0,False,0,car,2668.16222222222,,,,,,,,2025,Italy,Italian Grand Prix,VER,1,Red Bull Racing,1.0,52.0,81.003,HARD,40.862,7753.196
11198.0,247.0,6,100.0,False,0,car,2681.8844444444417,,,,,,,,2025,Italy,Italian Grand Prix,VER,1,Red Bull Racing,1.0,52.0,81.003,HARD,41.062,7753.396
11149.0,250.0,6,100.0,False,0,car,2695.773333333331,,,,,,,,2025,Italy,Italian Grand Prix,VER,1,Red Bull Racing,1.0,52.0,81.003,HARD,41.262,7753.596
11250.0,251.0,6,100.0,False,0,car,2706.928888888886,,,,,,,,2025,Italy,Italian Grand Prix,VER,1,Red Bull Racing,1.0,52.0,81.003,HARD,41.422,7753.756
11418.0,255.0,6,100.0,False,0,car,2735.26222222222,,,,,,,,2025,Italy,Italian Grand Prix,VER,1,Red Bull Racing,1.0,52.0,81.003,HARD,41.822,7754.156
11394.0,256.0,6,87.0,False,0,car,2752.328888888886,,,,,,,,2025,Italy,Italian Grand Prix,VER,1,Red Bull Racing,1.0,52.0,81.003,HARD,42.062,7754.396
10689.0,244.0,6,0.0,True,0,car,2768.595555555553,,,,,,,,2025,Italy,Italian Grand Prix,VER,1,Red Bull Racing,1.0,52.0,81.003,HARD,42.302,7754.636
10252.0,222.0,6,0.0,True,0,car,2778.4622222222197,,,,,,,,2025,Italy,Italian Grand Prix,VER,1,Red Bull Racing,1.0,52.0,81.003,HARD,42.462,7754.796
10222.0,206.0,6,0.0,True,0,car,2792.195555555553,,,,,,,,2025,Italy,Italian Grand Prix,VER,1,Red Bull Racing,1.0,52.0,81.003,HARD,42.702,7755.036
9726.0,197.0,5,0.0,True,0,car,2803.1399999999976,,,,,,,,2025,Italy,Italian Grand Prix,VER,1,Red Bull Racing,1.0,52.0,81.003,HARD,42.902,7755.236
9382.0,191.0,5,0.0,True,0,car,2815.873333333331,,,,,,,,2025,Italy,Italian Grand Prix,VER,1,Red Bull Racing,1.0,52.0,81.003,HARD,43.142,7755.476
9337.0,189.0,5,6.0,False,0,car,2826.373333333331,,,,,,,,2025,Italy,Italian Grand Prix,VER,1,Red Bull Racing,1.0,52.0,81.003,HARD,43.342,7755.676
9337.0,182.0,5,61.0,False,0,car,2844.573333333331,,,,,,,,2025,Italy,Italian Grand Prix,VER,1,Red Bull Racing,1.0,52.0,81.003,HARD,43.702,7756.036
9632.0,185.0,5,78.0,False,0,car,2856.9066666666645,,,,,,,,2025,Italy,Italian Grand Prix,VER,1,Red Bull Racing,1.0,52.0,81.003,HARD,43.942,7756.276
10399.0,193.0,5,91.0,False,0,car,2869.7733333333313,,,,,,,,2025,Italy,Italian Grand Prix,VER,1,Red Bull Racing,1.0,52.0,81.003,HARD,44.182,7756.516
10802.0,203.0,5,100.0,False,0,car,2887.8177777777755,,,,,,,,2025,Italy,Italian Grand Prix,VER,1,Red Bull Racing,1.0,52.0,81.003,HARD,44.502,7756.836
11059.0,211.0,5,100.0,False,0,car,2904.228888888886,,,,,,,,2025,Italy,Italian Grand Prix,VER,1,Red Bull Racing,1.0,52.0,81.003,HARD,44.782,7757.116
11572.0,223.0,5,100.0,False,0,car,2926.5288888888863,,,,,,,,2025,Italy,Italian Grand Prix,VER,1,Red Bull Racing,1.0,52.0,81.003,HARD,45.142,7757.476
11830.0,228.0,5,100.0,False,0,car,2939.195555555553,,,,,,,,2025,Italy,Italian Grand Prix,VER,1,Red Bull Racing,1.0,52.0,81.003,HARD,45.342,7757.676
10561.0,231.0,5,100.0,False,0,car,2952.0288888888863,,,,,,,,2025,Italy,Italian Grand Prix,VER,1,Red Bull Racing,1.0,52.0,81.003,HARD,45.542,7757.876
10919.0,239.0,6,100.0,False,0,car,2967.962222222219,,,,,,,,2025,Italy,Italian Grand Prix,VER,1,Red Bull Racing,1.0,52.0,81.003,HARD,45.782,7758.116
11592.0,256.0,6,100.0,False,0,car,3016.317777777775,,,,,,,,2025,Italy,Italian Grand Prix,VER,1,Red Bull Racing,1.0,52.0,81.003,HARD,46.462,7758.796
10612.0,262.0,6,100.0,False,0,car,3030.800555555553,,,,,,,,2025,Italy,Italian Grand Prix,VER,1,Red Bull Racing,1.0,52.0,81.003,HARD,46.661,7758.995
10668.0,268.0,7,100.0,False,0,car,3054.622777777775,,,,,,,,2025,Italy,Italian Grand Prix,VER,1,Red Bull Racing,1.0,52.0,81.003,HARD,46.981,7759.315
10813.0,270.0,7,100.0,False,0,car,3066.6227777777744,,,,,,,,2025,Italy,Italian Grand Prix,VER,1,Red Bull Racing,1.0,52.0,81.003,HARD,47.141,7759.475
11111.0,279.0,7,100.0,False,0,car,3103.9002777777746,,,,,,,,2025,Italy,Italian Grand Prix,VER,1,Red Bull Racing,1.0,52.0,81.003,HARD,47.622,7759.956
11168.0,282.0,7,100.0,False,0,car,3119.5669444444416,,,,,,,,2025,Italy,Italian Grand Prix,VER,1,Red Bull Racing,1.0,52.0,81.003,HARD,47.822,7760.156
11277.0,285.0,7,100.0,False,0,car,3132.233611111108,,,,,,,,2025,Italy,Italian Grand Prix,VER,1,Red Bull Racing,1.0,52.0,81.003,HARD,47.982,7760.316
11421.0,288.0,7,100.0,False,0,car,3148.233611111108,,,,,,,,2025,Italy,Italian Grand Prix,VER,1,Red Bull Racing,1.0,52.0,81.003,HARD,48.182,7760.516
11519.0,291.0,7,100.0,False,0,car,3167.6336111111077,,,,,,,,2025,Italy,Italian Grand Prix,VER,1,Red Bull Racing,1.0,52.0,81.003,HARD,48.422,7760.756
11308.0,293.0,7,100.0,False,0,car,3187.166944444441,,,,,,,,2025,Italy,Italian Grand Prix,VER,1,Red Bull Racing,1.0,52.0,81.003,HARD,48.662,7760.996
10677.0,298.0,8,100.0,False,0,car,3213.65583333333,,,,,,,,2025,Italy,Italian Grand Prix,VER,1,Red Bull Racing,1.0,52.0,81.003,HARD,48.982,7761.316
10671.0,300.0,8,100.0,False,0,car,3230.322499999997,,,,,,,,2025,Italy,Italian Grand Prix,VER,1,Red Bull Racing,1.0,52.0,81.003,HARD,49.182,7761.516
10748.0,302.0,8,100.0,False,0,car,3243.744722222219,,,,,,,,2025,Italy,Italian Grand Prix,VER,1,Red Bull Racing,1.0,52.0,81.003,HARD,49.342,7761.676
10913.0,305.0,8,100.0,False,0,car,3274.244722222219,,,,,,,,2025,Italy,Italian Grand Prix,VER,1,Red Bull Racing,1.0,52.0,81.003,HARD,49.702,7762.036
10928.0,308.0,8,100.0,False,0,car,3287.9336111111083,,,,,,,,2025,Italy,Italian Grand Prix,VER,1,Red Bull Racing,1.0,52.0,81.003,HARD,49.862,7762.196
11076.0,311.0,8,100.0,False,0,car,3322.4891666666636,,,,,,,,2025,Italy,Italian Grand Prix,VER,1,Red Bull Racing,1.0,52.0,81.003,HARD,50.262,7762.596
11127.0,313.0,8,100.0,False,0,car,3339.8780555555527,,,,,,,,2025,Italy,Italian Grand Prix,VER,1,Red Bull Racing,1.0,52.0,81.003,HARD,50.462,7762.796
11137.0,314.0,8,100.0,False,0,car,3360.8113888888856,,,,,,,,2025,Italy,Italian Grand Prix,VER,1,Red Bull Racing,1.0,52.0,81.003,HARD,50.702,7763.036
11199.0,317.0,8,100.0,False,0,car,3381.9447222222193,,,,,,,,2025,Italy,Italian Grand Prix,VER,1,Red Bull Racing,1.0,52.0,81.003,HARD,50.942,7763.276
11298.0,319.0,8,100.0,False,0,car,3399.666944444442,,,,,,,,2025,Italy,Italian Grand Prix,VER,1,Red Bull Racing,1.0,52.0,81.003,HARD,51.142,7763.476
11348.0,320.0,8,100.0,False,0,car,3424.55583333333,,,,,,,,2025,Italy,Italian Grand Prix,VER,1,Red Bull Racing,1.0,52.0,81.003,HARD,51.422,7763.756
11376.0,321.0,8,100.0,False,0,car,3442.3891666666636,,,,,,,,2025,Italy,Italian Grand Prix,VER,1,Red Bull Racing,1.0,52.0,81.003,HARD,51.622,7763.956
11462.0,324.0,8,100.0,False,0,car,3474.7891666666637,,,,,,,,2025,Italy,Italian Grand Prix,VER,1,Red Bull Racing,1.0,52.0,81.003,HARD,51.982,7764.316
11526.0,326.0,8,100.0,False,0,car,3503.7669444444414,,,,,,,,2025,Italy,Italian Grand Prix,VER,1,Red Bull Racing,1.0,52.0,81.003,HARD,52.302,7764.636
11424.0,326.0,8,100.0,False,0,car,3518.2558333333304,,,,,,,,2025,Italy,Italian Grand Prix,VER,1,Red Bull Racing,1.0,52.0,81.003,HARD,52.462,7764.796
11493.0,326.0,8,100.0,False,0,car,3550.8558333333303,,,,,,,,2025,Italy,Italian Grand Prix,VER,1,Red Bull Racing,1.0,52.0,81.003,HARD,52.822,7765.156
11481.0,326.0,8,100.0,False,0,car,3572.589166666663,,,,,,,,2025,Italy,Italian Grand Prix,VER,1,Red Bull Racing,1.0,52.0,81.003,HARD,53.062,7765.396
11555.0,325.0,8,100.0,False,0,car,3590.6447222222187,,,,,,,,2025,Italy,Italian Grand Prix,VER,1,Red Bull Racing,1.0,52.0,81.003,HARD,53.262,7765.596
11518.0,324.0,8,100.0,False,0,car,3612.1547222222184,,,,,,,,2025,Italy,Italian Grand Prix,VER,1,Red Bull Racing,1.0,52.0,81.003,HARD,53.501,7765.835
11462.0,324.0,8,100.0,False,0,car,3637.3547222222187,,,,,,,,2025,Italy,Italian Grand Prix,VER,1,Red Bull Racing,1.0,52.0,81.003,HARD,53.781,7766.115
11357.0,321.0,8,100.0,False,0,car,3680.2438888888855,,,,,,,,2025,Italy,Italian Grand Prix,VER,1,Red Bull Racing,1.0,52.0,81.003,HARD,54.262,7766.596
11358.0,321.0,8,100.0,False,0,car,3698.077222222219,,,,,,,,2025,Italy,Italian Grand Prix,VER,1,Red Bull Racing,1.0,52.0,81.003,HARD,54.462,7766.796
11298.0,320.0,8,100.0,False,0,car,3715.8549999999964,,,,,,,,2025,Italy,Italian Grand Prix,VER,1,Red Bull Racing,1.0,52.0,81.003,HARD,54.662,7766.996
11281.0,319.0,8,100.0,False,0,car,3733.577222222219,,,,,,,,2025,Italy,Italian Grand Prix,VER,1,Red Bull Racing,1.0,52.0,81.003,HARD,54.862,7767.196
11336.0,319.0,8,100.0,False,0,car,3747.7549999999965,,,,,,,,2025,Italy,Italian Grand Prix,VER,1,Red Bull Racing,1.0,52.0,81.003,HARD,55.022,7767.356
11241.0,318.0,8,100.0,False,0,car,3772.48833333333,,,,,,,,2025,Italy,Italian Grand Prix,VER,1,Red Bull Racing,1.0,52.0,81.003,HARD,55.302,7767.636
10929.0,316.0,8,12.0,True,0,car,3804.08833333333,,,,,,,,2025,Italy,Italian Grand Prix,VER,1,Red Bull Racing,1.0,52.0,81.003,HARD,55.662,7767.996
9847.0,264.0,8,0.0,True,0,car,3833.421666666663,,,,,,,,2025,Italy,Italian Grand Prix,VER,1,Red Bull Racing,1.0,52.0,81.003,HARD,56.062,7768.396
10015.0,231.0,8,0.0,True,0,car,3853.9549999999963,,,,,,,,2025,Italy,Italian Grand Prix,VER,1,Red Bull Racing,1.0,52.0,81.003,HARD,56.382,7768.716
10577.0,214.0,6,0.0,True,0,car,3868.221666666663,,,,,,,,2025,Italy,Italian Grand Prix,VER,1,Red Bull Racing,1.0,52.0,81.003,HARD,56.622,7768.956
10254.0,208.0,5,0.0,True,0,car,3879.777222222219,,,,,,,,2025,Italy,Italian Grand Prix,VER,1,Red Bull Racing,1.0,52.0,81.003,HARD,56.822,7769.156
9693.0,195.0,5,2.0,False,0,car,3890.610555555552,,,,,,,,2025,Italy,Italian Grand Prix,VER,1,Red Bull Racing,1.0,52.0,81.003,HARD,57.022,7769.356
9676.0,187.0,5,24.0,False,0,car,3903.0772222222186,,,,,,,,2025,Italy,Italian Grand Prix,VER,1,Red Bull Racing,1.0,52.0,81.003,HARD,57.262,7769.596
10044.0,188.0,5,42.0,False,0,car,3919.78833333333,,,,,,,,2025,Italy,Italian Grand Prix,VER,1,Red Bull Racing,1.0,52.0,81.003,HARD,57.582,7769.916
10446.0,195.0,5,92.0,False,0,car,3930.621666666663,,,,,,,,2025,Italy,Italian Grand Prix,VER,1,Red Bull Racing,1.0,52.0,81.003,HARD,57.782,7770.116
10660.0,201.0,5,100.0,False,0,car,3944.021666666663,,,,,,,,2025,Italy,Italian Grand Prix,VER,1,Red Bull Racing,1.0,52.0,81.003,HARD,58.022,7770.356
10965.0,210.0,5,100.0,False,0,car,3953.3549999999964,,,,,,,,2025,Italy,Italian Grand Prix,VER,1,Red Bull Racing,1.0,52.0,81.003,HARD,58.182,7770.516
11235.0,213.0,5,91.0,False,0,car,3962.8216666666626,,,,,,,,2025,Italy,Italian Grand Prix,VER,1,Red Bull Racing,1.0,52.0,81.003,HARD,58.342,7770.676
11416.0,216.0,5,81.0,False,0,car,3974.8216666666626,,,,,,,,2025,Italy,Italian Grand Prix,VER,1,Red Bull Racing,1.0,52.0,81.003,HARD,58.542,7770.876
11372.0,218.0,5,82.0,False,0,car,3984.5105555555515,,,,,,,,2025,Italy,Italian Grand Prix,VER,1,Red Bull Racing,1.0,52.0,81.003,HARD,58.702,7771.036
10392.0,219.0,5,80.0,False,0,car,3994.243888888885,,,,,,,,2025,Italy,Italian Grand Prix,VER,1,Red Bull Racing,1.0,52.0,81.003,HARD,58.862,7771.196
10393.0,225.0,6,100.0,False,0,car,4006.7438888888846,,,,,,,,2025,Italy,Italian Grand Prix,VER,1,Red Bull Racing,1.0,52.0,81.003,HARD,59.062,7771.396
10629.0,230.0,6,100.0,False,0,car,4024.6327777777738,,,,,,,,2025,Italy,Italian Grand Prix,VER,1,Red Bull Racing,1.0,52.0,81.003,HARD,59.342,7771.676
10721.0,234.0,6,100.0,False,0,car,4035.032777777774,,,,,,,,2025,Italy,Italian Grand Prix,VER,1,Red Bull Racing,1.0,52.0,81.003,HARD,59.502,7771.836
10950.0,241.0,6,100.0,False,0,car,4053.777222222218,,,,,,,,2025,Italy,Italian Grand Prix,VER,1,Red Bull Racing,1.0,52.0,81.003,HARD,59.782,7772.116
11131.0,248.0,6,100.0,False,0,car,4070.310555555551,,,,,,,,2025,Italy,Italian Grand Prix,VER,1,Red Bull Racing,1.0,52.0,81.003,HARD,60.022,7772.356
11401.0,252.0,6,100.0,False,0,car,4089.8405555555514,,,,,,,,2025,Italy,Italian Grand Prix,VER,1,Red Bull Racing,1.0,52.0,81.003,HARD,60.301,7772.635
11446.0,255.0,6,100.0,False,0,car,4104.078055555551,,,,,,,,2025,Italy,Italian Grand Prix,VER,1,Red Bull Racing,1.0,52.0,81.003,HARD,60.502,7772.836
11665.0,258.0,6,100.0,False,0,car,4127.0113888888845,,,,,,,,2025,Italy,Italian Grand Prix,VER,1,Red Bull Racing,1.0,52.0,81.003,HARD,60.822,7773.156
10467.0,261.0,6,100.0,False,0,car,4147.311388888884,,,,,,,,2025,Italy,Italian Grand Prix,VER,1,Red Bull Racing,1.0,52.0,81.003,HARD,61.102,7773.436
10680.0,264.0,7,100.0,False,0,car,4164.911388888884,,,,,,,,2025,Italy,Italian Grand Prix,VER,1,Red Bull Racing,1.0,52.0,81.003,HARD,61.342,7773.676
10930.0,272.0,7,100.0,False,0,car,4189.089166666662,,,,,,,,2025,Italy,Italian Grand Prix,VER,1,Red Bull Racing,1.0,52.0,81.003,HARD,61.662,7773.996
11128.0,279.0,7,100.0,False,0,car,4226.289166666663,,,,,,,,2025,Italy,Italian Grand Prix,VER,1,Red Bull Racing,1.0,52.0,81.003,HARD,62.142,7774.476
11319.0,285.0,7,100.0,False,0,car,4248.455833333329,,,,,,,,2025,Italy,Italian Grand Prix,VER,1,Red Bull Racing,1.0,52.0,81.003,HARD,62.422,7774.756
11396.0,288.0,7,100.0,False,0,car,4264.455833333329,,,,,,,,2025,Italy,Italian Grand Prix,VER,1,Red Bull Racing,1.0,52.0,81.003,HARD,62.622,7774.956
11470.0,290.0,7,100.0,False,0,car,4280.56694444444,,,,,,,,2025,Italy,Italian Grand Prix,VER,1,Red Bull Racing,1.0,52.0,81.003,HARD,62.822,7775.156
11454.0,294.0,7,100.0,False,0,car,4306.700277777773,,,,,,,,2025,Italy,Italian Grand Prix,VER,1,Red Bull Racing,1.0,52.0,81.003,HARD,63.142,7775.476
10812.0,303.0,8,100.0,False,0,car,4380.76694444444,,,,,,,,2025,Italy,Italian Grand Prix,VER,1,Red Bull Racing,1.0,52.0,81.003,HARD,64.022,7776.356
10893.0,307.0,8,100.0,False,0,car,4401.233611111106,,,,,,,,2025,Italy,Italian Grand Prix,VER,1,Red Bull Racing,1.0,52.0,81.003,HARD,64.262,7776.596
10977.0,307.0,8,100.0,False,0,car,4421.7002777777725,,,,,,,,2025,Italy,Italian Grand Prix,VER,1,Red Bull Racing,1.0,52.0,81.003,HARD,64.502,7776.836
10999.0,310.0,8,100.0,False,0,car,4435.478055555551,,,,,,,,2025,Italy,Italian Grand Prix,VER,1,Red Bull Racing,1.0,52.0,81.003,HARD,64.662,7776.996
11081.0,312.0,8,100.0,False,0,car,4456.27805555555,,,,,,,,2025,Italy,Italian Grand Prix,VER,1,Red Bull Racing,1.0,52.0,81.003,HARD,64.902,7777.236
11152.0,314.0,8,100.0,False,0,car,4484.189166666661,,,,,,,,2025,Italy,Italian Grand Prix,VER,1,Red Bull Racing,1.0,52.0,81.003,HARD,65.222,7777.556
11217.0,316.0,8,100.0,False,0,car,4505.255833333328,,,,,,,,2025,Italy,Italian Grand Prix,VER,1,Red Bull Racing,1.0,52.0,81.003,HARD,65.462,7777.796
11246.0,316.0,8,100.0,False,0,car,4526.322499999995,,,,,,,,2025,Italy,Italian Grand Prix,VER,1,Red Bull Racing,1.0,52.0,81.003,HARD,65.702,7778.036
11359.0,320.0,8,100.0,False,0,car,4561.87805555555,,,,,,,,2025,Italy,Italian Grand Prix,VER,1,Red Bull Racing,1.0,52.0,81.003,HARD,66.102,7778.436
11398.0,321.0,8,100.0,False,0,car,4576.144722222217,,,,,,,,2025,Italy,Italian Grand Prix,VER,1,Red Bull Racing,1.0,52.0,81.003,HARD,66.262,7778.596
11430.0,323.0,8,100.0,False,0,car,4608.444722222217,,,,,,,,2025,Italy,Italian Grand Prix,VER,1,Red Bull Racing,1.0,52.0,81.003,HARD,66.622,7778.956
11450.0,325.0,8,100.0,False,0,car,4630.111388888883,,,,,,,,2025,Italy,Italian Grand Prix,VER,1,Red Bull Racing,1.0,52.0,81.003,HARD,66.862,7779.196
11621.0,326.0,8,100.0,False,0,car,4662.711388888883,,,,,,,,2025,Italy,Italian Grand Prix,VER,1,Red Bull Racing,1.0,52.0,81.003,HARD,67.222,7779.556
11586.0,326.0,8,100.0,False,0,car,4680.822499999995,,,,,,,,2025,Italy,Italian Grand Prix,VER,1,Red Bull Racing,1.0,52.0,81.003,HARD,67.422,7779.756
11486.0,325.0,8,100.0,False,0,car,4702.489166666663,,,,,,,,2025,Italy,Italian Grand Prix,VER,1,Red Bull Racing,1.0,52.0,81.003,HARD,67.662,7779.996
11466.0,325.0,8,100.0,False,0,car,4720.544722222217,,,,,,,,2025,Italy,Italian Grand Prix,VER,1,Red Bull Racing,1.0,52.0,81.003,HARD,67.862,7780.196
11502.0,325.0,8,100.0,False,0,car,4745.822499999996,,,,,,,,2025,Italy,Italian Grand Prix,VER,1,Red Bull Racing,1.0,52.0,81.003,HARD,68.142,7780.476
11293.0,325.0,8,100.0,False,0,car,4774.711388888885,,,,,,,,2025,Italy,Italian Grand Prix,VER,1,Red Bull Racing,1.0,52.0,81.003,HARD,68.462,7780.796
11481.0,323.0,8,100.0,False,0,car,4810.600277777773,,,,,,,,2025,Italy,Italian Grand Prix,VER,1,Red Bull Racing,1.0,52.0,81.003,HARD,68.862,7781.196
11357.0,322.0,8,100.0,False,0,car,4832.06694444444,,,,,,,,2025,Italy,Italian Grand Prix,VER,1,Red Bull Racing,1.0,52.0,81.003,HARD,69.102,7781.436
11313.0,321.0,8,100.0,False,0,car,4864.166944444441,,,,,,,,2025,Italy,Italian Grand Prix,VER,1,Red Bull Racing,1.0,52.0,81.003,HARD,69.462,7781.796
11299.0,320.0,8,100.0,False,0,car,4892.611388888884,,,,,,,,2025,Italy,Italian Grand Prix,VER,1,Red Bull Racing,1.0,52.0,81.003,HARD,69.782,7782.116
11236.0,319.0,8,100.0,False,0,car,4920.96694444444,,,,,,,,2025,Italy,Italian Grand Prix,VER,1,Red Bull Racing,1.0,52.0,81.003,HARD,70.102,7782.436
11269.0,318.0,8,100.0,False,0,car,4938.633611111107,,,,,,,,2025,Italy,Italian Grand Prix,VER,1,Red Bull Racing,1.0,52.0,81.003,HARD,70.302,7782.636
11152.0,317.0,8,100.0,False,0,car,4952.722499999995,,,,,,,,2025,Italy,Italian Grand Prix,VER,1,Red Bull Racing,1.0,52.0,81.003,HARD,70.462,7782.796
11149.0,316.0,8,92.0,False,0,car,4984.322499999996,,,,,,,,2025,Italy,Italian Grand Prix,VER,1,Red Bull Racing,1.0,52.0,81.003,HARD,70.822,7783.156
10829.0,312.0,8,0.0,False,0,car,5001.65583333333,,,,,,,,2025,Italy,Italian Grand Prix,VER,1,Red Bull Racing,1.0,52.0,81.003,HARD,71.022,7783.356
10060.0,302.0,8,0.0,True,0,car,5015.078055555551,,,,,,,,2025,Italy,Italian Grand Prix,VER,1,Red Bull Racing,1.0,52.0,81.003,HARD,71.182,7783.516
9844.0,302.0,8,0.0,True,0,car,5028.500277777773,,,,,,,,2025,Italy,Italian Grand Prix,VER,1,Red Bull Racing,1.0,52.0,81.003,HARD,71.342,7783.676
10506.0,241.0,8,0.0,True,0,car,5049.922499999995,,,,,,,,2025,Italy,Italian Grand Prix,VER,1,Red Bull Racing,1.0,52.0,81.003,HARD,71.662,7783.996
10057.0,231.0,6,0.0,True,0,car,5065.322499999995,,,,,,,,2025,Italy,Italian Grand Prix,VER,1,Red Bull Racing,1.0,52.0,81.003,HARD,71.902,7784.236
10983.0,221.0,6,3.0,True,0,car,5082.511388888884,,,,,,,,2025,Italy,Italian Grand Prix,VER,1,Red Bull Racing,1.0,52.0,81.003,HARD,72.182,7784.516
10785.0,217.0,5,14.0,False,0,car,5096.97805555555,,,,,,,,2025,Italy,Italian Grand Prix,VER,1,Red Bull Racing,1.0,52.0,81.003,HARD,72.422,7784.756
10786.0,210.0,5,32.0,False,0,car,5110.978055555551,,,,,,,,2025,Italy,Italian Grand Prix,VER,1,Red Bull Racing,1.0,52.0,81.003,HARD,72.662,7784.996
10779.0,210.0,5,41.0,False,0,car,5124.978055555551,,,,,,,,2025,Italy,Italian Grand Prix,VER,1,Red Bull Racing,1.0,52.0,81.003,HARD,72.902,7785.236
11193.0,214.0,5,77.0,False,0,car,5146.37805555555,,,,,,,,2025,Italy,Italian Grand Prix,VER,1,Red Bull Racing,1.0,52.0,81.003,HARD,73.262,7785.596
11403.0,217.0,5,93.0,False,0,car,5160.844722222217,,,,,,,,2025,Italy,Italian Grand Prix,VER,1,Red Bull Racing,1.0,52.0,81.003,HARD,73.502,7785.836
11583.0,222.0,5,100.0,False,0,car,5173.178055555551,,,,,,,,2025,Italy,Italian Grand Prix,VER,1,Red Bull Racing,1.0,52.0,81.003,HARD,73.702,7786.036
11101.0,227.0,5,100.0,False,0,car,5185.789166666662,,,,,,,,2025,Italy,Italian Grand Prix,VER,1,Red Bull Racing,1.0,52.0,81.003,HARD,73.902,7786.236
10692.0,230.0,6,100.0,False,0,car,5203.678055555551,,,,,,,,2025,Italy,Italian Grand Prix,VER,1,Red Bull Racing,1.0,52.0,81.003,HARD,74.182,7786.516
10680.0,232.0,6,100.0,False,0,car,5213.989166666662,,,,,,,,2025,Italy,Italian Grand Prix,VER,1,Red Bull Racing,1.0,52.0,81.003,HARD,74.342,7786.676
10889.0,238.0,6,100.0,False,0,car,5224.566944444439,,,,,,,,2025,Italy,Italian Grand Prix,VER,1,Red Bull Racing,1.0,52.0,81.003,HARD,74.502,7786.836
11014.0,244.0,6,100.0,False,0,car,5246.255833333329,,,,,,,,2025,Italy,Italian Grand Prix,VER,1,Red Bull Racing,1.0,52.0,81.003,HARD,74.822,7787.156
11277.0,248.0,6,100.0,False,0,car,5265.544722222218,,,,,,,,2025,Italy,Italian Grand Prix,VER,1,Red Bull Racing,1.0,52.0,81.003,HARD,75.102,7787.436
11433.0,252.0,6,100.0,False,0,car,5279.544722222218,,,,,,,,2025,Italy,Italian Grand Prix,VER,1,Red Bull Racing,1.0,52.0,81.003,HARD,75.302,7787.636
11522.0,255.0,6,100.0,False,0,car,5296.544722222218,,,,,,,,2025,Italy,Italian Grand Prix,VER,1,Red Bull Racing,1.0,52.0,81.003,HARD,75.542,7787.876
11668.0,258.0,6,100.0,False,0,car,5308.0113888888845,,,,,,,,2025,Italy,Italian Grand Prix,VER,1,Red Bull Racing,1.0,52.0,81.003,HARD,75.702,7788.036
11108.0,262.0,6,100.0,False,0,car,5322.56694444444,,,,,,,,2025,Italy,Italian Grand Prix,VER,1,Red Bull Racing,1.0,52.0,81.003,HARD,75.902,7788.236
10676.0,267.0,7,100.0,False,0,car,5346.300277777773,,,,,,,,2025,Italy,Italian Grand Prix,VER,1,Red Bull Racing,1.0,52.0,81.003,HARD,76.222,7788.556
10751.0,270.0,7,100.0,False,0,car,5361.300277777773,,,,,,,,2025,Italy,Italian Grand Prix,VER,1,Red Bull Racing,1.0,52.0,81.003,HARD,76.422,7788.756
11083.0,277.0,7,100.0,False,0,car,5395.155833333328,,,,,,,,2025,Italy,Italian Grand Prix,VER,1,Red Bull Racing,1.0,52.0,81.003,HARD,76.862,7789.196
11164.0,277.0,7,100.0,False,0,car,5410.5447222222165,,,,,,,,2025,Italy,Italian Grand Prix,VER,1,Red Bull Racing,1.0,52.0,81.003,HARD,77.062,7789.396
11164.0,282.0,7,100.0,False,0,car,5423.078055555549,,,,,,,,2025,Italy,Italian Grand Prix,VER,1,Red Bull Racing,1.0,52.0,81.003,HARD,77.222,7789.556
11339.0,286.0,7,100.0,False,0,car,5442.144722222217,,,,,,,,2025,Italy,Italian Grand Prix,VER,1,Red Bull Racing,1.0,52.0,81.003,HARD,77.462,7789.796
11569.0,291.0,7,100.0,False,0,car,5477.711388888883,,,,,,,,2025,Italy,Italian Grand Prix,VER,1,Red Bull Racing,1.0,52.0,81.003,HARD,77.902,7790.236
10795.0,295.0,7,100.0,False,0,car,5507.211388888883,,,,,,,,2025,Italy,Italian Grand Prix,VER,1,Red Bull Racing,1.0,52.0,81.003,HARD,78.262,7790.596
10594.0,295.0,8,100.0,False,0,car,5520.322499999994,,,,,,,,2025,Italy,Italian Grand Prix,VER,1,Red Bull Racing,1.0,52.0,81.003,HARD,78.422,7790.756
10684.0,298.0,8,100.0,False,0,car,5533.566944444438,,,,,,,,2025,Italy,Italian Grand Prix,VER,1,Red Bull Racing,1.0,52.0,81.003,HARD,78.582,7790.916
10715.0,302.0,8,100.0,False,0,car,5560.411388888883,,,,,,,,2025,Italy,Italian Grand Prix,VER,1,Red Bull Racing,1.0,52.0,81.003,HARD,78.902,7791.236
10892.0,305.0,8,100.0,False,0,car,5580.744722222216,,,,,,,,2025,Italy,Italian Grand Prix,VER,1,Red Bull Racing,1.0,52.0,81.003,HARD,79.142,7791.476
10994.0,308.0,8,100.0,False,0,car,5614.966944444439,,,,,,,,2025,Italy,Italian Grand Prix,VER,1,Red Bull Racing,1.0,52.0,81.003,HARD,79.542,7791.876
11041.0,310.0,8,100.0,False,0,car,5632.189166666662,,,,,,,,2025,Italy,Italian Grand Prix,VER,1,Red Bull Racing,1.0,52.0,81.003,HARD,79.742,7792.076
11109.0,313.0,8,100.0,False,0,car,5653.055833333327,,,,,,,,2025,Italy,Italian Grand Prix,VER,1,Red Bull Racing,1.0,52.0,81.003,HARD,79.982,7792.316
11162.0,314.0,8,100.0,False,0,car,5667.098611111105,,,,,,,,2025,Italy,Italian Grand Prix,VER,1,Red Bull Racing,1.0,52.0,81.003,HARD,80.143,7792.477
11253.0,316.0,8,100.0,False,0,car,5684.654166666661,,,,,,,,2025,Italy,Italian Grand Prix,VER,1,Red Bull Racing,1.0,52.0,81.003,HARD,80.343,7792.677
11261.0,317.0,8,100.0,False,0,car,5702.177222222216,,,,,,,,2025,Italy,Italian Grand Prix,VER,1,Red Bull Racing,1.0,52.0,81.003,HARD,80.542,7792.876
11332.0,319.0,8,100.0,False,0,car,5719.899444444439,,,,,,,,2025,Italy,Italian Grand Prix,VER,1,Red Bull Racing,1.0,52.0,81.003,HARD,80.742,7793.076
11386.0,321.0,8,100.0,False,0,car,5741.299444444438,,,,,,,,2025,Italy,Italian Grand Prix,VER,1,Red Bull Racing,1.0,52.0,81.003,HARD,80.982,7793.316
11229.0,318.0,8,99.0,False,0,car,8.303333333333333,,,,,,,,2025,Italy,Italian Grand Prix,NOR,4,McLaren,2.0,53.0,80.901,SOFT,0.094,7812.837
11285.0,320.0,8,99.0,False,0,car,36.65888888888888,,,,,,,,2025,Italy,Italian Grand Prix,NOR,4,McLaren,2.0,53.0,80.901,SOFT,0.413,7813.156
11360.0,321.0,8,99.0,False,0,car,58.05888888888889,,,,,,,,2025,Italy,Italian Grand Prix,NOR,4,McLaren,2.0,53.0,80.901,SOFT,0.653,7813.396
11320.0,322.0,8,99.0,False,0,car,72.36999999999999,,,,,,,,2025,Italy,Italian Grand Prix,NOR,4,McLaren,2.0,53.0,80.901,SOFT,0.813,7813.556
11449.0,323.0,8,99.0,False,0,car,93.90333333333332,,,,,,,,2025,Italy,Italian Grand Prix,NOR,4,McLaren,2.0,53.0,80.901,SOFT,1.053,7813.796
11474.0,325.0,8,99.0,False,0,car,115.57,,,,,,,,2025,Italy,Italian Grand Prix,NOR,4,McLaren,2.0,53.0,80.901,SOFT,1.293,7814.036
11480.0,325.0,8,99.0,False,0,car,133.62555555555556,,,,,,,,2025,Italy,Italian Grand Prix,NOR,4,McLaren,2.0,53.0,80.901,SOFT,1.493,7814.236
11520.0,325.0,8,99.0,False,0,car,158.9033333333333,,,,,,,,2025,Italy,Italian Grand Prix,NOR,4,McLaren,2.0,53.0,80.901,SOFT,1.773,7814.516
11397.0,327.0,8,99.0,False,0,car,184.33666666666664,,,,,,,,2025,Italy,Italian Grand Prix,NOR,4,McLaren,2.0,53.0,80.901,SOFT,2.053,7814.796
11604.0,328.0,8,99.0,False,0,car,217.13666666666663,,,,,,,,2025,Italy,Italian Grand Prix,NOR,4,McLaren,2.0,53.0,80.901,SOFT,2.413,7815.156
11633.0,329.0,8,99.0,False,0,car,246.3811111111111,,,,,,,,2025,Italy,Italian Grand Prix,NOR,4,McLaren,2.0,53.0,80.901,SOFT,2.733,7815.476
11636.0,330.0,8,99.0,False,0,car,264.7144444444444,,,,,,,,2025,Italy,Italian Grand Prix,NOR,4,McLaren,2.0,53.0,80.901,SOFT,2.933,7815.676
11636.0,330.0,8,99.0,False,0,car,279.38111111111107,,,,,,,,2025,Italy,Italian Grand Prix,NOR,4,McLaren,2.0,53.0,80.901,SOFT,3.093,7815.836
11678.0,331.0,8,99.0,False,0,car,308.8033333333333,,,,,,,,2025,Italy,Italian Grand Prix,NOR,4,McLaren,2.0,53.0,80.901,SOFT,3.413,7816.156
11678.0,332.0,8,99.0,False,0,car,334.62555555555554,,,,,,,,2025,Italy,Italian Grand Prix,NOR,4,McLaren,2.0,53.0,80.901,SOFT,3.693,7816.436
11734.0,332.0,8,99.0,False,0,car,356.75888888888886,,,,,,,,2025,Italy,Italian Grand Prix,NOR,4,McLaren,2.0,53.0,80.901,SOFT,3.933,7816.676
11754.0,333.0,8,99.0,False,0,car,371.5588888888889,,,,,,,,2025,Italy,Italian Grand Prix,NOR,4,McLaren,2.0,53.0,80.901,SOFT,4.093,7816.836
11760.0,334.0,8,99.0,False,0,car,397.5366666666667,,,,,,,,2025,Italy,Italian Grand Prix,NOR,4,McLaren,2.0,53.0,80.901,SOFT,4.373,7817.116
11785.0,334.0,8,99.0,False,0,car,412.3811111111111,,,,,,,,2025,Italy,Italian Grand Prix,NOR,4,McLaren,2.0,53.0,80.901,SOFT,4.533,7817.276
11818.0,335.0,8,99.0,False,0,car,445.88111111111107,,,,,,,,2025,Italy,Italian Grand Prix,NOR,4,McLaren,2.0,53.0,80.901,SOFT,4.893,7817.636
11815.0,335.0,8,99.0,False,0,car,460.77,,,,,,,,2025,Italy,Italian Grand Prix,NOR,4,McLaren,2.0,53.0,80.901,SOFT,5.053,7817.796
11819.0,336.0,8,99.0,False,0,car,490.63666666666666,,,,,,,,2025,Italy,Italian Grand Prix,NOR,4,McLaren,2.0,53.0,80.901,SOFT,5.373,7818.116
11819.0,336.0,8,99.0,False,0,car,516.77,,,,,,,,2025,Italy,Italian Grand Prix,NOR,4,McLaren,2.0,53.0,80.901,SOFT,5.653,7818.396
11836.0,336.0,8,99.0,False,0,car,550.37,,,,,,,,2025,Italy,Italian Grand Prix,NOR,4,McLaren,2.0,53.0,80.901,SOFT,6.013,7818.756
11834.0,336.0,8,99.0,False,0,car,580.3299999999999,,,,,,,,2025,Italy,Italian Grand Prix,NOR,4,McLaren,2.0,53.0,80.901,SOFT,6.334,7819.077
11857.0,336.0,8,99.0,False,0,car,610.1966666666666,,,,,,,,2025,Italy,Italian Grand Prix,NOR,4,McLaren,2.0,53.0,80.901,SOFT,6.654,7819.397
11839.0,336.0,8,99.0,False,0,car,632.5966666666666,,,,,,,,2025,Italy,Italian Grand Prix,NOR,4,McLaren,2.0,53.0,80.901,SOFT,6.894,7819.637
11852.0,336.0,8,99.0,False,0,car,651.1699999999998,,,,,,,,2025,Italy,Italian Grand Prix,NOR,4,McLaren,2.0,53.0,80.901,SOFT,7.093,7819.836
11807.0,336.0,8,99.0,False,0,car,669.8366666666665,,,,,,,,2025,Italy,Italian Grand Prix,NOR,4,McLaren,2.0,53.0,80.901,SOFT,7.293,7820.036
11849.0,336.0,8,99.0,False,0,car,714.6366666666664,,,,,,,,2025,Italy,Italian Grand Prix,NOR,4,McLaren,2.0,53.0,80.901,SOFT,7.773,7820.516
11812.0,336.0,8,99.0,False,0,car,729.5699999999998,,,,,,,,2025,Italy,Italian Grand Prix,NOR,4,McLaren,2.0,53.0,80.901,SOFT,7.933,7820.676
11235.0,334.0,8,3.0,False,0,car,774.1033333333332,,,,,,,,2025,Italy,Italian Grand Prix,NOR,4,McLaren,2.0,53.0,80.901,SOFT,8.413,7821.156
9651.0,285.0,8,0.0,True,0,car,805.77,,,,,,,,2025,Italy,Italian Grand Prix,NOR,4,McLaren,2.0,53.0,80.901,SOFT,8.813,7821.556
9626.0,179.0,7,0.0,True,0,car,847.5366666666666,,,,,,,,2025,Italy,Italian Grand Prix,NOR,4,McLaren,2.0,53.0,80.901,SOFT,9.653,7822.396
9774.0,141.0,7,0.0,True,0,car,863.2033333333333,,,,,,,,2025,Italy,Italian Grand Prix,NOR,4,McLaren,2.0,53.0,80.901,SOFT,10.053,7822.796
9696.0,120.0,5,0.0,True,0,car,872.5366666666665,,,,,,,,2025,Italy,Italian Grand Prix,NOR,4,McLaren,2.0,53.0,80.901,SOFT,10.333,7823.076
9051.0,108.0,3,0.0,True,0,car,877.3366666666665,,,,,,,,2025,Italy,Italian Grand Prix,NOR,4,McLaren,2.0,53.0,80.901,SOFT,10.493,7823.236
8622.0,105.0,2,0.0,True,0,car,882.0033333333331,,,,,,,,2025,Italy,Italian Grand Prix,NOR,4,McLaren,2.0,53.0,80.901,SOFT,10.653,7823.396
8187.0,98.0,2,0.0,True,0,car,886.3588888888887,,,,,,,,2025,Italy,Italian Grand Prix,NOR,4,McLaren,2.0,53.0,80.901,SOFT,10.813,7823.556
7826.0,91.0,2,0.0,True,0,car,895.4588888888887,,,,,,,,2025,Italy,Italian Grand Prix,NOR,4,McLaren,2.0,53.0,80.901,SOFT,11.173,7823.916
7629.0,85.0,2,0.0,False,0,car,899.2366666666666,,,,,,,,2025,Italy,Italian Grand Prix,NOR,4,McLaren,2.0,53.0,80.901,SOFT,11.333,7824.076
7145.0,84.0,2,2.0,False,0,car,906.7033333333333,,,,,,,,2025,Italy,Italian Grand Prix,NOR,4,McLaren,2.0,53.0,80.901,SOFT,11.653,7824.396
7491.0,79.0,2,12.0,False,0,car,912.8477777777777,,,,,,,,2025,Italy,Italian Grand Prix,NOR,4,McLaren,2.0,53.0,80.901,SOFT,11.933,7824.676
7506.0,81.0,2,19.0,False,0,car,916.4477777777777,,,,,,,,2025,Italy,Italian Grand Prix,NOR,4,McLaren,2.0,53.0,80.901,SOFT,12.093,7824.836
6976.0,82.0,2,0.0,False,0,car,920.0922222222222,,,,,,,,2025,Italy,Italian Grand Prix,NOR,4,McLaren,2.0,53.0,80.901,SOFT,12.253,7824.996
6957.0,81.0,2,0.0,False,0,car,927.2922222222222,,,,,,,,2025,Italy,Italian Grand Prix,NOR,4,McLaren,2.0,53.0,80.901,SOFT,12.573,7825.316
6602.0,75.0,2,0.0,False,0,car,933.9797222222222,,,,,,,,2025,Italy,Italian Grand Prix,NOR,4,McLaren,2.0,53.0,80.901,SOFT,12.894,7825.637
6821.0,74.0,2,11.0,False,0,car,940.5575,,,,,,,,2025,Italy,Italian Grand Prix,NOR,4,McLaren,2.0,53.0,80.901,SOFT,13.214,7825.957
6771.0,73.0,2,21.0,False,0,car,943.8019444444444,,,,,,,,2025,Italy,Italian Grand Prix,NOR,4,McLaren,2.0,53.0,80.901,SOFT,13.374,7826.117
7821.0,78.0,2,40.0,False,0,car,952.4469444444444,,,,,,,,2025,Italy,Italian Grand Prix,NOR,4,McLaren,2.0,53.0,80.901,SOFT,13.773,7826.516
8571.0,87.0,2,52.0,False,0,car,961.1469444444443,,,,,,,,2025,Italy,Italian Grand Prix,NOR,4,McLaren,2.0,53.0,80.901,SOFT,14.133,7826.876
9664.0,94.0,2,65.0,False,0,car,967.413611111111,,,,,,,,2025,Italy,Italian Grand Prix,NOR,4,McLaren,2.0,53.0,80.901,SOFT,14.373,7827.116
10919.0,106.0,2,74.0,False,0,car,974.4802777777777,,,,,,,,2025,Italy,Italian Grand Prix,NOR,4,McLaren,2.0,53.0,80.901,SOFT,14.613,7827.356
11475.0,110.0,2,73.0,False,0,car,979.3691666666666,,,,,,,,2025,Italy,Italian Grand Prix,NOR,4,McLaren,2.0,53.0,80.901,SOFT,14.773,7827.516
11570.0,124.0,2,78.0,False,0,car,987.6358333333333,,,,,,,,2025,Italy,Italian Grand Prix,NOR,4,McLaren,2.0,53.0,80.901,SOFT,15.013,7827.756
10960.0,145.0,3,99.0,False,0,car,1003.7469444444444,,,,,,,,2025,Italy,Italian Grand Prix,NOR,4,McLaren,2.0,53.0,80.901,SOFT,15.413,7828.156
10289.0,161.0,3,99.0,False,0,car,1016.2691666666666,,,,,,,,2025,Italy,Italian Grand Prix,NOR,4,McLaren,2.0,53.0,80.901,SOFT,15.693,7828.436
10730.0,171.0,4,99.0,False,0,car,1025.7691666666667,,,,,,,,2025,Italy,Italian Grand Prix,NOR,4,McLaren,2.0,53.0,80.901,SOFT,15.893,7828.636
11152.0,180.0,4,99.0,False,0,car,1035.7691666666667,,,,,,,,2025,Italy,Italian Grand Prix,NOR,4,McLaren,2.0,53.0,80.901,SOFT,16.093,7828.836
10771.0,192.0,4,99.0,False,0,car,1052.8358333333333,,,,,,,,2025,Italy,Italian Grand Prix,NOR,4,McLaren,2.0,53.0,80.901,SOFT,16.413,7829.156
11006.0,204.0,5,99.0,False,0,car,1073.2358333333332,,,,,,,,2025,Italy,Italian Grand Prix,NOR,4,McLaren,2.0,53.0,80.901,SOFT,16.773,7829.516
11286.0,211.0,5,99.0,False,0,car,1082.613611111111,,,,,,,,2025,Italy,Italian Grand Prix,NOR,4,McLaren,2.0,53.0,80.901,SOFT,16.933,7829.676
10408.0,223.0,5,99.0,False,0,car,1109.8691666666666,,,,,,,,2025,Italy,Italian Grand Prix,NOR,4,McLaren,2.0,53.0,80.901,SOFT,17.373,7830.116
10678.0,229.0,6,99.0,False,0,car,1120.0469444444443,,,,,,,,2025,Italy,Italian Grand Prix,NOR,4,McLaren,2.0,53.0,80.901,SOFT,17.533,7830.276
11048.0,237.0,6,99.0,False,0,car,1138.4802777777775,,,,,,,,2025,Italy,Italian Grand Prix,NOR,4,McLaren,2.0,53.0,80.901,SOFT,17.813,7830.556
11218.0,245.0,6,99.0,False,0,car,1157.5358333333331,,,,,,,,2025,Italy,Italian Grand Prix,NOR,4,McLaren,2.0,53.0,80.901,SOFT,18.093,7830.836
11498.0,252.0,6,99.0,False,0,car,1179.9358333333332,,,,,,,,2025,Italy,Italian Grand Prix,NOR,4,McLaren,2.0,53.0,80.901,SOFT,18.413,7831.156
11585.0,256.0,6,99.0,False,0,car,1194.1580555555554,,,,,,,,2025,Italy,Italian Grand Prix,NOR,4,McLaren,2.0,53.0,80.901,SOFT,18.613,7831.356
10615.0,262.0,7,99.0,False,0,car,1217.4469444444444,,,,,,,,2025,Italy,Italian Grand Prix,NOR,4,McLaren,2.0,53.0,80.901,SOFT,18.933,7831.676
10644.0,266.0,7,99.0,False,0,car,1232.2247222222222,,,,,,,,2025,Italy,Italian Grand Prix,NOR,4,McLaren,2.0,53.0,80.901,SOFT,19.133,7831.876
10901.0,266.0,7,99.0,False,0,car,1250.0319444444444,,,,,,,,2025,Italy,Italian Grand Prix,NOR,4,McLaren,2.0,53.0,80.901,SOFT,19.374,7832.117
11115.0,275.0,7,99.0,False,0,car,1271.4208333333333,,,,,,,,2025,Italy,Italian Grand Prix,NOR,4,McLaren,2.0,53.0,80.901,SOFT,19.654,7832.397
11196.0,278.0,7,99.0,False,0,car,1286.8652777777777,,,,,,,,2025,Italy,Italian Grand Prix,NOR,4,McLaren,2.0,53.0,80.901,SOFT,19.854,7832.597
11351.0,285.0,7,100.0,False,0,car,1321.6986111111112,,,,,,,,2025,Italy,Italian Grand Prix,NOR,4,McLaren,2.0,53.0,80.901,SOFT,20.294,7833.037
11572.0,288.0,7,100.0,False,0,car,1353.6186111111112,,,,,,,,2025,Italy,Italian Grand Prix,NOR,4,McLaren,2.0,53.0,80.901,SOFT,20.693,7833.436
11661.0,291.0,7,100.0,False,0,car,1369.7852777777778,,,,,,,,2025,Italy,Italian Grand Prix,NOR,4,McLaren,2.0,53.0,80.901,SOFT,20.893,7833.636
11241.0,294.0,7,100.0,False,0,car,1386.118611111111,,,,,,,,2025,Italy,Italian Grand Prix,NOR,4,McLaren,2.0,53.0,80.901,SOFT,21.093,7833.836
10527.0,295.0,8,100.0,False,0,car,1405.7852777777775,,,,,,,,2025,Italy,Italian Grand Prix,NOR,4,McLaren,2.0,53.0,80.901,SOFT,21.333,7834.076
10599.0,299.0,8,100.0,False,0,car,1429.0408333333332,,,,,,,,2025,Italy,Italian Grand Prix,NOR,4,McLaren,2.0,53.0,80.901,SOFT,21.613,7834.356
10648.0,301.0,8,100.0,False,0,car,1449.1075,,,,,,,,2025,Italy,Italian Grand Prix,NOR,4,McLaren,2.0,53.0,80.901,SOFT,21.853,7834.596
10741.0,301.0,8,100.0,False,0,car,1472.5186111111109,,,,,,,,2025,Italy,Italian Grand Prix,NOR,4,McLaren,2.0,53.0,80.901,SOFT,22.133,7834.876
10810.0,306.0,8,100.0,False,0,car,1503.1186111111108,,,,,,,,2025,Italy,Italian Grand Prix,NOR,4,McLaren,2.0,53.0,80.901,SOFT,22.493,7835.236
10842.0,306.0,8,100.0,False,0,car,1516.7186111111107,,,,,,,,2025,Italy,Italian Grand Prix,NOR,4,McLaren,2.0,53.0,80.901,SOFT,22.653,7835.396
10935.0,308.0,8,100.0,False,0,car,1537.2519444444442,,,,,,,,2025,Italy,Italian Grand Prix,NOR,4,McLaren,2.0,53.0,80.901,SOFT,22.893,7835.636
10993.0,311.0,8,100.0,False,0,car,1568.3519444444441,,,,,,,,2025,Italy,Italian Grand Prix,NOR,4,McLaren,2.0,53.0,80.901,SOFT,23.253,7835.996
11047.0,312.0,8,100.0,False,0,car,1589.151944444444,,,,,,,,2025,Italy,Italian Grand Prix,NOR,4,McLaren,2.0,53.0,80.901,SOFT,23.493,7836.236
11088.0,313.0,8,99.0,False,0,car,1616.9741666666664,,,,,,,,2025,Italy,Italian Grand Prix,NOR,4,McLaren,2.0,53.0,80.901,SOFT,23.813,7836.556
11025.0,315.0,8,100.0,False,0,car,1641.4741666666664,,,,,,,,2025,Italy,Italian Grand Prix,NOR,4,McLaren,2.0,53.0,80.901,SOFT,24.093,7836.836
11107.0,314.0,8,99.0,False,0,car,1669.3852777777774,,,,,,,,2025,Italy,Italian Grand Prix,NOR,4,McLaren,2.0,53.0,80.901,SOFT,24.413,7837.156
11063.0,315.0,8,99.0,False,0,car,1700.8852777777774,,,,,,,,2025,Italy,Italian Grand Prix,NOR,4,McLaren,2.0,53.0,80.901,SOFT,24.773,7837.516
11074.0,314.0,8,99.0,False,0,car,1739.2630555555554,,,,,,,,2025,Italy,Italian Grand Prix,NOR,4,McLaren,2.0,53.0,80.901,SOFT,25.213,7837.956
11089.0,314.0,8,99.0,False,0,car,1756.7074999999998,,,,,,,,2025,Italy,Italian Grand Prix,NOR,4,McLaren,2.0,53.0,80.901,SOFT,25.413,7838.156
11042.0,314.0,8,99.0,False,0,car,1791.6836111111108,,,,,,,,2025,Italy,Italian Grand Prix,NOR,4,McLaren,2.0,53.0,80.901,SOFT,25.814,7838.557
11025.0,313.0,8,99.0,False,0,car,1805.594722222222,,,,,,,,2025,Italy,Italian Grand Prix,NOR,4,McLaren,2.0,53.0,80.901,SOFT,25.974,7838.717
11001.0,313.0,8,99.0,False,0,car,1826.4613888888885,,,,,,,,2025,Italy,Italian Grand Prix,NOR,4,McLaren,2.0,53.0,80.901,SOFT,26.214,7838.957
10931.0,311.0,8,99.0,False,0,car,1861.016944444444,,,,,,,,2025,Italy,Italian Grand Prix,NOR,4,McLaren,2.0,53.0,80.901,SOFT,26.614,7839.357
10930.0,311.0,8,99.0,False,0,car,1874.8391666666664,,,,,,,,2025,Italy,Italian Grand Prix,NOR,4,McLaren,2.0,53.0,80.901,SOFT,26.774,7839.517
10926.0,310.0,8,99.0,False,0,car,1892.0613888888886,,,,,,,,2025,Italy,Italian Grand Prix,NOR,4,McLaren,2.0,53.0,80.901,SOFT,26.974,7839.717
10900.0,310.0,8,99.0,False,0,car,1905.8391666666664,,,,,,,,2025,Italy,Italian Grand Prix,NOR,4,McLaren,2.0,53.0,80.901,SOFT,27.134,7839.877
10897.0,309.0,8,99.0,False,0,car,1926.3533333333332,,,,,,,,2025,Italy,Italian Grand Prix,NOR,4,McLaren,2.0,53.0,80.901,SOFT,27.373,7840.116
10867.0,309.0,8,99.0,False,0,car,1946.9533333333331,,,,,,,,2025,Italy,Italian Grand Prix,NOR,4,McLaren,2.0,53.0,80.901,SOFT,27.613,7840.356
10737.0,308.0,8,93.0,False,0,car,1964.0644444444442,,,,,,,,2025,Italy,Italian Grand Prix,NOR,4,McLaren,2.0,53.0,80.901,SOFT,27.813,7840.556
11067.0,308.0,8,0.0,False,0,car,1981.1755555555555,,,,,,,,2025,Italy,Italian Grand Prix,NOR,4,McLaren,2.0,53.0,80.901,SOFT,28.013,7840.756
9307.0,302.0,8,0.0,True,0,car,2008.0199999999998,,,,,,,,2025,Italy,Italian Grand Prix,NOR,4,McLaren,2.0,53.0,80.901,SOFT,28.333,7841.076
8593.0,251.0,8,0.0,True,0,car,2019.1755555555553,,,,,,,,2025,Italy,Italian Grand Prix,NOR,4,McLaren,2.0,53.0,80.901,SOFT,28.493,7841.236
8876.0,202.0,8,0.0,True,0,car,2041.62,,,,,,,,2025,Italy,Italian Grand Prix,NOR,4,McLaren,2.0,53.0,80.901,SOFT,28.893,7841.636
9173.0,170.0,8,0.0,True,0,car,2056.731111111111,,,,,,,,2025,Italy,Italian Grand Prix,NOR,4,McLaren,2.0,53.0,80.901,SOFT,29.213,7841.956
9421.0,145.0,8,0.0,True,0,car,2069.62,,,,,,,,2025,Italy,Italian Grand Prix,NOR,4,McLaren,2.0,53.0,80.901,SOFT,29.533,7842.276
8662.0,129.0,6,0.0,True,0,car,2079.653333333333,,,,,,,,2025,Italy,Italian Grand Prix,NOR,4,McLaren,2.0,53.0,80.901,SOFT,29.813,7842.556
7919.0,116.0,3,0.0,True,0,car,2092.5422222222223,,,,,,,,2025,Italy,Italian Grand Prix,NOR,4,McLaren,2.0,53.0,80.901,SOFT,30.213,7842.956
7892.0,109.0,3,3.0,False,0,car,2101.02,,,,,,,,2025,Italy,Italian Grand Prix,NOR,4,McLaren,2.0,53.0,80.901,SOFT,30.493,7843.236
8903.0,120.0,3,31.0,False,0,car,2139.6866666666665,,,,,,,,2025,Italy,Italian Grand Prix,NOR,4,McLaren,2.0,53.0,80.901,SOFT,31.653,7844.396
9494.0,124.0,3,59.0,False,0,car,2152.0866666666666,,,,,,,,2025,Italy,Italian Grand Prix,NOR,4,McLaren,2.0,53.0,80.901,SOFT,32.013,7844.756
10012.0,127.0,3,72.0,False,0,car,2157.731111111111,,,,,,,,2025,Italy,Italian Grand Prix,NOR,4,McLaren,2.0,53.0,80.901,SOFT,32.173,7844.916
10440.0,133.0,3,80.0,False,0,car,2165.1569444444444,,,,,,,,2025,Italy,Italian Grand Prix,NOR,4,McLaren,2.0,53.0,80.901,SOFT,32.374,7845.117
10334.0,145.0,3,97.0,False,0,car,2174.823611111111,,,,,,,,2025,Italy,Italian Grand Prix,NOR,4,McLaren,2.0,53.0,80.901,SOFT,32.614,7845.357
10419.0,154.0,4,99.0,False,0,car,2183.3791666666666,,,,,,,,2025,Italy,Italian Grand Prix,NOR,4,McLaren,2.0,53.0,80.901,SOFT,32.814,7845.557
11056.0,170.0,4,99.0,False,0,car,2198.490277777778,,,,,,,,2025,Italy,Italian Grand Prix,NOR,4,McLaren,2.0,53.0,80.901,SOFT,33.134,7845.877
10687.0,178.0,4,99.0,False,0,car,2210.3569444444447,,,,,,,,2025,Italy,Italian Grand Prix,NOR,4,McLaren,2.0,53.0,80.901,SOFT,33.374,7846.117
10251.0,191.0,5,99.0,False,0,car,2223.090277777778,,,,,,,,2025,Italy,Italian Grand Prix,NOR,4,McLaren,2.0,53.0,80.901,SOFT,33.614,7846.357
10751.0,197.0,5,99.0,False,0,car,2234.0347222222226,,,,,,,,2025,Italy,Italian Grand Prix,NOR,4,McLaren,2.0,53.0,80.901,SOFT,33.814,7846.557
11083.0,205.0,5,99.0,False,0,car,2247.6444444444446,,,,,,,,2025,Italy,Italian Grand Prix,NOR,4,McLaren,2.0,53.0,80.901,SOFT,34.053,7846.796
11272.0,218.0,5,99.0,False,0,car,2269.444444444445,,,,,,,,2025,Italy,Italian Grand Prix,NOR,4,McLaren,2.0,53.0,80.901,SOFT,34.413,7847.156
10552.0,227.0,6,99.0,False,0,car,2294.6666666666674,,,,,,,,2025,Italy,Italian Grand Prix,NOR,4,McLaren,2.0,53.0,80.901,SOFT,34.813,7847.556
10620.0,230.0,6,99.0,False,0,car,2304.8888888888896,,,,,,,,2025,Italy,Italian Grand Prix,NOR,4,McLaren,2.0,53.0,80.901,SOFT,34.973,7847.716
10810.0,234.0,6,99.0,False,0,car,2315.2888888888897,,,,,,,,2025,Italy,Italian Grand Prix,NOR,4,McLaren,2.0,53.0,80.901,SOFT,35.133,7847.876
10879.0,237.0,6,99.0,False,0,car,2331.0888888888894,,,,,,,,2025,Italy,Italian Grand Prix,NOR,4,McLaren,2.0,53.0,80.901,SOFT,35.373,7848.116
11051.0,240.0,6,99.0,False,0,car,2341.7555555555564,,,,,,,,2025,Italy,Italian Grand Prix,NOR,4,McLaren,2.0,53.0,80.901,SOFT,35.533,7848.276
11177.0,243.0,6,99.0,False,0,car,2355.255555555556,,,,,,,,2025,Italy,Italian Grand Prix,NOR,4,McLaren,2.0,53.0,80.901,SOFT,35.733,7848.476
11205.0,245.0,6,99.0,False,0,car,2366.144444444445,,,,,,,,2025,Italy,Italian Grand Prix,NOR,4,McLaren,2.0,53.0,80.901,SOFT,35.893,7848.636
11335.0,248.0,6,99.0,False,0,car,2379.922222222223,,,,,,,,2025,Italy,Italian Grand Prix,NOR,4,McLaren,2.0,53.0,80.901,SOFT,36.093,7848.836
11493.0,252.0,6,70.0,False,0,car,2405.1222222222227,,,,,,,,2025,Italy,Italian Grand Prix,NOR,4,McLaren,2.0,53.0,80.901,SOFT,36.453,7849.196
11364.0,245.0,6,0.0,True,0,car,2432.344444444445,,,,,,,,2025,Italy,Italian Grand Prix,NOR,4,McLaren,2.0,53.0,80.901,SOFT,36.853,7849.596
11792.0,231.0,6,0.0,True,0,car,2447.744444444445,,,,,,,,2025,Italy,Italian Grand Prix,NOR,4,McLaren,2.0,53.0,80.901,SOFT,37.093,7849.836
11230.0,224.0,5,0.0,True,0,car,2465.166666666667,,,,,,,,2025,Italy,Italian Grand Prix,NOR,4,McLaren,2.0,53.0,80.901,SOFT,37.373,7850.116
11034.0,217.0,5,0.0,True,0,car,2477.2222222222226,,,,,,,,2025,Italy,Italian Grand Prix,NOR,4,McLaren,2.0,53.0,80.901,SOFT,37.573,7850.316
10734.0,211.0,5,0.0,False,0,car,2486.6000000000004,,,,,,,,2025,Italy,Italian Grand Prix,NOR,4,McLaren,2.0,53.0,80.901,SOFT,37.733,7850.476
10851.0,203.0,5,37.0,False,0,car,2502.388888888889,,,,,,,,2025,Italy,Italian Grand Prix,NOR,4,McLaren,2.0,53.0,80.901,SOFT,38.013,7850.756
10996.0,203.0,5,75.0,False,0,car,2513.666666666667,,,,,,,,2025,Italy,Italian Grand Prix,NOR,4,McLaren,2.0,53.0,80.901,SOFT,38.213,7850.956
11289.0,207.0,5,99.0,False,0,car,2525.1666666666665,,,,,,,,2025,Italy,Italian Grand Prix,NOR,4,McLaren,2.0,53.0,80.901,SOFT,38.413,7851.156
11543.0,212.0,5,99.0,False,0,car,2539.3,,,,,,,,2025,Italy,Italian Grand Prix,NOR,4,McLaren,2.0,53.0,80.901,SOFT,38.653,7851.396
11682.0,218.0,5,99.0,False,0,car,2553.8333333333335,,,,,,,,2025,Italy,Italian Grand Prix,NOR,4,McLaren,2.0,53.0,80.901,SOFT,38.893,7851.636
11211.0,226.0,5,99.0,False,0,car,2579.007222222222,,,,,,,,2025,Italy,Italian Grand Prix,NOR,4,McLaren,2.0,53.0,80.901,SOFT,39.294,7852.037
10609.0,229.0,5,99.0,False,0,car,2594.273888888889,,,,,,,,2025,Italy,Italian Grand Prix,NOR,4,McLaren,2.0,53.0,80.901,SOFT,39.534,7852.277
11014.0,237.0,6,99.0,False,0,car,2620.607222222222,,,,,,,,2025,Italy,Italian Grand Prix,NOR,4,McLaren,2.0,53.0,80.901,SOFT,39.934,7852.677
11027.0,239.0,6,99.0,False,0,car,2636.5405555555553,,,,,,,,2025,Italy,Italian Grand Prix,NOR,4,McLaren,2.0,53.0,80.901,SOFT,40.174,7852.917
11162.0,242.0,6,99.0,False,0,car,2647.2961111111113,,,,,,,,2025,Italy,Italian Grand Prix,NOR,4,McLaren,2.0,53.0,80.901,SOFT,40.334,7853.077
11323.0,247.0,6,98.0,False,0,car,2669.251666666667,,,,,,,,2025,Italy,Italian Grand Prix,NOR,4,McLaren,2.0,53.0,80.901,SOFT,40.654,7853.397
11408.0,248.0,6,98.0,False,0,car,2682.960555555556,,,,,,,,2025,Italy,Italian Grand Prix,NOR,4,McLaren,2.0,53.0,80.901,SOFT,40.853,7853.596
11510.0,252.0,6,98.0,False,0,car,2699.760555555556,,,,,,,,2025,Italy,Italian Grand Prix,NOR,4,McLaren,2.0,53.0,80.901,SOFT,41.093,7853.836
11640.0,254.0,6,98.0,False,0,car,2716.693888888889,,,,,,,,2025,Italy,Italian Grand Prix,NOR,4,McLaren,2.0,53.0,80.901,SOFT,41.333,7854.076
11642.0,256.0,6,98.0,False,0,car,2728.071666666667,,,,,,,,2025,Italy,Italian Grand Prix,NOR,4,McLaren,2.0,53.0,80.901,SOFT,41.493,7854.236
11488.0,258.0,6,0.0,True,0,car,2748.138333333334,,,,,,,,2025,Italy,Italian Grand Prix,NOR,4,McLaren,2.0,53.0,80.901,SOFT,41.773,7854.516
11779.0,239.0,6,0.0,True,0,car,2764.0716666666667,,,,,,,,2025,Italy,Italian Grand Prix,NOR,4,McLaren,2.0,53.0,80.901,SOFT,42.013,7854.756
11067.0,228.0,5,0.0,True,0,car,2776.7383333333337,,,,,,,,2025,Italy,Italian Grand Prix,NOR,4,McLaren,2.0,53.0,80.901,SOFT,42.213,7854.956
10544.0,213.0,5,0.0,True,0,car,2786.205,,,,,,,,2025,Italy,Italian Grand Prix,NOR,4,McLaren,2.0,53.0,80.901,SOFT,42.373,7855.116
9829.0,192.0,5,3.0,False,0,car,2811.8050000000003,,,,,,,,2025,Italy,Italian Grand Prix,NOR,4,McLaren,2.0,53.0,80.901,SOFT,42.853,7855.596
9862.0,185.0,5,29.0,False,0,car,2824.138333333334,,,,,,,,2025,Italy,Italian Grand Prix,NOR,4,McLaren,2.0,53.0,80.901,SOFT,43.093,7855.836
10001.0,186.0,5,61.0,False,0,car,2840.6716666666666,,,,,,,,2025,Italy,Italian Grand Prix,NOR,4,McLaren,2.0,53.0,80.901,SOFT,43.413,7856.156
10370.0,187.0,5,97.0,False,0,car,2853.1383333333333,,,,,,,,2025,Italy,Italian Grand Prix,NOR,4,McLaren,2.0,53.0,80.901,SOFT,43.653,7856.396
10653.0,193.0,5,99.0,False,0,car,2861.7161111111113,,,,,,,,2025,Italy,Italian Grand Prix,NOR,4,McLaren,2.0,53.0,80.901,SOFT,43.813,7856.556
11055.0,202.0,5,99.0,False,0,car,2879.671666666667,,,,,,,,2025,Italy,Italian Grand Prix,NOR,4,McLaren,2.0,53.0,80.901,SOFT,44.133,7856.876
11233.0,210.0,5,99.0,False,0,car,2891.3383333333336,,,,,,,,2025,Italy,Italian Grand Prix,NOR,4,McLaren,2.0,53.0,80.901,SOFT,44.333,7857.076
10839.0,232.0,6,99.0,False,0,car,2942.8938888888893,,,,,,,,2025,Italy,Italian Grand Prix,NOR,4,McLaren,2.0,53.0,80.901,SOFT,45.133,7857.876
10930.0,237.0,6,99.0,False,0,car,2953.4272222222226,,,,,,,,2025,Italy,Italian Grand Prix,NOR,4,McLaren,2.0,53.0,80.901,SOFT,45.293,7858.036
11158.0,240.0,6,99.0,False,0,car,2964.0938888888895,,,,,,,,2025,Italy,Italian Grand Prix,NOR,4,McLaren,2.0,53.0,80.901,SOFT,45.453,7858.196
11442.0,247.0,6,99.0,False,0,car,2983.3736111111116,,,,,,,,2025,Italy,Italian Grand Prix,NOR,4,McLaren,2.0,53.0,80.901,SOFT,45.734,7858.477
10607.0,258.0,6,99.0,False,0,car,3020.640277777778,,,,,,,,2025,Italy,Italian Grand Prix,NOR,4,McLaren,2.0,53.0,80.901,SOFT,46.254,7858.997
10591.0,264.0,7,99.0,False,0,car,3044.1069444444447,,,,,,,,2025,Italy,Italian Grand Prix,NOR,4,McLaren,2.0,53.0,80.901,SOFT,46.574,7859.317
10820.0,268.0,7,99.0,False,0,car,3056.018055555556,,,,,,,,2025,Italy,Italian Grand Prix,NOR,4,McLaren,2.0,53.0,80.901,SOFT,46.734,7859.477
10820.0,272.0,7,99.0,False,0,car,3068.1069444444447,,,,,,,,2025,Italy,Italian Grand Prix,NOR,4,McLaren,2.0,53.0,80.901,SOFT,46.894,7859.637
11105.0,277.0,7,99.0,False,0,car,3095.8069444444445,,,,,,,,2025,Italy,Italian Grand Prix,NOR,4,McLaren,2.0,53.0,80.901,SOFT,47.254,7859.997
11380.0,283.0,7,99.0,False,0,car,3124.0283333333336,,,,,,,,2025,Italy,Italian Grand Prix,NOR,4,McLaren,2.0,53.0,80.901,SOFT,47.613,7860.356
11443.0,287.0,7,99.0,False,0,car,3146.350555555556,,,,,,,,2025,Italy,Italian Grand Prix,NOR,4,McLaren,2.0,53.0,80.901,SOFT,47.893,7860.636
11546.0,288.0,7,99.0,False,0,car,3162.3505555555566,,,,,,,,2025,Italy,Italian Grand Prix,NOR,4,McLaren,2.0,53.0,80.901,SOFT,48.093,7860.836
11789.0,293.0,7,98.0,False,0,car,3191.6505555555564,,,,,,,,2025,Italy,Italian Grand Prix,NOR,4,McLaren,2.0,53.0,80.901,SOFT,48.453,7861.196
10595.0,298.0,8,98.0,False,0,car,3231.3838888888895,,,,,,,,2025,Italy,Italian Grand Prix,NOR,4,McLaren,2.0,53.0,80.901,SOFT,48.933,7861.676
10596.0,300.0,8,98.0,False,0,car,3244.717222222223,,,,,,,,2025,Italy,Italian Grand Prix,NOR,4,McLaren,2.0,53.0,80.901,SOFT,49.093,7861.836
10763.0,303.0,8,98.0,False,0,car,3275.0172222222227,,,,,,,,2025,Italy,Italian Grand Prix,NOR,4,McLaren,2.0,53.0,80.901,SOFT,49.453,7862.196
10871.0,308.0,8,98.0,False,0,car,3312.661666666667,,,,,,,,2025,Italy,Italian Grand Prix,NOR,4,McLaren,2.0,53.0,80.901,SOFT,49.893,7862.636
10938.0,310.0,8,98.0,False,0,car,3329.8838888888895,,,,,,,,2025,Italy,Italian Grand Prix,NOR,4,McLaren,2.0,53.0,80.901,SOFT,50.093,7862.836
10960.0,311.0,8,98.0,False,0,car,3347.161666666667,,,,,,,,2025,Italy,Italian Grand Prix,NOR,4,McLaren,2.0,53.0,80.901,SOFT,50.293,7863.036
11045.0,313.0,8,99.0,False,0,car,3368.0283333333336,,,,,,,,2025,Italy,Italian Grand Prix,NOR,4,McLaren,2.0,53.0,80.901,SOFT,50.533,7863.276
11153.0,314.0,8,99.0,False,0,car,3385.4727777777775,,,,,,,,2025,Italy,Italian Grand Prix,NOR,4,McLaren,2.0,53.0,80.901,SOFT,50.733,7863.476
11277.0,317.0,8,99.0,False,0,car,3420.695,,,,,,,,2025,Italy,Italian Grand Prix,NOR,4,McLaren,2.0,53.0,80.901,SOFT,51.133,7863.876
11199.0,318.0,8,99.0,False,0,car,3452.495,,,,,,,,2025,Italy,Italian Grand Prix,NOR,4,McLaren,2.0,53.0,80.901,SOFT,51.493,7864.236
11230.0,318.0,8,99.0,False,0,car,3470.161666666666,,,,,,,,2025,Italy,Italian Grand Prix,NOR,4,McLaren,2.0,53.0,80.901,SOFT,51.693,7864.436
11201.0,318.0,8,99.0,False,0,car,3484.2949999999996,,,,,,,,2025,Italy,Italian Grand Prix,NOR,4,McLaren,2.0,53.0,80.901,SOFT,51.853,7864.596
11185.0,318.0,8,99.0,False,0,car,3505.583333333333,,,,,,,,2025,Italy,Italian Grand Prix,NOR,4,McLaren,2.0,53.0,80.901,SOFT,52.094,7864.837
11201.0,318.0,8,99.0,False,0,car,3526.7833333333333,,,,,,,,2025,Italy,Italian Grand Prix,NOR,4,McLaren,2.0,53.0,80.901,SOFT,52.334,7865.077
11194.0,318.0,8,99.0,False,0,car,3569.183333333333,,,,,,,,2025,Italy,Italian Grand Prix,NOR,4,McLaren,2.0,53.0,80.901,SOFT,52.814,7865.557
11153.0,317.0,8,99.0,False,0,car,3586.7944444444443,,,,,,,,2025,Italy,Italian Grand Prix,NOR,4,McLaren,2.0,53.0,80.901,SOFT,53.014,7865.757
11127.0,316.0,8,99.0,False,0,car,3618.394444444444,,,,,,,,2025,Italy,Italian Grand Prix,NOR,4,McLaren,2.0,53.0,80.901,SOFT,53.374,7866.117
11190.0,317.0,8,99.0,False,0,car,3632.4833333333327,,,,,,,,2025,Italy,Italian Grand Prix,NOR,4,McLaren,2.0,53.0,80.901,SOFT,53.534,7866.277
11203.0,318.0,8,99.0,False,0,car,3650.1499999999996,,,,,,,,2025,Italy,Italian Grand Prix,NOR,4,McLaren,2.0,53.0,80.901,SOFT,53.734,7866.477
11268.0,318.0,8,99.0,False,0,car,3667.8166666666657,,,,,,,,2025,Italy,Italian Grand Prix,NOR,4,McLaren,2.0,53.0,80.901,SOFT,53.934,7866.677
11258.0,319.0,8,99.0,False,0,car,3689.0833333333326,,,,,,,,2025,Italy,Italian Grand Prix,NOR,4,McLaren,2.0,53.0,80.901,SOFT,54.174,7866.917
11297.0,320.0,8,99.0,False,0,car,3706.7722222222214,,,,,,,,2025,Italy,Italian Grand Prix,NOR,4,McLaren,2.0,53.0,80.901,SOFT,54.373,7867.116
11312.0,320.0,8,99.0,False,0,car,3731.6611111111106,,,,,,,,2025,Italy,Italian Grand Prix,NOR,4,McLaren,2.0,53.0,80.901,SOFT,54.653,7867.396
11375.0,322.0,8,99.0,False,0,car,3745.972222222222,,,,,,,,2025,Italy,Italian Grand Prix,NOR,4,McLaren,2.0,53.0,80.901,SOFT,54.813,7867.556
11149.0,322.0,8,80.0,False,0,car,3763.861111111111,,,,,,,,2025,Italy,Italian Grand Prix,NOR,4,McLaren,2.0,53.0,80.901,SOFT,55.013,7867.756
11787.0,315.0,8,0.0,True,0,car,3788.361111111111,,,,,,,,2025,Italy,Italian Grand Prix,NOR,4,McLaren,2.0,53.0,80.901,SOFT,55.293,7868.036
11778.0,299.0,8,0.0,True,0,car,3804.972222222222,,,,,,,,2025,Italy,Italian Grand Prix,NOR,4,McLaren,2.0,53.0,80.901,SOFT,55.493,7868.236
11074.0,275.0,7,0.0,True,0,car,3823.305555555555,,,,,,,,2025,Italy,Italian Grand Prix,NOR,4,McLaren,2.0,53.0,80.901,SOFT,55.733,7868.476
11213.0,229.0,6,0.0,True,0,car,3848.75,,,,,,,,2025,Italy,Italian Grand Prix,NOR,4,McLaren,2.0,53.0,80.901,SOFT,56.133,7868.876
10092.0,202.0,5,0.0,True,0,car,3871.1944444444443,,,,,,,,2025,Italy,Italian Grand Prix,NOR,4,McLaren,2.0,53.0,80.901,SOFT,56.533,7869.276
9821.0,189.0,5,9.0,False,0,car,3890.0944444444444,,,,,,,,2025,Italy,Italian Grand Prix,NOR,4,McLaren,2.0,53.0,80.901,SOFT,56.893,7869.636
9889.0,186.0,5,28.0,False,0,car,3902.4944444444445,,,,,,,,2025,Italy,Italian Grand Prix,NOR,4,McLaren,2.0,53.0,80.901,SOFT,57.133,7869.876
10278.0,188.0,5,76.0,False,0,car,3923.383333333333,,,,,,,,2025,Italy,Italian Grand Prix,NOR,4,McLaren,2.0,53.0,80.901,SOFT,57.533,7870.276
10668.0,196.0,5,98.0,False,0,car,3938.6277777777777,,,,,,,,2025,Italy,Italian Grand Prix,NOR,4,McLaren,2.0,53.0,80.901,SOFT,57.813,7870.556
11190.0,200.0,5,99.0,False,0,car,3954.1833333333334,,,,,,,,2025,Italy,Italian Grand Prix,NOR,4,McLaren,2.0,53.0,80.901,SOFT,58.093,7870.836
11402.0,213.0,5,99.0,False,0,car,3966.0166666666664,,,,,,,,2025,Italy,Italian Grand Prix,NOR,4,McLaren,2.0,53.0,80.901,SOFT,58.293,7871.036
10276.0,218.0,5,99.0,False,0,car,3982.972222222222,,,,,,,,2025,Italy,Italian Grand Prix,NOR,4,McLaren,2.0,53.0,80.901,SOFT,58.573,7871.316
10668.0,225.0,6,99.0,False,0,car,4000.534722222222,,,,,,,,2025,Italy,Italian Grand Prix,NOR,4,McLaren,2.0,53.0,80.901,SOFT,58.854,7871.597
10730.0,232.0,6,99.0,False,0,car,4016.001388888889,,,,,,,,2025,Italy,Italian Grand Prix,NOR,4,McLaren,2.0,53.0,80.901,SOFT,59.094,7871.837
11026.0,237.0,6,99.0,False,0,car,4037.0680555555555,,,,,,,,2025,Italy,Italian Grand Prix,NOR,4,McLaren,2.0,53.0,80.901,SOFT,59.414,7872.157
11202.0,240.0,6,99.0,False,0,car,4047.734722222222,,,,,,,,2025,Italy,Italian Grand Prix,NOR,4,McLaren,2.0,53.0,80.901,SOFT,59.574,7872.317
11601.0,250.0,6,98.0,False,0,car,4078.290277777778,,,,,,,,2025,Italy,Italian Grand Prix,NOR,4,McLaren,2.0,53.0,80.901,SOFT,60.014,7872.757
10279.0,255.0,6,98.0,False,0,car,4106.623611111111,,,,,,,,2025,Italy,Italian Grand Prix,NOR,4,McLaren,2.0,53.0,80.901,SOFT,60.414,7873.157
10500.0,259.0,7,98.0,False,0,car,4123.890277777778,,,,,,,,2025,Italy,Italian Grand Prix,NOR,4,McLaren,2.0,53.0,80.901,SOFT,60.654,7873.397
10597.0,262.0,7,98.0,False,0,car,4138.445833333333,,,,,,,,2025,Italy,Italian Grand Prix,NOR,4,McLaren,2.0,53.0,80.901,SOFT,60.854,7873.597
10812.0,266.0,7,98.0,False,0,car,4150.194166666666,,,,,,,,2025,Italy,Italian Grand Prix,NOR,4,McLaren,2.0,53.0,80.901,SOFT,61.013,7873.756
10860.0,268.0,7,99.0,False,0,car,4162.105277777778,,,,,,,,2025,Italy,Italian Grand Prix,NOR,4,McLaren,2.0,53.0,80.901,SOFT,61.173,7873.916
10945.0,272.0,7,99.0,False,0,car,4174.194166666666,,,,,,,,2025,Italy,Italian Grand Prix,NOR,4,McLaren,2.0,53.0,80.901,SOFT,61.333,7874.076
11045.0,275.0,7,99.0,False,0,car,4195.583055555555,,,,,,,,2025,Italy,Italian Grand Prix,NOR,4,McLaren,2.0,53.0,80.901,SOFT,61.613,7874.356
11151.0,277.0,7,99.0,False,0,car,4217.1275,,,,,,,,2025,Italy,Italian Grand Prix,NOR,4,McLaren,2.0,53.0,80.901,SOFT,61.893,7874.636
11262.0,280.0,7,99.0,False,0,car,4235.794166666667,,,,,,,,2025,Italy,Italian Grand Prix,NOR,4,McLaren,2.0,53.0,80.901,SOFT,62.133,7874.876
11435.0,284.0,7,99.0,False,0,car,4254.727499999999,,,,,,,,2025,Italy,Italian Grand Prix,NOR,4,McLaren,2.0,53.0,80.901,SOFT,62.373,7875.116
11603.0,289.0,7,99.0,False,0,car,4283.627499999999,,,,,,,,2025,Italy,Italian Grand Prix,NOR,4,McLaren,2.0,53.0,80.901,SOFT,62.733,7875.476
11715.0,293.0,7,99.0,False,0,car,4309.671944444443,,,,,,,,2025,Italy,Italian Grand Prix,NOR,4,McLaren,2.0,53.0,80.901,SOFT,63.053,7875.796
10541.0,296.0,8,99.0,False,0,car,4335.9830555555545,,,,,,,,2025,Italy,Italian Grand Prix,NOR,4,McLaren,2.0,53.0,80.901,SOFT,63.373,7876.116
10582.0,300.0,8,99.0,False,0,car,4362.6497222222215,,,,,,,,2025,Italy,Italian Grand Prix,NOR,4,McLaren,2.0,53.0,80.901,SOFT,63.693,7876.436
10695.0,301.0,8,99.0,False,0,car,4382.716388888888,,,,,,,,2025,Italy,Italian Grand Prix,NOR,4,McLaren,2.0,53.0,80.901,SOFT,63.933,7876.676
10794.0,305.0,8,99.0,False,0,car,4406.43861111111,,,,,,,,2025,Italy,Italian Grand Prix,NOR,4,McLaren,2.0,53.0,80.901,SOFT,64.213,7876.956
10867.0,306.0,8,99.0,False,0,car,4423.43861111111,,,,,,,,2025,Italy,Italian Grand Prix,NOR,4,McLaren,2.0,53.0,80.901,SOFT,64.413,7877.156
10980.0,310.0,8,99.0,False,0,car,4457.883055555555,,,,,,,,2025,Italy,Italian Grand Prix,NOR,4,McLaren,2.0,53.0,80.901,SOFT,64.813,7877.556
10988.0,311.0,8,99.0,False,0,car,4471.705277777777,,,,,,,,2025,Italy,Italian Grand Prix,NOR,4,McLaren,2.0,53.0,80.901,SOFT,64.973,7877.716
10933.0,313.0,8,99.0,False,0,car,4489.094166666666,,,,,,,,2025,Italy,Italian Grand Prix,NOR,4,McLaren,2.0,53.0,80.901,SOFT,65.173,7877.916
11082.0,314.0,8,99.0,False,0,car,4506.625833333332,,,,,,,,2025,Italy,Italian Grand Prix,NOR,4,McLaren,2.0,53.0,80.901,SOFT,65.374,7878.117
11094.0,316.0,8,99.0,False,0,car,4534.714722222221,,,,,,,,2025,Italy,Italian Grand Prix,NOR,4,McLaren,2.0,53.0,80.901,SOFT,65.694,7878.437
11208.0,317.0,8,99.0,False,0,car,4566.414722222221,,,,,,,,2025,Italy,Italian Grand Prix,NOR,4,McLaren,2.0,53.0,80.901,SOFT,66.054,7878.797
11245.0,318.0,8,99.0,False,0,car,4587.614722222221,,,,,,,,2025,Italy,Italian Grand Prix,NOR,4,McLaren,2.0,53.0,80.901,SOFT,66.294,7879.037
11245.0,319.0,8,99.0,False,0,car,4615.970277777777,,,,,,,,2025,Italy,Italian Grand Prix,NOR,4,McLaren,2.0,53.0,80.901,SOFT,66.614,7879.357
11319.0,319.0,8,99.0,False,0,car,4637.236944444443,,,,,,,,2025,Italy,Italian Grand Prix,NOR,4,McLaren,2.0,53.0,80.901,SOFT,66.854,7879.597
11331.0,319.0,8,99.0,False,0,car,4654.959166666666,,,,,,,,2025,Italy,Italian Grand Prix,NOR,4,McLaren,2.0,53.0,80.901,SOFT,67.054,7879.797
11412.0,323.0,8,99.0,False,0,car,4687.259166666666,,,,,,,,2025,Italy,Italian Grand Prix,NOR,4,McLaren,2.0,53.0,80.901,SOFT,67.414,7880.157
11409.0,324.0,8,99.0,False,0,car,4712.3691666666655,,,,,,,,2025,Italy,Italian Grand Prix,NOR,4,McLaren,2.0,53.0,80.901,SOFT,67.693,7880.436
11462.0,325.0,8,99.0,False,0,car,4741.258055555555,,,,,,,,2025,Italy,Italian Grand Prix,NOR,4,McLaren,2.0,53.0,80.901,SOFT,68.013,7880.756
11482.0,325.0,8,99.0,False,0,car,4755.702499999999,,,,,,,,2025,Italy,Italian Grand Prix,NOR,4,McLaren,2.0,53.0,80.901,SOFT,68.173,7880.916
11502.0,326.0,8,99.0,False,0,car,4784.680277777777,,,,,,,,2025,Italy,Italian Grand Prix,NOR,4,McLaren,2.0,53.0,80.901,SOFT,68.493,7881.236
11560.0,327.0,8,99.0,False,0,car,4817.380277777776,,,,,,,,2025,Italy,Italian Grand Prix,NOR,4,McLaren,2.0,53.0,80.901,SOFT,68.853,7881.596
11570.0,328.0,8,99.0,False,0,car,4831.958055555555,,,,,,,,2025,Italy,Italian Grand Prix,NOR,4,McLaren,2.0,53.0,80.901,SOFT,69.013,7881.756
11550.0,328.0,8,99.0,False,0,car,4850.180277777776,,,,,,,,2025,Italy,Italian Grand Prix,NOR,4,McLaren,2.0,53.0,80.901,SOFT,69.213,7881.956
11570.0,329.0,8,99.0,False,0,car,4864.802499999999,,,,,,,,2025,Italy,Italian Grand Prix,NOR,4,McLaren,2.0,53.0,80.901,SOFT,69.373,7882.116
11608.0,329.0,8,99.0,False,0,car,4886.735833333331,,,,,,,,2025,Italy,Italian Grand Prix,NOR,4,McLaren,2.0,53.0,80.901,SOFT,69.613,7882.356
11630.0,329.0,8,99.0,False,0,car,4919.635833333331,,,,,,,,2025,Italy,Italian Grand Prix,NOR,4,McLaren,2.0,53.0,80.901,SOFT,69.973,7882.716
11609.0,330.0,8,99.0,False,0,car,4934.302499999997,,,,,,,,2025,Italy,Italian Grand Prix,NOR,4,McLaren,2.0,53.0,80.901,SOFT,70.133,7882.876
11646.0,330.0,8,0.0,False,0,car,4963.635833333331,,,,,,,,2025,Italy,Italian Grand Prix,NOR,4,McLaren,2.0,53.0,80.901,SOFT,70.453,7883.196
11287.0,323.0,8,0.0,True,0,car,4981.580277777775,,,,,,,,2025,Italy,Italian Grand Prix,NOR,4,McLaren,2.0,53.0,80.901,SOFT,70.653,7883.396
11235.0,296.0,7,0.0,True,0,car,5007.891388888886,,,,,,,,2025,Italy,Italian Grand Prix,NOR,4,McLaren,2.0,53.0,80.901,SOFT,70.973,7883.716
11591.0,264.0,7,0.0,True,0,car,5025.491388888885,,,,,,,,2025,Italy,Italian Grand Prix,NOR,4,McLaren,2.0,53.0,80.901,SOFT,71.213,7883.956
10892.0,248.0,6,0.0,True,0,car,5039.269166666663,,,,,,,,2025,Italy,Italian Grand Prix,NOR,4,McLaren,2.0,53.0,80.901,SOFT,71.413,7884.156
11842.0,237.0,6,0.0,True,0,car,5055.0691666666635,,,,,,,,2025,Italy,Italian Grand Prix,NOR,4,McLaren,2.0,53.0,80.901,SOFT,71.653,7884.396
11395.0,225.0,6,0.0,True,0,car,5072.631666666663,,,,,,,,2025,Italy,Italian Grand Prix,NOR,4,McLaren,2.0,53.0,80.901,SOFT,71.934,7884.677
11071.0,218.0,5,3.0,False,0,car,5089.587222222218,,,,,,,,2025,Italy,Italian Grand Prix,NOR,4,McLaren,2.0,53.0,80.901,SOFT,72.214,7884.957
11218.0,214.0,5,10.0,False,0,car,5103.853888888884,,,,,,,,2025,Italy,Italian Grand Prix,NOR,4,McLaren,2.0,53.0,80.901,SOFT,72.454,7885.197
10981.0,207.0,5,64.0,False,0,car,5126.853888888884,,,,,,,,2025,Italy,Italian Grand Prix,NOR,4,McLaren,2.0,53.0,80.901,SOFT,72.854,7885.597
11291.0,207.0,5,80.0,False,0,car,5136.053888888884,,,,,,,,2025,Italy,Italian Grand Prix,NOR,4,McLaren,2.0,53.0,80.901,SOFT,73.014,7885.757
11333.0,212.0,5,99.0,False,0,car,5150.187222222218,,,,,,,,2025,Italy,Italian Grand Prix,NOR,4,McLaren,2.0,53.0,80.901,SOFT,73.254,7885.997
11629.0,220.0,5,99.0,False,0,car,5172.187222222218,,,,,,,,2025,Italy,Italian Grand Prix,NOR,4,McLaren,2.0,53.0,80.901,SOFT,73.614,7886.357
10629.0,225.0,5,99.0,False,0,car,5184.687222222217,,,,,,,,2025,Italy,Italian Grand Prix,NOR,4,McLaren,2.0,53.0,80.901,SOFT,73.814,7886.557
10785.0,229.0,6,99.0,False,0,car,5197.40944444444,,,,,,,,2025,Italy,Italian Grand Prix,NOR,4,McLaren,2.0,53.0,80.901,SOFT,74.014,7886.757
10922.0,232.0,6,99.0,False,0,car,5212.876111111107,,,,,,,,2025,Italy,Italian Grand Prix,NOR,4,McLaren,2.0,53.0,80.901,SOFT,74.254,7886.997
11052.0,237.0,6,99.0,False,0,car,5225.97694444444,,,,,,,,2025,Italy,Italian Grand Prix,NOR,4,McLaren,2.0,53.0,80.901,SOFT,74.453,7887.196
11225.0,243.0,6,99.0,False,0,car,5242.17694444444,,,,,,,,2025,Italy,Italian Grand Prix,NOR,4,McLaren,2.0,53.0,80.901,SOFT,74.693,7887.436
11313.0,245.0,6,99.0,False,0,car,5253.065833333329,,,,,,,,2025,Italy,Italian Grand Prix,NOR,4,McLaren,2.0,53.0,80.901,SOFT,74.853,7887.596
11541.0,247.0,6,99.0,False,0,car,5264.043611111107,,,,,,,,2025,Italy,Italian Grand Prix,NOR,4,McLaren,2.0,53.0,80.901,SOFT,75.013,7887.756
11681.0,253.0,6,99.0,False,0,car,5286.532499999995,,,,,,,,2025,Italy,Italian Grand Prix,NOR,4,McLaren,2.0,53.0,80.901,SOFT,75.333,7888.076
11728.0,256.0,6,100.0,False,0,car,5297.9102777777725,,,,,,,,2025,Italy,Italian Grand Prix,NOR,4,McLaren,2.0,53.0,80.901,SOFT,75.493,7888.236
10565.0,261.0,6,100.0,False,0,car,5324.010277777773,,,,,,,,2025,Italy,Italian Grand Prix,NOR,4,McLaren,2.0,53.0,80.901,SOFT,75.853,7888.596
10619.0,264.0,7,99.0,False,0,car,5335.743611111107,,,,,,,,2025,Italy,Italian Grand Prix,NOR,4,McLaren,2.0,53.0,80.901,SOFT,76.013,7888.756
10807.0,267.0,7,100.0,False,0,car,5353.543611111107,,,,,,,,2025,Italy,Italian Grand Prix,NOR,4,McLaren,2.0,53.0,80.901,SOFT,76.253,7888.996
10901.0,270.0,7,100.0,False,0,car,5365.543611111107,,,,,,,,2025,Italy,Italian Grand Prix,NOR,4,McLaren,2.0,53.0,80.901,SOFT,76.413,7889.156
11272.0,275.0,7,100.0,False,0,car,5393.043611111107,,,,,,,,2025,Italy,Italian Grand Prix,NOR,4,McLaren,2.0,53.0,80.901,SOFT,76.773,7889.516
11387.0,281.0,7,100.0,False,0,car,5427.388055555551,,,,,,,,2025,Italy,Italian Grand Prix,NOR,4,McLaren,2.0,53.0,80.901,SOFT,77.213,7889.956
11439.0,286.0,7,99.0,False,0,car,5455.988055555551,,,,,,,,2025,Italy,Italian Grand Prix,NOR,4,McLaren,2.0,53.0,80.901,SOFT,77.573,7890.316
11640.0,291.0,7,99.0,False,0,car,5481.854722222219,,,,,,,,2025,Italy,Italian Grand Prix,NOR,4,McLaren,2.0,53.0,80.901,SOFT,77.893,7890.636
10760.0,304.0,8,99.0,False,0,car,5593.40583333333,,,,,,,,2025,Italy,Italian Grand Prix,NOR,4,McLaren,2.0,53.0,80.901,SOFT,79.214,7891.957
10963.0,308.0,8,99.0,False,0,car,5627.628055555552,,,,,,,,2025,Italy,Italian Grand Prix,NOR,4,McLaren,2.0,53.0,80.901,SOFT,79.614,7892.357
10935.0,308.0,8,99.0,False,0,car,5641.316944444441,,,,,,,,2025,Italy,Italian Grand Prix,NOR,4,McLaren,2.0,53.0,80.901,SOFT,79.774,7892.517
10958.0,310.0,8,99.0,False,0,car,5655.0947222222185,,,,,,,,2025,Italy,Italian Grand Prix,NOR,4,McLaren,2.0,53.0,80.901,SOFT,79.934,7892.677
11030.0,312.0,8,99.0,False,0,car,5672.428055555552,,,,,,,,2025,Italy,Italian Grand Prix,NOR,4,McLaren,2.0,53.0,80.901,SOFT,80.134,7892.877
11078.0,313.0,8,99.0,False,0,car,5696.772499999997,,,,,,,,2025,Italy,Italian Grand Prix,NOR,4,McLaren,2.0,53.0,80.901,SOFT,80.414,7893.157
11164.0,315.0,8,99.0,False,0,car,5714.272499999997,,,,,,,,2025,Italy,Italian Grand Prix,NOR,4,McLaren,2.0,53.0,80.901,SOFT,80.614,7893.357
11176.0,316.0,8,99.0,False,0,car,5735.339166666664,,,,,,,,2025,Italy,Italian Grand Prix,NOR,4,McLaren,2.0,53.0,80.901,SOFT,80.854,7893.597
11239.0,318.0,8,99.0,False,0,car,30.033333333333335,,,,,,,,2025,Italy,Italian Grand Prix,PIA,81,McLaren,3.0,47.0,81.245,SOFT,0.34,7323.874
11246.0,318.0,8,99.0,False,0,car,44.166666666666664,,,,,,,,2025,Italy,Italian Grand Prix,PIA,81,McLaren,3.0,47.0,81.245,SOFT,0.5,7324.034
11272.0,319.0,8,99.0,False,0,car,61.888888888888886,,,,,,,,2025,Italy,Italian Grand Prix,PIA,81,McLaren,3.0,47.0,81.245,SOFT,0.7,7324.234
11306.0,321.0,8,99.0,False,0,car,86.85555555555555,,,,,,,,2025,Italy,Italian Grand Prix,PIA,81,McLaren,3.0,47.0,81.245,SOFT,0.98,7324.514
11395.0,323.0,8,99.0,False,0,car,119.15555555555557,,,,,,,,2025,Italy,Italian Grand Prix,PIA,81,McLaren,3.0,47.0,81.245,SOFT,1.34,7324.874
11421.0,323.0,8,99.0,False,0,car,133.51111111111112,,,,,,,,2025,Italy,Italian Grand Prix,PIA,81,McLaren,3.0,47.0,81.245,SOFT,1.5,7325.034
11445.0,324.0,8,99.0,False,0,car,162.31111111111113,,,,,,,,2025,Italy,Italian Grand Prix,PIA,81,McLaren,3.0,47.0,81.245,SOFT,1.82,7325.354
11467.0,325.0,8,99.0,False,0,car,176.84583333333336,,,,,,,,2025,Italy,Italian Grand Prix,PIA,81,McLaren,3.0,47.0,81.245,SOFT,1.981,7325.515
11493.0,325.0,8,99.0,False,0,car,191.2902777777778,,,,,,,,2025,Italy,Italian Grand Prix,PIA,81,McLaren,3.0,47.0,81.245,SOFT,2.141,7325.675
11417.0,326.0,8,99.0,False,0,car,205.7791666666667,,,,,,,,2025,Italy,Italian Grand Prix,PIA,81,McLaren,3.0,47.0,81.245,SOFT,2.301,7325.835
11554.0,327.0,8,99.0,False,0,car,231.2125,,,,,,,,2025,Italy,Italian Grand Prix,PIA,81,McLaren,3.0,47.0,81.245,SOFT,2.581,7326.115
11537.0,328.0,8,99.0,False,0,car,249.43472222222223,,,,,,,,2025,Italy,Italian Grand Prix,PIA,81,McLaren,3.0,47.0,81.245,SOFT,2.781,7326.315
11524.0,327.0,8,99.0,False,0,car,263.96805555555557,,,,,,,,2025,Italy,Italian Grand Prix,PIA,81,McLaren,3.0,47.0,81.245,SOFT,2.941,7326.475
11530.0,328.0,8,99.0,False,0,car,293.12361111111113,,,,,,,,2025,Italy,Italian Grand Prix,PIA,81,McLaren,3.0,47.0,81.245,SOFT,3.261,7326.795
11599.0,329.0,8,99.0,False,0,car,307.74583333333334,,,,,,,,2025,Italy,Italian Grand Prix,PIA,81,McLaren,3.0,47.0,81.245,SOFT,3.421,7326.955
11591.0,329.0,8,99.0,False,0,car,325.93222222222226,,,,,,,,2025,Italy,Italian Grand Prix,PIA,81,McLaren,3.0,47.0,81.245,SOFT,3.62,7327.154
11608.0,330.0,8,99.0,False,0,car,358.93222222222226,,,,,,,,2025,Italy,Italian Grand Prix,PIA,81,McLaren,3.0,47.0,81.245,SOFT,3.98,7327.514
11652.0,330.0,8,99.0,False,0,car,384.5988888888889,,,,,,,,2025,Italy,Italian Grand Prix,PIA,81,McLaren,3.0,47.0,81.245,SOFT,4.26,7327.794
11660.0,331.0,8,99.0,False,0,car,399.31,,,,,,,,2025,Italy,Italian Grand Prix,PIA,81,McLaren,3.0,47.0,81.245,SOFT,4.42,7327.954
11701.0,332.0,8,99.0,False,0,car,439.88777777777784,,,,,,,,2025,Italy,Italian Grand Prix,PIA,81,McLaren,3.0,47.0,81.245,SOFT,4.86,7328.394
11701.0,332.0,8,100.0,False,0,car,458.33222222222224,,,,,,,,2025,Italy,Italian Grand Prix,PIA,81,McLaren,3.0,47.0,81.245,SOFT,5.06,7328.594
11701.0,332.0,8,99.0,False,0,car,484.1544444444445,,,,,,,,2025,Italy,Italian Grand Prix,PIA,81,McLaren,3.0,47.0,81.245,SOFT,5.34,7328.874
11715.0,333.0,8,99.0,False,0,car,510.0544444444445,,,,,,,,2025,Italy,Italian Grand Prix,PIA,81,McLaren,3.0,47.0,81.245,SOFT,5.62,7329.154
11723.0,333.0,8,99.0,False,0,car,532.2544444444445,,,,,,,,2025,Italy,Italian Grand Prix,PIA,81,McLaren,3.0,47.0,81.245,SOFT,5.86,7329.394
11699.0,332.0,8,99.0,False,0,car,558.0766666666667,,,,,,,,2025,Italy,Italian Grand Prix,PIA,81,McLaren,3.0,47.0,81.245,SOFT,6.14,7329.674
11712.0,332.0,8,99.0,False,0,car,580.21,,,,,,,,2025,Italy,Italian Grand Prix,PIA,81,McLaren,3.0,47.0,81.245,SOFT,6.38,7329.914
11699.0,332.0,8,99.0,False,0,car,598.6544444444445,,,,,,,,2025,Italy,Italian Grand Prix,PIA,81,McLaren,3.0,47.0,81.245,SOFT,6.58,7330.114
11646.0,331.0,8,99.0,False,0,car,628.0766666666667,,,,,,,,2025,Italy,Italian Grand Prix,PIA,81,McLaren,3.0,47.0,81.245,SOFT,6.9,7330.434
11584.0,330.0,8,99.0,False,0,car,646.41,,,,,,,,2025,Italy,Italian Grand Prix,PIA,81,McLaren,3.0,47.0,81.245,SOFT,7.1,7330.634
11475.0,327.0,8,100.0,False,0,car,686.3766666666667,,,,,,,,2025,Italy,Italian Grand Prix,PIA,81,McLaren,3.0,47.0,81.245,SOFT,7.54,7331.074
11443.0,325.0,8,100.0,False,0,car,700.8211111111111,,,,,,,,2025,Italy,Italian Grand Prix,PIA,81,McLaren,3.0,47.0,81.245,SOFT,7.7,7331.234
11339.0,323.0,8,99.0,False,0,car,736.7099999999999,,,,,,,,2025,Italy,Italian Grand Prix,PIA,81,McLaren,3.0,47.0,81.245,SOFT,8.1,7331.634
11318.0,322.0,8,99.0,False,0,car,754.598888888889,,,,,,,,2025,Italy,Italian Grand Prix,PIA,81,McLaren,3.0,47.0,81.245,SOFT,8.3,7331.834
11038.0,321.0,8,90.0,True,0,car,768.8655555555556,,,,,,,,2025,Italy,Italian Grand Prix,PIA,81,McLaren,3.0,47.0,81.245,SOFT,8.46,7331.994
10547.0,312.0,8,0.0,True,0,car,793.2188888888888,,,,,,,,2025,Italy,Italian Grand Prix,PIA,81,McLaren,3.0,47.0,81.245,SOFT,8.741,7332.275
9170.0,277.0,8,0.0,True,0,car,811.6855555555555,,,,,,,,2025,Italy,Italian Grand Prix,PIA,81,McLaren,3.0,47.0,81.245,SOFT,8.981,7332.515
8597.0,249.0,8,0.0,True,0,car,822.7522222222223,,,,,,,,2025,Italy,Italian Grand Prix,PIA,81,McLaren,3.0,47.0,81.245,SOFT,9.141,7332.675
8961.0,224.0,8,0.0,True,0,car,835.1966666666667,,,,,,,,2025,Italy,Italian Grand Prix,PIA,81,McLaren,3.0,47.0,81.245,SOFT,9.341,7332.875
9486.0,191.0,8,0.0,True,0,car,850.0522222222223,,,,,,,,2025,Italy,Italian Grand Prix,PIA,81,McLaren,3.0,47.0,81.245,SOFT,9.621,7333.155
10432.0,159.0,8,0.0,True,0,car,865.9522222222223,,,,,,,,2025,Italy,Italian Grand Prix,PIA,81,McLaren,3.0,47.0,81.245,SOFT,9.981,7333.515
9416.0,142.0,6,0.0,True,0,car,876.9572222222223,,,,,,,,2025,Italy,Italian Grand Prix,PIA,81,McLaren,3.0,47.0,81.245,SOFT,10.26,7333.794
10105.0,119.0,4,0.0,True,0,car,882.2461111111112,,,,,,,,2025,Italy,Italian Grand Prix,PIA,81,McLaren,3.0,47.0,81.245,SOFT,10.42,7333.954
9110.0,109.0,2,0.0,True,0,car,889.5127777777778,,,,,,,,2025,Italy,Italian Grand Prix,PIA,81,McLaren,3.0,47.0,81.245,SOFT,10.66,7334.194
8112.0,96.0,2,0.0,True,0,car,895.9127777777778,,,,,,,,2025,Italy,Italian Grand Prix,PIA,81,McLaren,3.0,47.0,81.245,SOFT,10.9,7334.434
7733.0,90.0,2,0.0,True,0,car,902.9127777777778,,,,,,,,2025,Italy,Italian Grand Prix,PIA,81,McLaren,3.0,47.0,81.245,SOFT,11.18,7334.714
7439.0,86.0,2,0.0,True,0,car,906.735,,,,,,,,2025,Italy,Italian Grand Prix,PIA,81,McLaren,3.0,47.0,81.245,SOFT,11.34,7334.874
7265.0,83.0,2,0.0,False,0,car,913.1905555555555,,,,,,,,2025,Italy,Italian Grand Prix,PIA,81,McLaren,3.0,47.0,81.245,SOFT,11.62,7335.154
6815.0,78.0,2,4.0,False,0,car,917.5238888888889,,,,,,,,2025,Italy,Italian Grand Prix,PIA,81,McLaren,3.0,47.0,81.245,SOFT,11.82,7335.354
7284.0,77.0,2,13.0,False,0,car,921.8016666666666,,,,,,,,2025,Italy,Italian Grand Prix,PIA,81,McLaren,3.0,47.0,81.245,SOFT,12.02,7335.554
7459.0,80.0,2,29.0,False,0,car,926.2461111111111,,,,,,,,2025,Italy,Italian Grand Prix,PIA,81,McLaren,3.0,47.0,81.245,SOFT,12.22,7335.754
7299.0,81.0,2,25.0,False,0,car,931.646111111111,,,,,,,,2025,Italy,Italian Grand Prix,PIA,81,McLaren,3.0,47.0,81.245,SOFT,12.46,7335.994
6993.0,82.0,2,0.0,False,0,car,937.1127777777776,,,,,,,,2025,Italy,Italian Grand Prix,PIA,81,McLaren,3.0,47.0,81.245,SOFT,12.7,7336.234
6962.0,81.0,2,0.0,False,0,car,942.5127777777776,,,,,,,,2025,Italy,Italian Grand Prix,PIA,81,McLaren,3.0,47.0,81.245,SOFT,12.94,7336.474
6709.0,78.0,2,4.0,False,0,car,949.446111111111,,,,,,,,2025,Italy,Italian Grand Prix,PIA,81,McLaren,3.0,47.0,81.245,SOFT,13.26,7336.794
7256.0,75.0,2,23.0,False,0,car,957.7794444444444,,,,,,,,2025,Italy,Italian Grand Prix,PIA,81,McLaren,3.0,47.0,81.245,SOFT,13.66,7337.194
7605.0,81.0,2,32.0,False,0,car,963.1794444444444,,,,,,,,2025,Italy,Italian Grand Prix,PIA,81,McLaren,3.0,47.0,81.245,SOFT,13.9,7337.434
8128.0,86.0,2,44.0,False,0,car,967.9572222222221,,,,,,,,2025,Italy,Italian Grand Prix,PIA,81,McLaren,3.0,47.0,81.245,SOFT,14.1,7337.634
8668.0,92.0,2,49.0,False,0,car,973.0683333333332,,,,,,,,2025,Italy,Italian Grand Prix,PIA,81,McLaren,3.0,47.0,81.245,SOFT,14.3,7337.834
8808.0,96.0,2,59.0,False,0,car,977.3349999999998,,,,,,,,2025,Italy,Italian Grand Prix,PIA,81,McLaren,3.0,47.0,81.245,SOFT,14.46,7337.994
9928.0,103.0,2,70.0,False,0,car,981.9127777777776,,,,,,,,2025,Italy,Italian Grand Prix,PIA,81,McLaren,3.0,47.0,81.245,SOFT,14.62,7338.154
10207.0,108.0,2,74.0,False,0,car,986.7127777777775,,,,,,,,2025,Italy,Italian Grand Prix,PIA,81,McLaren,3.0,47.0,81.245,SOFT,14.78,7338.314
11187.0,117.0,2,82.0,False,0,car,993.2127777777775,,,,,,,,2025,Italy,Italian Grand Prix,PIA,81,McLaren,3.0,47.0,81.245,SOFT,14.98,7338.514
10696.0,132.0,2,99.0,False,0,car,1003.5161111111108,,,,,,,,2025,Italy,Italian Grand Prix,PIA,81,McLaren,3.0,47.0,81.245,SOFT,15.261,7338.795
11046.0,145.0,3,99.0,False,0,car,1011.5716666666664,,,,,,,,2025,Italy,Italian Grand Prix,PIA,81,McLaren,3.0,47.0,81.245,SOFT,15.461,7338.995
11626.0,160.0,3,99.0,False,0,car,1025.7938888888887,,,,,,,,2025,Italy,Italian Grand Prix,PIA,81,McLaren,3.0,47.0,81.245,SOFT,15.781,7339.315
10827.0,175.0,4,99.0,False,0,car,1037.4605555555554,,,,,,,,2025,Italy,Italian Grand Prix,PIA,81,McLaren,3.0,47.0,81.245,SOFT,16.021,7339.555
11369.0,188.0,4,99.0,False,0,car,1056.2605555555554,,,,,,,,2025,Italy,Italian Grand Prix,PIA,81,McLaren,3.0,47.0,81.245,SOFT,16.381,7339.915
10683.0,203.0,5,99.0,False,0,car,1074.3049999999998,,,,,,,,2025,Italy,Italian Grand Prix,PIA,81,McLaren,3.0,47.0,81.245,SOFT,16.701,7340.235
11123.0,206.0,5,99.0,False,0,car,1083.4605555555554,,,,,,,,2025,Italy,Italian Grand Prix,PIA,81,McLaren,3.0,47.0,81.245,SOFT,16.861,7340.395
11475.0,216.0,5,99.0,False,0,car,1097.8005555555555,,,,,,,,2025,Italy,Italian Grand Prix,PIA,81,McLaren,3.0,47.0,81.245,SOFT,17.1,7340.634
10306.0,225.0,6,99.0,False,0,car,1117.8005555555555,,,,,,,,2025,Italy,Italian Grand Prix,PIA,81,McLaren,3.0,47.0,81.245,SOFT,17.42,7340.954
10989.0,237.0,6,99.0,False,0,car,1146.767222222222,,,,,,,,2025,Italy,Italian Grand Prix,PIA,81,McLaren,3.0,47.0,81.245,SOFT,17.86,7341.394
11150.0,241.0,6,99.0,False,0,car,1160.156111111111,,,,,,,,2025,Italy,Italian Grand Prix,PIA,81,McLaren,3.0,47.0,81.245,SOFT,18.06,7341.594
11236.0,251.0,6,99.0,False,0,car,1188.045,,,,,,,,2025,Italy,Italian Grand Prix,PIA,81,McLaren,3.0,47.0,81.245,SOFT,18.46,7341.994
10408.0,260.0,7,99.0,False,0,car,1214.045,,,,,,,,2025,Italy,Italian Grand Prix,PIA,81,McLaren,3.0,47.0,81.245,SOFT,18.82,7342.354
10570.0,263.0,7,99.0,False,0,car,1228.6561111111112,,,,,,,,2025,Italy,Italian Grand Prix,PIA,81,McLaren,3.0,47.0,81.245,SOFT,19.02,7342.554
10774.0,269.0,7,99.0,False,0,car,1249.5783333333334,,,,,,,,2025,Italy,Italian Grand Prix,PIA,81,McLaren,3.0,47.0,81.245,SOFT,19.3,7342.834
11060.0,274.0,7,98.0,False,0,car,1276.9783333333332,,,,,,,,2025,Italy,Italian Grand Prix,PIA,81,McLaren,3.0,47.0,81.245,SOFT,19.66,7343.194
11090.0,276.0,7,98.0,False,0,car,1289.245,,,,,,,,2025,Italy,Italian Grand Prix,PIA,81,McLaren,3.0,47.0,81.245,SOFT,19.82,7343.354
11227.0,281.0,7,98.0,False,0,car,1311.1005555555555,,,,,,,,2025,Italy,Italian Grand Prix,PIA,81,McLaren,3.0,47.0,81.245,SOFT,20.1,7343.634
11391.0,284.0,7,98.0,False,0,car,1336.345,,,,,,,,2025,Italy,Italian Grand Prix,PIA,81,McLaren,3.0,47.0,81.245,SOFT,20.42,7343.954
11490.0,286.0,7,98.0,False,0,car,1349.0561111111108,,,,,,,,2025,Italy,Italian Grand Prix,PIA,81,McLaren,3.0,47.0,81.245,SOFT,20.58,7344.114
11580.0,288.0,7,98.0,False,0,car,1365.056111111111,,,,,,,,2025,Italy,Italian Grand Prix,PIA,81,McLaren,3.0,47.0,81.245,SOFT,20.78,7344.314
11575.0,290.0,7,98.0,False,0,car,1377.945,,,,,,,,2025,Italy,Italian Grand Prix,PIA,81,McLaren,3.0,47.0,81.245,SOFT,20.94,7344.474
10423.0,294.0,8,98.0,False,0,car,1410.6116666666665,,,,,,,,2025,Italy,Italian Grand Prix,PIA,81,McLaren,3.0,47.0,81.245,SOFT,21.34,7344.874
10516.0,296.0,8,98.0,False,0,car,1430.3449999999996,,,,,,,,2025,Italy,Italian Grand Prix,PIA,81,McLaren,3.0,47.0,81.245,SOFT,21.58,7345.114
10556.0,299.0,8,98.0,False,0,car,1450.3613888888888,,,,,,,,2025,Italy,Italian Grand Prix,PIA,81,McLaren,3.0,47.0,81.245,SOFT,21.821,7345.355
10633.0,300.0,8,98.0,False,0,car,1467.0280555555553,,,,,,,,2025,Italy,Italian Grand Prix,PIA,81,McLaren,3.0,47.0,81.245,SOFT,22.021,7345.555
10681.0,302.0,8,98.0,False,0,car,1483.805833333333,,,,,,,,2025,Italy,Italian Grand Prix,PIA,81,McLaren,3.0,47.0,81.245,SOFT,22.221,7345.755
10750.0,304.0,8,98.0,False,0,car,1504.0724999999995,,,,,,,,2025,Italy,Italian Grand Prix,PIA,81,McLaren,3.0,47.0,81.245,SOFT,22.461,7345.995
10766.0,306.0,8,98.0,False,0,car,1524.4724999999996,,,,,,,,2025,Italy,Italian Grand Prix,PIA,81,McLaren,3.0,47.0,81.245,SOFT,22.701,7346.235
10819.0,307.0,8,98.0,False,0,car,1541.528055555555,,,,,,,,2025,Italy,Italian Grand Prix,PIA,81,McLaren,3.0,47.0,81.245,SOFT,22.901,7346.435
10877.0,308.0,8,98.0,False,0,car,1562.0613888888884,,,,,,,,2025,Italy,Italian Grand Prix,PIA,81,McLaren,3.0,47.0,81.245,SOFT,23.141,7346.675
10956.0,309.0,8,98.0,False,0,car,1579.2280555555553,,,,,,,,2025,Italy,Italian Grand Prix,PIA,81,McLaren,3.0,47.0,81.245,SOFT,23.341,7346.875
10997.0,311.0,8,98.0,False,0,car,1613.6972222222219,,,,,,,,2025,Italy,Italian Grand Prix,PIA,81,McLaren,3.0,47.0,81.245,SOFT,23.74,7347.274
11065.0,313.0,8,99.0,False,0,car,1644.997222222222,,,,,,,,2025,Italy,Italian Grand Prix,PIA,81,McLaren,3.0,47.0,81.245,SOFT,24.1,7347.634
11205.0,315.0,8,99.0,False,0,car,1672.997222222222,,,,,,,,2025,Italy,Italian Grand Prix,PIA,81,McLaren,3.0,47.0,81.245,SOFT,24.42,7347.954
11117.0,315.0,8,99.0,False,0,car,1707.9972222222218,,,,,,,,2025,Italy,Italian Grand Prix,PIA,81,McLaren,3.0,47.0,81.245,SOFT,24.82,7348.354
11072.0,314.0,8,99.0,False,0,car,1739.3972222222217,,,,,,,,2025,Italy,Italian Grand Prix,PIA,81,McLaren,3.0,47.0,81.245,SOFT,25.18,7348.714
11068.0,314.0,8,99.0,False,0,car,1763.819444444444,,,,,,,,2025,Italy,Italian Grand Prix,PIA,81,McLaren,3.0,47.0,81.245,SOFT,25.46,7348.994
11106.0,314.0,8,99.0,False,0,car,1788.2416666666659,,,,,,,,2025,Italy,Italian Grand Prix,PIA,81,McLaren,3.0,47.0,81.245,SOFT,25.74,7349.274
11074.0,314.0,8,99.0,False,0,car,1816.152777777777,,,,,,,,2025,Italy,Italian Grand Prix,PIA,81,McLaren,3.0,47.0,81.245,SOFT,26.06,7349.594
10984.0,314.0,8,99.0,False,0,car,1840.5749999999991,,,,,,,,2025,Italy,Italian Grand Prix,PIA,81,McLaren,3.0,47.0,81.245,SOFT,26.34,7349.874
11020.0,313.0,8,99.0,False,0,car,1871.874999999999,,,,,,,,2025,Italy,Italian Grand Prix,PIA,81,McLaren,3.0,47.0,81.245,SOFT,26.7,7350.234
10969.0,311.0,8,99.0,False,0,car,1934.0749999999994,,,,,,,,2025,Italy,Italian Grand Prix,PIA,81,McLaren,3.0,47.0,81.245,SOFT,27.42,7350.954
10956.0,311.0,8,99.0,False,0,car,1951.3527777777772,,,,,,,,2025,Italy,Italian Grand Prix,PIA,81,McLaren,3.0,47.0,81.245,SOFT,27.62,7351.154
10875.0,310.0,8,85.0,False,0,car,1978.9083333333328,,,,,,,,2025,Italy,Italian Grand Prix,PIA,81,McLaren,3.0,47.0,81.245,SOFT,27.94,7351.474
10138.0,299.0,8,0.0,True,0,car,2005.569166666666,,,,,,,,2025,Italy,Italian Grand Prix,PIA,81,McLaren,3.0,47.0,81.245,SOFT,28.261,7351.795
8671.0,263.0,8,0.0,True,0,car,2031.869166666666,,,,,,,,2025,Italy,Italian Grand Prix,PIA,81,McLaren,3.0,47.0,81.245,SOFT,28.621,7352.155
8953.0,226.0,8,0.0,True,0,car,2046.9358333333328,,,,,,,,2025,Italy,Italian Grand Prix,PIA,81,McLaren,3.0,47.0,81.245,SOFT,28.861,7352.395
9083.0,204.0,8,0.0,True,0,car,2058.269166666666,,,,,,,,2025,Italy,Italian Grand Prix,PIA,81,McLaren,3.0,47.0,81.245,SOFT,29.061,7352.595
9165.0,183.0,8,0.0,True,0,car,2066.4024999999992,,,,,,,,2025,Italy,Italian Grand Prix,PIA,81,McLaren,3.0,47.0,81.245,SOFT,29.221,7352.755
10154.0,164.0,8,0.0,True,0,car,2077.3358333333326,,,,,,,,2025,Italy,Italian Grand Prix,PIA,81,McLaren,3.0,47.0,81.245,SOFT,29.461,7352.995
9542.0,150.0,6,0.0,True,0,car,2090.669166666666,,,,,,,,2025,Italy,Italian Grand Prix,PIA,81,McLaren,3.0,47.0,81.245,SOFT,29.781,7353.315
8911.0,133.0,4,0.0,True,0,car,2098.0580555555553,,,,,,,,2025,Italy,Italian Grand Prix,PIA,81,McLaren,3.0,47.0,81.245,SOFT,29.981,7353.515
8353.0,122.0,3,0.0,True,0,car,2107.546944444444,,,,,,,,2025,Italy,Italian Grand Prix,PIA,81,McLaren,3.0,47.0,81.245,SOFT,30.261,7353.795
8254.0,116.0,3,0.0,False,0,car,2115.248055555555,,,,,,,,2025,Italy,Italian Grand Prix,PIA,81,McLaren,3.0,47.0,81.245,SOFT,30.5,7354.034
8069.0,114.0,3,1.0,False,0,car,2121.5813888888883,,,,,,,,2025,Italy,Italian Grand Prix,PIA,81,McLaren,3.0,47.0,81.245,SOFT,30.7,7354.234
8506.0,113.0,3,35.0,False,0,car,2134.136944444444,,,,,,,,2025,Italy,Italian Grand Prix,PIA,81,McLaren,3.0,47.0,81.245,SOFT,31.1,7354.634
8558.0,115.0,3,47.0,False,0,car,2139.2480555555553,,,,,,,,2025,Italy,Italian Grand Prix,PIA,81,McLaren,3.0,47.0,81.245,SOFT,31.26,7354.794
8844.0,118.0,3,47.0,False,0,car,2144.4925,,,,,,,,2025,Italy,Italian Grand Prix,PIA,81,McLaren,3.0,47.0,81.245,SOFT,31.42,7354.954
9035.0,121.0,3,32.0,False,0,car,2152.5591666666664,,,,,,,,2025,Italy,Italian Grand Prix,PIA,81,McLaren,3.0,47.0,81.245,SOFT,31.66,7355.194
9049.0,124.0,3,35.0,False,0,car,2160.825833333333,,,,,,,,2025,Italy,Italian Grand Prix,PIA,81,McLaren,3.0,47.0,81.245,SOFT,31.9,7355.434
9369.0,123.0,3,49.0,False,0,car,2166.2924999999996,,,,,,,,2025,Italy,Italian Grand Prix,PIA,81,McLaren,3.0,47.0,81.245,SOFT,32.06,7355.594
9676.0,130.0,3,72.0,False,0,car,2173.5147222222217,,,,,,,,2025,Italy,Italian Grand Prix,PIA,81,McLaren,3.0,47.0,81.245,SOFT,32.26,7355.794
10710.0,137.0,3,81.0,False,0,car,2182.648055555555,,,,,,,,2025,Italy,Italian Grand Prix,PIA,81,McLaren,3.0,47.0,81.245,SOFT,32.5,7356.034
10915.0,155.0,3,98.0,False,0,car,2196.425833333333,,,,,,,,2025,Italy,Italian Grand Prix,PIA,81,McLaren,3.0,47.0,81.245,SOFT,32.82,7356.354
10785.0,169.0,4,98.0,False,0,car,2213.325833333333,,,,,,,,2025,Italy,Italian Grand Prix,PIA,81,McLaren,3.0,47.0,81.245,SOFT,33.18,7356.714
11345.0,183.0,4,99.0,False,0,car,2225.525833333333,,,,,,,,2025,Italy,Italian Grand Prix,PIA,81,McLaren,3.0,47.0,81.245,SOFT,33.42,7356.954
10655.0,194.0,4,99.0,False,0,car,2244.9258333333332,,,,,,,,2025,Italy,Italian Grand Prix,PIA,81,McLaren,3.0,47.0,81.245,SOFT,33.78,7357.314
10725.0,201.0,5,99.0,False,0,car,2256.0924999999997,,,,,,,,2025,Italy,Italian Grand Prix,PIA,81,McLaren,3.0,47.0,81.245,SOFT,33.98,7357.514
11040.0,205.0,5,99.0,False,0,car,2265.203611111111,,,,,,,,2025,Italy,Italian Grand Prix,PIA,81,McLaren,3.0,47.0,81.245,SOFT,34.14,7357.674
11551.0,215.0,5,99.0,False,0,car,2279.5369444444445,,,,,,,,2025,Italy,Italian Grand Prix,PIA,81,McLaren,3.0,47.0,81.245,SOFT,34.38,7357.914
11126.0,224.0,5,99.0,False,0,car,2294.4702777777775,,,,,,,,2025,Italy,Italian Grand Prix,PIA,81,McLaren,3.0,47.0,81.245,SOFT,34.62,7358.154
10562.0,229.0,5,99.0,False,0,car,2309.800555555555,,,,,,,,2025,Italy,Italian Grand Prix,PIA,81,McLaren,3.0,47.0,81.245,SOFT,34.861,7358.395
10774.0,237.0,6,99.0,False,0,car,2333.500555555555,,,,,,,,2025,Italy,Italian Grand Prix,PIA,81,McLaren,3.0,47.0,81.245,SOFT,35.221,7358.755
11094.0,243.0,6,99.0,False,0,car,2360.5005555555554,,,,,,,,2025,Italy,Italian Grand Prix,PIA,81,McLaren,3.0,47.0,81.245,SOFT,35.621,7359.155
11286.0,247.0,6,99.0,False,0,car,2387.9449999999997,,,,,,,,2025,Italy,Italian Grand Prix,PIA,81,McLaren,3.0,47.0,81.245,SOFT,36.021,7359.555
11311.0,252.0,6,94.0,False,0,car,2418.7449999999994,,,,,,,,2025,Italy,Italian Grand Prix,PIA,81,McLaren,3.0,47.0,81.245,SOFT,36.461,7359.995
11087.0,246.0,6,0.0,True,0,car,2446.0783333333325,,,,,,,,2025,Italy,Italian Grand Prix,PIA,81,McLaren,3.0,47.0,81.245,SOFT,36.861,7360.395
11839.0,231.0,6,0.0,True,0,car,2458.911666666666,,,,,,,,2025,Italy,Italian Grand Prix,PIA,81,McLaren,3.0,47.0,81.245,SOFT,37.061,7360.595
11462.0,223.0,5,0.0,True,0,car,2468.7608333333324,,,,,,,,2025,Italy,Italian Grand Prix,PIA,81,McLaren,3.0,47.0,81.245,SOFT,37.22,7360.754
11012.0,217.0,5,0.0,True,0,car,2488.049722222221,,,,,,,,2025,Italy,Italian Grand Prix,PIA,81,McLaren,3.0,47.0,81.245,SOFT,37.54,7361.074
10656.0,206.0,5,2.0,False,0,car,2508.649722222221,,,,,,,,2025,Italy,Italian Grand Prix,PIA,81,McLaren,3.0,47.0,81.245,SOFT,37.9,7361.434
10565.0,204.0,5,16.0,False,0,car,2517.716388888888,,,,,,,,2025,Italy,Italian Grand Prix,PIA,81,McLaren,3.0,47.0,81.245,SOFT,38.06,7361.594
10565.0,201.0,5,39.0,False,0,car,2531.1163888888877,,,,,,,,2025,Italy,Italian Grand Prix,PIA,81,McLaren,3.0,47.0,81.245,SOFT,38.3,7361.834
11086.0,204.0,5,91.0,False,0,car,2551.516388888888,,,,,,,,2025,Italy,Italian Grand Prix,PIA,81,McLaren,3.0,47.0,81.245,SOFT,38.66,7362.194
11457.0,212.0,5,98.0,False,0,car,2570.3608333333323,,,,,,,,2025,Italy,Italian Grand Prix,PIA,81,McLaren,3.0,47.0,81.245,SOFT,38.98,7362.514
11457.0,217.0,5,98.0,False,0,car,2580.005277777777,,,,,,,,2025,Italy,Italian Grand Prix,PIA,81,McLaren,3.0,47.0,81.245,SOFT,39.14,7362.674
10517.0,223.0,6,98.0,False,0,car,2607.2608333333324,,,,,,,,2025,Italy,Italian Grand Prix,PIA,81,McLaren,3.0,47.0,81.245,SOFT,39.58,7363.114
10719.0,230.0,6,98.0,False,0,car,2617.483055555555,,,,,,,,2025,Italy,Italian Grand Prix,PIA,81,McLaren,3.0,47.0,81.245,SOFT,39.74,7363.274
11081.0,240.0,6,99.0,False,0,car,2652.1497222222215,,,,,,,,2025,Italy,Italian Grand Prix,PIA,81,McLaren,3.0,47.0,81.245,SOFT,40.26,7363.794
11118.0,246.0,6,99.0,False,0,car,2668.5497222222216,,,,,,,,2025,Italy,Italian Grand Prix,PIA,81,McLaren,3.0,47.0,81.245,SOFT,40.5,7364.034
11350.0,248.0,6,99.0,False,0,car,2687.8386111111104,,,,,,,,2025,Italy,Italian Grand Prix,PIA,81,McLaren,3.0,47.0,81.245,SOFT,40.78,7364.314
11440.0,250.0,6,99.0,False,0,car,2704.5052777777773,,,,,,,,2025,Italy,Italian Grand Prix,PIA,81,McLaren,3.0,47.0,81.245,SOFT,41.02,7364.554
11628.0,254.0,6,99.0,False,0,car,2729.9758333333325,,,,,,,,2025,Italy,Italian Grand Prix,PIA,81,McLaren,3.0,47.0,81.245,SOFT,41.381,7364.915
11505.0,257.0,6,99.0,False,0,car,2749.9647222222216,,,,,,,,2025,Italy,Italian Grand Prix,PIA,81,McLaren,3.0,47.0,81.245,SOFT,41.661,7365.195
10929.0,257.0,6,3.0,False,0,car,2761.3869444444435,,,,,,,,2025,Italy,Italian Grand Prix,PIA,81,McLaren,3.0,47.0,81.245,SOFT,41.821,7365.355
11106.0,252.0,6,0.0,True,0,car,2772.586944444444,,,,,,,,2025,Italy,Italian Grand Prix,PIA,81,McLaren,3.0,47.0,81.245,SOFT,41.981,7365.515
10509.0,218.0,6,0.0,True,0,car,2791.9647222222216,,,,,,,,2025,Italy,Italian Grand Prix,PIA,81,McLaren,3.0,47.0,81.245,SOFT,42.301,7365.835
10036.0,200.0,5,0.0,True,0,car,2811.9647222222216,,,,,,,,2025,Italy,Italian Grand Prix,PIA,81,McLaren,3.0,47.0,81.245,SOFT,42.661,7366.195
9849.0,189.0,5,2.0,False,0,car,2832.9647222222216,,,,,,,,2025,Italy,Italian Grand Prix,PIA,81,McLaren,3.0,47.0,81.245,SOFT,43.061,7366.595
9741.0,189.0,5,23.0,False,0,car,2843.4647222222216,,,,,,,,2025,Italy,Italian Grand Prix,PIA,81,McLaren,3.0,47.0,81.245,SOFT,43.261,7366.795
10122.0,184.0,5,60.0,False,0,car,2855.731388888888,,,,,,,,2025,Italy,Italian Grand Prix,PIA,81,McLaren,3.0,47.0,81.245,SOFT,43.501,7367.035
9862.0,186.0,5,74.0,False,0,car,2866.0647222222215,,,,,,,,2025,Italy,Italian Grand Prix,PIA,81,McLaren,3.0,47.0,81.245,SOFT,43.701,7367.235
11088.0,207.0,5,98.0,False,0,car,2900.507222222221,,,,,,,,2025,Italy,Italian Grand Prix,PIA,81,McLaren,3.0,47.0,81.245,SOFT,44.3,7367.834
11412.0,212.0,5,98.0,False,0,car,2916.99611111111,,,,,,,,2025,Italy,Italian Grand Prix,PIA,81,McLaren,3.0,47.0,81.245,SOFT,44.58,7368.114
10609.0,220.0,5,99.0,False,0,car,2931.662777777777,,,,,,,,2025,Italy,Italian Grand Prix,PIA,81,McLaren,3.0,47.0,81.245,SOFT,44.82,7368.354
10431.0,226.0,6,99.0,False,0,car,2944.218333333333,,,,,,,,2025,Italy,Italian Grand Prix,PIA,81,McLaren,3.0,47.0,81.245,SOFT,45.02,7368.554
10568.0,231.0,6,99.0,False,0,car,2957.051666666666,,,,,,,,2025,Italy,Italian Grand Prix,PIA,81,McLaren,3.0,47.0,81.245,SOFT,45.22,7368.754
10925.0,237.0,6,99.0,False,0,car,2970.218333333333,,,,,,,,2025,Italy,Italian Grand Prix,PIA,81,McLaren,3.0,47.0,81.245,SOFT,45.42,7368.954
11086.0,240.0,6,99.0,False,0,car,2983.551666666666,,,,,,,,2025,Italy,Italian Grand Prix,PIA,81,McLaren,3.0,47.0,81.245,SOFT,45.62,7369.154
11343.0,244.0,6,99.0,False,0,car,2994.3961111111107,,,,,,,,2025,Italy,Italian Grand Prix,PIA,81,McLaren,3.0,47.0,81.245,SOFT,45.78,7369.314
10570.0,252.0,6,99.0,False,0,car,3013.9961111111106,,,,,,,,2025,Italy,Italian Grand Prix,PIA,81,McLaren,3.0,47.0,81.245,SOFT,46.06,7369.594
10344.0,256.0,7,99.0,False,0,car,3036.751666666666,,,,,,,,2025,Italy,Italian Grand Prix,PIA,81,McLaren,3.0,47.0,81.245,SOFT,46.38,7369.914
10515.0,262.0,7,99.0,False,0,car,3054.2183333333323,,,,,,,,2025,Italy,Italian Grand Prix,PIA,81,McLaren,3.0,47.0,81.245,SOFT,46.62,7370.154
10835.0,268.0,7,99.0,False,0,car,3072.084999999999,,,,,,,,2025,Italy,Italian Grand Prix,PIA,81,McLaren,3.0,47.0,81.245,SOFT,46.86,7370.394
10951.0,273.0,7,99.0,False,0,car,3090.2849999999994,,,,,,,,2025,Italy,Italian Grand Prix,PIA,81,McLaren,3.0,47.0,81.245,SOFT,47.1,7370.634
11033.0,274.0,7,99.0,False,0,car,3102.462777777777,,,,,,,,2025,Italy,Italian Grand Prix,PIA,81,McLaren,3.0,47.0,81.245,SOFT,47.26,7370.794
11282.0,282.0,7,99.0,False,0,car,3136.929444444444,,,,,,,,2025,Italy,Italian Grand Prix,PIA,81,McLaren,3.0,47.0,81.245,SOFT,47.7,7371.234
11443.0,283.0,7,99.0,False,0,car,3159.019166666666,,,,,,,,2025,Italy,Italian Grand Prix,PIA,81,McLaren,3.0,47.0,81.245,SOFT,47.981,7371.515
11598.0,289.0,7,99.0,False,0,car,3184.708055555555,,,,,,,,2025,Italy,Italian Grand Prix,PIA,81,McLaren,3.0,47.0,81.245,SOFT,48.301,7371.835
10478.0,292.0,7,99.0,False,0,car,3200.9302777777766,,,,,,,,2025,Italy,Italian Grand Prix,PIA,81,McLaren,3.0,47.0,81.245,SOFT,48.501,7372.035
10483.0,295.0,8,99.0,False,0,car,3230.4302777777766,,,,,,,,2025,Italy,Italian Grand Prix,PIA,81,McLaren,3.0,47.0,81.245,SOFT,48.861,7372.395
10565.0,298.0,8,99.0,False,0,car,3253.6080555555545,,,,,,,,2025,Italy,Italian Grand Prix,PIA,81,McLaren,3.0,47.0,81.245,SOFT,49.141,7372.675
10603.0,300.0,8,99.0,False,0,car,3266.941388888888,,,,,,,,2025,Italy,Italian Grand Prix,PIA,81,McLaren,3.0,47.0,81.245,SOFT,49.301,7372.835
10683.0,302.0,8,99.0,False,0,car,3287.0747222222208,,,,,,,,2025,Italy,Italian Grand Prix,PIA,81,McLaren,3.0,47.0,81.245,SOFT,49.541,7373.075
10766.0,304.0,8,99.0,False,0,car,3303.96361111111,,,,,,,,2025,Italy,Italian Grand Prix,PIA,81,McLaren,3.0,47.0,81.245,SOFT,49.741,7373.275
10864.0,305.0,8,99.0,False,0,car,3320.9080555555547,,,,,,,,2025,Italy,Italian Grand Prix,PIA,81,McLaren,3.0,47.0,81.245,SOFT,49.941,7373.475
10885.0,307.0,8,99.0,False,0,car,3341.374722222221,,,,,,,,2025,Italy,Italian Grand Prix,PIA,81,McLaren,3.0,47.0,81.245,SOFT,50.181,7373.715
10918.0,309.0,8,99.0,False,0,car,3355.1080555555545,,,,,,,,2025,Italy,Italian Grand Prix,PIA,81,McLaren,3.0,47.0,81.245,SOFT,50.341,7373.875
10926.0,311.0,8,99.0,False,0,car,3379.2969444444434,,,,,,,,2025,Italy,Italian Grand Prix,PIA,81,McLaren,3.0,47.0,81.245,SOFT,50.621,7374.155
11059.0,313.0,8,99.0,False,0,car,3407.0322222222208,,,,,,,,2025,Italy,Italian Grand Prix,PIA,81,McLaren,3.0,47.0,81.245,SOFT,50.94,7374.474
11171.0,316.0,8,99.0,False,0,car,3449.1655555555544,,,,,,,,2025,Italy,Italian Grand Prix,PIA,81,McLaren,3.0,47.0,81.245,SOFT,51.42,7374.954
11209.0,319.0,8,99.0,False,0,car,3484.6099999999988,,,,,,,,2025,Italy,Italian Grand Prix,PIA,81,McLaren,3.0,47.0,81.245,SOFT,51.82,7375.354
11216.0,319.0,8,99.0,False,0,car,3505.8766666666656,,,,,,,,2025,Italy,Italian Grand Prix,PIA,81,McLaren,3.0,47.0,81.245,SOFT,52.06,7375.594
11226.0,318.0,8,99.0,False,0,car,3541.2099999999987,,,,,,,,2025,Italy,Italian Grand Prix,PIA,81,McLaren,3.0,47.0,81.245,SOFT,52.46,7375.994
11181.0,318.0,8,99.0,False,0,car,3569.4766666666656,,,,,,,,2025,Italy,Italian Grand Prix,PIA,81,McLaren,3.0,47.0,81.245,SOFT,52.78,7376.314
11166.0,318.0,8,99.0,False,0,car,3587.1433333333316,,,,,,,,2025,Italy,Italian Grand Prix,PIA,81,McLaren,3.0,47.0,81.245,SOFT,52.98,7376.514
11111.0,316.0,8,99.0,False,0,car,3604.6988888888873,,,,,,,,2025,Italy,Italian Grand Prix,PIA,81,McLaren,3.0,47.0,81.245,SOFT,53.18,7376.714
11109.0,316.0,8,99.0,False,0,car,3618.743333333332,,,,,,,,2025,Italy,Italian Grand Prix,PIA,81,McLaren,3.0,47.0,81.245,SOFT,53.34,7376.874
11061.0,315.0,8,99.0,False,0,car,3639.7433333333315,,,,,,,,2025,Italy,Italian Grand Prix,PIA,81,McLaren,3.0,47.0,81.245,SOFT,53.58,7377.114
11057.0,313.0,8,99.0,False,0,car,3660.6099999999983,,,,,,,,2025,Italy,Italian Grand Prix,PIA,81,McLaren,3.0,47.0,81.245,SOFT,53.82,7377.354
11004.0,313.0,8,99.0,False,0,car,3688.4322222222204,,,,,,,,2025,Italy,Italian Grand Prix,PIA,81,McLaren,3.0,47.0,81.245,SOFT,54.14,7377.674
10984.0,311.0,8,99.0,False,0,car,3723.0741666666645,,,,,,,,2025,Italy,Italian Grand Prix,PIA,81,McLaren,3.0,47.0,81.245,SOFT,54.541,7378.075
10935.0,310.0,8,99.0,False,0,car,3740.296388888887,,,,,,,,2025,Italy,Italian Grand Prix,PIA,81,McLaren,3.0,47.0,81.245,SOFT,54.741,7378.275
10920.0,310.0,8,99.0,False,0,car,3764.4074999999984,,,,,,,,2025,Italy,Italian Grand Prix,PIA,81,McLaren,3.0,47.0,81.245,SOFT,55.021,7378.555
10909.0,309.0,8,99.0,False,0,car,3788.4408333333317,,,,,,,,2025,Italy,Italian Grand Prix,PIA,81,McLaren,3.0,47.0,81.245,SOFT,55.301,7378.835
10636.0,309.0,8,30.0,False,0,car,3812.474166666665,,,,,,,,2025,Italy,Italian Grand Prix,PIA,81,McLaren,3.0,47.0,81.245,SOFT,55.581,7379.115
10426.0,307.0,8,0.0,False,0,car,3826.118611111109,,,,,,,,2025,Italy,Italian Grand Prix,PIA,81,McLaren,3.0,47.0,81.245,SOFT,55.741,7379.275
10127.0,278.0,8,0.0,True,0,car,3841.563055555554,,,,,,,,2025,Italy,Italian Grand Prix,PIA,81,McLaren,3.0,47.0,81.245,SOFT,55.941,7379.475
10498.0,235.0,7,0.0,True,0,car,3867.674166666665,,,,,,,,2025,Italy,Italian Grand Prix,PIA,81,McLaren,3.0,47.0,81.245,SOFT,56.341,7379.875
10599.0,203.0,5,0.0,True,0,car,3894.7408333333315,,,,,,,,2025,Italy,Italian Grand Prix,PIA,81,McLaren,3.0,47.0,81.245,SOFT,56.821,7380.355
10042.0,196.0,5,1.0,False,0,car,3909.985277777776,,,,,,,,2025,Italy,Italian Grand Prix,PIA,81,McLaren,3.0,47.0,81.245,SOFT,57.101,7380.635
10052.0,190.0,5,38.0,False,0,car,3924.763055555554,,,,,,,,2025,Italy,Italian Grand Prix,PIA,81,McLaren,3.0,47.0,81.245,SOFT,57.381,7380.915
10380.0,193.0,5,65.0,False,0,car,3939.720555555554,,,,,,,,2025,Italy,Italian Grand Prix,PIA,81,McLaren,3.0,47.0,81.245,SOFT,57.66,7381.194
10582.0,197.0,5,82.0,False,0,car,3952.8538888888875,,,,,,,,2025,Italy,Italian Grand Prix,PIA,81,McLaren,3.0,47.0,81.245,SOFT,57.9,7381.434
11012.0,207.0,5,91.0,False,0,car,3971.2538888888876,,,,,,,,2025,Italy,Italian Grand Prix,PIA,81,McLaren,3.0,47.0,81.245,SOFT,58.22,7381.754
10492.0,215.0,5,92.0,False,0,car,3997.5316666666654,,,,,,,,2025,Italy,Italian Grand Prix,PIA,81,McLaren,3.0,47.0,81.245,SOFT,58.66,7382.194
10440.0,223.0,6,98.0,False,0,car,4022.3094444444437,,,,,,,,2025,Italy,Italian Grand Prix,PIA,81,McLaren,3.0,47.0,81.245,SOFT,59.06,7382.594
10553.0,228.0,6,98.0,False,0,car,4032.442777777777,,,,,,,,2025,Italy,Italian Grand Prix,PIA,81,McLaren,3.0,47.0,81.245,SOFT,59.22,7382.754
10839.0,230.0,6,98.0,False,0,car,4045.2205555555547,,,,,,,,2025,Italy,Italian Grand Prix,PIA,81,McLaren,3.0,47.0,81.245,SOFT,59.42,7382.954
10970.0,236.0,6,98.0,False,0,car,4060.953888888888,,,,,,,,2025,Italy,Italian Grand Prix,PIA,81,McLaren,3.0,47.0,81.245,SOFT,59.66,7383.194
11110.0,241.0,6,98.0,False,0,car,4074.342777777777,,,,,,,,2025,Italy,Italian Grand Prix,PIA,81,McLaren,3.0,47.0,81.245,SOFT,59.86,7383.394
11432.0,245.0,6,99.0,False,0,car,4096.120555555554,,,,,,,,2025,Italy,Italian Grand Prix,PIA,81,McLaren,3.0,47.0,81.245,SOFT,60.18,7383.714
11591.0,251.0,6,99.0,False,0,car,4107.27611111111,,,,,,,,2025,Italy,Italian Grand Prix,PIA,81,McLaren,3.0,47.0,81.245,SOFT,60.34,7383.874
10318.0,256.0,6,99.0,False,0,car,4132.876111111111,,,,,,,,2025,Italy,Italian Grand Prix,PIA,81,McLaren,3.0,47.0,81.245,SOFT,60.7,7384.234
10565.0,260.0,7,99.0,False,0,car,4158.876111111111,,,,,,,,2025,Italy,Italian Grand Prix,PIA,81,McLaren,3.0,47.0,81.245,SOFT,61.06,7384.594
10693.0,264.0,7,100.0,False,0,car,4173.6161111111105,,,,,,,,2025,Italy,Italian Grand Prix,PIA,81,McLaren,3.0,47.0,81.245,SOFT,61.261,7384.795
10828.0,269.0,7,99.0,False,0,car,4194.538333333332,,,,,,,,2025,Italy,Italian Grand Prix,PIA,81,McLaren,3.0,47.0,81.245,SOFT,61.541,7385.075
11024.0,273.0,7,99.0,False,0,car,4218.8049999999985,,,,,,,,2025,Italy,Italian Grand Prix,PIA,81,McLaren,3.0,47.0,81.245,SOFT,61.861,7385.395
11213.0,279.0,7,99.0,False,0,car,4237.404999999999,,,,,,,,2025,Italy,Italian Grand Prix,PIA,81,McLaren,3.0,47.0,81.245,SOFT,62.101,7385.635
11273.0,282.0,7,99.0,False,0,car,4262.471666666665,,,,,,,,2025,Italy,Italian Grand Prix,PIA,81,McLaren,3.0,47.0,81.245,SOFT,62.421,7385.955
11558.0,287.0,7,99.0,False,0,car,4287.982777777776,,,,,,,,2025,Italy,Italian Grand Prix,PIA,81,McLaren,3.0,47.0,81.245,SOFT,62.741,7386.275
11621.0,289.0,7,99.0,False,0,car,4300.827222222221,,,,,,,,2025,Italy,Italian Grand Prix,PIA,81,McLaren,3.0,47.0,81.245,SOFT,62.901,7386.435
10400.0,293.0,8,99.0,False,0,car,4333.382777777777,,,,,,,,2025,Italy,Italian Grand Prix,PIA,81,McLaren,3.0,47.0,81.245,SOFT,63.301,7386.835
10513.0,295.0,8,99.0,False,0,car,4356.327222222221,,,,,,,,2025,Italy,Italian Grand Prix,PIA,81,McLaren,3.0,47.0,81.245,SOFT,63.581,7387.115
10590.0,297.0,8,99.0,False,0,car,4372.827222222221,,,,,,,,2025,Italy,Italian Grand Prix,PIA,81,McLaren,3.0,47.0,81.245,SOFT,63.781,7387.315
10656.0,301.0,8,99.0,False,0,car,4389.549444444444,,,,,,,,2025,Italy,Italian Grand Prix,PIA,81,McLaren,3.0,47.0,81.245,SOFT,63.981,7387.515
10705.0,302.0,8,99.0,False,0,car,4406.327222222221,,,,,,,,2025,Italy,Italian Grand Prix,PIA,81,McLaren,3.0,47.0,81.245,SOFT,64.181,7387.715
10705.0,305.0,8,99.0,False,0,car,4426.575833333332,,,,,,,,2025,Italy,Italian Grand Prix,PIA,81,McLaren,3.0,47.0,81.245,SOFT,64.42,7387.954
10905.0,308.0,8,99.0,False,0,car,4464.220277777777,,,,,,,,2025,Italy,Italian Grand Prix,PIA,81,McLaren,3.0,47.0,81.245,SOFT,64.86,7388.394
11005.0,311.0,8,99.0,False,0,car,4495.320277777777,,,,,,,,2025,Italy,Italian Grand Prix,PIA,81,McLaren,3.0,47.0,81.245,SOFT,65.22,7388.754
11069.0,313.0,8,99.0,False,0,car,4516.186944444443,,,,,,,,2025,Italy,Italian Grand Prix,PIA,81,McLaren,3.0,47.0,81.245,SOFT,65.46,7388.994
11107.0,314.0,8,99.0,False,0,car,4530.142499999999,,,,,,,,2025,Italy,Italian Grand Prix,PIA,81,McLaren,3.0,47.0,81.245,SOFT,65.62,7389.154
11168.0,316.0,8,99.0,False,0,car,4561.742499999999,,,,,,,,2025,Italy,Italian Grand Prix,PIA,81,McLaren,3.0,47.0,81.245,SOFT,65.98,7389.514
11176.0,316.0,8,99.0,False,0,car,4575.786944444443,,,,,,,,2025,Italy,Italian Grand Prix,PIA,81,McLaren,3.0,47.0,81.245,SOFT,66.14,7389.674
11223.0,318.0,8,99.0,False,0,car,4596.986944444443,,,,,,,,2025,Italy,Italian Grand Prix,PIA,81,McLaren,3.0,47.0,81.245,SOFT,66.38,7389.914
11272.0,319.0,8,99.0,False,0,car,4632.431388888888,,,,,,,,2025,Italy,Italian Grand Prix,PIA,81,McLaren,3.0,47.0,81.245,SOFT,66.78,7390.314
11309.0,320.0,8,99.0,False,0,car,4657.320277777777,,,,,,,,2025,Italy,Italian Grand Prix,PIA,81,McLaren,3.0,47.0,81.245,SOFT,67.06,7390.594
11369.0,322.0,8,99.0,False,0,car,4693.098055555554,,,,,,,,2025,Italy,Italian Grand Prix,PIA,81,McLaren,3.0,47.0,81.245,SOFT,67.46,7390.994
11402.0,323.0,8,99.0,False,0,car,4711.042499999999,,,,,,,,2025,Italy,Italian Grand Prix,PIA,81,McLaren,3.0,47.0,81.245,SOFT,67.66,7391.194
11384.0,323.0,8,99.0,False,0,car,4732.665555555554,,,,,,,,2025,Italy,Italian Grand Prix,PIA,81,McLaren,3.0,47.0,81.245,SOFT,67.901,7391.435
11352.0,322.0,8,99.0,False,0,car,4754.132222222222,,,,,,,,2025,Italy,Italian Grand Prix,PIA,81,McLaren,3.0,47.0,81.245,SOFT,68.141,7391.675
11309.0,322.0,8,99.0,False,0,car,4775.598888888888,,,,,,,,2025,Italy,Italian Grand Prix,PIA,81,McLaren,3.0,47.0,81.245,SOFT,68.381,7391.915
11256.0,320.0,8,99.0,False,0,car,4807.598888888888,,,,,,,,2025,Italy,Italian Grand Prix,PIA,81,McLaren,3.0,47.0,81.245,SOFT,68.741,7392.275
11170.0,318.0,8,99.0,False,0,car,4842.932222222222,,,,,,,,2025,Italy,Italian Grand Prix,PIA,81,McLaren,3.0,47.0,81.245,SOFT,69.141,7392.675
11151.0,317.0,8,99.0,False,0,car,4860.543333333332,,,,,,,,2025,Italy,Italian Grand Prix,PIA,81,McLaren,3.0,47.0,81.245,SOFT,69.341,7392.875
11130.0,316.0,8,99.0,False,0,car,4878.098888888888,,,,,,,,2025,Italy,Italian Grand Prix,PIA,81,McLaren,3.0,47.0,81.245,SOFT,69.541,7393.075
11110.0,316.0,8,99.0,False,0,car,4892.143333333332,,,,,,,,2025,Italy,Italian Grand Prix,PIA,81,McLaren,3.0,47.0,81.245,SOFT,69.701,7393.235
11068.0,315.0,8,99.0,False,0,car,4906.1433333333325,,,,,,,,2025,Italy,Italian Grand Prix,PIA,81,McLaren,3.0,47.0,81.245,SOFT,69.861,7393.395
11038.0,314.0,8,99.0,False,0,car,4923.587777777777,,,,,,,,2025,Italy,Italian Grand Prix,PIA,81,McLaren,3.0,47.0,81.245,SOFT,70.061,7393.595
11000.0,313.0,8,99.0,False,0,car,4940.976666666665,,,,,,,,2025,Italy,Italian Grand Prix,PIA,81,McLaren,3.0,47.0,81.245,SOFT,70.261,7393.795
10997.0,312.0,8,99.0,False,0,car,4965.243333333331,,,,,,,,2025,Italy,Italian Grand Prix,PIA,81,McLaren,3.0,47.0,81.245,SOFT,70.541,7394.075
10962.0,311.0,8,99.0,False,0,car,4979.065555555553,,,,,,,,2025,Italy,Italian Grand Prix,PIA,81,McLaren,3.0,47.0,81.245,SOFT,70.701,7394.235
10936.0,310.0,8,99.0,False,0,car,4996.287777777776,,,,,,,,2025,Italy,Italian Grand Prix,PIA,81,McLaren,3.0,47.0,81.245,SOFT,70.901,7394.435
10894.0,307.0,8,1.0,True,0,car,5016.669166666665,,,,,,,,2025,Italy,Italian Grand Prix,PIA,81,McLaren,3.0,47.0,81.245,SOFT,71.14,7394.674
9997.0,289.0,8,0.0,True,0,car,5032.72472222222,,,,,,,,2025,Italy,Italian Grand Prix,PIA,81,McLaren,3.0,47.0,81.245,SOFT,71.34,7394.874
10069.0,269.0,8,0.0,True,0,car,5044.680277777776,,,,,,,,2025,Italy,Italian Grand Prix,PIA,81,McLaren,3.0,47.0,81.245,SOFT,71.5,7395.034
10908.0,254.0,8,0.0,True,0,car,5064.435833333331,,,,,,,,2025,Italy,Italian Grand Prix,PIA,81,McLaren,3.0,47.0,81.245,SOFT,71.78,7395.314
10785.0,241.0,7,0.0,True,0,car,5075.146944444442,,,,,,,,2025,Italy,Italian Grand Prix,PIA,81,McLaren,3.0,47.0,81.245,SOFT,71.94,7395.474
11722.0,232.0,6,0.0,True,0,car,5090.613611111109,,,,,,,,2025,Italy,Italian Grand Prix,PIA,81,McLaren,3.0,47.0,81.245,SOFT,72.18,7395.714
11283.0,228.0,5,0.0,True,0,car,5103.280277777775,,,,,,,,2025,Italy,Italian Grand Prix,PIA,81,McLaren,3.0,47.0,81.245,SOFT,72.38,7395.914
10990.0,216.0,5,2.0,False,0,car,5120.080277777775,,,,,,,,2025,Italy,Italian Grand Prix,PIA,81,McLaren,3.0,47.0,81.245,SOFT,72.66,7396.194
10950.0,211.0,5,23.0,False,0,car,5136.491388888887,,,,,,,,2025,Italy,Italian Grand Prix,PIA,81,McLaren,3.0,47.0,81.245,SOFT,72.94,7396.474
10980.0,207.0,5,55.0,False,0,car,5150.291388888887,,,,,,,,2025,Italy,Italian Grand Prix,PIA,81,McLaren,3.0,47.0,81.245,SOFT,73.18,7396.714
11167.0,210.0,5,85.0,False,0,car,5171.291388888887,,,,,,,,2025,Italy,Italian Grand Prix,PIA,81,McLaren,3.0,47.0,81.245,SOFT,73.54,7397.074
11402.0,214.0,5,89.0,False,0,car,5180.802499999998,,,,,,,,2025,Italy,Italian Grand Prix,PIA,81,McLaren,3.0,47.0,81.245,SOFT,73.7,7397.234
11667.0,218.0,5,97.0,False,0,car,5192.913611111109,,,,,,,,2025,Italy,Italian Grand Prix,PIA,81,McLaren,3.0,47.0,81.245,SOFT,73.9,7397.434
11782.0,222.0,5,98.0,False,0,car,5205.246944444442,,,,,,,,2025,Italy,Italian Grand Prix,PIA,81,McLaren,3.0,47.0,81.245,SOFT,74.1,7397.634
10798.0,231.0,6,98.0,False,0,car,5236.1111111111095,,,,,,,,2025,Italy,Italian Grand Prix,PIA,81,McLaren,3.0,47.0,81.245,SOFT,74.581,7398.115
11047.0,238.0,6,98.0,False,0,car,5262.555555555553,,,,,,,,2025,Italy,Italian Grand Prix,PIA,81,McLaren,3.0,47.0,81.245,SOFT,74.981,7398.515
11349.0,244.0,6,98.0,False,0,car,5281.533333333331,,,,,,,,2025,Italy,Italian Grand Prix,PIA,81,McLaren,3.0,47.0,81.245,SOFT,75.261,7398.795
11550.0,249.0,6,98.0,False,0,car,5303.666666666665,,,,,,,,2025,Italy,Italian Grand Prix,PIA,81,McLaren,3.0,47.0,81.245,SOFT,75.581,7399.115
11621.0,253.0,6,98.0,False,0,car,5314.91111111111,,,,,,,,2025,Italy,Italian Grand Prix,PIA,81,McLaren,3.0,47.0,81.245,SOFT,75.741,7399.275
10687.0,256.0,6,98.0,False,0,car,5331.977777777776,,,,,,,,2025,Italy,Italian Grand Prix,PIA,81,McLaren,3.0,47.0,81.245,SOFT,75.981,7399.515
10601.0,264.0,7,98.0,False,0,car,5364.244444444444,,,,,,,,2025,Italy,Italian Grand Prix,PIA,81,McLaren,3.0,47.0,81.245,SOFT,76.421,7399.955
10779.0,268.0,7,98.0,False,0,car,5379.133333333331,,,,,,,,2025,Italy,Italian Grand Prix,PIA,81,McLaren,3.0,47.0,81.245,SOFT,76.621,7400.155
10974.0,271.0,7,98.0,False,0,car,5397.199999999999,,,,,,,,2025,Italy,Italian Grand Prix,PIA,81,McLaren,3.0,47.0,81.245,SOFT,76.861,7400.395
11128.0,276.0,7,98.0,False,0,car,5421.733333333332,,,,,,,,2025,Italy,Italian Grand Prix,PIA,81,McLaren,3.0,47.0,81.245,SOFT,77.181,7400.715
11176.0,278.0,7,99.0,False,0,car,5434.088888888887,,,,,,,,2025,Italy,Italian Grand Prix,PIA,81,McLaren,3.0,47.0,81.245,SOFT,77.341,7400.875
11317.0,281.0,7,99.0,False,0,car,5449.699999999998,,,,,,,,2025,Italy,Italian Grand Prix,PIA,81,McLaren,3.0,47.0,81.245,SOFT,77.541,7401.075
11381.0,284.0,7,99.0,False,0,car,5462.243333333332,,,,,,,,2025,Italy,Italian Grand Prix,PIA,81,McLaren,3.0,47.0,81.245,SOFT,77.7,7401.234
11488.0,286.0,7,99.0,False,0,car,5487.6655555555535,,,,,,,,2025,Italy,Italian Grand Prix,PIA,81,McLaren,3.0,47.0,81.245,SOFT,78.02,7401.554
11488.0,289.0,7,99.0,False,0,car,5500.509999999998,,,,,,,,2025,Italy,Italian Grand Prix,PIA,81,McLaren,3.0,47.0,81.245,SOFT,78.18,7401.714
10457.0,296.0,8,99.0,False,0,car,5546.554444444442,,,,,,,,2025,Italy,Italian Grand Prix,PIA,81,McLaren,3.0,47.0,81.245,SOFT,78.74,7402.274
10609.0,300.0,8,99.0,False,0,car,5576.554444444442,,,,,,,,2025,Italy,Italian Grand Prix,PIA,81,McLaren,3.0,47.0,81.245,SOFT,79.1,7402.634
10666.0,302.0,8,99.0,False,0,car,5589.976666666666,,,,,,,,2025,Italy,Italian Grand Prix,PIA,81,McLaren,3.0,47.0,81.245,SOFT,79.26,7402.794
10745.0,304.0,8,99.0,False,0,car,5613.62111111111,,,,,,,,2025,Italy,Italian Grand Prix,PIA,81,McLaren,3.0,47.0,81.245,SOFT,79.54,7403.074
10819.0,305.0,8,99.0,False,0,car,5630.565555555553,,,,,,,,2025,Italy,Italian Grand Prix,PIA,81,McLaren,3.0,47.0,81.245,SOFT,79.74,7403.274
10892.0,307.0,8,99.0,False,0,car,5651.03222222222,,,,,,,,2025,Italy,Italian Grand Prix,PIA,81,McLaren,3.0,47.0,81.245,SOFT,79.98,7403.514
10967.0,310.0,8,100.0,False,0,car,5675.143333333332,,,,,,,,2025,Italy,Italian Grand Prix,PIA,81,McLaren,3.0,47.0,81.245,SOFT,80.26,7403.794
11069.0,312.0,8,99.0,False,0,car,5695.943333333331,,,,,,,,2025,Italy,Italian Grand Prix,PIA,81,McLaren,3.0,47.0,81.245,SOFT,80.5,7404.034
11067.0,313.0,8,99.0,False,0,car,5709.8544444444415,,,,,,,,2025,Italy,Italian Grand Prix,PIA,81,McLaren,3.0,47.0,81.245,SOFT,80.66,7404.194
11149.0,315.0,8,100.0,False,0,car,5730.941944444441,,,,,,,,2025,Italy,Italian Grand Prix,PIA,81,McLaren,3.0,47.0,81.245,SOFT,80.901,7404.435
11189.0,316.0,8,99.0,False,0,car,5755.519722222219,,,,,,,,2025,Italy,Italian Grand Prix,PIA,81,McLaren,3.0,47.0,81.245,SOFT,81.181,7404.715
10776.0,270.0,7,99.0,False,0,car,5.7,,,,,,,,2025,Monaco,Monaco Grand Prix,NOR,4,McLaren,1.0,78.0,73.221,HARD,0.076,9329.768
10818.0,271.0,7,99.0,False,0,car,20.755555555555556,,,,,,,,2025,Monaco,Monaco Grand Prix,NOR,4,McLaren,1.0,78.0,73.221,HARD,0.276,9329.968
10987.0,271.0,7,99.0,False,0,car,41.833333333333336,,,,,,,,2025,Monaco,Monaco Grand Prix,NOR,4,McLaren,1.0,78.0,73.221,HARD,0.556,9330.248
11027.0,276.0,7,99.0,False,0,car,54.099999999999994,,,,,,,,2025,Monaco,Monaco Grand Prix,NOR,4,McLaren,1.0,78.0,73.221,HARD,0.716,9330.408
10620.0,276.0,7,4.0,False,0,car,78.63333333333333,,,,,,,,2025,Monaco,Monaco Grand Prix,NOR,4,McLaren,1.0,78.0,73.221,HARD,1.036,9330.728
11096.0,263.0,7,0.0,True,0,car,107.85555555555554,,,,,,,,2025,Monaco,Monaco Grand Prix,NOR,4,McLaren,1.0,78.0,73.221,HARD,1.436,9331.128
10538.0,218.0,6,0.0,True,0,car,122.38888888888887,,,,,,,,2025,Monaco,Monaco Grand Prix,NOR,4,McLaren,1.0,78.0,73.221,HARD,1.676,9331.368
10695.0,195.0,6,0.0,True,0,car,133.2222222222222,,,,,,,,2025,Monaco,Monaco Grand Prix,NOR,4,McLaren,1.0,78.0,73.221,HARD,1.876,9331.568
10554.0,177.0,6,0.0,True,0,car,143.1047222222222,,,,,,,,2025,Monaco,Monaco Grand Prix,NOR,4,McLaren,1.0,78.0,73.221,HARD,2.077,9331.769
10489.0,160.0,4,0.0,True,0,car,151.99361111111108,,,,,,,,2025,Monaco,Monaco Grand Prix,NOR,4,McLaren,1.0,78.0,73.221,HARD,2.277,9331.969
9723.0,138.0,3,0.0,True,0,car,164.26027777777773,,,,,,,,2025,Monaco,Monaco Grand Prix,NOR,4,McLaren,1.0,78.0,73.221,HARD,2.597,9332.289
9003.0,129.0,3,0.0,True,0,car,169.99361111111108,,,,,,,,2025,Monaco,Monaco Grand Prix,NOR,4,McLaren,1.0,78.0,73.221,HARD,2.757,9332.449
8668.0,122.0,3,0.0,True,0,car,182.19361111111107,,,,,,,,2025,Monaco,Monaco Grand Prix,NOR,4,McLaren,1.0,78.0,73.221,HARD,3.117,9332.809
8154.0,117.0,3,0.0,False,0,car,192.59361111111107,,,,,,,,2025,Monaco,Monaco Grand Prix,NOR,4,McLaren,1.0,78.0,73.221,HARD,3.437,9333.129
8598.0,112.0,3,15.0,False,0,car,200.02916666666664,,,,,,,,2025,Monaco,Monaco Grand Prix,NOR,4,McLaren,1.0,78.0,73.221,HARD,3.676,9333.368
8800.0,115.0,3,58.0,False,0,car,212.8069444444444,,,,,,,,2025,Monaco,Monaco Grand Prix,NOR,4,McLaren,1.0,78.0,73.221,HARD,4.076,9333.768
9124.0,120.0,3,72.0,False,0,car,220.8069444444444,,,,,,,,2025,Monaco,Monaco Grand Prix,NOR,4,McLaren,1.0,78.0,73.221,HARD,4.316,9334.008
10491.0,138.0,3,99.0,False,0,car,233.0736111111111,,,,,,,,2025,Monaco,Monaco Grand Prix,NOR,4,McLaren,1.0,78.0,73.221,HARD,4.636,9334.328
10368.0,143.0,3,99.0,False,0,car,239.42916666666665,,,,,,,,2025,Monaco,Monaco Grand Prix,NOR,4,McLaren,1.0,78.0,73.221,HARD,4.796,9334.488
11306.0,158.0,3,99.0,False,0,car,249.96249999999995,,,,,,,,2025,Monaco,Monaco Grand Prix,NOR,4,McLaren,1.0,78.0,73.221,HARD,5.036,9334.728
10612.0,172.0,4,99.0,False,0,car,265.25138888888887,,,,,,,,2025,Monaco,Monaco Grand Prix,NOR,4,McLaren,1.0,78.0,73.221,HARD,5.356,9335.048
11352.0,181.0,4,100.0,False,0,car,275.3069444444444,,,,,,,,2025,Monaco,Monaco Grand Prix,NOR,4,McLaren,1.0,78.0,73.221,HARD,5.556,9335.248
11421.0,184.0,4,100.0,False,0,car,283.4847222222222,,,,,,,,2025,Monaco,Monaco Grand Prix,NOR,4,McLaren,1.0,78.0,73.221,HARD,5.716,9335.408
11161.0,210.0,5,100.0,False,0,car,327.81805555555553,,,,,,,,2025,Monaco,Monaco Grand Prix,NOR,4,McLaren,1.0,78.0,73.221,HARD,6.476,9336.168
11353.0,215.0,5,99.0,False,0,car,339.7625,,,,,,,,2025,Monaco,Monaco Grand Prix,NOR,4,McLaren,1.0,78.0,73.221,HARD,6.676,9336.368
11573.0,220.0,5,99.0,False,0,car,349.54027777777776,,,,,,,,2025,Monaco,Monaco Grand Prix,NOR,4,McLaren,1.0,78.0,73.221,HARD,6.836,9336.528
10733.0,225.0,5,99.0,False,0,car,367.0402777777777,,,,,,,,2025,Monaco,Monaco Grand Prix,NOR,4,McLaren,1.0,78.0,73.221,HARD,7.116,9336.808
10700.0,231.0,6,99.0,False,0,car,385.0069444444444,,,,,,,,2025,Monaco,Monaco Grand Prix,NOR,4,McLaren,1.0,78.0,73.221,HARD,7.396,9337.088
10860.0,238.0,6,100.0,False,0,car,400.8736111111111,,,,,,,,2025,Monaco,Monaco Grand Prix,NOR,4,McLaren,1.0,78.0,73.221,HARD,7.636,9337.328
11085.0,240.0,6,100.0,False,0,car,422.20694444444445,,,,,,,,2025,Monaco,Monaco Grand Prix,NOR,4,McLaren,1.0,78.0,73.221,HARD,7.956,9337.648
11286.0,248.0,6,99.0,False,0,car,441.49583333333334,,,,,,,,2025,Monaco,Monaco Grand Prix,NOR,4,McLaren,1.0,78.0,73.221,HARD,8.236,9337.928
11551.0,251.0,6,100.0,False,0,car,461.0180555555555,,,,,,,,2025,Monaco,Monaco Grand Prix,NOR,4,McLaren,1.0,78.0,73.221,HARD,8.516,9338.208
11550.0,252.0,6,100.0,False,0,car,475.08805555555557,,,,,,,,2025,Monaco,Monaco Grand Prix,NOR,4,McLaren,1.0,78.0,73.221,HARD,8.717,9338.409
11210.0,257.0,6,100.0,False,0,car,492.2213888888889,,,,,,,,2025,Monaco,Monaco Grand Prix,NOR,4,McLaren,1.0,78.0,73.221,HARD,8.957,9338.649
10299.0,258.0,7,100.0,False,0,car,509.42138888888877,,,,,,,,2025,Monaco,Monaco Grand Prix,NOR,4,McLaren,1.0,78.0,73.221,HARD,9.197,9338.889
10494.0,262.0,7,100.0,False,0,car,538.5324999999999,,,,,,,,2025,Monaco,Monaco Grand Prix,NOR,4,McLaren,1.0,78.0,73.221,HARD,9.597,9339.289
10486.0,264.0,7,99.0,False,0,car,559.0658333333333,,,,,,,,2025,Monaco,Monaco Grand Prix,NOR,4,McLaren,1.0,78.0,73.221,HARD,9.877,9339.569
10663.0,267.0,7,99.0,False,0,car,582.7991666666666,,,,,,,,2025,Monaco,Monaco Grand Prix,NOR,4,McLaren,1.0,78.0,73.221,HARD,10.197,9339.889
10573.0,268.0,7,99.0,False,0,car,594.7102777777777,,,,,,,,2025,Monaco,Monaco Grand Prix,NOR,4,McLaren,1.0,78.0,73.221,HARD,10.357,9340.049
10573.0,269.0,7,41.0,False,0,car,606.5911111111111,,,,,,,,2025,Monaco,Monaco Grand Prix,NOR,4,McLaren,1.0,78.0,73.221,HARD,10.516,9340.208
11266.0,260.0,7,5.0,True,0,car,626.8133333333333,,,,,,,,2025,Monaco,Monaco Grand Prix,NOR,4,McLaren,1.0,78.0,73.221,HARD,10.796,9340.488
11169.0,248.0,7,5.0,True,0,car,637.8355555555555,,,,,,,,2025,Monaco,Monaco Grand Prix,NOR,4,McLaren,1.0,78.0,73.221,HARD,10.956,9340.648
12004.0,234.0,6,4.0,True,0,car,653.4355555555555,,,,,,,,2025,Monaco,Monaco Grand Prix,NOR,4,McLaren,1.0,78.0,73.221,HARD,11.196,9340.888
11272.0,224.0,5,0.0,True,0,car,670.8577777777779,,,,,,,,2025,Monaco,Monaco Grand Prix,NOR,4,McLaren,1.0,78.0,73.221,HARD,11.476,9341.168
11544.0,209.0,5,0.0,True,0,car,682.468888888889,,,,,,,,2025,Monaco,Monaco Grand Prix,NOR,4,McLaren,1.0,78.0,73.221,HARD,11.676,9341.368
11900.0,204.0,5,0.0,True,0,car,693.8022222222222,,,,,,,,2025,Monaco,Monaco Grand Prix,NOR,4,McLaren,1.0,78.0,73.221,HARD,11.876,9341.568
11236.0,188.0,4,0.0,True,0,car,710.5133333333333,,,,,,,,2025,Monaco,Monaco Grand Prix,NOR,4,McLaren,1.0,78.0,73.221,HARD,12.196,9341.888
10617.0,179.0,4,0.0,False,0,car,722.4466666666667,,,,,,,,2025,Monaco,Monaco Grand Prix,NOR,4,McLaren,1.0,78.0,73.221,HARD,12.436,9342.128
10381.0,176.0,4,0.0,False,0,car,732.2244444444444,,,,,,,,2025,Monaco,Monaco Grand Prix,NOR,4,McLaren,1.0,78.0,73.221,HARD,12.636,9342.328
10072.0,172.0,4,0.0,False,0,car,745.6022222222223,,,,,,,,2025,Monaco,Monaco Grand Prix,NOR,4,McLaren,1.0,78.0,73.221,HARD,12.916,9342.608
9866.0,162.0,4,10.0,False,0,car,760.0022222222223,,,,,,,,2025,Monaco,Monaco Grand Prix,NOR,4,McLaren,1.0,78.0,73.221,HARD,13.236,9342.928
10017.0,160.0,4,50.0,False,0,car,772.4466666666667,,,,,,,,2025,Monaco,Monaco Grand Prix,NOR,4,McLaren,1.0,78.0,73.221,HARD,13.516,9343.208
10277.0,165.0,4,71.0,False,0,car,783.4466666666667,,,,,,,,2025,Monaco,Monaco Grand Prix,NOR,4,McLaren,1.0,78.0,73.221,HARD,13.756,9343.448
10536.0,173.0,4,63.0,False,0,car,802.668888888889,,,,,,,,2025,Monaco,Monaco Grand Prix,NOR,4,McLaren,1.0,78.0,73.221,HARD,14.156,9343.848
10680.0,175.0,4,42.0,False,0,car,816.2800000000001,,,,,,,,2025,Monaco,Monaco Grand Prix,NOR,4,McLaren,1.0,78.0,73.221,HARD,14.436,9344.128
10526.0,174.0,4,9.0,False,0,car,825.9466666666667,,,,,,,,2025,Monaco,Monaco Grand Prix,NOR,4,McLaren,1.0,78.0,73.221,HARD,14.636,9344.328
10144.0,169.0,4,2.0,False,0,car,837.2133333333334,,,,,,,,2025,Monaco,Monaco Grand Prix,NOR,4,McLaren,1.0,78.0,73.221,HARD,14.876,9344.568
9689.0,161.0,4,2.0,True,0,car,847.9466666666667,,,,,,,,2025,Monaco,Monaco Grand Prix,NOR,4,McLaren,1.0,78.0,73.221,HARD,15.116,9344.808
9015.0,152.0,4,2.0,True,0,car,861.5,,,,,,,,2025,Monaco,Monaco Grand Prix,NOR,4,McLaren,1.0,78.0,73.221,HARD,15.437,9345.129
8658.0,146.0,4,3.0,False,0,car,874.4777777777778,,,,,,,,2025,Monaco,Monaco Grand Prix,NOR,4,McLaren,1.0,78.0,73.221,HARD,15.757,9345.449
8631.0,139.0,4,40.0,False,0,car,885.2888888888889,,,,,,,,2025,Monaco,Monaco Grand Prix,NOR,4,McLaren,1.0,78.0,73.221,HARD,16.037,9345.729
8861.0,142.0,4,61.0,False,0,car,899.4888888888888,,,,,,,,2025,Monaco,Monaco Grand Prix,NOR,4,McLaren,1.0,78.0,73.221,HARD,16.397,9346.089
9574.0,146.0,4,75.0,False,0,car,907.6,,,,,,,,2025,Monaco,Monaco Grand Prix,NOR,4,McLaren,1.0,78.0,73.221,HARD,16.597,9346.289
10000.0,152.0,4,80.0,False,0,car,917.7333333333332,,,,,,,,2025,Monaco,Monaco Grand Prix,NOR,4,McLaren,1.0,78.0,73.221,HARD,16.837,9346.529
10580.0,172.0,4,99.0,False,0,car,936.7966666666666,,,,,,,,2025,Monaco,Monaco Grand Prix,NOR,4,McLaren,1.0,78.0,73.221,HARD,17.236,9346.928
11214.0,180.0,4,99.0,False,0,car,950.7966666666665,,,,,,,,2025,Monaco,Monaco Grand Prix,NOR,4,McLaren,1.0,78.0,73.221,HARD,17.516,9347.208
10894.0,195.0,4,99.0,False,0,car,972.4633333333333,,,,,,,,2025,Monaco,Monaco Grand Prix,NOR,4,McLaren,1.0,78.0,73.221,HARD,17.916,9347.608
11009.0,209.0,5,99.0,False,0,car,991.041111111111,,,,,,,,2025,Monaco,Monaco Grand Prix,NOR,4,McLaren,1.0,78.0,73.221,HARD,18.236,9347.928
11396.0,214.0,5,100.0,False,0,car,1002.9299999999998,,,,,,,,2025,Monaco,Monaco Grand Prix,NOR,4,McLaren,1.0,78.0,73.221,HARD,18.436,9348.128
11436.0,219.0,5,30.0,True,0,car,1019.9633333333333,,,,,,,,2025,Monaco,Monaco Grand Prix,NOR,4,McLaren,1.0,78.0,73.221,HARD,18.716,9348.408
10382.0,197.0,5,0.0,True,0,car,1033.0966666666666,,,,,,,,2025,Monaco,Monaco Grand Prix,NOR,4,McLaren,1.0,78.0,73.221,HARD,18.956,9348.648
9528.0,189.0,5,0.0,True,0,car,1041.4966666666667,,,,,,,,2025,Monaco,Monaco Grand Prix,NOR,4,McLaren,1.0,78.0,73.221,HARD,19.116,9348.808
9376.0,170.0,5,0.0,True,0,car,1050.941111111111,,,,,,,,2025,Monaco,Monaco Grand Prix,NOR,4,McLaren,1.0,78.0,73.221,HARD,19.316,9349.008
10101.0,161.0,5,0.0,True,0,car,1061.6744444444444,,,,,,,,2025,Monaco,Monaco Grand Prix,NOR,4,McLaren,1.0,78.0,73.221,HARD,19.556,9349.248
9939.0,115.0,3,0.0,True,0,car,1075.7299999999998,,,,,,,,2025,Monaco,Monaco Grand Prix,NOR,4,McLaren,1.0,78.0,73.221,HARD,19.996,9349.688
8426.0,100.0,2,0.0,True,0,car,1085.7299999999998,,,,,,,,2025,Monaco,Monaco Grand Prix,NOR,4,McLaren,1.0,78.0,73.221,HARD,20.356,9350.048
7336.0,89.0,2,0.0,True,0,car,1099.5744444444442,,,,,,,,2025,Monaco,Monaco Grand Prix,NOR,4,McLaren,1.0,78.0,73.221,HARD,20.916,9350.608
7196.0,86.0,2,0.0,True,0,car,1104.352222222222,,,,,,,,2025,Monaco,Monaco Grand Prix,NOR,4,McLaren,1.0,78.0,73.221,HARD,21.116,9350.808
6779.0,80.0,2,0.0,False,0,car,1110.5744444444442,,,,,,,,2025,Monaco,Monaco Grand Prix,NOR,4,McLaren,1.0,78.0,73.221,HARD,21.396,9351.088
6625.0,75.0,2,4.0,False,0,car,1118.928611111111,,,,,,,,2025,Monaco,Monaco Grand Prix,NOR,4,McLaren,1.0,78.0,73.221,HARD,21.797,9351.489
7446.0,81.0,2,40.0,False,0,car,1124.3286111111108,,,,,,,,2025,Monaco,Monaco Grand Prix,NOR,4,McLaren,1.0,78.0,73.221,HARD,22.037,9351.729
7995.0,85.0,2,46.0,False,0,car,1129.050833333333,,,,,,,,2025,Monaco,Monaco Grand Prix,NOR,4,McLaren,1.0,78.0,73.221,HARD,22.237,9351.929
8132.0,91.0,2,50.0,False,0,car,1134.1063888888887,,,,,,,,2025,Monaco,Monaco Grand Prix,NOR,4,McLaren,1.0,78.0,73.221,HARD,22.437,9352.129
9356.0,106.0,2,71.0,False,0,car,1145.8841666666665,,,,,,,,2025,Monaco,Monaco Grand Prix,NOR,4,McLaren,1.0,78.0,73.221,HARD,22.837,9352.529
10476.0,106.0,2,74.0,False,0,car,1150.5952777777777,,,,,,,,2025,Monaco,Monaco Grand Prix,NOR,4,McLaren,1.0,78.0,73.221,HARD,22.997,9352.689
10831.0,132.0,2,86.0,False,0,car,1163.7952777777778,,,,,,,,2025,Monaco,Monaco Grand Prix,NOR,4,McLaren,1.0,78.0,73.221,HARD,23.357,9353.049
10674.0,142.0,2,88.0,False,0,car,1171.6841666666667,,,,,,,,2025,Monaco,Monaco Grand Prix,NOR,4,McLaren,1.0,78.0,73.221,HARD,23.557,9353.249
10189.0,143.0,3,0.0,True,0,car,1182.806388888889,,,,,,,,2025,Monaco,Monaco Grand Prix,NOR,4,McLaren,1.0,78.0,73.221,HARD,23.837,9353.529
10247.0,119.0,3,0.0,True,0,car,1193.351111111111,,,,,,,,2025,Monaco,Monaco Grand Prix,NOR,4,McLaren,1.0,78.0,73.221,HARD,24.156,9353.848
9983.0,93.0,2,0.0,True,0,car,1203.6844444444446,,,,,,,,2025,Monaco,Monaco Grand Prix,NOR,4,McLaren,1.0,78.0,73.221,HARD,24.556,9354.248
9708.0,84.0,1,0.0,True,0,car,1207.417777777778,,,,,,,,2025,Monaco,Monaco Grand Prix,NOR,4,McLaren,1.0,78.0,73.221,HARD,24.716,9354.408
8826.0,76.0,1,0.0,True,0,car,1211.64,,,,,,,,2025,Monaco,Monaco Grand Prix,NOR,4,McLaren,1.0,78.0,73.221,HARD,24.916,9354.608
7846.0,68.0,1,0.0,True,0,car,1216.1733333333334,,,,,,,,2025,Monaco,Monaco Grand Prix,NOR,4,McLaren,1.0,78.0,73.221,HARD,25.156,9354.848
7268.0,66.0,1,0.0,True,0,car,1219.1066666666668,,,,,,,,2025,Monaco,Monaco Grand Prix,NOR,4,McLaren,1.0,78.0,73.221,HARD,25.316,9355.008
6180.0,55.0,1,0.0,False,0,car,1226.44,,,,,,,,2025,Monaco,Monaco Grand Prix,NOR,4,McLaren,1.0,78.0,73.221,HARD,25.796,9355.488
5760.0,53.0,1,0.0,False,0,car,1228.7955555555557,,,,,,,,2025,Monaco,Monaco Grand Prix,NOR,4,McLaren,1.0,78.0,73.221,HARD,25.956,9355.648
5475.0,52.0,1,0.0,False,0,car,1231.1066666666668,,,,,,,,2025,Monaco,Monaco Grand Prix,NOR,4,McLaren,1.0,78.0,73.221,HARD,26.116,9355.808
5263.0,51.0,1,0.0,False,0,car,1233.94,,,,,,,,2025,Monaco,Monaco Grand Prix,NOR,4,McLaren,1.0,78.0,73.221,HARD,26.316,9356.008
4980.0,49.0,1,1.0,False,0,car,1237.7511111111112,,,,,,,,2025,Monaco,Monaco Grand Prix,NOR,4,McLaren,1.0,78.0,73.221,HARD,26.596,9356.288
5548.0,45.0,1,18.0,False,0,car,1241.7511111111112,,,,,,,,2025,Monaco,Monaco Grand Prix,NOR,4,McLaren,1.0,78.0,73.221,HARD,26.916,9356.608
6553.0,51.0,1,25.0,False,0,car,1246.2844444444445,,,,,,,,2025,Monaco,Monaco Grand Prix,NOR,4,McLaren,1.0,78.0,73.221,HARD,27.236,9356.928
6878.0,54.0,1,31.0,False,0,car,1249.2844444444445,,,,,,,,2025,Monaco,Monaco Grand Prix,NOR,4,McLaren,1.0,78.0,73.221,HARD,27.436,9357.128
7578.0,57.0,1,37.0,False,0,car,1251.8177777777778,,,,,,,,2025,Monaco,Monaco Grand Prix,NOR,4,McLaren,1.0,78.0,73.221,HARD,27.596,9357.288
9319.0,69.0,1,50.0,False,0,car,1259.4844444444445,,,,,,,,2025,Monaco,Monaco Grand Prix,NOR,4,McLaren,1.0,78.0,73.221,HARD,27.996,9357.688
10734.0,81.0,1,53.0,False,0,car,1265.7844444444445,,,,,,,,2025,Monaco,Monaco Grand Prix,NOR,4,McLaren,1.0,78.0,73.221,HARD,28.276,9357.968
11041.0,91.0,1,54.0,False,0,car,1269.8541666666667,,,,,,,,2025,Monaco,Monaco Grand Prix,NOR,4,McLaren,1.0,78.0,73.221,HARD,28.437,9358.129
10935.0,99.0,1,18.0,False,0,car,1276.4541666666667,,,,,,,,2025,Monaco,Monaco Grand Prix,NOR,4,McLaren,1.0,78.0,73.221,HARD,28.677,9358.369
8269.0,96.0,2,0.0,True,0,car,1287.1208333333334,,,,,,,,2025,Monaco,Monaco Grand Prix,NOR,4,McLaren,1.0,78.0,73.221,HARD,29.077,9358.769
7406.0,88.0,2,0.0,True,0,car,1296.8986111111112,,,,,,,,2025,Monaco,Monaco Grand Prix,NOR,4,McLaren,1.0,78.0,73.221,HARD,29.477,9359.169
7071.0,84.0,2,0.0,False,0,car,1304.365277777778,,,,,,,,2025,Monaco,Monaco Grand Prix,NOR,4,McLaren,1.0,78.0,73.221,HARD,29.797,9359.489
6978.0,80.0,2,0.0,False,0,car,1308.8097222222223,,,,,,,,2025,Monaco,Monaco Grand Prix,NOR,4,McLaren,1.0,78.0,73.221,HARD,29.997,9359.689
6733.0,79.0,2,4.0,False,0,car,1314.076388888889,,,,,,,,2025,Monaco,Monaco Grand Prix,NOR,4,McLaren,1.0,78.0,73.221,HARD,30.237,9359.929
7562.0,83.0,2,36.0,False,0,car,1321.4541666666667,,,,,,,,2025,Monaco,Monaco Grand Prix,NOR,4,McLaren,1.0,78.0,73.221,HARD,30.557,9360.249
8088.0,83.0,2,40.0,False,0,car,1325.1200000000001,,,,,,,,2025,Monaco,Monaco Grand Prix,NOR,4,McLaren,1.0,78.0,73.221,HARD,30.716,9360.408
8892.0,96.0,2,57.0,False,0,car,1335.7866666666666,,,,,,,,2025,Monaco,Monaco Grand Prix,NOR,4,McLaren,1.0,78.0,73.221,HARD,31.116,9360.808
10349.0,109.0,2,74.0,False,0,car,1343.0533333333333,,,,,,,,2025,Monaco,Monaco Grand Prix,NOR,4,McLaren,1.0,78.0,73.221,HARD,31.356,9361.048
10758.0,124.0,2,21.0,False,0,car,1352.6977777777777,,,,,,,,2025,Monaco,Monaco Grand Prix,NOR,4,McLaren,1.0,78.0,73.221,HARD,31.636,9361.328
9874.0,121.0,2,0.0,True,0,car,1362.1088888888887,,,,,,,,2025,Monaco,Monaco Grand Prix,NOR,4,McLaren,1.0,78.0,73.221,HARD,31.916,9361.608
9183.0,107.0,2,0.0,True,0,car,1369.242222222222,,,,,,,,2025,Monaco,Monaco Grand Prix,NOR,4,McLaren,1.0,78.0,73.221,HARD,32.156,9361.848
8928.0,104.0,2,0.0,True,0,car,1373.8644444444442,,,,,,,,2025,Monaco,Monaco Grand Prix,NOR,4,McLaren,1.0,78.0,73.221,HARD,32.316,9362.008
8036.0,99.0,2,0.0,True,0,car,1383.7644444444443,,,,,,,,2025,Monaco,Monaco Grand Prix,NOR,4,McLaren,1.0,78.0,73.221,HARD,32.676,9362.368
7691.0,91.0,2,0.0,False,0,car,1391.8533333333332,,,,,,,,2025,Monaco,Monaco Grand Prix,NOR,4,McLaren,1.0,78.0,73.221,HARD,32.996,9362.688
7539.0,86.0,2,0.0,False,0,car,1396.6311111111108,,,,,,,,2025,Monaco,Monaco Grand Prix,NOR,4,McLaren,1.0,78.0,73.221,HARD,33.196,9362.888
7334.0,84.0,2,5.0,False,0,car,1400.3644444444442,,,,,,,,2025,Monaco,Monaco Grand Prix,NOR,4,McLaren,1.0,78.0,73.221,HARD,33.356,9363.048
7786.0,84.0,2,20.0,False,0,car,1405.964444444444,,,,,,,,2025,Monaco,Monaco Grand Prix,NOR,4,McLaren,1.0,78.0,73.221,HARD,33.596,9363.288
7949.0,85.0,2,36.0,False,0,car,1411.6311111111108,,,,,,,,2025,Monaco,Monaco Grand Prix,NOR,4,McLaren,1.0,78.0,73.221,HARD,33.836,9363.528
8407.0,91.0,2,50.0,False,0,car,1416.6866666666665,,,,,,,,2025,Monaco,Monaco Grand Prix,NOR,4,McLaren,1.0,78.0,73.221,HARD,34.036,9363.728
9189.0,98.0,2,59.0,False,0,car,1422.1311111111108,,,,,,,,2025,Monaco,Monaco Grand Prix,NOR,4,McLaren,1.0,78.0,73.221,HARD,34.236,9363.928
10539.0,101.0,2,75.0,False,0,car,1431.1088888888887,,,,,,,,2025,Monaco,Monaco Grand Prix,NOR,4,McLaren,1.0,78.0,73.221,HARD,34.556,9364.248
11279.0,115.0,2,82.0,False,0,car,1436.22,,,,,,,,2025,Monaco,Monaco Grand Prix,NOR,4,McLaren,1.0,78.0,73.221,HARD,34.716,9364.408
10561.0,126.0,2,98.0,False,0,car,1444.655,,,,,,,,2025,Monaco,Monaco Grand Prix,NOR,4,McLaren,1.0,78.0,73.221,HARD,34.957,9364.649
10975.0,136.0,3,99.0,False,0,car,1455.2327777777778,,,,,,,,2025,Monaco,Monaco Grand Prix,NOR,4,McLaren,1.0,78.0,73.221,HARD,35.237,9364.929
10252.0,169.0,4,99.0,False,0,car,1474.0105555555554,,,,,,,,2025,Monaco,Monaco Grand Prix,NOR,4,McLaren,1.0,78.0,73.221,HARD,35.637,9365.329
11490.0,187.0,4,99.0,False,0,car,1496.8661111111107,,,,,,,,2025,Monaco,Monaco Grand Prix,NOR,4,McLaren,1.0,78.0,73.221,HARD,36.077,9365.769
10650.0,195.0,4,99.0,False,0,car,1505.5327777777777,,,,,,,,2025,Monaco,Monaco Grand Prix,NOR,4,McLaren,1.0,78.0,73.221,HARD,36.237,9365.929
10483.0,198.0,5,99.0,False,0,car,1514.3327777777774,,,,,,,,2025,Monaco,Monaco Grand Prix,NOR,4,McLaren,1.0,78.0,73.221,HARD,36.397,9366.089
10983.0,205.0,5,99.0,False,0,car,1525.7216666666666,,,,,,,,2025,Monaco,Monaco Grand Prix,NOR,4,McLaren,1.0,78.0,73.221,HARD,36.597,9366.289
11318.0,215.0,5,99.0,False,0,car,1540.055,,,,,,,,2025,Monaco,Monaco Grand Prix,NOR,4,McLaren,1.0,78.0,73.221,HARD,36.837,9366.529
11520.0,218.0,5,99.0,False,0,car,1557.0105555555554,,,,,,,,2025,Monaco,Monaco Grand Prix,NOR,4,McLaren,1.0,78.0,73.221,HARD,37.117,9366.809
10446.0,224.0,5,99.0,False,0,car,1566.966111111111,,,,,,,,2025,Monaco,Monaco Grand Prix,NOR,4,McLaren,1.0,78.0,73.221,HARD,37.277,9366.969
10763.0,234.0,6,99.0,False,0,car,1587.7011111111108,,,,,,,,2025,Monaco,Monaco Grand Prix,NOR,4,McLaren,1.0,78.0,73.221,HARD,37.596,9367.288
10951.0,239.0,6,99.0,False,0,car,1600.9788888888888,,,,,,,,2025,Monaco,Monaco Grand Prix,NOR,4,McLaren,1.0,78.0,73.221,HARD,37.796,9367.488
11273.0,245.0,6,99.0,False,0,car,1622.7566666666667,,,,,,,,2025,Monaco,Monaco Grand Prix,NOR,4,McLaren,1.0,78.0,73.221,HARD,38.116,9367.808
11384.0,249.0,6,99.0,False,0,car,1633.8233333333335,,,,,,,,2025,Monaco,Monaco Grand Prix,NOR,4,McLaren,1.0,78.0,73.221,HARD,38.276,9367.968
11581.0,251.0,6,99.0,False,0,car,1650.5566666666664,,,,,,,,2025,Monaco,Monaco Grand Prix,NOR,4,McLaren,1.0,78.0,73.221,HARD,38.516,9368.208
11629.0,259.0,6,99.0,False,0,car,1673.5788888888887,,,,,,,,2025,Monaco,Monaco Grand Prix,NOR,4,McLaren,1.0,78.0,73.221,HARD,38.836,9368.528
10549.0,260.0,6,99.0,False,0,car,1688.0233333333333,,,,,,,,2025,Monaco,Monaco Grand Prix,NOR,4,McLaren,1.0,78.0,73.221,HARD,39.036,9368.728
10524.0,263.0,7,99.0,False,0,car,1705.5566666666668,,,,,,,,2025,Monaco,Monaco Grand Prix,NOR,4,McLaren,1.0,78.0,73.221,HARD,39.276,9368.968
10735.0,265.0,7,98.0,False,0,car,1726.1677777777775,,,,,,,,2025,Monaco,Monaco Grand Prix,NOR,4,McLaren,1.0,78.0,73.221,HARD,39.556,9369.248
10883.0,267.0,7,98.0,False,0,car,1743.9677777777777,,,,,,,,2025,Monaco,Monaco Grand Prix,NOR,4,McLaren,1.0,78.0,73.221,HARD,39.796,9369.488
10875.0,270.0,7,98.0,False,0,car,1761.9677777777779,,,,,,,,2025,Monaco,Monaco Grand Prix,NOR,4,McLaren,1.0,78.0,73.221,HARD,40.036,9369.728
10950.0,271.0,7,98.0,False,0,car,1777.023333333333,,,,,,,,2025,Monaco,Monaco Grand Prix,NOR,4,McLaren,1.0,78.0,73.221,HARD,40.236,9369.928
11098.0,277.0,7,98.0,False,0,car,1810.878888888889,,,,,,,,2025,Monaco,Monaco Grand Prix,NOR,4,McLaren,1.0,78.0,73.221,HARD,40.676,9370.368
11164.0,279.0,7,98.0,False,0,car,1823.2788888888886,,,,,,,,2025,Monaco,Monaco Grand Prix,NOR,4,McLaren,1.0,78.0,73.221,HARD,40.836,9370.528
11315.0,282.0,7,98.0,False,0,car,1857.7455555555557,,,,,,,,2025,Monaco,Monaco Grand Prix,NOR,4,McLaren,1.0,78.0,73.221,HARD,41.276,9370.968
11445.0,286.0,7,98.0,False,0,car,1886.425,,,,,,,,2025,Monaco,Monaco Grand Prix,NOR,4,McLaren,1.0,78.0,73.221,HARD,41.637,9371.329
11501.0,288.0,7,98.0,False,0,car,1905.625,,,,,,,,2025,Monaco,Monaco Grand Prix,NOR,4,McLaren,1.0,78.0,73.221,HARD,41.877,9371.569
11552.0,288.0,7,98.0,False,0,car,1937.625,,,,,,,,2025,Monaco,Monaco Grand Prix,NOR,4,McLaren,1.0,78.0,73.221,HARD,42.277,9371.969
11343.0,286.0,7,1.0,True,0,car,1956.6916666666668,,,,,,,,2025,Monaco,Monaco Grand Prix,NOR,4,McLaren,1.0,78.0,73.221,HARD,42.517,9372.209
10046.0,251.0,7,0.0,True,0,car,1973.4249999999997,,,,,,,,2025,Monaco,Monaco Grand Prix,NOR,4,McLaren,1.0,78.0,73.221,HARD,42.757,9372.449
9437.0,212.0,7,0.0,True,0,car,1994.6249999999998,,,,,,,,2025,Monaco,Monaco Grand Prix,NOR,4,McLaren,1.0,78.0,73.221,HARD,43.117,9372.809
9679.0,192.0,7,0.0,True,0,car,2005.2916666666665,,,,,,,,2025,Monaco,Monaco Grand Prix,NOR,4,McLaren,1.0,78.0,73.221,HARD,43.317,9373.009
10288.0,161.0,5,0.0,True,0,car,2016.0249999999999,,,,,,,,2025,Monaco,Monaco Grand Prix,NOR,4,McLaren,1.0,78.0,73.221,HARD,43.557,9373.249
8716.0,103.0,2,0.0,True,0,car,2040.029722222222,,,,,,,,2025,Monaco,Monaco Grand Prix,NOR,4,McLaren,1.0,78.0,73.221,HARD,44.396,9374.088
8405.0,97.0,2,0.0,True,0,car,2045.4186111111107,,,,,,,,2025,Monaco,Monaco Grand Prix,NOR,4,McLaren,1.0,78.0,73.221,HARD,44.596,9374.288
7413.0,89.0,2,0.0,True,0,car,2052.340833333333,,,,,,,,2025,Monaco,Monaco Grand Prix,NOR,4,McLaren,1.0,78.0,73.221,HARD,44.876,9374.568
7322.0,83.0,2,0.0,False,0,car,2058.796388888889,,,,,,,,2025,Monaco,Monaco Grand Prix,NOR,4,McLaren,1.0,78.0,73.221,HARD,45.156,9374.848
6843.0,80.0,2,0.0,True,0,car,2063.2408333333333,,,,,,,,2025,Monaco,Monaco Grand Prix,NOR,4,McLaren,1.0,78.0,73.221,HARD,45.356,9375.048
6372.0,75.0,2,0.0,False,0,car,2069.9075,,,,,,,,2025,Monaco,Monaco Grand Prix,NOR,4,McLaren,1.0,78.0,73.221,HARD,45.676,9375.368
6234.0,73.0,2,0.0,False,0,car,2074.7741666666666,,,,,,,,2025,Monaco,Monaco Grand Prix,NOR,4,McLaren,1.0,78.0,73.221,HARD,45.916,9375.608
5896.0,69.0,2,0.0,False,0,car,2078.6075,,,,,,,,2025,Monaco,Monaco Grand Prix,NOR,4,McLaren,1.0,78.0,73.221,HARD,46.116,9375.808
6447.0,68.0,2,17.0,False,0,car,2083.1408333333334,,,,,,,,2025,Monaco,Monaco Grand Prix,NOR,4,McLaren,1.0,78.0,73.221,HARD,46.356,9376.048
6570.0,70.0,2,31.0,False,0,car,2086.2519444444442,,,,,,,,2025,Monaco,Monaco Grand Prix,NOR,4,McLaren,1.0,78.0,73.221,HARD,46.516,9376.208
7018.0,73.0,2,42.0,False,0,car,2089.4963888888888,,,,,,,,2025,Monaco,Monaco Grand Prix,NOR,4,McLaren,1.0,78.0,73.221,HARD,46.676,9376.368
7821.0,78.0,2,52.0,False,0,car,2093.829722222222,,,,,,,,2025,Monaco,Monaco Grand Prix,NOR,4,McLaren,1.0,78.0,73.221,HARD,46.876,9376.568
8433.0,84.0,2,55.0,False,0,car,2099.4297222222217,,,,,,,,2025,Monaco,Monaco Grand Prix,NOR,4,McLaren,1.0,78.0,73.221,HARD,47.116,9376.808
9358.0,98.0,2,70.0,False,0,car,2107.051944444444,,,,,,,,2025,Monaco,Monaco Grand Prix,NOR,4,McLaren,1.0,78.0,73.221,HARD,47.396,9377.088
10928.0,120.0,2,79.0,False,0,car,2121.7186111111105,,,,,,,,2025,Monaco,Monaco Grand Prix,NOR,4,McLaren,1.0,78.0,73.221,HARD,47.836,9377.528
11116.0,135.0,3,99.0,False,0,car,2136.7561111111104,,,,,,,,2025,Monaco,Monaco Grand Prix,NOR,4,McLaren,1.0,78.0,73.221,HARD,48.237,9377.929
10995.0,163.0,3,99.0,False,0,car,2154.8672222222212,,,,,,,,2025,Monaco,Monaco Grand Prix,NOR,4,McLaren,1.0,78.0,73.221,HARD,48.637,9378.329
10749.0,172.0,4,99.0,False,0,car,2168.244999999999,,,,,,,,2025,Monaco,Monaco Grand Prix,NOR,4,McLaren,1.0,78.0,73.221,HARD,48.917,9378.609
11676.0,188.0,4,99.0,False,0,car,2187.044999999999,,,,,,,,2025,Monaco,Monaco Grand Prix,NOR,4,McLaren,1.0,78.0,73.221,HARD,49.277,9378.969
10847.0,206.0,5,99.0,False,0,car,2214.511666666666,,,,,,,,2025,Monaco,Monaco Grand Prix,NOR,4,McLaren,1.0,78.0,73.221,HARD,49.757,9379.449
11297.0,215.0,5,99.0,False,0,car,2231.233888888888,,,,,,,,2025,Monaco,Monaco Grand Prix,NOR,4,McLaren,1.0,78.0,73.221,HARD,50.037,9379.729
11578.0,220.0,5,99.0,False,0,car,2245.900555555555,,,,,,,,2025,Monaco,Monaco Grand Prix,NOR,4,McLaren,1.0,78.0,73.221,HARD,50.277,9379.969
11868.0,225.0,5,92.0,False,0,car,2258.4005555555545,,,,,,,,2025,Monaco,Monaco Grand Prix,NOR,4,McLaren,1.0,78.0,73.221,HARD,50.477,9380.169
11401.0,219.0,5,0.0,True,0,car,2277.8063888888883,,,,,,,,2025,Monaco,Monaco Grand Prix,NOR,4,McLaren,1.0,78.0,73.221,HARD,50.796,9380.488
10846.0,184.0,5,0.0,True,0,car,2296.2063888888883,,,,,,,,2025,Monaco,Monaco Grand Prix,NOR,4,McLaren,1.0,78.0,73.221,HARD,51.156,9380.848
10440.0,174.0,4,0.0,True,0,car,2305.8730555555553,,,,,,,,2025,Monaco,Monaco Grand Prix,NOR,4,McLaren,1.0,78.0,73.221,HARD,51.356,9381.048
10106.0,169.0,4,0.0,False,0,car,2317.1397222222217,,,,,,,,2025,Monaco,Monaco Grand Prix,NOR,4,McLaren,1.0,78.0,73.221,HARD,51.596,9381.288
9993.0,164.0,4,23.0,False,0,car,2331.7174999999997,,,,,,,,2025,Monaco,Monaco Grand Prix,NOR,4,McLaren,1.0,78.0,73.221,HARD,51.916,9381.608
10349.0,164.0,4,50.0,False,0,car,2339.006388888889,,,,,,,,2025,Monaco,Monaco Grand Prix,NOR,4,McLaren,1.0,78.0,73.221,HARD,52.076,9381.768
10590.0,169.0,4,82.0,False,0,car,2354.0286111111113,,,,,,,,2025,Monaco,Monaco Grand Prix,NOR,4,McLaren,1.0,78.0,73.221,HARD,52.396,9382.088
11107.0,180.0,4,99.0,False,0,car,2366.0286111111113,,,,,,,,2025,Monaco,Monaco Grand Prix,NOR,4,McLaren,1.0,78.0,73.221,HARD,52.636,9382.328
11598.0,187.0,4,99.0,False,0,car,2376.4175,,,,,,,,2025,Monaco,Monaco Grand Prix,NOR,4,McLaren,1.0,78.0,73.221,HARD,52.836,9382.528
11086.0,199.0,4,99.0,False,0,car,2398.528611111111,,,,,,,,2025,Monaco,Monaco Grand Prix,NOR,4,McLaren,1.0,78.0,73.221,HARD,53.236,9382.928
10848.0,204.0,5,99.0,False,0,car,2414.3952777777777,,,,,,,,2025,Monaco,Monaco Grand Prix,NOR,4,McLaren,1.0,78.0,73.221,HARD,53.516,9383.208
11267.0,214.0,5,99.0,False,0,car,2431.0397222222223,,,,,,,,2025,Monaco,Monaco Grand Prix,NOR,4,McLaren,1.0,78.0,73.221,HARD,53.796,9383.488
11673.0,220.0,5,91.0,False,0,car,2448.1508333333336,,,,,,,,2025,Monaco,Monaco Grand Prix,NOR,4,McLaren,1.0,78.0,73.221,HARD,54.076,9383.768
11723.0,224.0,5,87.0,False,0,car,2465.573055555556,,,,,,,,2025,Monaco,Monaco Grand Prix,NOR,4,McLaren,1.0,78.0,73.221,HARD,54.356,9384.048
10603.0,228.0,5,87.0,False,0,car,2485.903055555556,,,,,,,,2025,Monaco,Monaco Grand Prix,NOR,4,McLaren,1.0,78.0,73.221,HARD,54.677,9384.369
10861.0,230.0,6,88.0,False,0,car,2501.2363888888895,,,,,,,,2025,Monaco,Monaco Grand Prix,NOR,4,McLaren,1.0,78.0,73.221,HARD,54.917,9384.609
10619.0,230.0,6,97.0,False,0,car,2514.014166666667,,,,,,,,2025,Monaco,Monaco Grand Prix,NOR,4,McLaren,1.0,78.0,73.221,HARD,55.117,9384.809
11095.0,238.0,6,99.0,False,0,car,2537.814166666667,,,,,,,,2025,Monaco,Monaco Grand Prix,NOR,4,McLaren,1.0,78.0,73.221,HARD,55.477,9385.169
10956.0,240.0,6,99.0,False,0,car,2548.480833333334,,,,,,,,2025,Monaco,Monaco Grand Prix,NOR,4,McLaren,1.0,78.0,73.221,HARD,55.637,9385.329
10905.0,245.0,6,32.0,False,0,car,2570.258611111112,,,,,,,,2025,Monaco,Monaco Grand Prix,NOR,4,McLaren,1.0,78.0,73.221,HARD,55.957,9385.649
11194.0,223.0,6,0.0,True,0,car,2592.558611111112,,,,,,,,2025,Monaco,Monaco Grand Prix,NOR,4,McLaren,1.0,78.0,73.221,HARD,56.317,9386.009
11457.0,175.0,5,0.0,True,0,car,2615.891944444445,,,,,,,,2025,Monaco,Monaco Grand Prix,NOR,4,McLaren,1.0,78.0,73.221,HARD,56.797,9386.489
10607.0,152.0,3,0.0,True,0,car,2632.780833333334,,,,,,,,2025,Monaco,Monaco Grand Prix,NOR,4,McLaren,1.0,78.0,73.221,HARD,57.197,9386.889
10371.0,142.0,3,0.0,True,0,car,2642.2475000000004,,,,,,,,2025,Monaco,Monaco Grand Prix,NOR,4,McLaren,1.0,78.0,73.221,HARD,57.437,9387.129
8818.0,124.0,3,4.0,False,0,car,2676.6575000000003,,,,,,,,2025,Monaco,Monaco Grand Prix,NOR,4,McLaren,1.0,78.0,73.221,HARD,58.436,9388.128
9378.0,123.0,3,20.0,False,0,car,2682.124166666667,,,,,,,,2025,Monaco,Monaco Grand Prix,NOR,4,McLaren,1.0,78.0,73.221,HARD,58.596,9388.288
9378.0,122.0,3,44.0,False,0,car,2690.2575,,,,,,,,2025,Monaco,Monaco Grand Prix,NOR,4,McLaren,1.0,78.0,73.221,HARD,58.836,9388.528
10092.0,129.0,3,81.0,False,0,car,2698.8575,,,,,,,,2025,Monaco,Monaco Grand Prix,NOR,4,McLaren,1.0,78.0,73.221,HARD,59.076,9388.768
10668.0,137.0,3,96.0,False,0,car,2706.4686111111114,,,,,,,,2025,Monaco,Monaco Grand Prix,NOR,4,McLaren,1.0,78.0,73.221,HARD,59.276,9388.968
11248.0,154.0,3,99.0,False,0,car,2720.1575,,,,,,,,2025,Monaco,Monaco Grand Prix,NOR,4,McLaren,1.0,78.0,73.221,HARD,59.596,9389.288
10747.0,173.0,4,99.0,False,0,car,2739.3797222222224,,,,,,,,2025,Monaco,Monaco Grand Prix,NOR,4,McLaren,1.0,78.0,73.221,HARD,59.996,9389.688
11333.0,184.0,4,99.0,False,0,car,2753.6908333333336,,,,,,,,2025,Monaco,Monaco Grand Prix,NOR,4,McLaren,1.0,78.0,73.221,HARD,60.276,9389.968
11541.0,194.0,4,99.0,False,0,car,2770.9352777777776,,,,,,,,2025,Monaco,Monaco Grand Prix,NOR,4,McLaren,1.0,78.0,73.221,HARD,60.596,9390.288
11696.0,198.0,4,99.0,True,0,car,2788.5352777777775,,,,,,,,2025,Monaco,Monaco Grand Prix,NOR,4,McLaren,1.0,78.0,73.221,HARD,60.916,9390.608
11242.0,195.0,4,0.0,True,0,car,2799.368611111111,,,,,,,,2025,Monaco,Monaco Grand Prix,NOR,4,McLaren,1.0,78.0,73.221,HARD,61.116,9390.808
10449.0,171.0,4,0.0,True,0,car,2810.816111111111,,,,,,,,2025,Monaco,Monaco Grand Prix,NOR,4,McLaren,1.0,78.0,73.221,HARD,61.357,9391.049
10781.0,139.0,3,0.0,True,0,car,2823.171666666666,,,,,,,,2025,Monaco,Monaco Grand Prix,NOR,4,McLaren,1.0,78.0,73.221,HARD,61.677,9391.369
9481.0,109.0,2,0.0,True,0,car,2835.282777777777,,,,,,,,2025,Monaco,Monaco Grand Prix,NOR,4,McLaren,1.0,78.0,73.221,HARD,62.077,9391.769
8117.0,98.0,2,0.0,True,0,car,2841.8161111111103,,,,,,,,2025,Monaco,Monaco Grand Prix,NOR,4,McLaren,1.0,78.0,73.221,HARD,62.317,9392.009
6891.0,80.0,2,0.0,True,0,car,2848.9272222222216,,,,,,,,2025,Monaco,Monaco Grand Prix,NOR,4,McLaren,1.0,78.0,73.221,HARD,62.637,9392.329
6776.0,76.0,2,0.0,False,0,car,2853.9938888888883,,,,,,,,2025,Monaco,Monaco Grand Prix,NOR,4,McLaren,1.0,78.0,73.221,HARD,62.877,9392.569
5973.0,71.0,2,0.0,True,0,car,2861.093888888888,,,,,,,,2025,Monaco,Monaco Grand Prix,NOR,4,McLaren,1.0,78.0,73.221,HARD,63.237,9392.929
5460.0,66.0,2,0.0,False,0,car,2866.960555555555,,,,,,,,2025,Monaco,Monaco Grand Prix,NOR,4,McLaren,1.0,78.0,73.221,HARD,63.557,9393.249
6020.0,62.0,2,16.0,False,0,car,2871.782777777777,,,,,,,,2025,Monaco,Monaco Grand Prix,NOR,4,McLaren,1.0,78.0,73.221,HARD,63.837,9393.529
5988.0,63.0,2,21.0,False,0,car,2875.982777777777,,,,,,,,2025,Monaco,Monaco Grand Prix,NOR,4,McLaren,1.0,78.0,73.221,HARD,64.077,9393.769
6395.0,65.0,2,36.0,False,0,car,2880.2980555555546,,,,,,,,2025,Monaco,Monaco Grand Prix,NOR,4,McLaren,1.0,78.0,73.221,HARD,64.316,9394.008
6469.0,69.0,2,45.0,False,0,car,2884.131388888888,,,,,,,,2025,Monaco,Monaco Grand Prix,NOR,4,McLaren,1.0,78.0,73.221,HARD,64.516,9394.208
7575.0,82.0,2,64.0,False,0,car,2891.420277777777,,,,,,,,2025,Monaco,Monaco Grand Prix,NOR,4,McLaren,1.0,78.0,73.221,HARD,64.836,9394.528
8676.0,96.0,2,76.0,False,0,car,2899.95361111111,,,,,,,,2025,Monaco,Monaco Grand Prix,NOR,4,McLaren,1.0,78.0,73.221,HARD,65.156,9394.848
10510.0,111.0,2,80.0,False,0,car,2911.05361111111,,,,,,,,2025,Monaco,Monaco Grand Prix,NOR,4,McLaren,1.0,78.0,73.221,HARD,65.516,9395.208
9966.0,117.0,2,11.0,True,0,car,2916.25361111111,,,,,,,,2025,Monaco,Monaco Grand Prix,NOR,4,McLaren,1.0,78.0,73.221,HARD,65.676,9395.368
9584.0,114.0,2,0.0,True,0,car,2922.5869444444434,,,,,,,,2025,Monaco,Monaco Grand Prix,NOR,4,McLaren,1.0,78.0,73.221,HARD,65.876,9395.568
8617.0,100.0,2,0.0,True,0,car,2931.475833333332,,,,,,,,2025,Monaco,Monaco Grand Prix,NOR,4,McLaren,1.0,78.0,73.221,HARD,66.196,9395.888
7835.0,89.0,2,0.0,True,0,car,2937.4091666666654,,,,,,,,2025,Monaco,Monaco Grand Prix,NOR,4,McLaren,1.0,78.0,73.221,HARD,66.436,9396.128
7250.0,83.0,2,0.0,False,0,car,2944.786944444443,,,,,,,,2025,Monaco,Monaco Grand Prix,NOR,4,McLaren,1.0,78.0,73.221,HARD,66.756,9396.448
7129.0,81.0,2,5.0,False,0,car,2950.1869444444433,,,,,,,,2025,Monaco,Monaco Grand Prix,NOR,4,McLaren,1.0,78.0,73.221,HARD,66.996,9396.688
7817.0,81.0,2,26.0,False,0,car,2957.3869444444435,,,,,,,,2025,Monaco,Monaco Grand Prix,NOR,4,McLaren,1.0,78.0,73.221,HARD,67.316,9397.008
8018.0,85.0,2,36.0,False,0,car,2962.1091666666657,,,,,,,,2025,Monaco,Monaco Grand Prix,NOR,4,McLaren,1.0,78.0,73.221,HARD,67.516,9397.208
8437.0,89.0,2,51.0,False,0,car,2967.05361111111,,,,,,,,2025,Monaco,Monaco Grand Prix,NOR,4,McLaren,1.0,78.0,73.221,HARD,67.716,9397.408
8938.0,97.0,2,70.0,False,0,car,2972.4694444444435,,,,,,,,2025,Monaco,Monaco Grand Prix,NOR,4,McLaren,1.0,78.0,73.221,HARD,67.917,9397.609
10293.0,113.0,2,91.0,False,0,car,2980.002777777777,,,,,,,,2025,Monaco,Monaco Grand Prix,NOR,4,McLaren,1.0,78.0,73.221,HARD,68.157,9397.849
11407.0,130.0,2,99.0,False,0,car,2991.5583333333325,,,,,,,,2025,Monaco,Monaco Grand Prix,NOR,4,McLaren,1.0,78.0,73.221,HARD,68.477,9398.169
11174.0,142.0,3,99.0,False,0,car,2999.4472222222216,,,,,,,,2025,Monaco,Monaco Grand Prix,NOR,4,McLaren,1.0,78.0,73.221,HARD,68.677,9398.369
11384.0,147.0,3,99.0,False,0,car,3009.2472222222214,,,,,,,,2025,Monaco,Monaco Grand Prix,NOR,4,McLaren,1.0,78.0,73.221,HARD,68.917,9398.609
11655.0,163.0,3,99.0,False,0,car,3016.4916666666654,,,,,,,,2025,Monaco,Monaco Grand Prix,NOR,4,McLaren,1.0,78.0,73.221,HARD,69.077,9398.769
11041.0,182.0,4,99.0,False,0,car,3034.6916666666652,,,,,,,,2025,Monaco,Monaco Grand Prix,NOR,4,McLaren,1.0,78.0,73.221,HARD,69.437,9399.129
11526.0,185.0,4,99.0,False,0,car,3047.024999999999,,,,,,,,2025,Monaco,Monaco Grand Prix,NOR,4,McLaren,1.0,78.0,73.221,HARD,69.677,9399.369
10578.0,200.0,5,99.0,False,0,car,3064.8027777777766,,,,,,,,2025,Monaco,Monaco Grand Prix,NOR,4,McLaren,1.0,78.0,73.221,HARD,69.997,9399.689
10864.0,207.0,5,99.0,False,0,car,3076.3027777777766,,,,,,,,2025,Monaco,Monaco Grand Prix,NOR,4,McLaren,1.0,78.0,73.221,HARD,70.197,9399.889
11333.0,212.0,5,99.0,False,0,car,3092.7916666666656,,,,,,,,2025,Monaco,Monaco Grand Prix,NOR,4,McLaren,1.0,78.0,73.221,HARD,70.477,9400.169
11214.0,221.0,5,99.0,False,0,car,3112.4361111111098,,,,,,,,2025,Monaco,Monaco Grand Prix,NOR,4,McLaren,1.0,78.0,73.221,HARD,70.797,9400.489
10545.0,231.0,6,99.0,False,0,car,3130.3386111111095,,,,,,,,2025,Monaco,Monaco Grand Prix,NOR,4,McLaren,1.0,78.0,73.221,HARD,71.076,9400.768
10780.0,236.0,6,99.0,False,0,car,3140.827499999999,,,,,,,,2025,Monaco,Monaco Grand Prix,NOR,4,McLaren,1.0,78.0,73.221,HARD,71.236,9400.928
11758.0,257.0,6,99.0,False,0,car,3226.494166666666,,,,,,,,2025,Monaco,Monaco Grand Prix,NOR,4,McLaren,1.0,78.0,73.221,HARD,72.436,9402.128
10832.0,260.0,6,99.0,False,0,car,3249.6052777777763,,,,,,,,2025,Monaco,Monaco Grand Prix,NOR,4,McLaren,1.0,78.0,73.221,HARD,72.756,9402.448
10640.0,265.0,7,99.0,False,0,car,3276.1052777777763,,,,,,,,2025,Monaco,Monaco Grand Prix,NOR,4,McLaren,1.0,78.0,73.221,HARD,73.116,9402.808
10758.0,267.0,7,100.0,False,0,car,19.20916666666667,,,,,,,,2025,Monaco,Monaco Grand Prix,LEC,16,Ferrari,2.0,36.0,74.055,HARD,0.259,6156.517
10911.0,272.0,7,100.0,False,0,car,46.409166666666664,,,,,,,,2025,Monaco,Monaco Grand Prix,LEC,16,Ferrari,2.0,36.0,74.055,HARD,0.619,6156.877
10990.0,271.0,7,100.0,False,0,car,61.464722222222214,,,,,,,,2025,Monaco,Monaco Grand Prix,LEC,16,Ferrari,2.0,36.0,74.055,HARD,0.819,6157.077
11040.0,276.0,7,100.0,False,0,car,79.86472222222221,,,,,,,,2025,Monaco,Monaco Grand Prix,LEC,16,Ferrari,2.0,36.0,74.055,HARD,1.059,6157.317
11040.0,276.0,7,100.0,True,0,car,95.19805555555554,,,,,,,,2025,Monaco,Monaco Grand Prix,LEC,16,Ferrari,2.0,36.0,74.055,HARD,1.259,6157.517
10379.0,233.0,7,0.0,True,0,car,113.32027777777776,,,,,,,,2025,Monaco,Monaco Grand Prix,LEC,16,Ferrari,2.0,36.0,74.055,HARD,1.539,6157.797
10077.0,185.0,6,0.0,True,0,car,133.87583333333333,,,,,,,,2025,Monaco,Monaco Grand Prix,LEC,16,Ferrari,2.0,36.0,74.055,HARD,1.939,6158.197
10085.0,166.0,6,0.0,True,0,car,144.9425,,,,,,,,2025,Monaco,Monaco Grand Prix,LEC,16,Ferrari,2.0,36.0,74.055,HARD,2.179,6158.437
8665.0,119.0,3,2.0,True,0,car,170.06472222222223,,,,,,,,2025,Monaco,Monaco Grand Prix,LEC,16,Ferrari,2.0,36.0,74.055,HARD,2.939,6159.197
8463.0,113.0,3,21.0,False,0,car,183.87583333333333,,,,,,,,2025,Monaco,Monaco Grand Prix,LEC,16,Ferrari,2.0,36.0,74.055,HARD,3.379,6159.637
8709.0,112.0,3,34.0,False,0,car,192.55583333333334,,,,,,,,2025,Monaco,Monaco Grand Prix,LEC,16,Ferrari,2.0,36.0,74.055,HARD,3.658,6159.916
9168.0,115.0,3,47.0,False,0,car,202.77805555555557,,,,,,,,2025,Monaco,Monaco Grand Prix,LEC,16,Ferrari,2.0,36.0,74.055,HARD,3.978,6160.236
10183.0,129.0,3,76.0,False,0,car,219.97805555555556,,,,,,,,2025,Monaco,Monaco Grand Prix,LEC,16,Ferrari,2.0,36.0,74.055,HARD,4.458,6160.716
10943.0,145.0,3,100.0,False,0,car,231.25583333333336,,,,,,,,2025,Monaco,Monaco Grand Prix,LEC,16,Ferrari,2.0,36.0,74.055,HARD,4.738,6160.996
11364.0,150.0,3,100.0,False,0,car,241.2975,,,,,,,,2025,Monaco,Monaco Grand Prix,LEC,16,Ferrari,2.0,36.0,74.055,HARD,4.979,6161.237
10627.0,164.0,4,100.0,False,0,car,255.8752777777778,,,,,,,,2025,Monaco,Monaco Grand Prix,LEC,16,Ferrari,2.0,36.0,74.055,HARD,5.299,6161.557
11418.0,186.0,4,100.0,False,0,car,278.6086111111111,,,,,,,,2025,Monaco,Monaco Grand Prix,LEC,16,Ferrari,2.0,36.0,74.055,HARD,5.739,6161.997
10604.0,195.0,5,100.0,False,0,car,298.1086111111111,,,,,,,,2025,Monaco,Monaco Grand Prix,LEC,16,Ferrari,2.0,36.0,74.055,HARD,6.099,6162.357
10764.0,201.0,5,100.0,False,0,car,307.0419444444444,,,,,,,,2025,Monaco,Monaco Grand Prix,LEC,16,Ferrari,2.0,36.0,74.055,HARD,6.259,6162.517
11366.0,215.0,5,100.0,False,0,car,335.70861111111105,,,,,,,,2025,Monaco,Monaco Grand Prix,LEC,16,Ferrari,2.0,36.0,74.055,HARD,6.739,6162.997
11678.0,222.0,5,100.0,False,0,car,357.9086111111111,,,,,,,,2025,Monaco,Monaco Grand Prix,LEC,16,Ferrari,2.0,36.0,74.055,HARD,7.099,6163.357
10921.0,225.0,6,99.0,False,0,car,370.4086111111111,,,,,,,,2025,Monaco,Monaco Grand Prix,LEC,16,Ferrari,2.0,36.0,74.055,HARD,7.299,6163.557
10915.0,230.0,6,100.0,False,0,car,383.1863888888888,,,,,,,,2025,Monaco,Monaco Grand Prix,LEC,16,Ferrari,2.0,36.0,74.055,HARD,7.499,6163.757
10669.0,236.0,6,100.0,False,0,car,398.91972222222216,,,,,,,,2025,Monaco,Monaco Grand Prix,LEC,16,Ferrari,2.0,36.0,74.055,HARD,7.739,6163.997
11025.0,239.0,6,100.0,False,0,car,412.19749999999993,,,,,,,,2025,Monaco,Monaco Grand Prix,LEC,16,Ferrari,2.0,36.0,74.055,HARD,7.939,6164.197
11062.0,241.0,6,100.0,False,0,car,422.90861111111104,,,,,,,,2025,Monaco,Monaco Grand Prix,LEC,16,Ferrari,2.0,36.0,74.055,HARD,8.099,6164.357
11341.0,247.0,6,100.0,False,0,car,447.60861111111103,,,,,,,,2025,Monaco,Monaco Grand Prix,LEC,16,Ferrari,2.0,36.0,74.055,HARD,8.459,6164.717
11451.0,249.0,6,100.0,False,0,car,464.20861111111105,,,,,,,,2025,Monaco,Monaco Grand Prix,LEC,16,Ferrari,2.0,36.0,74.055,HARD,8.699,6164.957
11865.0,254.0,6,99.0,False,0,car,489.60861111111103,,,,,,,,2025,Monaco,Monaco Grand Prix,LEC,16,Ferrari,2.0,36.0,74.055,HARD,9.059,6165.317
11585.0,256.0,6,100.0,False,0,car,503.8308333333333,,,,,,,,2025,Monaco,Monaco Grand Prix,LEC,16,Ferrari,2.0,36.0,74.055,HARD,9.259,6165.517
10499.0,260.0,7,100.0,False,0,car,526.9419444444444,,,,,,,,2025,Monaco,Monaco Grand Prix,LEC,16,Ferrari,2.0,36.0,74.055,HARD,9.579,6165.837
10526.0,261.0,7,100.0,False,0,car,541.4419444444444,,,,,,,,2025,Monaco,Monaco Grand Prix,LEC,16,Ferrari,2.0,36.0,74.055,HARD,9.779,6166.037
10684.0,267.0,7,100.0,False,0,car,577.0419444444444,,,,,,,,2025,Monaco,Monaco Grand Prix,LEC,16,Ferrari,2.0,36.0,74.055,HARD,10.259,6166.517
10768.0,267.0,7,100.0,True,0,car,603.6677777777777,,,,,,,,2025,Monaco,Monaco Grand Prix,LEC,16,Ferrari,2.0,36.0,74.055,HARD,10.618,6166.876
10968.0,264.0,7,99.0,True,0,car,621.2677777777777,,,,,,,,2025,Monaco,Monaco Grand Prix,LEC,16,Ferrari,2.0,36.0,74.055,HARD,10.858,6167.116
10968.0,261.0,7,47.0,True,0,car,638.6677777777777,,,,,,,,2025,Monaco,Monaco Grand Prix,LEC,16,Ferrari,2.0,36.0,74.055,HARD,11.098,6167.356
10268.0,239.0,7,0.0,True,0,car,649.2899999999998,,,,,,,,2025,Monaco,Monaco Grand Prix,LEC,16,Ferrari,2.0,36.0,74.055,HARD,11.258,6167.516
10270.0,231.0,6,0.0,True,0,car,664.7541666666666,,,,,,,,2025,Monaco,Monaco Grand Prix,LEC,16,Ferrari,2.0,36.0,74.055,HARD,11.499,6167.757
11030.0,224.0,6,3.0,True,0,car,677.198611111111,,,,,,,,2025,Monaco,Monaco Grand Prix,LEC,16,Ferrari,2.0,36.0,74.055,HARD,11.699,6167.957
11497.0,198.0,5,7.0,True,0,car,699.198611111111,,,,,,,,2025,Monaco,Monaco Grand Prix,LEC,16,Ferrari,2.0,36.0,74.055,HARD,12.099,6168.357
10913.0,177.0,4,10.0,True,0,car,716.8986111111109,,,,,,,,2025,Monaco,Monaco Grand Prix,LEC,16,Ferrari,2.0,36.0,74.055,HARD,12.459,6168.717
10670.0,172.0,4,14.0,False,0,car,726.4541666666665,,,,,,,,2025,Monaco,Monaco Grand Prix,LEC,16,Ferrari,2.0,36.0,74.055,HARD,12.659,6168.917
10483.0,169.0,4,27.0,False,0,car,735.8430555555553,,,,,,,,2025,Monaco,Monaco Grand Prix,LEC,16,Ferrari,2.0,36.0,74.055,HARD,12.859,6169.117
10178.0,162.0,4,39.0,False,0,car,755.6430555555553,,,,,,,,2025,Monaco,Monaco Grand Prix,LEC,16,Ferrari,2.0,36.0,74.055,HARD,13.299,6169.557
10095.0,159.0,4,47.0,False,0,car,766.2430555555553,,,,,,,,2025,Monaco,Monaco Grand Prix,LEC,16,Ferrari,2.0,36.0,74.055,HARD,13.539,6169.797
10188.0,161.0,4,54.0,False,0,car,775.1874999999998,,,,,,,,2025,Monaco,Monaco Grand Prix,LEC,16,Ferrari,2.0,36.0,74.055,HARD,13.739,6169.997
10317.0,161.0,4,56.0,False,0,car,787.709722222222,,,,,,,,2025,Monaco,Monaco Grand Prix,LEC,16,Ferrari,2.0,36.0,74.055,HARD,14.019,6170.277
10293.0,163.0,4,53.0,False,0,car,804.009722222222,,,,,,,,2025,Monaco,Monaco Grand Prix,LEC,16,Ferrari,2.0,36.0,74.055,HARD,14.379,6170.637
10367.0,163.0,4,50.0,False,0,car,820.309722222222,,,,,,,,2025,Monaco,Monaco Grand Prix,LEC,16,Ferrari,2.0,36.0,74.055,HARD,14.739,6170.997
10392.0,164.0,4,54.0,True,0,car,827.5986111111108,,,,,,,,2025,Monaco,Monaco Grand Prix,LEC,16,Ferrari,2.0,36.0,74.055,HARD,14.899,6171.157
9564.0,151.0,4,0.0,True,0,car,837.6652777777775,,,,,,,,2025,Monaco,Monaco Grand Prix,LEC,16,Ferrari,2.0,36.0,74.055,HARD,15.139,6171.397
8889.0,151.0,4,5.0,True,0,car,849.4097222222221,,,,,,,,2025,Monaco,Monaco Grand Prix,LEC,16,Ferrari,2.0,36.0,74.055,HARD,15.419,6171.677
8709.0,141.0,4,17.0,False,0,car,863.5097222222221,,,,,,,,2025,Monaco,Monaco Grand Prix,LEC,16,Ferrari,2.0,36.0,74.055,HARD,15.779,6172.037
8771.0,137.0,4,41.0,False,0,car,871.1208333333332,,,,,,,,2025,Monaco,Monaco Grand Prix,LEC,16,Ferrari,2.0,36.0,74.055,HARD,15.979,6172.237
8771.0,136.0,4,42.0,False,0,car,877.1652777777776,,,,,,,,2025,Monaco,Monaco Grand Prix,LEC,16,Ferrari,2.0,36.0,74.055,HARD,16.139,6172.397
9128.0,139.0,4,61.0,False,0,car,884.8874999999998,,,,,,,,2025,Monaco,Monaco Grand Prix,LEC,16,Ferrari,2.0,36.0,74.055,HARD,16.339,6172.597
9248.0,142.0,4,63.0,False,0,car,891.198611111111,,,,,,,,2025,Monaco,Monaco Grand Prix,LEC,16,Ferrari,2.0,36.0,74.055,HARD,16.499,6172.757
9621.0,148.0,4,72.0,False,0,car,901.0652777777777,,,,,,,,2025,Monaco,Monaco Grand Prix,LEC,16,Ferrari,2.0,36.0,74.055,HARD,16.739,6172.997
9785.0,154.0,4,74.0,False,0,car,909.6208333333333,,,,,,,,2025,Monaco,Monaco Grand Prix,LEC,16,Ferrari,2.0,36.0,74.055,HARD,16.939,6173.197
10380.0,162.0,4,82.0,False,0,car,920.3758333333333,,,,,,,,2025,Monaco,Monaco Grand Prix,LEC,16,Ferrari,2.0,36.0,74.055,HARD,17.178,6173.436
11295.0,174.0,4,100.0,False,0,car,935.8425,,,,,,,,2025,Monaco,Monaco Grand Prix,LEC,16,Ferrari,2.0,36.0,74.055,HARD,17.498,6173.756
11585.0,183.0,4,100.0,False,0,car,943.9758333333333,,,,,,,,2025,Monaco,Monaco Grand Prix,LEC,16,Ferrari,2.0,36.0,74.055,HARD,17.658,6173.916
10885.0,185.0,4,100.0,False,0,car,952.1980555555556,,,,,,,,2025,Monaco,Monaco Grand Prix,LEC,16,Ferrari,2.0,36.0,74.055,HARD,17.818,6174.076
10488.0,196.0,5,100.0,False,0,car,965.3191666666667,,,,,,,,2025,Monaco,Monaco Grand Prix,LEC,16,Ferrari,2.0,36.0,74.055,HARD,18.059,6174.317
10775.0,199.0,5,100.0,False,0,car,974.1636111111111,,,,,,,,2025,Monaco,Monaco Grand Prix,LEC,16,Ferrari,2.0,36.0,74.055,HARD,18.219,6174.477
11005.0,206.0,5,100.0,False,0,car,983.3191666666667,,,,,,,,2025,Monaco,Monaco Grand Prix,LEC,16,Ferrari,2.0,36.0,74.055,HARD,18.379,6174.637
11324.0,216.0,5,100.0,False,0,car,1004.9191666666666,,,,,,,,2025,Monaco,Monaco Grand Prix,LEC,16,Ferrari,2.0,36.0,74.055,HARD,18.739,6174.997
12015.0,197.0,5,10.0,True,0,car,1026.8080555555555,,,,,,,,2025,Monaco,Monaco Grand Prix,LEC,16,Ferrari,2.0,36.0,74.055,HARD,19.139,6175.397
10895.0,185.0,5,0.0,True,0,car,1035.0302777777777,,,,,,,,2025,Monaco,Monaco Grand Prix,LEC,16,Ferrari,2.0,36.0,74.055,HARD,19.299,6175.557
9961.0,140.0,4,0.0,True,0,car,1053.6969444444444,,,,,,,,2025,Monaco,Monaco Grand Prix,LEC,16,Ferrari,2.0,36.0,74.055,HARD,19.779,6176.037
10584.0,133.0,3,1.0,True,0,car,1059.6080555555554,,,,,,,,2025,Monaco,Monaco Grand Prix,LEC,16,Ferrari,2.0,36.0,74.055,HARD,19.939,6176.197
9114.0,109.0,2,3.0,True,0,car,1070.5080555555555,,,,,,,,2025,Monaco,Monaco Grand Prix,LEC,16,Ferrari,2.0,36.0,74.055,HARD,20.299,6176.557
8139.0,98.0,2,3.0,True,0,car,1077.0413888888888,,,,,,,,2025,Monaco,Monaco Grand Prix,LEC,16,Ferrari,2.0,36.0,74.055,HARD,20.539,6176.797
6624.0,76.0,2,3.0,False,0,car,1098.1525,,,,,,,,2025,Monaco,Monaco Grand Prix,LEC,16,Ferrari,2.0,36.0,74.055,HARD,21.539,6177.797
6673.0,75.0,2,8.0,False,0,car,1101.4858333333332,,,,,,,,2025,Monaco,Monaco Grand Prix,LEC,16,Ferrari,2.0,36.0,74.055,HARD,21.699,6177.957
6657.0,75.0,2,27.0,False,0,car,1106.4858333333332,,,,,,,,2025,Monaco,Monaco Grand Prix,LEC,16,Ferrari,2.0,36.0,74.055,HARD,21.939,6178.197
7283.0,80.0,2,41.0,False,0,car,1114.4858333333332,,,,,,,,2025,Monaco,Monaco Grand Prix,LEC,16,Ferrari,2.0,36.0,74.055,HARD,22.299,6178.557
8579.0,94.0,2,59.0,False,0,car,1125.974722222222,,,,,,,,2025,Monaco,Monaco Grand Prix,LEC,16,Ferrari,2.0,36.0,74.055,HARD,22.739,6178.997
9172.0,98.0,2,61.0,False,0,car,1130.3302777777776,,,,,,,,2025,Monaco,Monaco Grand Prix,LEC,16,Ferrari,2.0,36.0,74.055,HARD,22.899,6179.157
9813.0,105.0,2,68.0,False,0,car,1136.1636111111109,,,,,,,,2025,Monaco,Monaco Grand Prix,LEC,16,Ferrari,2.0,36.0,74.055,HARD,23.099,6179.357
10599.0,114.0,2,73.0,False,0,car,1141.2302777777775,,,,,,,,2025,Monaco,Monaco Grand Prix,LEC,16,Ferrari,2.0,36.0,74.055,HARD,23.259,6179.517
10410.0,130.0,2,85.0,False,0,car,1151.3413888888886,,,,,,,,2025,Monaco,Monaco Grand Prix,LEC,16,Ferrari,2.0,36.0,74.055,HARD,23.539,6179.797
10740.0,142.0,3,43.0,False,0,car,1168.6574999999996,,,,,,,,2025,Monaco,Monaco Grand Prix,LEC,16,Ferrari,2.0,36.0,74.055,HARD,23.978,6180.236
10058.0,127.0,3,0.0,True,0,car,1174.301944444444,,,,,,,,2025,Monaco,Monaco Grand Prix,LEC,16,Ferrari,2.0,36.0,74.055,HARD,24.138,6180.396
9820.0,120.0,3,0.0,True,0,car,1182.301944444444,,,,,,,,2025,Monaco,Monaco Grand Prix,LEC,16,Ferrari,2.0,36.0,74.055,HARD,24.378,6180.636
11040.0,103.0,2,0.0,True,0,car,1189.1972222222216,,,,,,,,2025,Monaco,Monaco Grand Prix,LEC,16,Ferrari,2.0,36.0,74.055,HARD,24.619,6180.877
9652.0,85.0,1,0.0,True,0,car,1194.8638888888884,,,,,,,,2025,Monaco,Monaco Grand Prix,LEC,16,Ferrari,2.0,36.0,74.055,HARD,24.859,6181.117
8759.0,81.0,1,0.0,True,0,car,1198.4638888888883,,,,,,,,2025,Monaco,Monaco Grand Prix,LEC,16,Ferrari,2.0,36.0,74.055,HARD,25.019,6181.277
7888.0,73.0,1,0.0,True,0,car,1202.519444444444,,,,,,,,2025,Monaco,Monaco Grand Prix,LEC,16,Ferrari,2.0,36.0,74.055,HARD,25.219,6181.477
7195.0,69.0,1,0.0,True,0,car,1206.3527777777772,,,,,,,,2025,Monaco,Monaco Grand Prix,LEC,16,Ferrari,2.0,36.0,74.055,HARD,25.419,6181.677
6880.0,63.0,1,0.0,True,0,car,1210.5527777777772,,,,,,,,2025,Monaco,Monaco Grand Prix,LEC,16,Ferrari,2.0,36.0,74.055,HARD,25.659,6181.917
6489.0,60.0,1,0.0,True,0,car,1213.219444444444,,,,,,,,2025,Monaco,Monaco Grand Prix,LEC,16,Ferrari,2.0,36.0,74.055,HARD,25.819,6182.077
5892.0,58.0,1,0.0,True,0,car,1216.4416666666662,,,,,,,,2025,Monaco,Monaco Grand Prix,LEC,16,Ferrari,2.0,36.0,74.055,HARD,26.019,6182.277
5231.0,52.0,1,0.0,True,0,car,1220.4861111111106,,,,,,,,2025,Monaco,Monaco Grand Prix,LEC,16,Ferrari,2.0,36.0,74.055,HARD,26.299,6182.557
5031.0,46.0,1,0.0,False,0,car,1222.530555555555,,,,,,,,2025,Monaco,Monaco Grand Prix,LEC,16,Ferrari,2.0,36.0,74.055,HARD,26.459,6182.717
4704.0,43.0,1,7.0,False,0,car,1227.7861111111106,,,,,,,,2025,Monaco,Monaco Grand Prix,LEC,16,Ferrari,2.0,36.0,74.055,HARD,26.899,6183.157
5497.0,44.0,1,20.0,False,0,car,1232.1861111111107,,,,,,,,2025,Monaco,Monaco Grand Prix,LEC,16,Ferrari,2.0,36.0,74.055,HARD,27.259,6183.517
5868.0,49.0,1,24.0,False,0,car,1235.4527777777773,,,,,,,,2025,Monaco,Monaco Grand Prix,LEC,16,Ferrari,2.0,36.0,74.055,HARD,27.499,6183.757
6493.0,54.0,1,31.0,False,0,car,1240.2527777777773,,,,,,,,2025,Monaco,Monaco Grand Prix,LEC,16,Ferrari,2.0,36.0,74.055,HARD,27.819,6184.077
7331.0,59.0,1,38.0,False,0,car,1243.530555555555,,,,,,,,2025,Monaco,Monaco Grand Prix,LEC,16,Ferrari,2.0,36.0,74.055,HARD,28.019,6184.277
7714.0,64.0,1,39.0,False,0,car,1246.3749999999995,,,,,,,,2025,Monaco,Monaco Grand Prix,LEC,16,Ferrari,2.0,36.0,74.055,HARD,28.179,6184.437
8955.0,76.0,1,51.0,False,0,car,1253.9749999999997,,,,,,,,2025,Monaco,Monaco Grand Prix,LEC,16,Ferrari,2.0,36.0,74.055,HARD,28.539,6184.797
8566.0,84.0,1,55.0,False,0,car,1260.508333333333,,,,,,,,2025,Monaco,Monaco Grand Prix,LEC,16,Ferrari,2.0,36.0,74.055,HARD,28.819,6185.077
7966.0,96.0,2,37.0,True,0,car,1270.108333333333,,,,,,,,2025,Monaco,Monaco Grand Prix,LEC,16,Ferrari,2.0,36.0,74.055,HARD,29.179,6185.437
7613.0,90.0,2,0.0,True,0,car,1277.108333333333,,,,,,,,2025,Monaco,Monaco Grand Prix,LEC,16,Ferrari,2.0,36.0,74.055,HARD,29.459,6185.717
7252.0,85.0,2,3.0,True,0,car,1284.6638888888886,,,,,,,,2025,Monaco,Monaco Grand Prix,LEC,16,Ferrari,2.0,36.0,74.055,HARD,29.779,6186.037
7234.0,82.0,2,7.0,False,0,car,1291.9527777777776,,,,,,,,2025,Monaco,Monaco Grand Prix,LEC,16,Ferrari,2.0,36.0,74.055,HARD,30.099,6186.357
7200.0,82.0,2,16.0,False,0,car,1298.3305555555553,,,,,,,,2025,Monaco,Monaco Grand Prix,LEC,16,Ferrari,2.0,36.0,74.055,HARD,30.379,6186.637
7528.0,82.0,2,30.0,False,0,car,1303.774444444444,,,,,,,,2025,Monaco,Monaco Grand Prix,LEC,16,Ferrari,2.0,36.0,74.055,HARD,30.618,6186.876
7587.0,85.0,2,37.0,False,0,car,1309.4411111111108,,,,,,,,2025,Monaco,Monaco Grand Prix,LEC,16,Ferrari,2.0,36.0,74.055,HARD,30.858,6187.116
8134.0,88.0,2,42.0,False,0,car,1315.3077777777773,,,,,,,,2025,Monaco,Monaco Grand Prix,LEC,16,Ferrari,2.0,36.0,74.055,HARD,31.098,6187.356
8966.0,95.0,2,55.0,False,0,car,1323.7786111111106,,,,,,,,2025,Monaco,Monaco Grand Prix,LEC,16,Ferrari,2.0,36.0,74.055,HARD,31.419,6187.677
10053.0,110.0,2,64.0,False,0,car,1334.7786111111106,,,,,,,,2025,Monaco,Monaco Grand Prix,LEC,16,Ferrari,2.0,36.0,74.055,HARD,31.779,6188.037
10511.0,118.0,2,60.0,True,0,car,1345.2674999999995,,,,,,,,2025,Monaco,Monaco Grand Prix,LEC,16,Ferrari,2.0,36.0,74.055,HARD,32.099,6188.357
9058.0,105.0,2,0.0,True,0,car,1354.6008333333327,,,,,,,,2025,Monaco,Monaco Grand Prix,LEC,16,Ferrari,2.0,36.0,74.055,HARD,32.419,6188.677
8306.0,96.0,2,0.0,True,0,car,1361.0008333333328,,,,,,,,2025,Monaco,Monaco Grand Prix,LEC,16,Ferrari,2.0,36.0,74.055,HARD,32.659,6188.917
7422.0,87.0,2,0.0,False,0,car,1371.634166666666,,,,,,,,2025,Monaco,Monaco Grand Prix,LEC,16,Ferrari,2.0,36.0,74.055,HARD,33.099,6189.357
7416.0,84.0,2,8.0,False,0,car,1376.3008333333328,,,,,,,,2025,Monaco,Monaco Grand Prix,LEC,16,Ferrari,2.0,36.0,74.055,HARD,33.299,6189.557
7539.0,83.0,2,23.0,False,0,car,1381.834166666666,,,,,,,,2025,Monaco,Monaco Grand Prix,LEC,16,Ferrari,2.0,36.0,74.055,HARD,33.539,6189.797
7672.0,85.0,2,38.0,False,0,car,1390.334166666666,,,,,,,,2025,Monaco,Monaco Grand Prix,LEC,16,Ferrari,2.0,36.0,74.055,HARD,33.899,6190.157
8237.0,89.0,2,47.0,False,0,car,1396.2674999999995,,,,,,,,2025,Monaco,Monaco Grand Prix,LEC,16,Ferrari,2.0,36.0,74.055,HARD,34.139,6190.397
8368.0,91.0,2,50.0,False,0,car,1400.3119444444437,,,,,,,,2025,Monaco,Monaco Grand Prix,LEC,16,Ferrari,2.0,36.0,74.055,HARD,34.299,6190.557
8947.0,99.0,2,56.0,False,0,car,1406.9119444444439,,,,,,,,2025,Monaco,Monaco Grand Prix,LEC,16,Ferrari,2.0,36.0,74.055,HARD,34.539,6190.797
10157.0,109.0,2,69.0,False,0,car,1416.6008333333327,,,,,,,,2025,Monaco,Monaco Grand Prix,LEC,16,Ferrari,2.0,36.0,74.055,HARD,34.859,6191.117
11015.0,122.0,2,81.0,False,0,car,1428.8008333333328,,,,,,,,2025,Monaco,Monaco Grand Prix,LEC,16,Ferrari,2.0,36.0,74.055,HARD,35.219,6191.477
11019.0,133.0,3,99.0,False,0,car,1436.1897222222215,,,,,,,,2025,Monaco,Monaco Grand Prix,LEC,16,Ferrari,2.0,36.0,74.055,HARD,35.419,6191.677
11582.0,154.0,3,99.0,False,0,car,1449.8786111111103,,,,,,,,2025,Monaco,Monaco Grand Prix,LEC,16,Ferrari,2.0,36.0,74.055,HARD,35.739,6191.997
10406.0,164.0,4,99.0,False,0,car,1458.9897222222216,,,,,,,,2025,Monaco,Monaco Grand Prix,LEC,16,Ferrari,2.0,36.0,74.055,HARD,35.939,6192.197
11436.0,177.0,4,99.0,False,0,car,1478.6563888888882,,,,,,,,2025,Monaco,Monaco Grand Prix,LEC,16,Ferrari,2.0,36.0,74.055,HARD,36.339,6192.597
11727.0,177.0,4,99.0,False,0,car,1486.523055555555,,,,,,,,2025,Monaco,Monaco Grand Prix,LEC,16,Ferrari,2.0,36.0,74.055,HARD,36.499,6192.757
10887.0,192.0,4,99.0,False,0,car,1495.056388888888,,,,,,,,2025,Monaco,Monaco Grand Prix,LEC,16,Ferrari,2.0,36.0,74.055,HARD,36.659,6192.917
10311.0,199.0,5,99.0,False,0,car,1508.323055555555,,,,,,,,2025,Monaco,Monaco Grand Prix,LEC,16,Ferrari,2.0,36.0,74.055,HARD,36.899,6193.157
11018.0,205.0,5,100.0,False,0,car,1519.7119444444436,,,,,,,,2025,Monaco,Monaco Grand Prix,LEC,16,Ferrari,2.0,36.0,74.055,HARD,37.099,6193.357
11161.0,211.0,5,100.0,False,0,car,1531.375555555555,,,,,,,,2025,Monaco,Monaco Grand Prix,LEC,16,Ferrari,2.0,36.0,74.055,HARD,37.298,6193.556
11566.0,219.0,5,100.0,False,0,car,1545.9755555555546,,,,,,,,2025,Monaco,Monaco Grand Prix,LEC,16,Ferrari,2.0,36.0,74.055,HARD,37.538,6193.796
11675.0,221.0,5,100.0,False,0,car,1555.7977777777771,,,,,,,,2025,Monaco,Monaco Grand Prix,LEC,16,Ferrari,2.0,36.0,74.055,HARD,37.698,6193.956
10422.0,228.0,6,100.0,False,0,car,1576.127777777777,,,,,,,,2025,Monaco,Monaco Grand Prix,LEC,16,Ferrari,2.0,36.0,74.055,HARD,38.019,6194.277
11046.0,239.0,6,100.0,False,0,car,1607.994444444444,,,,,,,,2025,Monaco,Monaco Grand Prix,LEC,16,Ferrari,2.0,36.0,74.055,HARD,38.499,6194.757
11254.0,242.0,6,100.0,False,0,car,1621.4388888888882,,,,,,,,2025,Monaco,Monaco Grand Prix,LEC,16,Ferrari,2.0,36.0,74.055,HARD,38.699,6194.957
11448.0,249.0,6,100.0,False,0,car,1649.1055555555547,,,,,,,,2025,Monaco,Monaco Grand Prix,LEC,16,Ferrari,2.0,36.0,74.055,HARD,39.099,6195.357
11704.0,253.0,6,100.0,False,0,car,1668.7833333333326,,,,,,,,2025,Monaco,Monaco Grand Prix,LEC,16,Ferrari,2.0,36.0,74.055,HARD,39.379,6195.637
10600.0,254.0,6,100.0,False,0,car,1682.894444444444,,,,,,,,2025,Monaco,Monaco Grand Prix,LEC,16,Ferrari,2.0,36.0,74.055,HARD,39.579,6195.837
10415.0,258.0,7,100.0,False,0,car,1700.094444444444,,,,,,,,2025,Monaco,Monaco Grand Prix,LEC,16,Ferrari,2.0,36.0,74.055,HARD,39.819,6196.077
10601.0,262.0,7,100.0,False,0,car,1723.383333333333,,,,,,,,2025,Monaco,Monaco Grand Prix,LEC,16,Ferrari,2.0,36.0,74.055,HARD,40.139,6196.397
10657.0,264.0,7,100.0,False,0,car,1746.8499999999997,,,,,,,,2025,Monaco,Monaco Grand Prix,LEC,16,Ferrari,2.0,36.0,74.055,HARD,40.459,6196.717
10770.0,266.0,7,100.0,False,0,car,1761.627777777777,,,,,,,,2025,Monaco,Monaco Grand Prix,LEC,16,Ferrari,2.0,36.0,74.055,HARD,40.659,6196.917
10807.0,268.0,7,100.0,False,0,car,1779.4944444444438,,,,,,,,2025,Monaco,Monaco Grand Prix,LEC,16,Ferrari,2.0,36.0,74.055,HARD,40.899,6197.157
10989.0,273.0,7,100.0,False,0,car,1815.8944444444437,,,,,,,,2025,Monaco,Monaco Grand Prix,LEC,16,Ferrari,2.0,36.0,74.055,HARD,41.379,6197.637
11035.0,275.0,7,99.0,False,0,car,1828.116666666666,,,,,,,,2025,Monaco,Monaco Grand Prix,LEC,16,Ferrari,2.0,36.0,74.055,HARD,41.539,6197.797
11168.0,278.0,7,100.0,False,0,car,1855.916666666666,,,,,,,,2025,Monaco,Monaco Grand Prix,LEC,16,Ferrari,2.0,36.0,74.055,HARD,41.899,6198.157
11244.0,280.0,7,100.0,False,0,car,1868.3611111111102,,,,,,,,2025,Monaco,Monaco Grand Prix,LEC,16,Ferrari,2.0,36.0,74.055,HARD,42.059,6198.317
11334.0,282.0,7,100.0,False,0,car,1893.4277777777768,,,,,,,,2025,Monaco,Monaco Grand Prix,LEC,16,Ferrari,2.0,36.0,74.055,HARD,42.379,6198.637
11377.0,282.0,7,100.0,False,0,car,1912.227777777777,,,,,,,,2025,Monaco,Monaco Grand Prix,LEC,16,Ferrari,2.0,36.0,74.055,HARD,42.619,6198.877
11478.0,285.0,7,0.0,False,0,car,1934.3944444444437,,,,,,,,2025,Monaco,Monaco Grand Prix,LEC,16,Ferrari,2.0,36.0,74.055,HARD,42.899,6199.157
10659.0,275.0,7,0.0,True,0,car,1949.672222222221,,,,,,,,2025,Monaco,Monaco Grand Prix,LEC,16,Ferrari,2.0,36.0,74.055,HARD,43.099,6199.357
10075.0,252.0,7,0.0,True,0,car,1963.6722222222213,,,,,,,,2025,Monaco,Monaco Grand Prix,LEC,16,Ferrari,2.0,36.0,74.055,HARD,43.299,6199.557
10712.0,208.0,7,0.0,True,0,car,1984.4722222222213,,,,,,,,2025,Monaco,Monaco Grand Prix,LEC,16,Ferrari,2.0,36.0,74.055,HARD,43.659,6199.917
10712.0,187.0,7,0.0,True,0,car,1996.938888888888,,,,,,,,2025,Monaco,Monaco Grand Prix,LEC,16,Ferrari,2.0,36.0,74.055,HARD,43.899,6200.157
10912.0,155.0,5,0.0,True,0,car,2007.2291666666656,,,,,,,,2025,Monaco,Monaco Grand Prix,LEC,16,Ferrari,2.0,36.0,74.055,HARD,44.138,6200.396
10754.0,135.0,3,0.0,True,0,car,2016.2666666666655,,,,,,,,2025,Monaco,Monaco Grand Prix,LEC,16,Ferrari,2.0,36.0,74.055,HARD,44.379,6200.637
10008.0,115.0,2,0.0,True,0,car,2025.21111111111,,,,,,,,2025,Monaco,Monaco Grand Prix,LEC,16,Ferrari,2.0,36.0,74.055,HARD,44.659,6200.917
8439.0,101.0,2,0.0,True,0,car,2035.31111111111,,,,,,,,2025,Monaco,Monaco Grand Prix,LEC,16,Ferrari,2.0,36.0,74.055,HARD,45.019,6201.277
7865.0,94.0,2,0.0,True,0,car,2039.488888888888,,,,,,,,2025,Monaco,Monaco Grand Prix,LEC,16,Ferrari,2.0,36.0,74.055,HARD,45.179,6201.437
7632.0,89.0,2,0.0,False,0,car,2045.422222222221,,,,,,,,2025,Monaco,Monaco Grand Prix,LEC,16,Ferrari,2.0,36.0,74.055,HARD,45.419,6201.677
6803.0,80.0,2,0.0,True,0,car,2054.31111111111,,,,,,,,2025,Monaco,Monaco Grand Prix,LEC,16,Ferrari,2.0,36.0,74.055,HARD,45.819,6202.077
6367.0,75.0,2,0.0,True,0,car,2059.31111111111,,,,,,,,2025,Monaco,Monaco Grand Prix,LEC,16,Ferrari,2.0,36.0,74.055,HARD,46.059,6202.317
6040.0,71.0,2,1.0,False,0,car,2064.044444444444,,,,,,,,2025,Monaco,Monaco Grand Prix,LEC,16,Ferrari,2.0,36.0,74.055,HARD,46.299,6202.557
5812.0,65.0,2,17.0,False,0,car,2071.266666666666,,,,,,,,2025,Monaco,Monaco Grand Prix,LEC,16,Ferrari,2.0,36.0,74.055,HARD,46.699,6202.957
6601.0,71.0,2,40.0,False,0,car,2080.7333333333327,,,,,,,,2025,Monaco,Monaco Grand Prix,LEC,16,Ferrari,2.0,36.0,74.055,HARD,47.179,6203.437
6747.0,76.0,2,46.0,False,0,car,2085.7999999999993,,,,,,,,2025,Monaco,Monaco Grand Prix,LEC,16,Ferrari,2.0,36.0,74.055,HARD,47.419,6203.677
7732.0,83.0,2,57.0,False,0,car,2090.4111111111106,,,,,,,,2025,Monaco,Monaco Grand Prix,LEC,16,Ferrari,2.0,36.0,74.055,HARD,47.619,6203.877
8630.0,91.0,2,64.0,False,0,car,2096.477777777777,,,,,,,,2025,Monaco,Monaco Grand Prix,LEC,16,Ferrari,2.0,36.0,74.055,HARD,47.859,6204.117
9280.0,105.0,2,71.0,False,0,car,2102.31111111111,,,,,,,,2025,Monaco,Monaco Grand Prix,LEC,16,Ferrari,2.0,36.0,74.055,HARD,48.059,6204.317
10415.0,119.0,2,81.0,False,0,car,2111.5666666666657,,,,,,,,2025,Monaco,Monaco Grand Prix,LEC,16,Ferrari,2.0,36.0,74.055,HARD,48.339,6204.597
10765.0,129.0,2,82.0,False,0,car,2120.1666666666656,,,,,,,,2025,Monaco,Monaco Grand Prix,LEC,16,Ferrari,2.0,36.0,74.055,HARD,48.579,6204.837
11138.0,144.0,3,99.0,False,0,car,2132.966666666666,,,,,,,,2025,Monaco,Monaco Grand Prix,LEC,16,Ferrari,2.0,36.0,74.055,HARD,48.899,6205.157
10786.0,149.0,3,99.0,False,0,car,2141.2444444444436,,,,,,,,2025,Monaco,Monaco Grand Prix,LEC,16,Ferrari,2.0,36.0,74.055,HARD,49.099,6205.357
10454.0,168.0,4,99.0,False,0,car,2156.177777777777,,,,,,,,2025,Monaco,Monaco Grand Prix,LEC,16,Ferrari,2.0,36.0,74.055,HARD,49.419,6205.677
11224.0,176.0,4,100.0,False,0,car,2165.955555555555,,,,,,,,2025,Monaco,Monaco Grand Prix,LEC,16,Ferrari,2.0,36.0,74.055,HARD,49.619,6205.877
11731.0,184.0,4,99.0,False,0,car,2174.1333333333328,,,,,,,,2025,Monaco,Monaco Grand Prix,LEC,16,Ferrari,2.0,36.0,74.055,HARD,49.779,6206.037
11031.0,192.0,4,100.0,False,0,car,2182.666666666666,,,,,,,,2025,Monaco,Monaco Grand Prix,LEC,16,Ferrari,2.0,36.0,74.055,HARD,49.939,6206.197
10790.0,201.0,5,100.0,False,0,car,2200.533333333333,,,,,,,,2025,Monaco,Monaco Grand Prix,LEC,16,Ferrari,2.0,36.0,74.055,HARD,50.259,6206.517
10896.0,204.0,5,100.0,False,0,car,2209.5999999999995,,,,,,,,2025,Monaco,Monaco Grand Prix,LEC,16,Ferrari,2.0,36.0,74.055,HARD,50.419,6206.677
11176.0,210.0,5,100.0,False,0,car,2218.933333333333,,,,,,,,2025,Monaco,Monaco Grand Prix,LEC,16,Ferrari,2.0,36.0,74.055,HARD,50.579,6206.837
11504.0,215.0,5,100.0,False,0,car,2233.2069444444437,,,,,,,,2025,Monaco,Monaco Grand Prix,LEC,16,Ferrari,2.0,36.0,74.055,HARD,50.818,6207.076
11754.0,215.0,5,99.0,False,0,car,2242.8222222222216,,,,,,,,2025,Monaco,Monaco Grand Prix,LEC,16,Ferrari,2.0,36.0,74.055,HARD,50.979,6207.237
11984.0,228.0,5,99.0,False,0,car,2260.555555555555,,,,,,,,2025,Monaco,Monaco Grand Prix,LEC,16,Ferrari,2.0,36.0,74.055,HARD,51.259,6207.517
11779.0,214.0,5,3.0,True,0,car,2272.4444444444443,,,,,,,,2025,Monaco,Monaco Grand Prix,LEC,16,Ferrari,2.0,36.0,74.055,HARD,51.459,6207.717
11443.0,184.0,5,5.0,True,0,car,2292.8888888888887,,,,,,,,2025,Monaco,Monaco Grand Prix,LEC,16,Ferrari,2.0,36.0,74.055,HARD,51.859,6208.117
10996.0,184.0,4,8.0,True,0,car,2301.066666666666,,,,,,,,2025,Monaco,Monaco Grand Prix,LEC,16,Ferrari,2.0,36.0,74.055,HARD,52.019,6208.277
10786.0,176.0,4,8.0,True,0,car,2308.8888888888887,,,,,,,,2025,Monaco,Monaco Grand Prix,LEC,16,Ferrari,2.0,36.0,74.055,HARD,52.179,6208.437
10600.0,168.0,4,35.0,True,0,car,2316.3555555555554,,,,,,,,2025,Monaco,Monaco Grand Prix,LEC,16,Ferrari,2.0,36.0,74.055,HARD,52.339,6208.597
10909.0,168.0,4,61.0,False,0,car,2329.422222222222,,,,,,,,2025,Monaco,Monaco Grand Prix,LEC,16,Ferrari,2.0,36.0,74.055,HARD,52.619,6208.877
10559.0,171.0,4,67.0,False,0,car,2342.722222222222,,,,,,,,2025,Monaco,Monaco Grand Prix,LEC,16,Ferrari,2.0,36.0,74.055,HARD,52.899,6209.157
11024.0,174.0,4,77.0,False,0,car,2352.3888888888887,,,,,,,,2025,Monaco,Monaco Grand Prix,LEC,16,Ferrari,2.0,36.0,74.055,HARD,53.099,6209.357
11352.0,179.0,4,82.0,False,0,car,2360.3444444444444,,,,,,,,2025,Monaco,Monaco Grand Prix,LEC,16,Ferrari,2.0,36.0,74.055,HARD,53.259,6209.517
11775.0,188.0,4,99.0,False,0,car,2374.9666666666667,,,,,,,,2025,Monaco,Monaco Grand Prix,LEC,16,Ferrari,2.0,36.0,74.055,HARD,53.539,6209.797
10653.0,198.0,5,99.0,False,0,car,2392.5666666666666,,,,,,,,2025,Monaco,Monaco Grand Prix,LEC,16,Ferrari,2.0,36.0,74.055,HARD,53.859,6210.117
10871.0,203.0,5,100.0,False,0,car,2406.0999999999995,,,,,,,,2025,Monaco,Monaco Grand Prix,LEC,16,Ferrari,2.0,36.0,74.055,HARD,54.099,6210.357
11367.0,215.0,5,99.0,False,0,car,2427.6,,,,,,,,2025,Monaco,Monaco Grand Prix,LEC,16,Ferrari,2.0,36.0,74.055,HARD,54.459,6210.717
11586.0,219.0,5,99.0,False,0,car,2439.7666666666664,,,,,,,,2025,Monaco,Monaco Grand Prix,LEC,16,Ferrari,2.0,36.0,74.055,HARD,54.659,6210.917
11530.0,222.0,6,99.0,False,0,car,2454.5666666666666,,,,,,,,2025,Monaco,Monaco Grand Prix,LEC,16,Ferrari,2.0,36.0,74.055,HARD,54.899,6211.157
10445.0,222.0,6,100.0,False,0,car,2466.8999999999996,,,,,,,,2025,Monaco,Monaco Grand Prix,LEC,16,Ferrari,2.0,36.0,74.055,HARD,55.099,6211.357
10575.0,228.0,6,99.0,False,0,car,2482.1,,,,,,,,2025,Monaco,Monaco Grand Prix,LEC,16,Ferrari,2.0,36.0,74.055,HARD,55.339,6211.597
10796.0,232.0,6,100.0,False,0,car,2497.5666666666666,,,,,,,,2025,Monaco,Monaco Grand Prix,LEC,16,Ferrari,2.0,36.0,74.055,HARD,55.579,6211.837
10671.0,235.0,6,99.0,False,0,car,2508.011111111111,,,,,,,,2025,Monaco,Monaco Grand Prix,LEC,16,Ferrari,2.0,36.0,74.055,HARD,55.739,6211.997
11009.0,235.0,6,100.0,False,0,car,2518.4555555555557,,,,,,,,2025,Monaco,Monaco Grand Prix,LEC,16,Ferrari,2.0,36.0,74.055,HARD,55.899,6212.157
11376.0,243.0,6,100.0,False,0,car,2545.4555555555557,,,,,,,,2025,Monaco,Monaco Grand Prix,LEC,16,Ferrari,2.0,36.0,74.055,HARD,56.299,6212.557
11238.0,244.0,6,100.0,False,0,car,2556.3000000000006,,,,,,,,2025,Monaco,Monaco Grand Prix,LEC,16,Ferrari,2.0,36.0,74.055,HARD,56.459,6212.717
10204.0,228.0,6,0.0,True,0,car,2574.0333333333338,,,,,,,,2025,Monaco,Monaco Grand Prix,LEC,16,Ferrari,2.0,36.0,74.055,HARD,56.739,6212.997
10283.0,216.0,6,0.0,True,0,car,2583.633333333334,,,,,,,,2025,Monaco,Monaco Grand Prix,LEC,16,Ferrari,2.0,36.0,74.055,HARD,56.899,6213.157
9968.0,193.0,6,0.0,True,0,car,2594.3555555555563,,,,,,,,2025,Monaco,Monaco Grand Prix,LEC,16,Ferrari,2.0,36.0,74.055,HARD,57.099,6213.357
11289.0,170.0,5,1.0,True,0,car,2607.5777777777785,,,,,,,,2025,Monaco,Monaco Grand Prix,LEC,16,Ferrari,2.0,36.0,74.055,HARD,57.379,6213.637
10983.0,153.0,3,3.0,True,0,car,2621.1777777777784,,,,,,,,2025,Monaco,Monaco Grand Prix,LEC,16,Ferrari,2.0,36.0,74.055,HARD,57.699,6213.957
10082.0,138.0,3,5.0,True,0,car,2634.9777777777786,,,,,,,,2025,Monaco,Monaco Grand Prix,LEC,16,Ferrari,2.0,36.0,74.055,HARD,58.059,6214.317
9939.0,129.0,3,7.0,False,0,car,2649.311111111112,,,,,,,,2025,Monaco,Monaco Grand Prix,LEC,16,Ferrari,2.0,36.0,74.055,HARD,58.459,6214.717
9718.0,128.0,3,39.0,False,0,car,2656.422222222223,,,,,,,,2025,Monaco,Monaco Grand Prix,LEC,16,Ferrari,2.0,36.0,74.055,HARD,58.659,6214.917
9460.0,128.0,3,25.0,False,0,car,2663.533333333334,,,,,,,,2025,Monaco,Monaco Grand Prix,LEC,16,Ferrari,2.0,36.0,74.055,HARD,58.859,6215.117
9624.0,123.0,3,47.0,False,0,car,2678.5666666666675,,,,,,,,2025,Monaco,Monaco Grand Prix,LEC,16,Ferrari,2.0,36.0,74.055,HARD,59.299,6215.557
9298.0,124.0,3,48.0,False,0,car,2684.077777777779,,,,,,,,2025,Monaco,Monaco Grand Prix,LEC,16,Ferrari,2.0,36.0,74.055,HARD,59.459,6215.717
9948.0,127.0,3,69.0,False,0,car,2689.722222222223,,,,,,,,2025,Monaco,Monaco Grand Prix,LEC,16,Ferrari,2.0,36.0,74.055,HARD,59.619,6215.877
10215.0,127.0,3,74.0,False,0,car,2695.3666666666677,,,,,,,,2025,Monaco,Monaco Grand Prix,LEC,16,Ferrari,2.0,36.0,74.055,HARD,59.779,6216.037
11003.0,142.0,3,99.0,False,0,car,2706.411111111112,,,,,,,,2025,Monaco,Monaco Grand Prix,LEC,16,Ferrari,2.0,36.0,74.055,HARD,60.059,6216.317
10501.0,164.0,3,99.0,False,0,car,2724.6333333333346,,,,,,,,2025,Monaco,Monaco Grand Prix,LEC,16,Ferrari,2.0,36.0,74.055,HARD,60.459,6216.717
11072.0,169.0,4,99.0,False,0,car,2735.900000000001,,,,,,,,2025,Monaco,Monaco Grand Prix,LEC,16,Ferrari,2.0,36.0,74.055,HARD,60.699,6216.957
11572.0,177.0,4,99.0,False,0,car,2745.7333333333345,,,,,,,,2025,Monaco,Monaco Grand Prix,LEC,16,Ferrari,2.0,36.0,74.055,HARD,60.899,6217.157
11751.0,184.0,4,100.0,False,0,car,2755.9555555555567,,,,,,,,2025,Monaco,Monaco Grand Prix,LEC,16,Ferrari,2.0,36.0,74.055,HARD,61.099,6217.357
10809.0,184.0,4,99.0,False,0,car,2766.177777777779,,,,,,,,2025,Monaco,Monaco Grand Prix,LEC,16,Ferrari,2.0,36.0,74.055,HARD,61.299,6217.557
10660.0,197.0,5,87.0,False,0,car,2779.3111111111125,,,,,,,,2025,Monaco,Monaco Grand Prix,LEC,16,Ferrari,2.0,36.0,74.055,HARD,61.539,6217.797
10670.0,197.0,5,0.0,True,0,car,2788.066666666668,,,,,,,,2025,Monaco,Monaco Grand Prix,LEC,16,Ferrari,2.0,36.0,74.055,HARD,61.699,6217.957
10050.0,170.0,5,0.0,True,0,car,2806.9555555555567,,,,,,,,2025,Monaco,Monaco Grand Prix,LEC,16,Ferrari,2.0,36.0,74.055,HARD,62.099,6218.357
10555.0,152.0,4,0.0,True,0,car,2817.08888888889,,,,,,,,2025,Monaco,Monaco Grand Prix,LEC,16,Ferrari,2.0,36.0,74.055,HARD,62.339,6218.597
8762.0,99.0,2,0.0,True,0,car,2828.08888888889,,,,,,,,2025,Monaco,Monaco Grand Prix,LEC,16,Ferrari,2.0,36.0,74.055,HARD,62.739,6218.997
7140.0,86.0,2,2.0,True,0,car,2835.7333333333345,,,,,,,,2025,Monaco,Monaco Grand Prix,LEC,16,Ferrari,2.0,36.0,74.055,HARD,63.059,6219.317
6817.0,82.0,2,0.0,True,0,car,2840.28888888889,,,,,,,,2025,Monaco,Monaco Grand Prix,LEC,16,Ferrari,2.0,36.0,74.055,HARD,63.259,6219.517
6468.0,77.0,2,0.0,True,0,car,2843.711111111112,,,,,,,,2025,Monaco,Monaco Grand Prix,LEC,16,Ferrari,2.0,36.0,74.055,HARD,63.419,6219.677
5924.0,73.0,2,0.0,True,0,car,2849.38888888889,,,,,,,,2025,Monaco,Monaco Grand Prix,LEC,16,Ferrari,2.0,36.0,74.055,HARD,63.699,6219.957
5242.0,69.0,2,1.0,False,0,car,2854.755555555557,,,,,,,,2025,Monaco,Monaco Grand Prix,LEC,16,Ferrari,2.0,36.0,74.055,HARD,63.979,6220.237
5627.0,59.0,2,16.0,False,0,car,2861.3111111111125,,,,,,,,2025,Monaco,Monaco Grand Prix,LEC,16,Ferrari,2.0,36.0,74.055,HARD,64.379,6220.637
5751.0,60.0,2,22.0,False,0,car,2864.6444444444455,,,,,,,,2025,Monaco,Monaco Grand Prix,LEC,16,Ferrari,2.0,36.0,74.055,HARD,64.579,6220.837
6103.0,66.0,2,36.0,False,0,car,2872.7111111111126,,,,,,,,2025,Monaco,Monaco Grand Prix,LEC,16,Ferrari,2.0,36.0,74.055,HARD,65.019,6221.277
6713.0,71.0,2,42.0,False,0,car,2876.655555555557,,,,,,,,2025,Monaco,Monaco Grand Prix,LEC,16,Ferrari,2.0,36.0,74.055,HARD,65.219,6221.477
7299.0,79.0,2,52.0,False,0,car,2881.922222222224,,,,,,,,2025,Monaco,Monaco Grand Prix,LEC,16,Ferrari,2.0,36.0,74.055,HARD,65.459,6221.717
8380.0,87.0,2,68.0,False,0,car,2890.6222222222236,,,,,,,,2025,Monaco,Monaco Grand Prix,LEC,16,Ferrari,2.0,36.0,74.055,HARD,65.819,6222.077
9164.0,100.0,2,69.0,False,0,car,2895.066666666668,,,,,,,,2025,Monaco,Monaco Grand Prix,LEC,16,Ferrari,2.0,36.0,74.055,HARD,65.979,6222.237
10334.0,113.0,2,76.0,False,0,car,2905.1111111111127,,,,,,,,2025,Monaco,Monaco Grand Prix,LEC,16,Ferrari,2.0,36.0,74.055,HARD,66.299,6222.557
9839.0,115.0,2,23.0,True,0,car,2910.2222222222235,,,,,,,,2025,Monaco,Monaco Grand Prix,LEC,16,Ferrari,2.0,36.0,74.055,HARD,66.459,6222.717
9300.0,115.0,2,0.0,True,0,car,2915.3333333333344,,,,,,,,2025,Monaco,Monaco Grand Prix,LEC,16,Ferrari,2.0,36.0,74.055,HARD,66.619,6222.877
8600.0,99.0,2,0.0,True,0,car,2919.7333333333345,,,,,,,,2025,Monaco,Monaco Grand Prix,LEC,16,Ferrari,2.0,36.0,74.055,HARD,66.779,6223.037
7945.0,96.0,2,1.0,True,0,car,2926.1333333333346,,,,,,,,2025,Monaco,Monaco Grand Prix,LEC,16,Ferrari,2.0,36.0,74.055,HARD,67.019,6223.277
7435.0,91.0,2,2.0,True,0,car,2931.18888888889,,,,,,,,2025,Monaco,Monaco Grand Prix,LEC,16,Ferrari,2.0,36.0,74.055,HARD,67.219,6223.477
7169.0,82.0,2,5.0,False,0,car,2937.5666666666675,,,,,,,,2025,Monaco,Monaco Grand Prix,LEC,16,Ferrari,2.0,36.0,74.055,HARD,67.499,6223.757
7186.0,80.0,2,25.0,False,0,car,2945.5666666666675,,,,,,,,2025,Monaco,Monaco Grand Prix,LEC,16,Ferrari,2.0,36.0,74.055,HARD,67.859,6224.117
7973.0,82.0,2,45.0,False,0,car,2953.7666666666673,,,,,,,,2025,Monaco,Monaco Grand Prix,LEC,16,Ferrari,2.0,36.0,74.055,HARD,68.219,6224.477
8650.0,92.0,2,64.0,False,0,car,2960.922222222223,,,,,,,,2025,Monaco,Monaco Grand Prix,LEC,16,Ferrari,2.0,36.0,74.055,HARD,68.499,6224.757
10274.0,117.0,2,80.0,False,0,car,2975.2222222222226,,,,,,,,2025,Monaco,Monaco Grand Prix,LEC,16,Ferrari,2.0,36.0,74.055,HARD,68.939,6225.197
10554.0,117.0,2,82.0,False,0,car,2980.422222222223,,,,,,,,2025,Monaco,Monaco Grand Prix,LEC,16,Ferrari,2.0,36.0,74.055,HARD,69.099,6225.357
10030.0,130.0,2,84.0,False,0,car,2986.2000000000007,,,,,,,,2025,Monaco,Monaco Grand Prix,LEC,16,Ferrari,2.0,36.0,74.055,HARD,69.259,6225.517
10832.0,130.0,3,99.0,False,0,car,2994.8666666666672,,,,,,,,2025,Monaco,Monaco Grand Prix,LEC,16,Ferrari,2.0,36.0,74.055,HARD,69.499,6225.757
11139.0,152.0,3,100.0,False,0,car,3003.3111111111116,,,,,,,,2025,Monaco,Monaco Grand Prix,LEC,16,Ferrari,2.0,36.0,74.055,HARD,69.699,6225.957
10517.0,157.0,4,100.0,False,0,car,3012.0333333333338,,,,,,,,2025,Monaco,Monaco Grand Prix,LEC,16,Ferrari,2.0,36.0,74.055,HARD,69.899,6226.157
10930.0,171.0,4,100.0,False,0,car,3021.5333333333338,,,,,,,,2025,Monaco,Monaco Grand Prix,LEC,16,Ferrari,2.0,36.0,74.055,HARD,70.099,6226.357
11410.0,179.0,4,100.0,False,0,car,3033.4666666666667,,,,,,,,2025,Monaco,Monaco Grand Prix,LEC,16,Ferrari,2.0,36.0,74.055,HARD,70.339,6226.597
10512.0,187.0,4,100.0,False,0,car,3048.063055555556,,,,,,,,2025,Monaco,Monaco Grand Prix,LEC,16,Ferrari,2.0,36.0,74.055,HARD,70.62,6226.878
10546.0,197.0,5,100.0,False,0,car,3061.196388888889,,,,,,,,2025,Monaco,Monaco Grand Prix,LEC,16,Ferrari,2.0,36.0,74.055,HARD,70.86,6227.118
10697.0,227.0,6,100.0,False,0,car,3131.7555555555555,,,,,,,,2025,Monaco,Monaco Grand Prix,LEC,16,Ferrari,2.0,36.0,74.055,HARD,71.979,6228.237
10577.0,232.0,6,100.0,False,0,car,3142.066666666666,,,,,,,,2025,Monaco,Monaco Grand Prix,LEC,16,Ferrari,2.0,36.0,74.055,HARD,72.139,6228.397
10912.0,237.0,6,100.0,False,0,car,3155.233333333333,,,,,,,,2025,Monaco,Monaco Grand Prix,LEC,16,Ferrari,2.0,36.0,74.055,HARD,72.339,6228.597
11116.0,239.0,6,100.0,False,0,car,3173.822222222222,,,,,,,,2025,Monaco,Monaco Grand Prix,LEC,16,Ferrari,2.0,36.0,74.055,HARD,72.619,6228.877
11292.0,246.0,6,100.0,False,0,car,3192.9555555555553,,,,,,,,2025,Monaco,Monaco Grand Prix,LEC,16,Ferrari,2.0,36.0,74.055,HARD,72.899,6229.157
11576.0,250.0,6,100.0,False,0,car,3212.3999999999996,,,,,,,,2025,Monaco,Monaco Grand Prix,LEC,16,Ferrari,2.0,36.0,74.055,HARD,73.179,6229.437
11785.0,256.0,6,100.0,False,0,car,3237.9999999999995,,,,,,,,2025,Monaco,Monaco Grand Prix,LEC,16,Ferrari,2.0,36.0,74.055,HARD,73.539,6229.797
11120.0,261.0,6,100.0,False,0,car,3252.4999999999995,,,,,,,,2025,Monaco,Monaco Grand Prix,LEC,16,Ferrari,2.0,36.0,74.055,HARD,73.739,6229.997
10747.0,262.0,7,100.0,False,0,car,3269.966666666666,,,,,,,,2025,Monaco,Monaco Grand Prix,LEC,16,Ferrari,2.0,36.0,74.055,HARD,73.979,6230.237
10676.0,265.0,7,100.0,False,0,car,3.827777777777778,,,,,,,,2025,Monaco,Monaco Grand Prix,PIA,81,McLaren,3.0,60.0,73.745,HARD,0.052,7974.283
10825.0,270.0,7,99.0,False,0,car,27.82777777777778,,,,,,,,2025,Monaco,Monaco Grand Prix,PIA,81,McLaren,3.0,60.0,73.745,HARD,0.372,7974.603
10928.0,272.0,7,100.0,False,0,car,48.983333333333334,,,,,,,,2025,Monaco,Monaco Grand Prix,PIA,81,McLaren,3.0,60.0,73.745,HARD,0.652,7974.883
10369.0,275.0,7,45.0,False,0,car,79.53888888888889,,,,,,,,2025,Monaco,Monaco Grand Prix,PIA,81,McLaren,3.0,60.0,73.745,HARD,1.052,7975.283
9526.0,242.0,7,0.0,True,0,car,109.11666666666666,,,,,,,,2025,Monaco,Monaco Grand Prix,PIA,81,McLaren,3.0,60.0,73.745,HARD,1.492,7975.723
8630.0,242.0,7,0.0,True,0,car,119.8722222222222,,,,,,,,2025,Monaco,Monaco Grand Prix,PIA,81,McLaren,3.0,60.0,73.745,HARD,1.652,7975.883
9190.0,208.0,7,0.0,True,0,car,129.11666666666665,,,,,,,,2025,Monaco,Monaco Grand Prix,PIA,81,McLaren,3.0,60.0,73.745,HARD,1.812,7976.043
9379.0,187.0,7,0.0,True,0,car,137.42777777777775,,,,,,,,2025,Monaco,Monaco Grand Prix,PIA,81,McLaren,3.0,60.0,73.745,HARD,1.972,7976.203
9996.0,169.0,7,0.0,True,0,car,146.81666666666663,,,,,,,,2025,Monaco,Monaco Grand Prix,PIA,81,McLaren,3.0,60.0,73.745,HARD,2.172,7976.403
10349.0,152.0,7,0.0,True,0,car,156.99222222222218,,,,,,,,2025,Monaco,Monaco Grand Prix,PIA,81,McLaren,3.0,60.0,73.745,HARD,2.413,7976.644
9775.0,145.0,5,0.0,True,0,car,166.65888888888887,,,,,,,,2025,Monaco,Monaco Grand Prix,PIA,81,McLaren,3.0,60.0,73.745,HARD,2.653,7976.884
8655.0,127.0,3,0.0,True,0,car,173.71444444444444,,,,,,,,2025,Monaco,Monaco Grand Prix,PIA,81,McLaren,3.0,60.0,73.745,HARD,2.853,7977.084
8263.0,116.0,3,0.0,False,0,car,187.89222222222222,,,,,,,,2025,Monaco,Monaco Grand Prix,PIA,81,McLaren,3.0,60.0,73.745,HARD,3.293,7977.524
8110.0,111.0,3,29.0,False,0,car,202.69222222222223,,,,,,,,2025,Monaco,Monaco Grand Prix,PIA,81,McLaren,3.0,60.0,73.745,HARD,3.773,7978.004
8635.0,115.0,3,68.0,False,0,car,214.19222222222223,,,,,,,,2025,Monaco,Monaco Grand Prix,PIA,81,McLaren,3.0,60.0,73.745,HARD,4.133,7978.364
9673.0,127.0,3,93.0,False,0,car,222.6588888888889,,,,,,,,2025,Monaco,Monaco Grand Prix,PIA,81,McLaren,3.0,60.0,73.745,HARD,4.373,7978.604
10513.0,138.0,3,99.0,False,0,car,231.8588888888889,,,,,,,,2025,Monaco,Monaco Grand Prix,PIA,81,McLaren,3.0,60.0,73.745,HARD,4.613,7978.844
11171.0,147.0,3,99.0,False,0,car,241.6588888888889,,,,,,,,2025,Monaco,Monaco Grand Prix,PIA,81,McLaren,3.0,60.0,73.745,HARD,4.853,7979.084
11662.0,161.0,3,99.0,False,0,car,252.39222222222224,,,,,,,,2025,Monaco,Monaco Grand Prix,PIA,81,McLaren,3.0,60.0,73.745,HARD,5.093,7979.324
11025.0,167.0,3,99.0,False,0,car,259.81444444444446,,,,,,,,2025,Monaco,Monaco Grand Prix,PIA,81,McLaren,3.0,60.0,73.745,HARD,5.253,7979.484
11340.0,170.0,4,99.0,False,0,car,273.0366666666667,,,,,,,,2025,Monaco,Monaco Grand Prix,PIA,81,McLaren,3.0,60.0,73.745,HARD,5.533,7979.764
11725.0,189.0,4,99.0,False,0,car,285.63666666666666,,,,,,,,2025,Monaco,Monaco Grand Prix,PIA,81,McLaren,3.0,60.0,73.745,HARD,5.773,7980.004
10667.0,202.0,5,99.0,False,0,car,308.0811111111111,,,,,,,,2025,Monaco,Monaco Grand Prix,PIA,81,McLaren,3.0,60.0,73.745,HARD,6.173,7980.404
11009.0,206.0,5,99.0,False,0,car,317.2366666666667,,,,,,,,2025,Monaco,Monaco Grand Prix,PIA,81,McLaren,3.0,60.0,73.745,HARD,6.333,7980.564
11410.0,211.0,5,99.0,False,0,car,333.5891666666667,,,,,,,,2025,Monaco,Monaco Grand Prix,PIA,81,McLaren,3.0,60.0,73.745,HARD,6.612,7980.843
11671.0,211.0,5,99.0,False,0,car,350.0002777777778,,,,,,,,2025,Monaco,Monaco Grand Prix,PIA,81,McLaren,3.0,60.0,73.745,HARD,6.892,7981.123
10713.0,229.0,6,100.0,False,0,car,372.9002777777778,,,,,,,,2025,Monaco,Monaco Grand Prix,PIA,81,McLaren,3.0,60.0,73.745,HARD,7.252,7981.483
10712.0,233.0,6,99.0,False,0,car,383.2558333333333,,,,,,,,2025,Monaco,Monaco Grand Prix,PIA,81,McLaren,3.0,60.0,73.745,HARD,7.412,7981.643
11005.0,240.0,6,99.0,False,0,car,409.9225,,,,,,,,2025,Monaco,Monaco Grand Prix,PIA,81,McLaren,3.0,60.0,73.745,HARD,7.812,7982.043
11071.0,243.0,6,100.0,False,0,car,423.4225,,,,,,,,2025,Monaco,Monaco Grand Prix,PIA,81,McLaren,3.0,60.0,73.745,HARD,8.012,7982.243
11178.0,248.0,6,99.0,False,0,car,442.71138888888885,,,,,,,,2025,Monaco,Monaco Grand Prix,PIA,81,McLaren,3.0,60.0,73.745,HARD,8.292,7982.523
11516.0,251.0,6,99.0,False,0,car,459.4447222222222,,,,,,,,2025,Monaco,Monaco Grand Prix,PIA,81,McLaren,3.0,60.0,73.745,HARD,8.532,7982.763
11472.0,252.0,6,99.0,False,0,car,481.84472222222223,,,,,,,,2025,Monaco,Monaco Grand Prix,PIA,81,McLaren,3.0,60.0,73.745,HARD,8.852,7983.083
11598.0,254.0,6,99.0,False,0,car,498.8486111111111,,,,,,,,2025,Monaco,Monaco Grand Prix,PIA,81,McLaren,3.0,60.0,73.745,HARD,9.093,7983.324
11492.0,254.0,6,99.0,False,0,car,521.4263888888889,,,,,,,,2025,Monaco,Monaco Grand Prix,PIA,81,McLaren,3.0,60.0,73.745,HARD,9.413,7983.644
11792.0,256.0,6,99.0,False,0,car,544.1819444444445,,,,,,,,2025,Monaco,Monaco Grand Prix,PIA,81,McLaren,3.0,60.0,73.745,HARD,9.733,7983.964
11748.0,258.0,6,100.0,False,0,car,572.848611111111,,,,,,,,2025,Monaco,Monaco Grand Prix,PIA,81,McLaren,3.0,60.0,73.745,HARD,10.133,7984.364
11795.0,260.0,6,83.0,False,0,car,584.4041666666666,,,,,,,,2025,Monaco,Monaco Grand Prix,PIA,81,McLaren,3.0,60.0,73.745,HARD,10.293,7984.524
11629.0,258.0,6,14.0,False,0,car,601.6041666666666,,,,,,,,2025,Monaco,Monaco Grand Prix,PIA,81,McLaren,3.0,60.0,73.745,HARD,10.533,7984.764
11133.0,250.0,6,5.0,True,0,car,615.4930555555555,,,,,,,,2025,Monaco,Monaco Grand Prix,PIA,81,McLaren,3.0,60.0,73.745,HARD,10.733,7984.964
10790.0,239.0,6,1.0,True,0,car,631.4263888888889,,,,,,,,2025,Monaco,Monaco Grand Prix,PIA,81,McLaren,3.0,60.0,73.745,HARD,10.973,7985.204
11436.0,227.0,5,0.0,True,0,car,654.1263888888889,,,,,,,,2025,Monaco,Monaco Grand Prix,PIA,81,McLaren,3.0,60.0,73.745,HARD,11.333,7985.564
11436.0,219.0,5,0.0,True,0,car,663.8597222222222,,,,,,,,2025,Monaco,Monaco Grand Prix,PIA,81,McLaren,3.0,60.0,73.745,HARD,11.493,7985.724
11034.0,210.0,5,0.0,True,0,car,677.8597222222222,,,,,,,,2025,Monaco,Monaco Grand Prix,PIA,81,McLaren,3.0,60.0,73.745,HARD,11.733,7985.964
11621.0,200.0,4,0.0,True,0,car,688.9708333333333,,,,,,,,2025,Monaco,Monaco Grand Prix,PIA,81,McLaren,3.0,60.0,73.745,HARD,11.933,7986.164
11621.0,193.0,4,0.0,True,0,car,697.5486111111111,,,,,,,,2025,Monaco,Monaco Grand Prix,PIA,81,McLaren,3.0,60.0,73.745,HARD,12.093,7986.324
10603.0,180.0,4,0.0,False,0,car,719.5486111111111,,,,,,,,2025,Monaco,Monaco Grand Prix,PIA,81,McLaren,3.0,60.0,73.745,HARD,12.533,7986.764
10203.0,175.0,4,1.0,False,0,car,729.2708333333334,,,,,,,,2025,Monaco,Monaco Grand Prix,PIA,81,McLaren,3.0,60.0,73.745,HARD,12.733,7986.964
9670.0,168.0,4,3.0,False,0,car,751.6708333333333,,,,,,,,2025,Monaco,Monaco Grand Prix,PIA,81,McLaren,3.0,60.0,73.745,HARD,13.213,7987.444
9869.0,160.0,4,10.0,False,0,car,764.0708333333334,,,,,,,,2025,Monaco,Monaco Grand Prix,PIA,81,McLaren,3.0,60.0,73.745,HARD,13.492,7987.723
9692.0,157.0,4,46.0,False,0,car,779.7708333333334,,,,,,,,2025,Monaco,Monaco Grand Prix,PIA,81,McLaren,3.0,60.0,73.745,HARD,13.852,7988.083
9902.0,159.0,4,53.0,False,0,car,795.6708333333333,,,,,,,,2025,Monaco,Monaco Grand Prix,PIA,81,McLaren,3.0,60.0,73.745,HARD,14.212,7988.443
10135.0,163.0,4,43.0,False,0,car,813.7819444444444,,,,,,,,2025,Monaco,Monaco Grand Prix,PIA,81,McLaren,3.0,60.0,73.745,HARD,14.612,7988.843
9557.0,164.0,4,17.0,True,0,car,828.3597222222222,,,,,,,,2025,Monaco,Monaco Grand Prix,PIA,81,McLaren,3.0,60.0,73.745,HARD,14.932,7989.163
10226.0,160.0,4,3.0,True,0,car,835.4708333333333,,,,,,,,2025,Monaco,Monaco Grand Prix,PIA,81,McLaren,3.0,60.0,73.745,HARD,15.092,7989.323
10215.0,149.0,3,1.0,True,0,car,850.3708333333333,,,,,,,,2025,Monaco,Monaco Grand Prix,PIA,81,McLaren,3.0,60.0,73.745,HARD,15.452,7989.683
9942.0,144.0,3,1.0,False,0,car,856.8108333333332,,,,,,,,2025,Monaco,Monaco Grand Prix,PIA,81,McLaren,3.0,60.0,73.745,HARD,15.613,7989.844
9605.0,142.0,3,1.0,False,0,car,867.8552777777777,,,,,,,,2025,Monaco,Monaco Grand Prix,PIA,81,McLaren,3.0,60.0,73.745,HARD,15.893,7990.124
9749.0,137.0,3,37.0,False,0,car,881.5552777777776,,,,,,,,2025,Monaco,Monaco Grand Prix,PIA,81,McLaren,3.0,60.0,73.745,HARD,16.253,7990.484
10428.0,138.0,3,61.0,False,0,car,895.3552777777776,,,,,,,,2025,Monaco,Monaco Grand Prix,PIA,81,McLaren,3.0,60.0,73.745,HARD,16.613,7990.844
10892.0,141.0,3,74.0,False,0,car,904.7552777777777,,,,,,,,2025,Monaco,Monaco Grand Prix,PIA,81,McLaren,3.0,60.0,73.745,HARD,16.853,7991.084
11957.0,158.0,3,99.0,False,0,car,922.3108333333332,,,,,,,,2025,Monaco,Monaco Grand Prix,PIA,81,McLaren,3.0,60.0,73.745,HARD,17.253,7991.484
10946.0,173.0,4,100.0,False,0,car,935.7663888888889,,,,,,,,2025,Monaco,Monaco Grand Prix,PIA,81,McLaren,3.0,60.0,73.745,HARD,17.533,7991.764
11848.0,188.0,4,100.0,False,0,car,954.5663888888888,,,,,,,,2025,Monaco,Monaco Grand Prix,PIA,81,McLaren,3.0,60.0,73.745,HARD,17.893,7992.124
11072.0,194.0,4,99.0,False,0,car,965.3441666666665,,,,,,,,2025,Monaco,Monaco Grand Prix,PIA,81,McLaren,3.0,60.0,73.745,HARD,18.093,7992.324
11015.0,202.0,5,96.0,False,0,car,983.299722222222,,,,,,,,2025,Monaco,Monaco Grand Prix,PIA,81,McLaren,3.0,60.0,73.745,HARD,18.413,7992.644
11092.0,213.0,5,92.0,False,0,car,999.8663888888888,,,,,,,,2025,Monaco,Monaco Grand Prix,PIA,81,McLaren,3.0,60.0,73.745,HARD,18.693,7992.924
10839.0,215.0,5,10.0,False,0,car,1011.8108333333332,,,,,,,,2025,Monaco,Monaco Grand Prix,PIA,81,McLaren,3.0,60.0,73.745,HARD,18.893,7993.124
10612.0,204.0,5,1.0,True,0,car,1023.1441666666665,,,,,,,,2025,Monaco,Monaco Grand Prix,PIA,81,McLaren,3.0,60.0,73.745,HARD,19.093,7993.324
9602.0,195.0,5,0.0,True,0,car,1031.8108333333332,,,,,,,,2025,Monaco,Monaco Grand Prix,PIA,81,McLaren,3.0,60.0,73.745,HARD,19.253,7993.484
9603.0,170.0,5,0.0,True,0,car,1045.0330555555554,,,,,,,,2025,Monaco,Monaco Grand Prix,PIA,81,McLaren,3.0,60.0,73.745,HARD,19.533,7993.764
10032.0,144.0,5,0.0,True,0,car,1054.6330555555553,,,,,,,,2025,Monaco,Monaco Grand Prix,PIA,81,McLaren,3.0,60.0,73.745,HARD,19.773,7994.004
11177.0,128.0,4,0.0,True,0,car,1061.7441666666664,,,,,,,,2025,Monaco,Monaco Grand Prix,PIA,81,McLaren,3.0,60.0,73.745,HARD,19.973,7994.204
9416.0,117.0,2,0.0,True,0,car,1070.8116666666665,,,,,,,,2025,Monaco,Monaco Grand Prix,PIA,81,McLaren,3.0,60.0,73.745,HARD,20.252,7994.483
8858.0,103.0,2,0.0,True,0,car,1077.6783333333333,,,,,,,,2025,Monaco,Monaco Grand Prix,PIA,81,McLaren,3.0,60.0,73.745,HARD,20.492,7994.723
8228.0,94.0,2,0.0,True,0,car,1084.9894444444444,,,,,,,,2025,Monaco,Monaco Grand Prix,PIA,81,McLaren,3.0,60.0,73.745,HARD,20.772,7995.003
7948.0,92.0,2,0.0,True,0,car,1089.0783333333334,,,,,,,,2025,Monaco,Monaco Grand Prix,PIA,81,McLaren,3.0,60.0,73.745,HARD,20.932,7995.163
7202.0,87.0,2,0.0,True,0,car,1096.8116666666667,,,,,,,,2025,Monaco,Monaco Grand Prix,PIA,81,McLaren,3.0,60.0,73.745,HARD,21.252,7995.483
7050.0,84.0,2,0.0,False,0,car,1100.545,,,,,,,,2025,Monaco,Monaco Grand Prix,PIA,81,McLaren,3.0,60.0,73.745,HARD,21.412,7995.643
6868.0,80.0,2,0.0,False,0,car,1104.9894444444444,,,,,,,,2025,Monaco,Monaco Grand Prix,PIA,81,McLaren,3.0,60.0,73.745,HARD,21.612,7995.843
7349.0,77.0,2,16.0,False,0,car,1113.545,,,,,,,,2025,Monaco,Monaco Grand Prix,PIA,81,McLaren,3.0,60.0,73.745,HARD,22.012,7996.243
7489.0,79.0,2,32.0,False,0,car,1120.5891666666666,,,,,,,,2025,Monaco,Monaco Grand Prix,PIA,81,McLaren,3.0,60.0,73.745,HARD,22.333,7996.564
8283.0,88.0,2,51.0,False,0,car,1129.3891666666668,,,,,,,,2025,Monaco,Monaco Grand Prix,PIA,81,McLaren,3.0,60.0,73.745,HARD,22.693,7996.924
9141.0,98.0,2,63.0,False,0,car,1137.011388888889,,,,,,,,2025,Monaco,Monaco Grand Prix,PIA,81,McLaren,3.0,60.0,73.745,HARD,22.973,7997.204
10468.0,107.0,2,69.0,False,0,car,1145.3336111111114,,,,,,,,2025,Monaco,Monaco Grand Prix,PIA,81,McLaren,3.0,60.0,73.745,HARD,23.253,7997.484
12056.0,127.0,2,87.0,False,0,car,1159.4447222222225,,,,,,,,2025,Monaco,Monaco Grand Prix,PIA,81,McLaren,3.0,60.0,73.745,HARD,23.653,7997.884
12325.0,138.0,2,94.0,False,0,car,1167.1113888888892,,,,,,,,2025,Monaco,Monaco Grand Prix,PIA,81,McLaren,3.0,60.0,73.745,HARD,23.853,7998.084
11321.0,132.0,2,0.0,True,0,car,1181.7780555555557,,,,,,,,2025,Monaco,Monaco Grand Prix,PIA,81,McLaren,3.0,60.0,73.745,HARD,24.253,7998.484
10840.0,101.0,2,0.0,True,0,car,1195.2447222222224,,,,,,,,2025,Monaco,Monaco Grand Prix,PIA,81,McLaren,3.0,60.0,73.745,HARD,24.733,7998.964
9877.0,89.0,1,0.0,True,0,car,1200.1891666666668,,,,,,,,2025,Monaco,Monaco Grand Prix,PIA,81,McLaren,3.0,60.0,73.745,HARD,24.933,7999.164
8371.0,77.0,1,0.0,True,0,car,1207.0336111111112,,,,,,,,2025,Monaco,Monaco Grand Prix,PIA,81,McLaren,3.0,60.0,73.745,HARD,25.253,7999.484
7981.0,71.0,1,0.0,True,0,car,1210.9780555555556,,,,,,,,2025,Monaco,Monaco Grand Prix,PIA,81,McLaren,3.0,60.0,73.745,HARD,25.453,7999.684
6793.0,62.0,1,0.0,True,0,car,1215.111388888889,,,,,,,,2025,Monaco,Monaco Grand Prix,PIA,81,McLaren,3.0,60.0,73.745,HARD,25.693,7999.924
6055.0,58.0,1,0.0,False,0,car,1222.200277777778,,,,,,,,2025,Monaco,Monaco Grand Prix,PIA,81,McLaren,3.0,60.0,73.745,HARD,26.133,8000.364
5760.0,54.0,1,0.0,False,0,car,1225.200277777778,,,,,,,,2025,Monaco,Monaco Grand Prix,PIA,81,McLaren,3.0,60.0,73.745,HARD,26.333,8000.564
5514.0,54.0,1,0.0,False,0,car,1228.200277777778,,,,,,,,2025,Monaco,Monaco Grand Prix,PIA,81,McLaren,3.0,60.0,73.745,HARD,26.533,8000.764
5209.0,51.0,1,2.0,False,0,car,1232.152777777778,,,,,,,,2025,Monaco,Monaco Grand Prix,PIA,81,McLaren,3.0,60.0,73.745,HARD,26.812,8001.043
5349.0,49.0,1,6.0,False,0,car,1234.8750000000002,,,,,,,,2025,Monaco,Monaco Grand Prix,PIA,81,McLaren,3.0,60.0,73.745,HARD,27.012,8001.243
5903.0,45.0,1,16.0,False,0,car,1238.8750000000002,,,,,,,,2025,Monaco,Monaco Grand Prix,PIA,81,McLaren,3.0,60.0,73.745,HARD,27.332,8001.563
5903.0,48.0,1,17.0,False,0,car,1241.0083333333337,,,,,,,,2025,Monaco,Monaco Grand Prix,PIA,81,McLaren,3.0,60.0,73.745,HARD,27.492,8001.723
6489.0,50.0,1,20.0,False,0,car,1243.2305555555558,,,,,,,,2025,Monaco,Monaco Grand Prix,PIA,81,McLaren,3.0,60.0,73.745,HARD,27.652,8001.883
7034.0,53.0,1,25.0,False,0,car,1246.1750000000002,,,,,,,,2025,Monaco,Monaco Grand Prix,PIA,81,McLaren,3.0,60.0,73.745,HARD,27.852,8002.083
7531.0,56.0,1,30.0,False,0,car,1248.663888888889,,,,,,,,2025,Monaco,Monaco Grand Prix,PIA,81,McLaren,3.0,60.0,73.745,HARD,28.012,8002.243
8394.0,64.0,1,41.0,False,0,car,1254.3527777777779,,,,,,,,2025,Monaco,Monaco Grand Prix,PIA,81,McLaren,3.0,60.0,73.745,HARD,28.332,8002.563
9794.0,75.0,1,55.0,False,0,car,1261.8527777777779,,,,,,,,2025,Monaco,Monaco Grand Prix,PIA,81,McLaren,3.0,60.0,73.745,HARD,28.692,8002.923
10354.0,84.0,1,56.0,False,0,car,1265.6094444444445,,,,,,,,2025,Monaco,Monaco Grand Prix,PIA,81,McLaren,3.0,60.0,73.745,HARD,28.853,8003.084
9076.0,97.0,1,30.0,False,0,car,1273.153888888889,,,,,,,,2025,Monaco,Monaco Grand Prix,PIA,81,McLaren,3.0,60.0,73.745,HARD,29.133,8003.364
8352.0,97.0,2,0.0,True,0,car,1279.6205555555557,,,,,,,,2025,Monaco,Monaco Grand Prix,PIA,81,McLaren,3.0,60.0,73.745,HARD,29.373,8003.604
7899.0,94.0,2,0.0,True,0,car,1283.7983333333334,,,,,,,,2025,Monaco,Monaco Grand Prix,PIA,81,McLaren,3.0,60.0,73.745,HARD,29.533,8003.764
7766.0,89.0,2,0.0,True,0,car,1289.7316666666668,,,,,,,,2025,Monaco,Monaco Grand Prix,PIA,81,McLaren,3.0,60.0,73.745,HARD,29.773,8004.004
7432.0,88.0,2,0.0,False,0,car,1293.6427777777778,,,,,,,,2025,Monaco,Monaco Grand Prix,PIA,81,McLaren,3.0,60.0,73.745,HARD,29.933,8004.164
7015.0,82.0,2,0.0,False,0,car,1300.0205555555556,,,,,,,,2025,Monaco,Monaco Grand Prix,PIA,81,McLaren,3.0,60.0,73.745,HARD,30.213,8004.444
7534.0,81.0,2,11.0,False,0,car,1305.4205555555554,,,,,,,,2025,Monaco,Monaco Grand Prix,PIA,81,McLaren,3.0,60.0,73.745,HARD,30.453,8004.684
8036.0,83.0,2,30.0,False,0,car,1314.6427777777776,,,,,,,,2025,Monaco,Monaco Grand Prix,PIA,81,McLaren,3.0,60.0,73.745,HARD,30.853,8005.084
8388.0,87.0,2,39.0,False,0,car,1319.4761111111109,,,,,,,,2025,Monaco,Monaco Grand Prix,PIA,81,McLaren,3.0,60.0,73.745,HARD,31.053,8005.284
9050.0,92.0,2,46.0,False,0,car,1324.587222222222,,,,,,,,2025,Monaco,Monaco Grand Prix,PIA,81,McLaren,3.0,60.0,73.745,HARD,31.253,8005.484
9338.0,94.0,2,51.0,False,0,car,1328.7649999999996,,,,,,,,2025,Monaco,Monaco Grand Prix,PIA,81,McLaren,3.0,60.0,73.745,HARD,31.413,8005.644
9579.0,104.0,2,55.0,False,0,car,1333.387222222222,,,,,,,,2025,Monaco,Monaco Grand Prix,PIA,81,McLaren,3.0,60.0,73.745,HARD,31.573,8005.804
10556.0,114.0,2,71.0,False,0,car,1340.9872222222218,,,,,,,,2025,Monaco,Monaco Grand Prix,PIA,81,McLaren,3.0,60.0,73.745,HARD,31.813,8006.044
10479.0,122.0,2,71.0,True,0,car,1347.7649999999996,,,,,,,,2025,Monaco,Monaco Grand Prix,PIA,81,McLaren,3.0,60.0,73.745,HARD,32.013,8006.244
10137.0,118.0,2,1.0,True,0,car,1354.3205555555553,,,,,,,,2025,Monaco,Monaco Grand Prix,PIA,81,McLaren,3.0,60.0,73.745,HARD,32.213,8006.444
9437.0,106.0,2,0.0,True,0,car,1362.5649999999998,,,,,,,,2025,Monaco,Monaco Grand Prix,PIA,81,McLaren,3.0,60.0,73.745,HARD,32.493,8006.724
8282.0,99.0,2,0.0,True,0,car,1372.465,,,,,,,,2025,Monaco,Monaco Grand Prix,PIA,81,McLaren,3.0,60.0,73.745,HARD,32.853,8007.084
8006.0,93.0,2,0.0,False,0,car,1379.6983333333333,,,,,,,,2025,Monaco,Monaco Grand Prix,PIA,81,McLaren,3.0,60.0,73.745,HARD,33.133,8007.364
7783.0,90.0,2,0.0,False,0,car,1383.6983333333333,,,,,,,,2025,Monaco,Monaco Grand Prix,PIA,81,McLaren,3.0,60.0,73.745,HARD,33.293,8007.524
7611.0,86.0,2,0.0,False,0,car,1393.23,,,,,,,,2025,Monaco,Monaco Grand Prix,PIA,81,McLaren,3.0,60.0,73.745,HARD,33.692,8007.923
7799.0,84.0,2,9.0,False,0,car,1396.9633333333334,,,,,,,,2025,Monaco,Monaco Grand Prix,PIA,81,McLaren,3.0,60.0,73.745,HARD,33.852,8008.083
8152.0,83.0,2,29.0,False,0,car,1401.5744444444445,,,,,,,,2025,Monaco,Monaco Grand Prix,PIA,81,McLaren,3.0,60.0,73.745,HARD,34.052,8008.283
8349.0,86.0,2,41.0,False,0,car,1406.3522222222223,,,,,,,,2025,Monaco,Monaco Grand Prix,PIA,81,McLaren,3.0,60.0,73.745,HARD,34.252,8008.483
8812.0,91.0,2,53.0,False,0,car,1410.3966666666665,,,,,,,,2025,Monaco,Monaco Grand Prix,PIA,81,McLaren,3.0,60.0,73.745,HARD,34.412,8008.643
9429.0,101.0,2,63.0,False,0,car,1418.2522222222221,,,,,,,,2025,Monaco,Monaco Grand Prix,PIA,81,McLaren,3.0,60.0,73.745,HARD,34.692,8008.923
10469.0,104.0,2,71.0,False,0,car,1422.8744444444442,,,,,,,,2025,Monaco,Monaco Grand Prix,PIA,81,McLaren,3.0,60.0,73.745,HARD,34.852,8009.083
11479.0,119.0,2,91.0,False,0,car,1430.8077777777776,,,,,,,,2025,Monaco,Monaco Grand Prix,PIA,81,McLaren,3.0,60.0,73.745,HARD,35.092,8009.323
11479.0,129.0,2,99.0,False,0,car,1438.0102777777777,,,,,,,,2025,Monaco,Monaco Grand Prix,PIA,81,McLaren,3.0,60.0,73.745,HARD,35.293,8009.524
10808.0,141.0,3,99.0,False,0,car,1447.4102777777778,,,,,,,,2025,Monaco,Monaco Grand Prix,PIA,81,McLaren,3.0,60.0,73.745,HARD,35.533,8009.764
11377.0,152.0,3,99.0,False,0,car,1455.854722222222,,,,,,,,2025,Monaco,Monaco Grand Prix,PIA,81,McLaren,3.0,60.0,73.745,HARD,35.733,8009.964
11412.0,168.0,3,99.0,False,0,car,1467.0547222222222,,,,,,,,2025,Monaco,Monaco Grand Prix,PIA,81,McLaren,3.0,60.0,73.745,HARD,35.973,8010.204
11166.0,181.0,4,99.0,False,0,car,1485.154722222222,,,,,,,,2025,Monaco,Monaco Grand Prix,PIA,81,McLaren,3.0,60.0,73.745,HARD,36.333,8010.564
10586.0,200.0,5,99.0,False,0,car,1511.821388888889,,,,,,,,2025,Monaco,Monaco Grand Prix,PIA,81,McLaren,3.0,60.0,73.745,HARD,36.813,8011.044
11193.0,207.0,5,99.0,False,0,car,1525.6213888888888,,,,,,,,2025,Monaco,Monaco Grand Prix,PIA,81,McLaren,3.0,60.0,73.745,HARD,37.053,8011.284
11370.0,213.0,5,99.0,False,0,car,1537.4547222222222,,,,,,,,2025,Monaco,Monaco Grand Prix,PIA,81,McLaren,3.0,60.0,73.745,HARD,37.253,8011.484
11757.0,225.0,5,99.0,False,0,car,1559.9547222222222,,,,,,,,2025,Monaco,Monaco Grand Prix,PIA,81,McLaren,3.0,60.0,73.745,HARD,37.613,8011.844
10917.0,227.0,5,99.0,False,0,car,1572.5658333333336,,,,,,,,2025,Monaco,Monaco Grand Prix,PIA,81,McLaren,3.0,60.0,73.745,HARD,37.813,8012.044
10849.0,234.0,6,100.0,False,0,car,1588.1658333333332,,,,,,,,2025,Monaco,Monaco Grand Prix,PIA,81,McLaren,3.0,60.0,73.745,HARD,38.053,8012.284
11013.0,238.0,6,99.0,False,0,car,1598.7436111111112,,,,,,,,2025,Monaco,Monaco Grand Prix,PIA,81,McLaren,3.0,60.0,73.745,HARD,38.213,8012.444
11146.0,245.0,6,99.0,False,0,car,1617.799166666667,,,,,,,,2025,Monaco,Monaco Grand Prix,PIA,81,McLaren,3.0,60.0,73.745,HARD,38.493,8012.724
11464.0,248.0,6,99.0,False,0,car,1634.3325,,,,,,,,2025,Monaco,Monaco Grand Prix,PIA,81,McLaren,3.0,60.0,73.745,HARD,38.733,8012.964
11722.0,252.0,6,99.0,False,0,car,1648.3325000000002,,,,,,,,2025,Monaco,Monaco Grand Prix,PIA,81,McLaren,3.0,60.0,73.745,HARD,38.933,8013.164
11567.0,255.0,6,99.0,False,0,car,1668.1658333333337,,,,,,,,2025,Monaco,Monaco Grand Prix,PIA,81,McLaren,3.0,60.0,73.745,HARD,39.213,8013.444
10410.0,259.0,6,99.0,False,0,car,1685.4325000000006,,,,,,,,2025,Monaco,Monaco Grand Prix,PIA,81,McLaren,3.0,60.0,73.745,HARD,39.453,8013.684
10604.0,263.0,7,99.0,False,0,car,1711.7325000000005,,,,,,,,2025,Monaco,Monaco Grand Prix,PIA,81,McLaren,3.0,60.0,73.745,HARD,39.813,8014.044
10670.0,265.0,7,99.0,False,0,car,1729.3991666666668,,,,,,,,2025,Monaco,Monaco Grand Prix,PIA,81,McLaren,3.0,60.0,73.745,HARD,40.053,8014.284
10738.0,267.0,7,99.0,False,0,car,1741.2658333333338,,,,,,,,2025,Monaco,Monaco Grand Prix,PIA,81,McLaren,3.0,60.0,73.745,HARD,40.213,8014.444
10800.0,268.0,7,99.0,False,0,car,1756.080277777778,,,,,,,,2025,Monaco,Monaco Grand Prix,PIA,81,McLaren,3.0,60.0,73.745,HARD,40.412,8014.643
10928.0,273.0,7,100.0,False,0,car,1780.3469444444447,,,,,,,,2025,Monaco,Monaco Grand Prix,PIA,81,McLaren,3.0,60.0,73.745,HARD,40.732,8014.963
11076.0,277.0,7,100.0,False,0,car,1808.0469444444448,,,,,,,,2025,Monaco,Monaco Grand Prix,PIA,81,McLaren,3.0,60.0,73.745,HARD,41.092,8015.323
11196.0,281.0,7,100.0,False,0,car,1829.9025000000004,,,,,,,,2025,Monaco,Monaco Grand Prix,PIA,81,McLaren,3.0,60.0,73.745,HARD,41.372,8015.603
11228.0,283.0,7,99.0,False,0,car,1858.2025000000003,,,,,,,,2025,Monaco,Monaco Grand Prix,PIA,81,McLaren,3.0,60.0,73.745,HARD,41.732,8015.963
11424.0,286.0,7,100.0,False,0,car,1886.881944444445,,,,,,,,2025,Monaco,Monaco Grand Prix,PIA,81,McLaren,3.0,60.0,73.745,HARD,42.093,8016.324
11508.0,287.0,7,99.0,False,0,car,1912.3930555555555,,,,,,,,2025,Monaco,Monaco Grand Prix,PIA,81,McLaren,3.0,60.0,73.745,HARD,42.413,8016.644
11498.0,287.0,7,24.0,False,0,car,1931.526388888889,,,,,,,,2025,Monaco,Monaco Grand Prix,PIA,81,McLaren,3.0,60.0,73.745,HARD,42.653,8016.884
10316.0,263.0,7,0.0,True,0,car,1954.9041666666667,,,,,,,,2025,Monaco,Monaco Grand Prix,PIA,81,McLaren,3.0,60.0,73.745,HARD,42.973,8017.204
9168.0,227.0,7,0.0,True,0,car,1977.6041666666667,,,,,,,,2025,Monaco,Monaco Grand Prix,PIA,81,McLaren,3.0,60.0,73.745,HARD,43.333,8017.564
9391.0,207.0,7,0.0,True,0,car,1989.104166666667,,,,,,,,2025,Monaco,Monaco Grand Prix,PIA,81,McLaren,3.0,60.0,73.745,HARD,43.533,8017.764
9730.0,196.0,7,0.0,True,0,car,1999.9930555555557,,,,,,,,2025,Monaco,Monaco Grand Prix,PIA,81,McLaren,3.0,60.0,73.745,HARD,43.733,8017.964
11127.0,158.0,7,0.0,True,0,car,2010.5263888888892,,,,,,,,2025,Monaco,Monaco Grand Prix,PIA,81,McLaren,3.0,60.0,73.745,HARD,43.973,8018.204
10628.0,126.0,5,0.0,True,0,car,2025.926388888889,,,,,,,,2025,Monaco,Monaco Grand Prix,PIA,81,McLaren,3.0,60.0,73.745,HARD,44.413,8018.644
8648.0,104.0,2,0.0,True,0,car,2038.6375000000003,,,,,,,,2025,Monaco,Monaco Grand Prix,PIA,81,McLaren,3.0,60.0,73.745,HARD,44.853,8019.084
7906.0,94.0,2,0.0,True,0,car,2046.9930555555559,,,,,,,,2025,Monaco,Monaco Grand Prix,PIA,81,McLaren,3.0,60.0,73.745,HARD,45.173,8019.404
7598.0,90.0,2,0.0,False,0,car,2053.993055555556,,,,,,,,2025,Monaco,Monaco Grand Prix,PIA,81,McLaren,3.0,60.0,73.745,HARD,45.453,8019.684
7051.0,87.0,2,0.0,True,0,car,2058.826388888889,,,,,,,,2025,Monaco,Monaco Grand Prix,PIA,81,McLaren,3.0,60.0,73.745,HARD,45.653,8019.884
6598.0,78.0,2,0.0,True,0,car,2064.8930555555557,,,,,,,,2025,Monaco,Monaco Grand Prix,PIA,81,McLaren,3.0,60.0,73.745,HARD,45.933,8020.164
6196.0,75.0,2,0.0,True,0,car,2069.0597222222223,,,,,,,,2025,Monaco,Monaco Grand Prix,PIA,81,McLaren,3.0,60.0,73.745,HARD,46.133,8020.364
6054.0,67.0,2,5.0,False,0,car,2076.5041666666666,,,,,,,,2025,Monaco,Monaco Grand Prix,PIA,81,McLaren,3.0,60.0,73.745,HARD,46.533,8020.764
6331.0,66.0,2,29.0,False,0,car,2080.9041666666667,,,,,,,,2025,Monaco,Monaco Grand Prix,PIA,81,McLaren,3.0,60.0,73.745,HARD,46.773,8021.004
6924.0,70.0,2,39.0,False,0,car,2086.3291666666664,,,,,,,,2025,Monaco,Monaco Grand Prix,PIA,81,McLaren,3.0,60.0,73.745,HARD,47.052,8021.283
7038.0,75.0,2,50.0,False,0,car,2089.6625,,,,,,,,2025,Monaco,Monaco Grand Prix,PIA,81,McLaren,3.0,60.0,73.745,HARD,47.212,8021.443
7766.0,82.0,2,58.0,False,0,car,2094.2180555555556,,,,,,,,2025,Monaco,Monaco Grand Prix,PIA,81,McLaren,3.0,60.0,73.745,HARD,47.412,8021.643
8758.0,89.0,2,67.0,False,0,car,2100.151388888889,,,,,,,,2025,Monaco,Monaco Grand Prix,PIA,81,McLaren,3.0,60.0,73.745,HARD,47.652,8021.883
10309.0,109.0,2,79.0,False,0,car,2109.840277777778,,,,,,,,2025,Monaco,Monaco Grand Prix,PIA,81,McLaren,3.0,60.0,73.745,HARD,47.972,8022.203
10906.0,114.0,2,83.0,False,0,car,2114.9069444444444,,,,,,,,2025,Monaco,Monaco Grand Prix,PIA,81,McLaren,3.0,60.0,73.745,HARD,48.132,8022.363
11288.0,124.0,2,91.0,False,0,car,2121.7958333333336,,,,,,,,2025,Monaco,Monaco Grand Prix,PIA,81,McLaren,3.0,60.0,73.745,HARD,48.332,8022.563
11108.0,140.0,3,99.0,False,0,car,2132.7236111111115,,,,,,,,2025,Monaco,Monaco Grand Prix,PIA,81,McLaren,3.0,60.0,73.745,HARD,48.613,8022.844
11438.0,156.0,3,99.0,False,0,car,2144.8569444444447,,,,,,,,2025,Monaco,Monaco Grand Prix,PIA,81,McLaren,3.0,60.0,73.745,HARD,48.893,8023.124
10696.0,169.0,4,99.0,False,0,car,2159.879166666667,,,,,,,,2025,Monaco,Monaco Grand Prix,PIA,81,McLaren,3.0,60.0,73.745,HARD,49.213,8023.444
11162.0,178.0,4,99.0,False,0,car,2169.7680555555557,,,,,,,,2025,Monaco,Monaco Grand Prix,PIA,81,McLaren,3.0,60.0,73.745,HARD,49.413,8023.644
11415.0,186.0,4,99.0,False,0,car,2178.0347222222226,,,,,,,,2025,Monaco,Monaco Grand Prix,PIA,81,McLaren,3.0,60.0,73.745,HARD,49.573,8023.804
11169.0,196.0,4,99.0,False,0,car,2195.456944444445,,,,,,,,2025,Monaco,Monaco Grand Prix,PIA,81,McLaren,3.0,60.0,73.745,HARD,49.893,8024.124
10753.0,204.0,5,99.0,False,0,car,2206.7902777777786,,,,,,,,2025,Monaco,Monaco Grand Prix,PIA,81,McLaren,3.0,60.0,73.745,HARD,50.093,8024.324
11081.0,210.0,5,99.0,False,0,car,2218.456944444445,,,,,,,,2025,Monaco,Monaco Grand Prix,PIA,81,McLaren,3.0,60.0,73.745,HARD,50.293,8024.524
11558.0,218.0,5,99.0,False,0,car,2235.412500000001,,,,,,,,2025,Monaco,Monaco Grand Prix,PIA,81,McLaren,3.0,60.0,73.745,HARD,50.573,8024.804
11852.0,226.0,5,99.0,False,0,car,2255.50138888889,,,,,,,,2025,Monaco,Monaco Grand Prix,PIA,81,McLaren,3.0,60.0,73.745,HARD,50.893,8025.124
11866.0,229.0,5,13.0,False,0,car,2268.2236111111124,,,,,,,,2025,Monaco,Monaco Grand Prix,PIA,81,McLaren,3.0,60.0,73.745,HARD,51.093,8025.324
11005.0,216.0,5,0.0,True,0,car,2280.223611111112,,,,,,,,2025,Monaco,Monaco Grand Prix,PIA,81,McLaren,3.0,60.0,73.745,HARD,51.293,8025.524
11498.0,201.0,5,0.0,True,0,car,2291.390277777779,,,,,,,,2025,Monaco,Monaco Grand Prix,PIA,81,McLaren,3.0,60.0,73.745,HARD,51.493,8025.724
10790.0,188.0,4,0.0,True,0,car,2306.012500000001,,,,,,,,2025,Monaco,Monaco Grand Prix,PIA,81,McLaren,3.0,60.0,73.745,HARD,51.773,8026.004
10521.0,176.0,4,0.0,True,0,car,2315.7902777777786,,,,,,,,2025,Monaco,Monaco Grand Prix,PIA,81,McLaren,3.0,60.0,73.745,HARD,51.973,8026.204
10470.0,168.0,4,44.0,False,0,car,2334.456944444445,,,,,,,,2025,Monaco,Monaco Grand Prix,PIA,81,McLaren,3.0,60.0,73.745,HARD,52.373,8026.604
10324.0,170.0,4,50.0,False,0,car,2343.90138888889,,,,,,,,2025,Monaco,Monaco Grand Prix,PIA,81,McLaren,3.0,60.0,73.745,HARD,52.573,8026.804
10571.0,170.0,4,70.0,False,0,car,2355.2347222222234,,,,,,,,2025,Monaco,Monaco Grand Prix,PIA,81,McLaren,3.0,60.0,73.745,HARD,52.813,8027.044
10942.0,177.0,4,88.0,False,0,car,2369.0013888888902,,,,,,,,2025,Monaco,Monaco Grand Prix,PIA,81,McLaren,3.0,60.0,73.745,HARD,53.093,8027.324
11400.0,185.0,4,99.0,False,0,car,2379.2791666666676,,,,,,,,2025,Monaco,Monaco Grand Prix,PIA,81,McLaren,3.0,60.0,73.745,HARD,53.293,8027.524
11565.0,217.0,5,99.0,False,0,car,2449.141111111112,,,,,,,,2025,Monaco,Monaco Grand Prix,PIA,81,McLaren,3.0,60.0,73.745,HARD,54.452,8028.683
10843.0,225.0,5,89.0,False,0,car,2471.641111111112,,,,,,,,2025,Monaco,Monaco Grand Prix,PIA,81,McLaren,3.0,60.0,73.745,HARD,54.812,8029.043
10690.0,227.0,6,85.0,False,0,car,2491.8819444444457,,,,,,,,2025,Monaco,Monaco Grand Prix,PIA,81,McLaren,3.0,60.0,73.745,HARD,55.133,8029.364
10539.0,229.0,6,86.0,False,0,car,2509.6930555555564,,,,,,,,2025,Monaco,Monaco Grand Prix,PIA,81,McLaren,3.0,60.0,73.745,HARD,55.413,8029.644
10645.0,231.0,6,87.0,False,0,car,2522.52638888889,,,,,,,,2025,Monaco,Monaco Grand Prix,PIA,81,McLaren,3.0,60.0,73.745,HARD,55.613,8029.844
10894.0,238.0,6,87.0,False,0,car,2543.6819444444454,,,,,,,,2025,Monaco,Monaco Grand Prix,PIA,81,McLaren,3.0,60.0,73.745,HARD,55.933,8030.164
10601.0,238.0,6,67.0,False,0,car,2564.837500000001,,,,,,,,2025,Monaco,Monaco Grand Prix,PIA,81,McLaren,3.0,60.0,73.745,HARD,56.253,8030.484
9936.0,221.0,6,0.0,True,0,car,2584.4819444444456,,,,,,,,2025,Monaco,Monaco Grand Prix,PIA,81,McLaren,3.0,60.0,73.745,HARD,56.573,8030.804
10439.0,202.0,5,0.0,True,0,car,2595.704166666668,,,,,,,,2025,Monaco,Monaco Grand Prix,PIA,81,McLaren,3.0,60.0,73.745,HARD,56.773,8031.004
11548.0,172.0,5,0.0,True,0,car,2614.8152777777786,,,,,,,,2025,Monaco,Monaco Grand Prix,PIA,81,McLaren,3.0,60.0,73.745,HARD,57.173,8031.404
11208.0,162.0,3,0.0,True,0,car,2623.8152777777786,,,,,,,,2025,Monaco,Monaco Grand Prix,PIA,81,McLaren,3.0,60.0,73.745,HARD,57.373,8031.604
10788.0,152.0,3,0.0,True,0,car,2632.259722222223,,,,,,,,2025,Monaco,Monaco Grand Prix,PIA,81,McLaren,3.0,60.0,73.745,HARD,57.573,8031.804
9943.0,149.0,3,0.0,True,0,car,2645.5041666666675,,,,,,,,2025,Monaco,Monaco Grand Prix,PIA,81,McLaren,3.0,60.0,73.745,HARD,57.893,8032.124
9363.0,134.0,3,0.0,True,0,car,2655.92638888889,,,,,,,,2025,Monaco,Monaco Grand Prix,PIA,81,McLaren,3.0,60.0,73.745,HARD,58.173,8032.404
9097.0,130.0,3,0.0,True,0,car,2666.0375000000013,,,,,,,,2025,Monaco,Monaco Grand Prix,PIA,81,McLaren,3.0,60.0,73.745,HARD,58.453,8032.684
8801.0,127.0,3,4.0,False,0,car,2674.504166666668,,,,,,,,2025,Monaco,Monaco Grand Prix,PIA,81,McLaren,3.0,60.0,73.745,HARD,58.693,8032.924
9160.0,124.0,3,18.0,False,0,car,2682.770833333335,,,,,,,,2025,Monaco,Monaco Grand Prix,PIA,81,McLaren,3.0,60.0,73.745,HARD,58.933,8033.164
9586.0,124.0,3,51.0,False,0,car,2693.793055555557,,,,,,,,2025,Monaco,Monaco Grand Prix,PIA,81,McLaren,3.0,60.0,73.745,HARD,59.253,8033.484
9958.0,129.0,3,73.0,False,0,car,2700.959722222224,,,,,,,,2025,Monaco,Monaco Grand Prix,PIA,81,McLaren,3.0,60.0,73.745,HARD,59.453,8033.684
10456.0,136.0,3,89.0,False,0,car,2708.5152777777794,,,,,,,,2025,Monaco,Monaco Grand Prix,PIA,81,McLaren,3.0,60.0,73.745,HARD,59.653,8033.884
11345.0,156.0,3,99.0,False,0,car,2724.1152777777793,,,,,,,,2025,Monaco,Monaco Grand Prix,PIA,81,McLaren,3.0,60.0,73.745,HARD,60.013,8034.244
11786.0,161.0,3,99.0,False,0,car,2734.848611111113,,,,,,,,2025,Monaco,Monaco Grand Prix,PIA,81,McLaren,3.0,60.0,73.745,HARD,60.253,8034.484
11448.0,185.0,4,99.0,False,0,car,2757.408333333335,,,,,,,,2025,Monaco,Monaco Grand Prix,PIA,81,McLaren,3.0,60.0,73.745,HARD,60.692,8034.923
12001.0,194.0,4,92.0,False,0,car,2774.6527777777796,,,,,,,,2025,Monaco,Monaco Grand Prix,PIA,81,McLaren,3.0,60.0,73.745,HARD,61.012,8035.243
11111.0,186.0,4,0.0,True,0,car,2793.2527777777796,,,,,,,,2025,Monaco,Monaco Grand Prix,PIA,81,McLaren,3.0,60.0,73.745,HARD,61.372,8035.603
10634.0,170.0,4,0.0,True,0,car,2804.633333333335,,,,,,,,2025,Monaco,Monaco Grand Prix,PIA,81,McLaren,3.0,60.0,73.745,HARD,61.613,8035.844
10617.0,153.0,4,0.0,True,0,car,2813.133333333335,,,,,,,,2025,Monaco,Monaco Grand Prix,PIA,81,McLaren,3.0,60.0,73.745,HARD,61.813,8036.044
11018.0,153.0,4,0.0,True,0,car,2826.733333333335,,,,,,,,2025,Monaco,Monaco Grand Prix,PIA,81,McLaren,3.0,60.0,73.745,HARD,62.133,8036.364
10178.0,115.0,2,0.0,True,0,car,2833.1222222222236,,,,,,,,2025,Monaco,Monaco Grand Prix,PIA,81,McLaren,3.0,60.0,73.745,HARD,62.333,8036.564
7745.0,89.0,2,0.0,True,0,car,2844.9888888888904,,,,,,,,2025,Monaco,Monaco Grand Prix,PIA,81,McLaren,3.0,60.0,73.745,HARD,62.813,8037.044
7181.0,85.0,2,0.0,True,0,car,2849.7111111111126,,,,,,,,2025,Monaco,Monaco Grand Prix,PIA,81,McLaren,3.0,60.0,73.745,HARD,63.013,8037.244
6484.0,77.0,2,0.0,True,0,car,2855.7000000000016,,,,,,,,2025,Monaco,Monaco Grand Prix,PIA,81,McLaren,3.0,60.0,73.745,HARD,63.293,8037.524
6107.0,72.0,2,0.0,True,0,car,2862.1000000000017,,,,,,,,2025,Monaco,Monaco Grand Prix,PIA,81,McLaren,3.0,60.0,73.745,HARD,63.613,8037.844
5465.0,66.0,2,3.0,False,0,car,2870.1666666666683,,,,,,,,2025,Monaco,Monaco Grand Prix,PIA,81,McLaren,3.0,60.0,73.745,HARD,64.053,8038.284
5965.0,62.0,2,23.0,False,0,car,2875.6777777777797,,,,,,,,2025,Monaco,Monaco Grand Prix,PIA,81,McLaren,3.0,60.0,73.745,HARD,64.373,8038.604
6287.0,62.0,2,27.0,False,0,car,2878.433333333335,,,,,,,,2025,Monaco,Monaco Grand Prix,PIA,81,McLaren,3.0,60.0,73.745,HARD,64.533,8038.764
6589.0,66.0,2,34.0,False,0,car,2883.5666666666684,,,,,,,,2025,Monaco,Monaco Grand Prix,PIA,81,McLaren,3.0,60.0,73.745,HARD,64.813,8039.044
6804.0,70.0,2,43.0,False,0,car,2888.233333333335,,,,,,,,2025,Monaco,Monaco Grand Prix,PIA,81,McLaren,3.0,60.0,73.745,HARD,65.053,8039.284
7683.0,76.0,2,61.0,False,0,car,2893.300000000002,,,,,,,,2025,Monaco,Monaco Grand Prix,PIA,81,McLaren,3.0,60.0,73.745,HARD,65.293,8039.524
8162.0,84.0,2,64.0,False,0,car,2897.033333333335,,,,,,,,2025,Monaco,Monaco Grand Prix,PIA,81,McLaren,3.0,60.0,73.745,HARD,65.453,8039.684
9163.0,101.0,2,74.0,False,0,car,2906.0111111111128,,,,,,,,2025,Monaco,Monaco Grand Prix,PIA,81,McLaren,3.0,60.0,73.745,HARD,65.773,8040.004
10090.0,106.0,2,77.0,False,0,car,2910.722222222224,,,,,,,,2025,Monaco,Monaco Grand Prix,PIA,81,McLaren,3.0,60.0,73.745,HARD,65.933,8040.164
9376.0,110.0,2,1.0,True,0,car,2921.722222222224,,,,,,,,2025,Monaco,Monaco Grand Prix,PIA,81,McLaren,3.0,60.0,73.745,HARD,66.293,8040.524
8455.0,97.0,2,0.0,True,0,car,2929.2666666666682,,,,,,,,2025,Monaco,Monaco Grand Prix,PIA,81,McLaren,3.0,60.0,73.745,HARD,66.573,8040.804
8011.0,91.0,2,0.0,True,0,car,2934.322222222224,,,,,,,,2025,Monaco,Monaco Grand Prix,PIA,81,McLaren,3.0,60.0,73.745,HARD,66.773,8041.004
7103.0,85.0,2,0.0,True,0,car,2942.822222222224,,,,,,,,2025,Monaco,Monaco Grand Prix,PIA,81,McLaren,3.0,60.0,73.745,HARD,67.133,8041.364
7078.0,78.0,2,6.0,False,0,car,2948.000555555557,,,,,,,,2025,Monaco,Monaco Grand Prix,PIA,81,McLaren,3.0,60.0,73.745,HARD,67.372,8041.603
7182.0,79.0,2,22.0,False,0,car,2952.3894444444463,,,,,,,,2025,Monaco,Monaco Grand Prix,PIA,81,McLaren,3.0,60.0,73.745,HARD,67.572,8041.803
8128.0,82.0,2,39.0,False,0,car,2959.678333333335,,,,,,,,2025,Monaco,Monaco Grand Prix,PIA,81,McLaren,3.0,60.0,73.745,HARD,67.892,8042.123
8432.0,85.0,2,47.0,False,0,car,2963.456111111113,,,,,,,,2025,Monaco,Monaco Grand Prix,PIA,81,McLaren,3.0,60.0,73.745,HARD,68.052,8042.283
8880.0,88.0,2,60.0,False,0,car,2967.3916666666682,,,,,,,,2025,Monaco,Monaco Grand Prix,PIA,81,McLaren,3.0,60.0,73.745,HARD,68.213,8042.444
9956.0,94.0,2,74.0,False,0,car,2972.6138888888904,,,,,,,,2025,Monaco,Monaco Grand Prix,PIA,81,McLaren,3.0,60.0,73.745,HARD,68.413,8042.644
10476.0,115.0,2,79.0,False,0,car,2982.836111111113,,,,,,,,2025,Monaco,Monaco Grand Prix,PIA,81,McLaren,3.0,60.0,73.745,HARD,68.733,8042.964
11119.0,120.0,2,98.0,False,0,car,2990.836111111113,,,,,,,,2025,Monaco,Monaco Grand Prix,PIA,81,McLaren,3.0,60.0,73.745,HARD,68.973,8043.204
10785.0,134.0,2,99.0,False,0,car,2999.769444444446,,,,,,,,2025,Monaco,Monaco Grand Prix,PIA,81,McLaren,3.0,60.0,73.745,HARD,69.213,8043.444
10759.0,162.0,3,99.0,False,0,car,3017.7694444444464,,,,,,,,2025,Monaco,Monaco Grand Prix,PIA,81,McLaren,3.0,60.0,73.745,HARD,69.613,8043.844
10566.0,171.0,4,99.0,False,0,car,3027.2694444444464,,,,,,,,2025,Monaco,Monaco Grand Prix,PIA,81,McLaren,3.0,60.0,73.745,HARD,69.813,8044.044
11264.0,183.0,4,99.0,False,0,car,3041.50277777778,,,,,,,,2025,Monaco,Monaco Grand Prix,PIA,81,McLaren,3.0,60.0,73.745,HARD,70.093,8044.324
11118.0,195.0,4,99.0,False,0,car,3058.836111111113,,,,,,,,2025,Monaco,Monaco Grand Prix,PIA,81,McLaren,3.0,60.0,73.745,HARD,70.413,8044.644
10683.0,202.0,5,99.0,False,0,car,3067.8138888888907,,,,,,,,2025,Monaco,Monaco Grand Prix,PIA,81,McLaren,3.0,60.0,73.745,HARD,70.573,8044.804
10950.0,206.0,5,100.0,False,0,car,3076.9694444444467,,,,,,,,2025,Monaco,Monaco Grand Prix,PIA,81,McLaren,3.0,60.0,73.745,HARD,70.733,8044.964
11309.0,215.0,5,99.0,False,0,car,3093.691666666669,,,,,,,,2025,Monaco,Monaco Grand Prix,PIA,81,McLaren,3.0,60.0,73.745,HARD,71.013,8045.244
11703.0,220.0,5,100.0,False,0,car,3108.3583333333354,,,,,,,,2025,Monaco,Monaco Grand Prix,PIA,81,McLaren,3.0,60.0,73.745,HARD,71.253,8045.484
11426.0,247.0,6,100.0,False,0,car,3190.691666666669,,,,,,,,2025,Monaco,Monaco Grand Prix,PIA,81,McLaren,3.0,60.0,73.745,HARD,72.453,8046.684
11566.0,251.0,6,100.0,False,0,car,3210.2138888888912,,,,,,,,2025,Monaco,Monaco Grand Prix,PIA,81,McLaren,3.0,60.0,73.745,HARD,72.733,8046.964
11664.0,256.0,6,100.0,False,0,car,3221.591666666669,,,,,,,,2025,Monaco,Monaco Grand Prix,PIA,81,McLaren,3.0,60.0,73.745,HARD,72.893,8047.124
10553.0,260.0,6,100.0,False,0,car,3247.591666666669,,,,,,,,2025,Monaco,Monaco Grand Prix,PIA,81,McLaren,3.0,60.0,73.745,HARD,73.253,8047.484
10604.0,264.0,7,100.0,False,0,car,3265.1916666666684,,,,,,,,2025,Monaco,Monaco Grand Prix,PIA,81,McLaren,3.0,60.0,73.745,HARD,73.493,8047.724
10749.0,264.0,7,100.0,False,0,car,3276.9250000000025,,,,,,,,2025,Monaco,Monaco Grand Prix,PIA,81,McLaren,3.0,60.0,73.745,HARD,73.653,8047.884
