qualifyId,raceId,driverId,constructorId,number,position,q1,q2,q3,season,round,circuitId,race_name,race_date,driver_name,driver_code,driver_number,constructor_name
3326,337,20,9,5,1,1:55.029,1:53.883,1:54.101,2010,1,3,Bahrain Grand Prix,2010-03-14,Sebastian Vettel,VET,5.0,Red Bull
3327,337,13,6,7,2,1:55.313,1:54.331,1:54.242,2010,1,3,Bahrain Grand Prix,2010-03-14,Felipe Massa,MAS,19.0,Ferrari
3328,337,4,6,8,3,1:54.612,1:54.172,1:54.608,2010,1,3,Bahrain Grand Prix,2010-03-14,Fernando Alonso,ALO,14.0,Ferrari
3329,337,1,1,2,4,1:55.341,1:54.707,1:55.217,2010,1,3,Bahrain Grand Prix,2010-03-14,Lewis Hamilton,HAM,44.0,McLaren
3330,337,3,131,4,5,1:55.463,1:54.682,1:55.241,2010,1,3,Bahrain Grand Prix,2010-03-14,Nico Rosberg,ROS,6.0,Mercedes
3331,337,17,9,6,6,1:55.298,1:54.318,1:55.284,2010,1,3,Bahrain Grand Prix,2010-03-14,Mark Webber,WEB,,Red Bull
3332,337,30,131,3,7,1:55.593,1:55.105,1:55.524,2010,1,3,Bahrain Grand Prix,2010-03-14,Michael Schumacher,MSC,,Mercedes
3333,337,18,1,1,8,1:55.715,1:55.168,1:55.672,2010,1,3,Bahrain Grand Prix,2010-03-14,Jenson Button,BUT,22.0,McLaren
3334,337,9,4,11,9,1:55.511,1:54.963,1:55.885,2010,1,3,Bahrain Grand Prix,2010-03-14,Robert Kubica,KUB,88.0,Renault
3335,337,16,10,14,10,1:55.213,1:54.996,1:56.309,2010,1,3,Bahrain Grand Prix,2010-03-14,Adrian Sutil,SUT,99.0,Force India
3336,337,22,3,9,11,1:55.969,1:55.330,,2010,1,3,Bahrain Grand Prix,2010-03-14,Rubens Barrichello,BAR,,Williams
3337,337,24,10,15,12,1:55.628,1:55.623,,2010,1,3,Bahrain Grand Prix,2010-03-14,Vitantonio Liuzzi,LIU,,Force India
3338,337,807,3,10,13,1:56.375,1:55.857,,2010,1,3,Bahrain Grand Prix,2010-03-14,Nico Hülkenberg,HUL,27.0,Williams
3339,337,37,15,22,14,1:56.428,1:56.237,,2010,1,3,Bahrain Grand Prix,2010-03-14,Pedro de la Rosa,DLR,,Sauber
3340,337,67,5,16,15,1:56.189,1:56.265,,2010,1,3,Bahrain Grand Prix,2010-03-14,Sébastien Buemi,BUE,,Toro Rosso
3341,337,155,15,23,16,1:56.541,1:56.270,,2010,1,3,Bahrain Grand Prix,2010-03-14,Kamui Kobayashi,KOB,10.0,Sauber
3342,337,808,4,12,17,1:56.167,1:56.619,,2010,1,3,Bahrain Grand Prix,2010-03-14,Vitaly Petrov,PET,,Renault
3343,337,153,5,17,18,1:57.071,,,2010,1,3,Bahrain Grand Prix,2010-03-14,Jaime Alguersuari,ALG,,Toro Rosso
3344,337,10,166,24,19,1:59.728,,,2010,1,3,Bahrain Grand Prix,2010-03-14,Timo Glock,GLO,,Virgin
3345,337,15,205,18,20,1:59.852,,,2010,1,3,Bahrain Grand Prix,2010-03-14,Jarno Trulli,TRU,,Lotus
3346,337,5,205,19,21,2:00.313,,,2010,1,3,Bahrain Grand Prix,2010-03-14,Heikki Kovalainen,KOV,,Lotus
3347,337,810,166,25,22,2:00.587,,,2010,1,3,Bahrain Grand Prix,2010-03-14,Lucas di Grassi,DIG,,Virgin
3348,337,811,164,21,23,2:03.204,,,2010,1,3,Bahrain Grand Prix,2010-03-14,Bruno Senna,SEN,,HRT
3349,337,812,164,20,24,2:04.904,,,2010,1,3,Bahrain Grand Prix,2010-03-14,Karun Chandhok,CHA,,HRT
3350,338,20,9,5,1,1:24.774,1:24.096,1:23.919,2010,2,1,Australian Grand Prix,2010-03-28,Sebastian Vettel,VET,5.0,Red Bull
3351,338,17,9,6,2,1:25.286,1:24.276,1:24.035,2010,2,1,Australian Grand Prix,2010-03-28,Mark Webber,WEB,,Red Bull
3352,338,4,6,8,3,1:25.082,1:24.335,1:24.111,2010,2,1,Australian Grand Prix,2010-03-28,Fernando Alonso,ALO,14.0,Ferrari
3353,338,18,1,1,4,1:24.897,1:24.531,1:24.675,2010,2,1,Australian Grand Prix,2010-03-28,Jenson Button,BUT,22.0,McLaren
3354,338,13,6,7,5,1:25.548,1:25.010,1:24.837,2010,2,1,Australian Grand Prix,2010-03-28,Felipe Massa,MAS,19.0,Ferrari
3355,338,3,131,4,6,1:24.788,1:24.788,1:24.884,2010,2,1,Australian Grand Prix,2010-03-28,Nico Rosberg,ROS,6.0,Mercedes
3356,338,30,131,3,7,1:25.351,1:24.871,1:24.927,2010,2,1,Australian Grand Prix,2010-03-28,Michael Schumacher,MSC,,Mercedes
3357,338,22,3,9,8,1:25.702,1:25.085,1:25.217,2010,2,1,Australian Grand Prix,2010-03-28,Rubens Barrichello,BAR,,Williams
3358,338,9,4,11,9,1:25.588,1:25.122,1:25.372,2010,2,1,Australian Grand Prix,2010-03-28,Robert Kubica,KUB,88.0,Renault
3359,338,16,10,14,10,1:25.504,1:25.046,1:26.036,2010,2,1,Australian Grand Prix,2010-03-28,Adrian Sutil,SUT,99.0,Force India
3360,338,1,1,2,11,1:25.046,1:25.184,,2010,2,1,Australian Grand Prix,2010-03-28,Lewis Hamilton,HAM,44.0,McLaren
3361,338,67,5,16,12,1:26.061,1:25.638,,2010,2,1,Australian Grand Prix,2010-03-28,Sébastien Buemi,BUE,,Toro Rosso
3362,338,24,10,15,13,1:26.170,1:25.743,,2010,2,1,Australian Grand Prix,2010-03-28,Vitantonio Liuzzi,LIU,,Force India
3363,338,37,15,22,14,1:26.089,1:25.747,,2010,2,1,Australian Grand Prix,2010-03-28,Pedro de la Rosa,DLR,,Sauber
3364,338,807,3,10,15,1:25.866,1:25.748,,2010,2,1,Australian Grand Prix,2010-03-28,Nico Hülkenberg,HUL,27.0,Williams
3365,338,155,15,23,16,1:26.251,1:25.777,,2010,2,1,Australian Grand Prix,2010-03-28,Kamui Kobayashi,KOB,10.0,Sauber
3366,338,153,5,17,17,1:26.095,1:26.089,,2010,2,1,Australian Grand Prix,2010-03-28,Jaime Alguersuari,ALG,,Toro Rosso
3367,338,808,4,12,18,1:26.471,,,2010,2,1,Australian Grand Prix,2010-03-28,Vitaly Petrov,PET,,Renault
3368,338,5,205,19,19,1:28.797,,,2010,2,1,Australian Grand Prix,2010-03-28,Heikki Kovalainen,KOV,,Lotus
3369,338,15,205,18,20,1:29.111,,,2010,2,1,Australian Grand Prix,2010-03-28,Jarno Trulli,TRU,,Lotus
3370,338,10,166,24,21,1:29.592,,,2010,2,1,Australian Grand Prix,2010-03-28,Timo Glock,GLO,,Virgin
3371,338,810,166,25,22,1:30.185,,,2010,2,1,Australian Grand Prix,2010-03-28,Lucas di Grassi,DIG,,Virgin
3372,338,811,164,21,23,1:30.526,,,2010,2,1,Australian Grand Prix,2010-03-28,Bruno Senna,SEN,,HRT
3373,338,812,164,20,24,1:30.613,,,2010,2,1,Australian Grand Prix,2010-03-28,Karun Chandhok,CHA,,HRT
3374,339,17,9,6,1,1:51.886,1:48.210,1:49.327,2010,3,2,Malaysian Grand Prix,2010-04-04,Mark Webber,WEB,,Red Bull
3375,339,3,131,4,2,1:52.560,1:47.417,1:50.673,2010,3,2,Malaysian Grand Prix,2010-04-04,Nico Rosberg,ROS,6.0,Mercedes
3376,339,20,9,5,3,1:47.632,1:46.828,1:50.789,2010,3,2,Malaysian Grand Prix,2010-04-04,Sebastian Vettel,VET,5.0,Red Bull
3377,339,16,10,14,4,1:49.479,1:47.085,1:50.914,2010,3,2,Malaysian Grand Prix,2010-04-04,Adrian Sutil,SUT,99.0,Force India
3378,339,807,3,10,5,1:49.664,1:47.346,1:51.001,2010,3,2,Malaysian Grand Prix,2010-04-04,Nico Hülkenberg,HUL,27.0,Williams
3379,339,9,4,11,6,1:46.283,1:46.951,1:51.051,2010,3,2,Malaysian Grand Prix,2010-04-04,Robert Kubica,KUB,88.0,Renault
3380,339,22,3,9,7,1:50.301,1:48.371,1:51.511,2010,3,2,Malaysian Grand Prix,2010-04-04,Rubens Barrichello,BAR,,Williams
3381,339,30,131,3,8,1:52.239,1:48.400,1:51.717,2010,3,2,Malaysian Grand Prix,2010-04-04,Michael Schumacher,MSC,,Mercedes
3382,339,155,15,23,9,1:48.467,1:47.792,1:51.767,2010,3,2,Malaysian Grand Prix,2010-04-04,Kamui Kobayashi,KOB,10.0,Sauber
3383,339,24,10,15,10,1:49.922,1:48.238,1:52.254,2010,3,2,Malaysian Grand Prix,2010-04-04,Vitantonio Liuzzi,LIU,,Force India
3384,339,808,4,12,11,1:47.952,1:48.760,,2010,3,2,Malaysian Grand Prix,2010-04-04,Vitaly Petrov,PET,,Renault
3385,339,37,15,22,12,1:47.153,1:48.771,,2010,3,2,Malaysian Grand Prix,2010-04-04,Pedro de la Rosa,DLR,,Sauber
3386,339,67,5,16,13,1:48.945,1:49.207,,2010,3,2,Malaysian Grand Prix,2010-04-04,Sébastien Buemi,BUE,,Toro Rosso
3387,339,153,5,17,14,1:48.655,1:49.464,,2010,3,2,Malaysian Grand Prix,2010-04-04,Jaime Alguersuari,ALG,,Toro Rosso
3388,339,5,205,19,15,1:52.875,1:52.270,,2010,3,2,Malaysian Grand Prix,2010-04-04,Heikki Kovalainen,KOV,,Lotus
3389,339,10,166,24,16,1:52.398,1:52.520,,2010,3,2,Malaysian Grand Prix,2010-04-04,Timo Glock,GLO,,Virgin
3390,339,18,1,1,17,1:52.211,,,2010,3,2,Malaysian Grand Prix,2010-04-04,Jenson Button,BUT,22.0,McLaren
3391,339,15,205,18,18,1:52.884,,,2010,3,2,Malaysian Grand Prix,2010-04-04,Jarno Trulli,TRU,,Lotus
3392,339,4,6,8,19,1:53.044,,,2010,3,2,Malaysian Grand Prix,2010-04-04,Fernando Alonso,ALO,14.0,Ferrari
3393,339,1,1,2,20,1:53.050,,,2010,3,2,Malaysian Grand Prix,2010-04-04,Lewis Hamilton,HAM,44.0,McLaren
3394,339,13,6,7,21,1:53.283,,,2010,3,2,Malaysian Grand Prix,2010-04-04,Felipe Massa,MAS,19.0,Ferrari
3395,339,812,164,20,22,1:56.299,,,2010,3,2,Malaysian Grand Prix,2010-04-04,Karun Chandhok,CHA,,HRT
3396,339,811,164,21,23,1:57.269,,,2010,3,2,Malaysian Grand Prix,2010-04-04,Bruno Senna,SEN,,HRT
3397,339,810,166,25,24,1:59.977,,,2010,3,2,Malaysian Grand Prix,2010-04-04,Lucas di Grassi,DIG,,Virgin
3398,340,20,9,5,1,1:36.317,1:35.280,1:34.558,2010,4,17,Chinese Grand Prix,2010-04-18,Sebastian Vettel,VET,5.0,Red Bull
3399,340,17,9,6,2,1:35.978,1:35.100,1:34.808,2010,4,17,Chinese Grand Prix,2010-04-18,Mark Webber,WEB,,Red Bull
3400,340,4,6,8,3,1:35.987,1:35.235,1:34.913,2010,4,17,Chinese Grand Prix,2010-04-18,Fernando Alonso,ALO,14.0,Ferrari
3401,340,3,131,4,4,1:35.952,1:35.134,1:34.923,2010,4,17,Chinese Grand Prix,2010-04-18,Nico Rosberg,ROS,6.0,Mercedes
3402,340,18,1,1,5,1:36.122,1:35.443,1:34.979,2010,4,17,Chinese Grand Prix,2010-04-18,Jenson Button,BUT,22.0,McLaren
3403,340,1,1,2,6,1:35.641,1:34.928,1:35.034,2010,4,17,Chinese Grand Prix,2010-04-18,Lewis Hamilton,HAM,44.0,McLaren
3404,340,13,6,7,7,1:36.076,1:35.290,1:35.180,2010,4,17,Chinese Grand Prix,2010-04-18,Felipe Massa,MAS,19.0,Ferrari
3405,340,9,4,11,8,1:36.348,1:35.550,1:35.364,2010,4,17,Chinese Grand Prix,2010-04-18,Robert Kubica,KUB,88.0,Renault
3406,340,30,131,3,9,1:36.484,1:35.715,1:35.646,2010,4,17,Chinese Grand Prix,2010-04-18,Michael Schumacher,MSC,,Mercedes
3407,340,16,10,14,10,1:36.671,1:35.665,1:35.963,2010,4,17,Chinese Grand Prix,2010-04-18,Adrian Sutil,SUT,99.0,Force India
3408,340,22,3,9,11,1:36.664,1:35.748,,2010,4,17,Chinese Grand Prix,2010-04-18,Rubens Barrichello,BAR,,Williams
3409,340,153,5,17,12,1:36.618,1:36.047,,2010,4,17,Chinese Grand Prix,2010-04-18,Jaime Alguersuari,ALG,,Toro Rosso
3410,340,67,5,16,13,1:36.793,1:36.149,,2010,4,17,Chinese Grand Prix,2010-04-18,Sébastien Buemi,BUE,,Toro Rosso
3411,340,808,4,12,14,1:37.031,1:36.311,,2010,4,17,Chinese Grand Prix,2010-04-18,Vitaly Petrov,PET,,Renault
3412,340,155,15,23,15,1:37.044,1:36.422,,2010,4,17,Chinese Grand Prix,2010-04-18,Kamui Kobayashi,KOB,10.0,Sauber
3413,340,807,3,10,16,1:37.049,1:36.647,,2010,4,17,Chinese Grand Prix,2010-04-18,Nico Hülkenberg,HUL,27.0,Williams
3414,340,37,15,22,17,1:37.050,1:37.020,,2010,4,17,Chinese Grand Prix,2010-04-18,Pedro de la Rosa,DLR,,Sauber
3415,340,24,10,15,18,1:37.161,,,2010,4,17,Chinese Grand Prix,2010-04-18,Vitantonio Liuzzi,LIU,,Force India
3416,340,10,166,24,19,1:39.278,,,2010,4,17,Chinese Grand Prix,2010-04-18,Timo Glock,GLO,,Virgin
3417,340,15,205,18,20,1:39.399,,,2010,4,17,Chinese Grand Prix,2010-04-18,Jarno Trulli,TRU,,Lotus
3418,340,5,205,19,21,1:39.520,,,2010,4,17,Chinese Grand Prix,2010-04-18,Heikki Kovalainen,KOV,,Lotus
3419,340,810,166,25,22,1:39.783,,,2010,4,17,Chinese Grand Prix,2010-04-18,Lucas di Grassi,DIG,,Virgin
3420,340,811,164,21,23,1:40.469,,,2010,4,17,Chinese Grand Prix,2010-04-18,Bruno Senna,SEN,,HRT
3421,340,812,164,20,24,1:40.578,,,2010,4,17,Chinese Grand Prix,2010-04-18,Karun Chandhok,CHA,,HRT
3422,341,17,9,6,1,1:21.412,1:20.655,1:19.995,2010,5,4,Spanish Grand Prix,2010-05-09,Mark Webber,WEB,,Red Bull
3423,341,20,9,5,2,1:21.680,1:20.772,1:20.101,2010,5,4,Spanish Grand Prix,2010-05-09,Sebastian Vettel,VET,5.0,Red Bull
3424,341,1,1,2,3,1:21.723,1:21.415,1:20.829,2010,5,4,Spanish Grand Prix,2010-05-09,Lewis Hamilton,HAM,44.0,McLaren
3425,341,4,6,8,4,1:21.957,1:21.549,1:20.937,2010,5,4,Spanish Grand Prix,2010-05-09,Fernando Alonso,ALO,14.0,Ferrari
3426,341,18,1,1,5,1:21.915,1:21.168,1:20.991,2010,5,4,Spanish Grand Prix,2010-05-09,Jenson Button,BUT,22.0,McLaren
3427,341,30,131,3,6,1:22.528,1:21.557,1:21.294,2010,5,4,Spanish Grand Prix,2010-05-09,Michael Schumacher,MSC,,Mercedes
3428,341,9,4,11,7,1:22.488,1:21.599,1:21.353,2010,5,4,Spanish Grand Prix,2010-05-09,Robert Kubica,KUB,88.0,Renault
3429,341,3,131,4,8,1:22.419,1:21.867,1:21.408,2010,5,4,Spanish Grand Prix,2010-05-09,Nico Rosberg,ROS,6.0,Mercedes
3430,341,13,6,7,9,1:22.564,1:21.841,1:21.585,2010,5,4,Spanish Grand Prix,2010-05-09,Felipe Massa,MAS,19.0,Ferrari
3431,341,155,15,23,10,1:22.577,1:21.725,1:21.984,2010,5,4,Spanish Grand Prix,2010-05-09,Kamui Kobayashi,KOB,10.0,Sauber
3432,341,16,10,14,11,1:22.628,1:21.985,,2010,5,4,Spanish Grand Prix,2010-05-09,Adrian Sutil,SUT,99.0,Force India
3433,341,37,15,22,12,1:22.211,1:22.026,,2010,5,4,Spanish Grand Prix,2010-05-09,Pedro de la Rosa,DLR,,Sauber
3434,341,807,3,10,13,1:22.857,1:22.131,,2010,5,4,Spanish Grand Prix,2010-05-09,Nico Hülkenberg,HUL,27.0,Williams
3435,341,808,4,12,14,1:22.976,1:22.139,,2010,5,4,Spanish Grand Prix,2010-05-09,Vitaly Petrov,PET,,Renault
3436,341,67,5,16,15,1:22.699,1:22.191,,2010,5,4,Spanish Grand Prix,2010-05-09,Sébastien Buemi,BUE,,Toro Rosso
3437,341,153,5,17,16,1:22.593,1:22.207,,2010,5,4,Spanish Grand Prix,2010-05-09,Jaime Alguersuari,ALG,,Toro Rosso
3438,341,24,10,15,17,1:23.084,1:22.854,,2010,5,4,Spanish Grand Prix,2010-05-09,Vitantonio Liuzzi,LIU,,Force India
3439,341,22,3,9,18,1:23.125,,,2010,5,4,Spanish Grand Prix,2010-05-09,Rubens Barrichello,BAR,,Williams
3440,341,15,205,18,19,1:24.674,,,2010,5,4,Spanish Grand Prix,2010-05-09,Jarno Trulli,TRU,,Lotus
3441,341,5,205,19,20,1:24.748,,,2010,5,4,Spanish Grand Prix,2010-05-09,Heikki Kovalainen,KOV,,Lotus
3442,341,10,166,24,21,1:25.475,,,2010,5,4,Spanish Grand Prix,2010-05-09,Timo Glock,GLO,,Virgin
3443,341,810,166,25,22,1:25.556,,,2010,5,4,Spanish Grand Prix,2010-05-09,Lucas di Grassi,DIG,,Virgin
3444,341,812,164,20,23,1:26.750,,,2010,5,4,Spanish Grand Prix,2010-05-09,Karun Chandhok,CHA,,HRT
3445,341,811,164,21,24,1:27.122,,,2010,5,4,Spanish Grand Prix,2010-05-09,Bruno Senna,SEN,,HRT
3446,342,17,9,6,1,1:15.035,1:14.462,1:13.826,2010,6,6,Monaco Grand Prix,2010-05-16,Mark Webber,WEB,,Red Bull
3447,342,9,4,11,2,1:15.045,1:14.549,1:14.120,2010,6,6,Monaco Grand Prix,2010-05-16,Robert Kubica,KUB,88.0,Renault
3448,342,20,9,5,3,1:15.110,1:14.568,1:14.227,2010,6,6,Monaco Grand Prix,2010-05-16,Sebastian Vettel,VET,5.0,Red Bull
3449,342,13,6,7,4,1:14.757,1:14.405,1:14.283,2010,6,6,Monaco Grand Prix,2010-05-16,Felipe Massa,MAS,19.0,Ferrari
3450,342,1,1,2,5,1:15.676,1:14.527,1:14.432,2010,6,6,Monaco Grand Prix,2010-05-16,Lewis Hamilton,HAM,44.0,McLaren
3451,342,3,131,4,6,1:15.188,1:14.375,1:14.544,2010,6,6,Monaco Grand Prix,2010-05-16,Nico Rosberg,ROS,6.0,Mercedes
3452,342,30,131,3,7,1:15.649,1:14.691,1:14.590,2010,6,6,Monaco Grand Prix,2010-05-16,Michael Schumacher,MSC,,Mercedes
3453,342,18,1,1,8,1:15.623,1:15.150,1:14.637,2010,6,6,Monaco Grand Prix,2010-05-16,Jenson Button,BUT,22.0,McLaren
3454,342,22,3,9,9,1:15.590,1:15.083,1:14.901,2010,6,6,Monaco Grand Prix,2010-05-16,Rubens Barrichello,BAR,,Williams
3455,342,24,10,15,10,1:15.397,1:15.061,1:15.170,2010,6,6,Monaco Grand Prix,2010-05-16,Vitantonio Liuzzi,LIU,,Force India
3456,342,807,3,10,11,1:16.030,1:15.317,,2010,6,6,Monaco Grand Prix,2010-05-16,Nico Hülkenberg,HUL,27.0,Williams
3457,342,16,10,14,12,1:15.445,1:15.318,,2010,6,6,Monaco Grand Prix,2010-05-16,Adrian Sutil,SUT,99.0,Force India
3458,342,67,5,16,13,1:15.961,1:15.413,,2010,6,6,Monaco Grand Prix,2010-05-16,Sébastien Buemi,BUE,,Toro Rosso
3459,342,808,4,12,14,1:15.482,1:15.576,,2010,6,6,Monaco Grand Prix,2010-05-16,Vitaly Petrov,PET,,Renault
3460,342,37,15,22,15,1:15.908,1:15.692,,2010,6,6,Monaco Grand Prix,2010-05-16,Pedro de la Rosa,DLR,,Sauber
3461,342,155,15,23,16,1:16.175,1:15.992,,2010,6,6,Monaco Grand Prix,2010-05-16,Kamui Kobayashi,KOB,10.0,Sauber
3462,342,153,5,17,17,1:16.021,1:16.176,,2010,6,6,Monaco Grand Prix,2010-05-16,Jaime Alguersuari,ALG,,Toro Rosso
3463,342,5,205,19,18,1:17.094,,,2010,6,6,Monaco Grand Prix,2010-05-16,Heikki Kovalainen,KOV,,Lotus
3464,342,15,205,18,19,1:17.134,,,2010,6,6,Monaco Grand Prix,2010-05-16,Jarno Trulli,TRU,,Lotus
3465,342,10,166,24,20,1:17.377,,,2010,6,6,Monaco Grand Prix,2010-05-16,Timo Glock,GLO,,Virgin
3466,342,810,166,25,21,1:17.864,,,2010,6,6,Monaco Grand Prix,2010-05-16,Lucas di Grassi,DIG,,Virgin
3467,342,811,164,21,22,1:18.509,,,2010,6,6,Monaco Grand Prix,2010-05-16,Bruno Senna,SEN,,HRT
3468,342,812,164,20,23,1:19.559,,,2010,6,6,Monaco Grand Prix,2010-05-16,Karun Chandhok,CHA,,HRT
3469,342,4,6,8,24,,,,2010,6,6,Monaco Grand Prix,2010-05-16,Fernando Alonso,ALO,14.0,Ferrari
3470,343,17,9,6,1,1:27.500,1:26.818,1:26.295,2010,7,5,Turkish Grand Prix,2010-05-30,Mark Webber,WEB,,Red Bull
3471,343,1,1,2,2,1:27.667,1:27.013,1:26.433,2010,7,5,Turkish Grand Prix,2010-05-30,Lewis Hamilton,HAM,44.0,McLaren
3472,343,20,9,5,3,1:27.067,1:26.729,1:26.760,2010,7,5,Turkish Grand Prix,2010-05-30,Sebastian Vettel,VET,5.0,Red Bull
3473,343,18,1,1,4,1:27.555,1:27.277,1:26.781,2010,7,5,Turkish Grand Prix,2010-05-30,Jenson Button,BUT,22.0,McLaren
3474,343,30,131,3,5,1:27.756,1:27.438,1:26.857,2010,7,5,Turkish Grand Prix,2010-05-30,Michael Schumacher,MSC,,Mercedes
3475,343,3,131,4,6,1:27.649,1:27.141,1:26.952,2010,7,5,Turkish Grand Prix,2010-05-30,Nico Rosberg,ROS,6.0,Mercedes
3476,343,9,4,11,7,1:27.766,1:27.426,1:27.039,2010,7,5,Turkish Grand Prix,2010-05-30,Robert Kubica,KUB,88.0,Renault
3477,343,13,6,7,8,1:27.993,1:27.200,1:27.082,2010,7,5,Turkish Grand Prix,2010-05-30,Felipe Massa,MAS,19.0,Ferrari
3478,343,808,4,12,9,1:27.620,1:27.387,1:27.430,2010,7,5,Turkish Grand Prix,2010-05-30,Vitaly Petrov,PET,,Renault
3479,343,155,15,23,10,1:28.158,1:27.434,1:28.122,2010,7,5,Turkish Grand Prix,2010-05-30,Kamui Kobayashi,KOB,10.0,Sauber
3480,343,16,10,14,11,1:27.951,1:27.525,,2010,7,5,Turkish Grand Prix,2010-05-30,Adrian Sutil,SUT,99.0,Force India
3481,343,4,6,8,12,1:27.857,1:27.612,,2010,7,5,Turkish Grand Prix,2010-05-30,Fernando Alonso,ALO,14.0,Ferrari
3482,343,37,15,22,13,1:28.147,1:27.879,,2010,7,5,Turkish Grand Prix,2010-05-30,Pedro de la Rosa,DLR,,Sauber
3483,343,67,5,16,14,1:28.534,1:28.273,,2010,7,5,Turkish Grand Prix,2010-05-30,Sébastien Buemi,BUE,,Toro Rosso
3484,343,22,3,9,15,1:28.336,1:28.392,,2010,7,5,Turkish Grand Prix,2010-05-30,Rubens Barrichello,BAR,,Williams
3485,343,153,5,17,16,1:28.460,1:28.540,,2010,7,5,Turkish Grand Prix,2010-05-30,Jaime Alguersuari,ALG,,Toro Rosso
3486,343,807,3,10,17,1:28.227,1:28.841,,2010,7,5,Turkish Grand Prix,2010-05-30,Nico Hülkenberg,HUL,27.0,Williams
3487,343,24,10,15,18,1:28.958,,,2010,7,5,Turkish Grand Prix,2010-05-30,Vitantonio Liuzzi,LIU,,Force India
3488,343,15,205,18,19,1:30.237,,,2010,7,5,Turkish Grand Prix,2010-05-30,Jarno Trulli,TRU,,Lotus
3489,343,5,205,19,20,1:30.519,,,2010,7,5,Turkish Grand Prix,2010-05-30,Heikki Kovalainen,KOV,,Lotus
3490,343,10,166,24,21,1:30.744,,,2010,7,5,Turkish Grand Prix,2010-05-30,Timo Glock,GLO,,Virgin
3491,343,811,164,21,22,1:31.266,,,2010,7,5,Turkish Grand Prix,2010-05-30,Bruno Senna,SEN,,HRT
3492,343,810,166,25,23,1:31.989,,,2010,7,5,Turkish Grand Prix,2010-05-30,Lucas di Grassi,DIG,,Virgin
3493,343,812,164,20,24,1:32.060,,,2010,7,5,Turkish Grand Prix,2010-05-30,Karun Chandhok,CHA,,HRT
3494,344,1,1,2,1,1:15.889,1:15.528,1:15.105,2010,8,7,Canadian Grand Prix,2010-06-13,Lewis Hamilton,HAM,44.0,McLaren
3495,344,17,9,6,2,1:16.423,1:15.692,1:15.373,2010,8,7,Canadian Grand Prix,2010-06-13,Mark Webber,WEB,,Red Bull
3496,344,20,9,5,3,1:16.129,1:15.556,1:15.420,2010,8,7,Canadian Grand Prix,2010-06-13,Sebastian Vettel,VET,5.0,Red Bull
3497,344,4,6,8,4,1:16.171,1:15.597,1:15.435,2010,8,7,Canadian Grand Prix,2010-06-13,Fernando Alonso,ALO,14.0,Ferrari
3498,344,18,1,1,5,1:16.371,1:15.742,1:15.520,2010,8,7,Canadian Grand Prix,2010-06-13,Jenson Button,BUT,22.0,McLaren
3499,344,24,10,15,6,1:17.086,1:16.171,1:15.648,2010,8,7,Canadian Grand Prix,2010-06-13,Vitantonio Liuzzi,LIU,,Force India
3500,344,13,6,7,7,1:16.673,1:16.314,1:15.688,2010,8,7,Canadian Grand Prix,2010-06-13,Felipe Massa,MAS,19.0,Ferrari
3501,344,9,4,11,8,1:16.370,1:15.682,1:15.715,2010,8,7,Canadian Grand Prix,2010-06-13,Robert Kubica,KUB,88.0,Renault
3502,344,16,10,14,9,1:16.495,1:16.295,1:15.881,2010,8,7,Canadian Grand Prix,2010-06-13,Adrian Sutil,SUT,99.0,Force India
3503,344,3,131,4,10,1:16.350,1:16.001,1:16.071,2010,8,7,Canadian Grand Prix,2010-06-13,Nico Rosberg,ROS,6.0,Mercedes
3504,344,22,3,9,11,1:16.880,1:16.434,,2010,8,7,Canadian Grand Prix,2010-06-13,Rubens Barrichello,BAR,,Williams
3505,344,807,3,10,12,1:16.770,1:16.438,,2010,8,7,Canadian Grand Prix,2010-06-13,Nico Hülkenberg,HUL,27.0,Williams
3506,344,30,131,3,13,1:16.598,1:16.492,,2010,8,7,Canadian Grand Prix,2010-06-13,Michael Schumacher,MSC,,Mercedes
3507,344,808,4,12,14,1:16.569,1:16.844,,2010,8,7,Canadian Grand Prix,2010-06-13,Vitaly Petrov,PET,,Renault
3508,344,67,5,16,15,1:17.356,1:16.928,,2010,8,7,Canadian Grand Prix,2010-06-13,Sébastien Buemi,BUE,,Toro Rosso
3509,344,153,5,17,16,1:17.027,1:17.029,,2010,8,7,Canadian Grand Prix,2010-06-13,Jaime Alguersuari,ALG,,Toro Rosso
3510,344,37,15,22,17,1:17.611,1:17.384,,2010,8,7,Canadian Grand Prix,2010-06-13,Pedro de la Rosa,DLR,,Sauber
3511,344,155,15,23,18,1:18.019,,,2010,8,7,Canadian Grand Prix,2010-06-13,Kamui Kobayashi,KOB,10.0,Sauber
3512,344,5,205,19,19,1:18.237,,,2010,8,7,Canadian Grand Prix,2010-06-13,Heikki Kovalainen,KOV,,Lotus
3513,344,15,205,18,20,1:18.698,,,2010,8,7,Canadian Grand Prix,2010-06-13,Jarno Trulli,TRU,,Lotus
3514,344,10,166,24,21,1:18.941,,,2010,8,7,Canadian Grand Prix,2010-06-13,Timo Glock,GLO,,Virgin
3515,344,811,164,21,22,1:19.484,,,2010,8,7,Canadian Grand Prix,2010-06-13,Bruno Senna,SEN,,HRT
3516,344,810,166,25,23,1:19.675,,,2010,8,7,Canadian Grand Prix,2010-06-13,Lucas di Grassi,DIG,,Virgin
3517,344,812,164,20,24,1:27.757,,,2010,8,7,Canadian Grand Prix,2010-06-13,Karun Chandhok,CHA,,HRT
3518,345,20,9,5,1,1:38.324,1:38.015,1:37.587,2010,9,12,European Grand Prix,2010-06-27,Sebastian Vettel,VET,5.0,Red Bull
3519,345,17,9,6,2,1:38.549,1:38.041,1:37.662,2010,9,12,European Grand Prix,2010-06-27,Mark Webber,WEB,,Red Bull
3520,345,1,1,2,3,1:38.697,1:38.158,1:37.969,2010,9,12,European Grand Prix,2010-06-27,Lewis Hamilton,HAM,44.0,McLaren
3521,345,4,6,8,4,1:38.472,1:38.179,1:38.075,2010,9,12,European Grand Prix,2010-06-27,Fernando Alonso,ALO,14.0,Ferrari
3522,345,13,6,7,5,1:38.657,1:38.046,1:38.127,2010,9,12,European Grand Prix,2010-06-27,Felipe Massa,MAS,19.0,Ferrari
3523,345,9,4,11,6,1:38.132,1:38.062,1:38.137,2010,9,12,European Grand Prix,2010-06-27,Robert Kubica,KUB,88.0,Renault
3524,345,18,1,1,7,1:38.360,1:38.399,1:38.210,2010,9,12,European Grand Prix,2010-06-27,Jenson Button,BUT,22.0,McLaren
3525,345,807,3,10,8,1:38.843,1:38.523,1:38.428,2010,9,12,European Grand Prix,2010-06-27,Nico Hülkenberg,HUL,27.0,Williams
3526,345,22,3,9,9,1:38.449,1:38.326,1:38.428,2010,9,12,European Grand Prix,2010-06-27,Rubens Barrichello,BAR,,Williams
3527,345,808,4,12,10,1:39.004,1:38.552,1:38.523,2010,9,12,European Grand Prix,2010-06-27,Vitaly Petrov,PET,,Renault
3528,345,67,5,16,11,1:39.096,1:38.586,,2010,9,12,European Grand Prix,2010-06-27,Sébastien Buemi,BUE,,Toro Rosso
3529,345,3,131,4,12,1:38.752,1:38.627,,2010,9,12,European Grand Prix,2010-06-27,Nico Rosberg,ROS,6.0,Mercedes
3530,345,16,10,14,13,1:39.021,1:38.851,,2010,9,12,European Grand Prix,2010-06-27,Adrian Sutil,SUT,99.0,Force India
3531,345,24,10,15,14,1:38.969,1:38.884,,2010,9,12,European Grand Prix,2010-06-27,Vitantonio Liuzzi,LIU,,Force India
3532,345,30,131,3,15,1:38.994,1:39.234,,2010,9,12,European Grand Prix,2010-06-27,Michael Schumacher,MSC,,Mercedes
3533,345,37,15,22,16,1:39.003,1:39.264,,2010,9,12,European Grand Prix,2010-06-27,Pedro de la Rosa,DLR,,Sauber
3534,345,153,5,17,17,1:39.128,1:39.458,,2010,9,12,European Grand Prix,2010-06-27,Jaime Alguersuari,ALG,,Toro Rosso
3535,345,155,15,23,18,1:39.343,,,2010,9,12,European Grand Prix,2010-06-27,Kamui Kobayashi,KOB,10.0,Sauber
3536,345,15,205,18,19,1:40.658,,,2010,9,12,European Grand Prix,2010-06-27,Jarno Trulli,TRU,,Lotus
3537,345,5,205,19,20,1:40.882,,,2010,9,12,European Grand Prix,2010-06-27,Heikki Kovalainen,KOV,,Lotus
3538,345,810,166,25,21,1:42.086,,,2010,9,12,European Grand Prix,2010-06-27,Lucas di Grassi,DIG,,Virgin
3539,345,10,166,24,22,1:42.140,,,2010,9,12,European Grand Prix,2010-06-27,Timo Glock,GLO,,Virgin
3540,345,812,164,20,23,1:42.600,,,2010,9,12,European Grand Prix,2010-06-27,Karun Chandhok,CHA,,HRT
3541,345,811,164,21,24,1:42.851,,,2010,9,12,European Grand Prix,2010-06-27,Bruno Senna,SEN,,HRT
3542,346,20,9,5,1,1:30.841,1:30.480,1:29.615,2010,10,9,British Grand Prix,2010-07-11,Sebastian Vettel,VET,5.0,Red Bull
3543,346,17,9,6,2,1:30.858,1:30.114,1:29.758,2010,10,9,British Grand Prix,2010-07-11,Mark Webber,WEB,,Red Bull
3544,346,4,6,8,3,1:30.997,1:30.700,1:30.426,2010,10,9,British Grand Prix,2010-07-11,Fernando Alonso,ALO,14.0,Ferrari
3545,346,1,1,2,4,1:31.297,1:31.118,1:30.556,2010,10,9,British Grand Prix,2010-07-11,Lewis Hamilton,HAM,44.0,McLaren
3546,346,3,131,4,5,1:31.626,1:31.085,1:30.625,2010,10,9,British Grand Prix,2010-07-11,Nico Rosberg,ROS,6.0,Mercedes
3547,346,9,4,11,6,1:31.680,1:31.344,1:31.040,2010,10,9,British Grand Prix,2010-07-11,Robert Kubica,KUB,88.0,Renault
3548,346,13,6,7,7,1:31.313,1:31.010,1:31.172,2010,10,9,British Grand Prix,2010-07-11,Felipe Massa,MAS,19.0,Ferrari
3549,346,22,3,9,8,1:31.424,1:31.126,1:31.175,2010,10,9,British Grand Prix,2010-07-11,Rubens Barrichello,BAR,,Williams
3550,346,37,15,22,9,1:31.533,1:31.327,1:31.274,2010,10,9,British Grand Prix,2010-07-11,Pedro de la Rosa,DLR,,Sauber
3551,346,30,131,3,10,1:32.058,1:31.022,1:31.430,2010,10,9,British Grand Prix,2010-07-11,Michael Schumacher,MSC,,Mercedes
3552,346,16,10,14,11,1:31.109,1:31.399,,2010,10,9,British Grand Prix,2010-07-11,Adrian Sutil,SUT,99.0,Force India
3553,346,155,15,23,12,1:31.851,1:31.421,,2010,10,9,British Grand Prix,2010-07-11,Kamui Kobayashi,KOB,10.0,Sauber
3554,346,807,3,10,13,1:32.144,1:31.635,,2010,10,9,British Grand Prix,2010-07-11,Nico Hülkenberg,HUL,27.0,Williams
3555,346,18,1,1,14,1:31.435,1:31.699,,2010,10,9,British Grand Prix,2010-07-11,Jenson Button,BUT,22.0,McLaren
3556,346,24,10,15,15,1:32.226,1:31.708,,2010,10,9,British Grand Prix,2010-07-11,Vitantonio Liuzzi,LIU,,Force India
3557,346,808,4,12,16,1:31.638,1:31.796,,2010,10,9,British Grand Prix,2010-07-11,Vitaly Petrov,PET,,Renault
3558,346,67,5,16,17,1:31.901,1:32.012,,2010,10,9,British Grand Prix,2010-07-11,Sébastien Buemi,BUE,,Toro Rosso
3559,346,153,5,17,18,1:32.430,,,2010,10,9,British Grand Prix,2010-07-11,Jaime Alguersuari,ALG,,Toro Rosso
3560,346,5,205,19,19,1:34.405,,,2010,10,9,British Grand Prix,2010-07-11,Heikki Kovalainen,KOV,,Lotus
3561,346,10,166,24,20,1:34.775,,,2010,10,9,British Grand Prix,2010-07-11,Timo Glock,GLO,,Virgin
3562,346,15,205,18,21,1:34.864,,,2010,10,9,British Grand Prix,2010-07-11,Jarno Trulli,TRU,,Lotus
3563,346,810,166,25,22,1:35.212,,,2010,10,9,British Grand Prix,2010-07-11,Lucas di Grassi,DIG,,Virgin
3564,346,812,164,20,23,1:36.576,,,2010,10,9,British Grand Prix,2010-07-11,Karun Chandhok,CHA,,HRT
3565,346,29,164,21,24,1:36.968,,,2010,10,9,British Grand Prix,2010-07-11,Sakon Yamamoto,YAM,,HRT
3566,347,20,9,5,1,1:15.152,1:14.249,1:13.791,2010,11,10,German Grand Prix,2010-07-25,Sebastian Vettel,VET,5.0,Red Bull
3567,347,4,6,8,2,1:14.808,1:14.081,1:13.793,2010,11,10,German Grand Prix,2010-07-25,Fernando Alonso,ALO,14.0,Ferrari
3568,347,13,6,7,3,1:15.216,1:14.478,1:14.290,2010,11,10,German Grand Prix,2010-07-25,Felipe Massa,MAS,19.0,Ferrari
3569,347,17,9,6,4,1:15.334,1:14.340,1:14.347,2010,11,10,German Grand Prix,2010-07-25,Mark Webber,WEB,,Red Bull
3570,347,18,1,1,5,1:15.823,1:14.716,1:14.427,2010,11,10,German Grand Prix,2010-07-25,Jenson Button,BUT,22.0,McLaren
3571,347,1,1,2,6,1:15.505,1:14.488,1:14.566,2010,11,10,German Grand Prix,2010-07-25,Lewis Hamilton,HAM,44.0,McLaren
3572,347,9,4,11,7,1:15.736,1:14.835,1:15.079,2010,11,10,German Grand Prix,2010-07-25,Robert Kubica,KUB,88.0,Renault
3573,347,22,3,9,8,1:16.398,1:14.698,1:15.109,2010,11,10,German Grand Prix,2010-07-25,Rubens Barrichello,BAR,,Williams
3574,347,3,131,4,9,1:16.178,1:15.018,1:15.179,2010,11,10,German Grand Prix,2010-07-25,Nico Rosberg,ROS,6.0,Mercedes
3575,347,807,3,10,10,1:16.387,1:14.943,1:15.339,2010,11,10,German Grand Prix,2010-07-25,Nico Hülkenberg,HUL,27.0,Williams
3576,347,30,131,3,11,1:16.084,1:15.026,,2010,11,10,German Grand Prix,2010-07-25,Michael Schumacher,MSC,,Mercedes
3577,347,155,15,23,12,1:15.951,1:15.084,,2010,11,10,German Grand Prix,2010-07-25,Kamui Kobayashi,KOB,10.0,Sauber
3578,347,808,4,12,13,1:16.521,1:15.307,,2010,11,10,German Grand Prix,2010-07-25,Vitaly Petrov,PET,,Renault
3579,347,16,10,14,14,1:16.220,1:15.467,,2010,11,10,German Grand Prix,2010-07-25,Adrian Sutil,SUT,99.0,Force India
3580,347,37,15,22,15,1:16.450,1:15.550,,2010,11,10,German Grand Prix,2010-07-25,Pedro de la Rosa,DLR,,Sauber
3581,347,153,5,17,16,1:16.664,1:15.588,,2010,11,10,German Grand Prix,2010-07-25,Jaime Alguersuari,ALG,,Toro Rosso
3582,347,67,5,16,17,1:16.029,1:15.974,,2010,11,10,German Grand Prix,2010-07-25,Sébastien Buemi,BUE,,Toro Rosso
3583,347,15,205,18,18,1:17.583,,,2010,11,10,German Grand Prix,2010-07-25,Jarno Trulli,TRU,,Lotus
3584,347,5,205,19,19,1:18.300,,,2010,11,10,German Grand Prix,2010-07-25,Heikki Kovalainen,KOV,,Lotus
3585,347,10,166,24,20,1:18.343,,,2010,11,10,German Grand Prix,2010-07-25,Timo Glock,GLO,,Virgin
3586,347,811,164,21,21,1:18.592,,,2010,11,10,German Grand Prix,2010-07-25,Bruno Senna,SEN,,HRT
3587,347,24,10,15,22,1:18.952,,,2010,11,10,German Grand Prix,2010-07-25,Vitantonio Liuzzi,LIU,,Force India
3588,347,29,164,20,23,1:19.844,,,2010,11,10,German Grand Prix,2010-07-25,Sakon Yamamoto,YAM,,HRT
3589,347,810,166,25,24,,,,2010,11,10,German Grand Prix,2010-07-25,Lucas di Grassi,DIG,,Virgin
3590,348,20,9,5,1,1:20.417,1:19.573,1:18.773,2010,12,11,Hungarian Grand Prix,2010-08-01,Sebastian Vettel,VET,5.0,Red Bull
3591,348,17,9,6,2,1:21.132,1:19.531,1:19.184,2010,12,11,Hungarian Grand Prix,2010-08-01,Mark Webber,WEB,,Red Bull
3592,348,4,6,8,3,1:21.278,1:20.237,1:19.987,2010,12,11,Hungarian Grand Prix,2010-08-01,Fernando Alonso,ALO,14.0,Ferrari
3593,348,13,6,7,4,1:21.299,1:20.857,1:20.331,2010,12,11,Hungarian Grand Prix,2010-08-01,Felipe Massa,MAS,19.0,Ferrari
3594,348,1,1,2,5,1:21.455,1:20.877,1:20.499,2010,12,11,Hungarian Grand Prix,2010-08-01,Lewis Hamilton,HAM,44.0,McLaren
3595,348,3,131,4,6,1:21.212,1:20.811,1:21.082,2010,12,11,Hungarian Grand Prix,2010-08-01,Nico Rosberg,ROS,6.0,Mercedes
3596,348,808,4,12,7,1:21.558,1:20.797,1:21.229,2010,12,11,Hungarian Grand Prix,2010-08-01,Vitaly Petrov,PET,,Renault
3597,348,9,4,11,8,1:21.159,1:20.867,1:21.328,2010,12,11,Hungarian Grand Prix,2010-08-01,Robert Kubica,KUB,88.0,Renault
3598,348,37,15,22,9,1:21.891,1:21.273,1:21.411,2010,12,11,Hungarian Grand Prix,2010-08-01,Pedro de la Rosa,DLR,,Sauber
3599,348,807,3,10,10,1:21.598,1:21.275,1:21.710,2010,12,11,Hungarian Grand Prix,2010-08-01,Nico Hülkenberg,HUL,27.0,Williams
3600,348,18,1,1,11,1:21.422,1:21.292,,2010,12,11,Hungarian Grand Prix,2010-08-01,Jenson Button,BUT,22.0,McLaren
3601,348,22,3,9,12,1:21.478,1:21.331,,2010,12,11,Hungarian Grand Prix,2010-08-01,Rubens Barrichello,BAR,,Williams
3602,348,16,10,14,13,1:22.080,1:21.517,,2010,12,11,Hungarian Grand Prix,2010-08-01,Adrian Sutil,SUT,99.0,Force India
3603,348,30,131,3,14,1:21.840,1:21.630,,2010,12,11,Hungarian Grand Prix,2010-08-01,Michael Schumacher,MSC,,Mercedes
3604,348,67,5,16,15,1:21.982,1:21.897,,2010,12,11,Hungarian Grand Prix,2010-08-01,Sébastien Buemi,BUE,,Toro Rosso
3605,348,24,10,15,16,1:21.789,1:21.927,,2010,12,11,Hungarian Grand Prix,2010-08-01,Vitantonio Liuzzi,LIU,,Force India
3606,348,153,5,17,17,1:21.978,1:21.998,,2010,12,11,Hungarian Grand Prix,2010-08-01,Jaime Alguersuari,ALG,,Toro Rosso
3607,348,155,15,23,18,1:22.222,,,2010,12,11,Hungarian Grand Prix,2010-08-01,Kamui Kobayashi,KOB,10.0,Sauber
3608,348,10,166,24,19,1:24.050,,,2010,12,11,Hungarian Grand Prix,2010-08-01,Timo Glock,GLO,,Virgin
3609,348,5,205,19,20,1:24.120,,,2010,12,11,Hungarian Grand Prix,2010-08-01,Heikki Kovalainen,KOV,,Lotus
3610,348,15,205,18,21,1:24.199,,,2010,12,11,Hungarian Grand Prix,2010-08-01,Jarno Trulli,TRU,,Lotus
3611,348,810,166,25,22,1:25.118,,,2010,12,11,Hungarian Grand Prix,2010-08-01,Lucas di Grassi,DIG,,Virgin
3612,348,811,164,21,23,1:26.391,,,2010,12,11,Hungarian Grand Prix,2010-08-01,Bruno Senna,SEN,,HRT
3613,348,29,164,20,24,1:26.453,,,2010,12,11,Hungarian Grand Prix,2010-08-01,Sakon Yamamoto,YAM,,HRT
3614,349,17,9,6,1,1:57.352,1:47.253,1:45.778,2010,13,13,Belgian Grand Prix,2010-08-29,Mark Webber,WEB,,Red Bull
3615,349,1,1,2,2,1:56.706,1:46.211,1:45.863,2010,13,13,Belgian Grand Prix,2010-08-29,Lewis Hamilton,HAM,44.0,McLaren
3616,349,9,4,11,3,1:56.041,1:47.320,1:46.100,2010,13,13,Belgian Grand Prix,2010-08-29,Robert Kubica,KUB,88.0,Renault
3617,349,20,9,5,4,1:58.487,1:47.245,1:46.127,2010,13,13,Belgian Grand Prix,2010-08-29,Sebastian Vettel,VET,5.0,Red Bull
3618,349,18,1,1,5,1:57.981,1:46.790,1:46.206,2010,13,13,Belgian Grand Prix,2010-08-29,Jenson Button,BUT,22.0,McLaren
3619,349,13,6,7,6,1:58.323,1:47.322,1:46.314,2010,13,13,Belgian Grand Prix,2010-08-29,Felipe Massa,MAS,19.0,Ferrari
3620,349,22,3,9,7,1:55.757,1:47.797,1:46.602,2010,13,13,Belgian Grand Prix,2010-08-29,Rubens Barrichello,BAR,,Williams
3621,349,16,10,14,8,1:58.730,1:47.292,1:46.659,2010,13,13,Belgian Grand Prix,2010-08-29,Adrian Sutil,SUT,99.0,Force India
3622,349,807,3,10,9,1:55.442,1:47.821,1:47.053,2010,13,13,Belgian Grand Prix,2010-08-29,Nico Hülkenberg,HUL,27.0,Williams
3623,349,4,6,8,10,1:57.023,1:47.544,1:47.441,2010,13,13,Belgian Grand Prix,2010-08-29,Fernando Alonso,ALO,14.0,Ferrari
3624,349,30,131,3,11,1:56.313,1:47.874,,2010,13,13,Belgian Grand Prix,2010-08-29,Michael Schumacher,MSC,,Mercedes
3625,349,3,131,4,12,1:54.826,1:47.885,,2010,13,13,Belgian Grand Prix,2010-08-29,Nico Rosberg,ROS,6.0,Mercedes
3626,349,153,5,17,13,1:58.944,1:48.267,,2010,13,13,Belgian Grand Prix,2010-08-29,Jaime Alguersuari,ALG,,Toro Rosso
3627,349,24,10,15,14,2:01.102,1:48.680,,2010,13,13,Belgian Grand Prix,2010-08-29,Vitantonio Liuzzi,LIU,,Force India
3628,349,67,5,16,15,2:00.386,1:49.209,,2010,13,13,Belgian Grand Prix,2010-08-29,Sébastien Buemi,BUE,,Toro Rosso
3629,349,5,205,19,16,2:01.343,1:50.980,,2010,13,13,Belgian Grand Prix,2010-08-29,Heikki Kovalainen,KOV,,Lotus
3630,349,10,166,24,17,2:01.316,1:52.049,,2010,13,13,Belgian Grand Prix,2010-08-29,Timo Glock,GLO,,Virgin
3631,349,15,205,18,18,2:01.491,,,2010,13,13,Belgian Grand Prix,2010-08-29,Jarno Trulli,TRU,,Lotus
3632,349,155,15,23,19,2:02.284,,,2010,13,13,Belgian Grand Prix,2010-08-29,Kamui Kobayashi,KOB,10.0,Sauber
3633,349,811,164,21,20,2:03.612,,,2010,13,13,Belgian Grand Prix,2010-08-29,Bruno Senna,SEN,,HRT
3634,349,29,164,20,21,2:03.941,,,2010,13,13,Belgian Grand Prix,2010-08-29,Sakon Yamamoto,YAM,,HRT
3635,349,37,15,22,22,2:05.294,,,2010,13,13,Belgian Grand Prix,2010-08-29,Pedro de la Rosa,DLR,,Sauber
3636,349,810,166,25,23,2:18.754,,,2010,13,13,Belgian Grand Prix,2010-08-29,Lucas di Grassi,DIG,,Virgin
3637,349,808,4,12,24,,,,2010,13,13,Belgian Grand Prix,2010-08-29,Vitaly Petrov,PET,,Renault
3638,350,4,6,8,1,1:22.646,1:22.297,1:21.962,2010,14,14,Italian Grand Prix,2010-09-12,Fernando Alonso,ALO,14.0,Ferrari
3639,350,18,1,1,2,1:23.085,1:22.354,1:22.084,2010,14,14,Italian Grand Prix,2010-09-12,Jenson Button,BUT,22.0,McLaren
3640,350,13,6,7,3,1:22.421,1:22.610,1:22.293,2010,14,14,Italian Grand Prix,2010-09-12,Felipe Massa,MAS,19.0,Ferrari
3641,350,17,9,6,4,1:23.431,1:22.706,1:22.433,2010,14,14,Italian Grand Prix,2010-09-12,Mark Webber,WEB,,Red Bull
3642,350,1,1,2,5,1:22.830,1:22.394,1:22.623,2010,14,14,Italian Grand Prix,2010-09-12,Lewis Hamilton,HAM,44.0,McLaren
3643,350,20,9,5,6,1:23.235,1:22.701,1:22.675,2010,14,14,Italian Grand Prix,2010-09-12,Sebastian Vettel,VET,5.0,Red Bull
3644,350,3,131,4,7,1:23.529,1:23.055,1:23.027,2010,14,14,Italian Grand Prix,2010-09-12,Nico Rosberg,ROS,6.0,Mercedes
3645,350,807,3,10,8,1:23.516,1:22.989,1:23.037,2010,14,14,Italian Grand Prix,2010-09-12,Nico Hülkenberg,HUL,27.0,Williams
3646,350,9,4,11,9,1:23.234,1:22.880,1:23.039,2010,14,14,Italian Grand Prix,2010-09-12,Robert Kubica,KUB,88.0,Renault
3647,350,22,3,9,10,1:23.695,1:23.142,1:23.328,2010,14,14,Italian Grand Prix,2010-09-12,Rubens Barrichello,BAR,,Williams
3648,350,16,10,14,11,1:23.493,1:23.199,,2010,14,14,Italian Grand Prix,2010-09-12,Adrian Sutil,SUT,99.0,Force India
3649,350,30,131,3,12,1:23.840,1:23.388,,2010,14,14,Italian Grand Prix,2010-09-12,Michael Schumacher,MSC,,Mercedes
3650,350,155,15,23,13,1:24.273,1:23.659,,2010,14,14,Italian Grand Prix,2010-09-12,Kamui Kobayashi,KOB,10.0,Sauber
3651,350,67,5,16,14,1:23.744,1:23.681,,2010,14,14,Italian Grand Prix,2010-09-12,Sébastien Buemi,BUE,,Toro Rosso
3652,350,808,4,12,15,1:24.086,1:23.819,,2010,14,14,Italian Grand Prix,2010-09-12,Vitaly Petrov,PET,,Renault
3653,350,153,5,17,16,1:24.083,1:23.919,,2010,14,14,Italian Grand Prix,2010-09-12,Jaime Alguersuari,ALG,,Toro Rosso
3654,350,37,15,22,17,1:24.442,1:24.044,,2010,14,14,Italian Grand Prix,2010-09-12,Pedro de la Rosa,DLR,,Sauber
3655,350,15,205,18,18,1:25.540,,,2010,14,14,Italian Grand Prix,2010-09-12,Jarno Trulli,TRU,,Lotus
3656,350,5,205,19,19,1:25.742,,,2010,14,14,Italian Grand Prix,2010-09-12,Heikki Kovalainen,KOV,,Lotus
3657,350,24,10,15,20,1:25.774,,,2010,14,14,Italian Grand Prix,2010-09-12,Vitantonio Liuzzi,LIU,,Force India
3658,350,10,166,24,21,1:25.934,,,2010,14,14,Italian Grand Prix,2010-09-12,Timo Glock,GLO,,Virgin
3659,350,810,166,25,22,1:25.974,,,2010,14,14,Italian Grand Prix,2010-09-12,Lucas di Grassi,DIG,,Virgin
3660,350,811,164,21,23,1:26.847,,,2010,14,14,Italian Grand Prix,2010-09-12,Bruno Senna,SEN,,HRT
3661,350,29,164,20,24,1:27.020,,,2010,14,14,Italian Grand Prix,2010-09-12,Sakon Yamamoto,YAM,,HRT
3662,351,4,6,8,1,1:46.541,1:45.809,1:45.390,2010,15,15,Singapore Grand Prix,2010-09-26,Fernando Alonso,ALO,14.0,Ferrari
3663,351,20,9,5,2,1:46.960,1:45.561,1:45.457,2010,15,15,Singapore Grand Prix,2010-09-26,Sebastian Vettel,VET,5.0,Red Bull
3664,351,1,1,2,3,1:48.296,1:46.042,1:45.571,2010,15,15,Singapore Grand Prix,2010-09-26,Lewis Hamilton,HAM,44.0,McLaren
3665,351,18,1,1,4,1:48.032,1:46.490,1:45.944,2010,15,15,Singapore Grand Prix,2010-09-26,Jenson Button,BUT,22.0,McLaren
3666,351,17,9,6,5,1:47.088,1:45.908,1:45.977,2010,15,15,Singapore Grand Prix,2010-09-26,Mark Webber,WEB,,Red Bull
3667,351,22,3,9,6,1:48.183,1:47.019,1:46.236,2010,15,15,Singapore Grand Prix,2010-09-26,Rubens Barrichello,BAR,,Williams
3668,351,3,131,4,7,1:48.554,1:46.783,1:46.443,2010,15,15,Singapore Grand Prix,2010-09-26,Nico Rosberg,ROS,6.0,Mercedes
3669,351,9,4,11,8,1:47.657,1:46.949,1:46.593,2010,15,15,Singapore Grand Prix,2010-09-26,Robert Kubica,KUB,88.0,Renault
3670,351,30,131,3,9,1:48.425,1:47.160,1:46.702,2010,15,15,Singapore Grand Prix,2010-09-26,Michael Schumacher,MSC,,Mercedes
3671,351,155,15,23,10,1:48.908,1:47.559,1:47.884,2010,15,15,Singapore Grand Prix,2010-09-26,Kamui Kobayashi,KOB,10.0,Sauber
3672,351,153,5,17,11,1:48.127,1:47.666,,2010,15,15,Singapore Grand Prix,2010-09-26,Jaime Alguersuari,ALG,,Toro Rosso
3673,351,807,3,10,12,1:47.984,1:47.674,,2010,15,15,Singapore Grand Prix,2010-09-26,Nico Hülkenberg,HUL,27.0,Williams
3674,351,808,4,12,13,1:48.906,1:48.165,,2010,15,15,Singapore Grand Prix,2010-09-26,Vitaly Petrov,PET,,Renault
3675,351,67,5,16,14,1:49.063,1:48.502,,2010,15,15,Singapore Grand Prix,2010-09-26,Sébastien Buemi,BUE,,Toro Rosso
3676,351,2,15,22,15,1:48.696,1:48.557,,2010,15,15,Singapore Grand Prix,2010-09-26,Nick Heidfeld,HEI,,Sauber
3677,351,16,10,14,16,1:48.496,1:48.899,,2010,15,15,Singapore Grand Prix,2010-09-26,Adrian Sutil,SUT,99.0,Force India
3678,351,24,10,15,17,1:48.988,1:48.961,,2010,15,15,Singapore Grand Prix,2010-09-26,Vitantonio Liuzzi,LIU,,Force India
3679,351,10,166,24,18,1:50.271,,,2010,15,15,Singapore Grand Prix,2010-09-26,Timo Glock,GLO,,Virgin
3680,351,5,205,19,19,1:50.915,,,2010,15,15,Singapore Grand Prix,2010-09-26,Heikki Kovalainen,KOV,,Lotus
3681,351,810,166,25,20,1:51.107,,,2010,15,15,Singapore Grand Prix,2010-09-26,Lucas di Grassi,DIG,,Virgin
3682,351,15,205,18,21,1:51.641,,,2010,15,15,Singapore Grand Prix,2010-09-26,Jarno Trulli,TRU,,Lotus
3683,351,32,164,20,22,1:52.946,,,2010,15,15,Singapore Grand Prix,2010-09-26,Christian Klien,KLI,,HRT
3684,351,811,164,21,23,1:54.174,,,2010,15,15,Singapore Grand Prix,2010-09-26,Bruno Senna,SEN,,HRT
3685,351,13,6,7,24,,,,2010,15,15,Singapore Grand Prix,2010-09-26,Felipe Massa,MAS,19.0,Ferrari
3686,352,20,9,5,1,1:32.035,1:31.184,1:30.785,2010,16,22,Japanese Grand Prix,2010-10-10,Sebastian Vettel,VET,5.0,Red Bull
3687,352,17,9,6,2,1:32.476,1:31.241,1:30.853,2010,16,22,Japanese Grand Prix,2010-10-10,Mark Webber,WEB,,Red Bull
3688,352,1,1,2,3,1:32.809,1:31.523,1:31.169,2010,16,22,Japanese Grand Prix,2010-10-10,Lewis Hamilton,HAM,44.0,McLaren
3689,352,9,4,11,4,1:32.808,1:32.042,1:31.231,2010,16,22,Japanese Grand Prix,2010-10-10,Robert Kubica,KUB,88.0,Renault
3690,352,4,6,8,5,1:32.555,1:31.819,1:31.352,2010,16,22,Japanese Grand Prix,2010-10-10,Fernando Alonso,ALO,14.0,Ferrari
3691,352,18,1,1,6,1:32.636,1:31.763,1:31.378,2010,16,22,Japanese Grand Prix,2010-10-10,Jenson Button,BUT,22.0,McLaren
3692,352,3,131,4,7,1:32.238,1:31.886,1:31.494,2010,16,22,Japanese Grand Prix,2010-10-10,Nico Rosberg,ROS,6.0,Mercedes
3693,352,22,3,9,8,1:32.361,1:31.874,1:31.535,2010,16,22,Japanese Grand Prix,2010-10-10,Rubens Barrichello,BAR,,Williams
3694,352,807,3,10,9,1:32.211,1:31.926,1:31.559,2010,16,22,Japanese Grand Prix,2010-10-10,Nico Hülkenberg,HUL,27.0,Williams
3695,352,30,131,3,10,1:32.513,1:32.073,1:31.846,2010,16,22,Japanese Grand Prix,2010-10-10,Michael Schumacher,MSC,,Mercedes
3696,352,2,15,22,11,1:33.011,1:32.187,,2010,16,22,Japanese Grand Prix,2010-10-10,Nick Heidfeld,HEI,,Sauber
3697,352,13,6,7,12,1:32.721,1:32.321,,2010,16,22,Japanese Grand Prix,2010-10-10,Felipe Massa,MAS,19.0,Ferrari
3698,352,808,4,12,13,1:32.849,1:32.422,,2010,16,22,Japanese Grand Prix,2010-10-10,Vitaly Petrov,PET,,Renault
3699,352,155,15,23,14,1:32.783,1:32.427,,2010,16,22,Japanese Grand Prix,2010-10-10,Kamui Kobayashi,KOB,10.0,Sauber
3700,352,16,10,14,15,1:33.186,1:32.659,,2010,16,22,Japanese Grand Prix,2010-10-10,Adrian Sutil,SUT,99.0,Force India
3701,352,153,5,17,16,1:33.471,1:33.071,,2010,16,22,Japanese Grand Prix,2010-10-10,Jaime Alguersuari,ALG,,Toro Rosso
3702,352,24,10,15,17,1:33.216,1:33.154,,2010,16,22,Japanese Grand Prix,2010-10-10,Vitantonio Liuzzi,LIU,,Force India
3703,352,67,5,16,18,1:33.568,,,2010,16,22,Japanese Grand Prix,2010-10-10,Sébastien Buemi,BUE,,Toro Rosso
3704,352,15,205,18,19,1:35.346,,,2010,16,22,Japanese Grand Prix,2010-10-10,Jarno Trulli,TRU,,Lotus
3705,352,5,205,19,20,1:35.464,,,2010,16,22,Japanese Grand Prix,2010-10-10,Heikki Kovalainen,KOV,,Lotus
3706,352,810,166,25,21,1:36.265,,,2010,16,22,Japanese Grand Prix,2010-10-10,Lucas di Grassi,DIG,,Virgin
3707,352,10,166,24,22,1:36.332,,,2010,16,22,Japanese Grand Prix,2010-10-10,Timo Glock,GLO,,Virgin
3708,352,811,164,21,23,1:37.270,,,2010,16,22,Japanese Grand Prix,2010-10-10,Bruno Senna,SEN,,HRT
3709,352,29,164,20,24,1:37.365,,,2010,16,22,Japanese Grand Prix,2010-10-10,Sakon Yamamoto,YAM,,HRT
3710,353,20,9,5,1,1:37.123,1:36.074,1:35.585,2010,17,35,Korean Grand Prix,2010-10-24,Sebastian Vettel,VET,5.0,Red Bull
3711,353,17,9,6,2,1:37.373,1:36.039,1:35.659,2010,17,35,Korean Grand Prix,2010-10-24,Mark Webber,WEB,,Red Bull
3712,353,4,6,8,3,1:37.144,1:36.287,1:35.766,2010,17,35,Korean Grand Prix,2010-10-24,Fernando Alonso,ALO,14.0,Ferrari
3713,353,1,1,2,4,1:37.113,1:36.197,1:36.062,2010,17,35,Korean Grand Prix,2010-10-24,Lewis Hamilton,HAM,44.0,McLaren
3714,353,3,131,4,5,1:37.708,1:36.791,1:36.535,2010,17,35,Korean Grand Prix,2010-10-24,Nico Rosberg,ROS,6.0,Mercedes
3715,353,13,6,7,6,1:37.515,1:36.169,1:36.571,2010,17,35,Korean Grand Prix,2010-10-24,Felipe Massa,MAS,19.0,Ferrari
3716,353,18,1,1,7,1:38.123,1:37.064,1:36.731,2010,17,35,Korean Grand Prix,2010-10-24,Jenson Button,BUT,22.0,McLaren
3717,353,9,4,11,8,1:37.703,1:37.179,1:36.824,2010,17,35,Korean Grand Prix,2010-10-24,Robert Kubica,KUB,88.0,Renault
3718,353,30,131,3,9,1:37.980,1:37.077,1:36.950,2010,17,35,Korean Grand Prix,2010-10-24,Michael Schumacher,MSC,,Mercedes
3719,353,22,3,9,10,1:38.257,1:37.511,1:36.998,2010,17,35,Korean Grand Prix,2010-10-24,Rubens Barrichello,BAR,,Williams
3720,353,807,3,10,11,1:38.115,1:37.620,,2010,17,35,Korean Grand Prix,2010-10-24,Nico Hülkenberg,HUL,27.0,Williams
3721,353,155,15,23,12,1:38.429,1:37.643,,2010,17,35,Korean Grand Prix,2010-10-24,Kamui Kobayashi,KOB,10.0,Sauber
3722,353,2,15,22,13,1:38.171,1:37.715,,2010,17,35,Korean Grand Prix,2010-10-24,Nick Heidfeld,HEI,,Sauber
3723,353,16,10,14,14,1:38.572,1:37.783,,2010,17,35,Korean Grand Prix,2010-10-24,Adrian Sutil,SUT,99.0,Force India
3724,353,808,4,12,15,1:38.174,1:37.799,,2010,17,35,Korean Grand Prix,2010-10-24,Vitaly Petrov,PET,,Renault
3725,353,153,5,17,16,1:38.583,1:37.853,,2010,17,35,Korean Grand Prix,2010-10-24,Jaime Alguersuari,ALG,,Toro Rosso
3726,353,67,5,16,17,1:38.621,1:38.594,,2010,17,35,Korean Grand Prix,2010-10-24,Sébastien Buemi,BUE,,Toro Rosso
3727,353,24,10,15,18,1:38.955,,,2010,17,35,Korean Grand Prix,2010-10-24,Vitantonio Liuzzi,LIU,,Force India
3728,353,15,205,18,19,1:40.521,,,2010,17,35,Korean Grand Prix,2010-10-24,Jarno Trulli,TRU,,Lotus
3729,353,10,166,24,20,1:40.748,,,2010,17,35,Korean Grand Prix,2010-10-24,Timo Glock,GLO,,Virgin
3730,353,5,205,19,21,1:41.768,,,2010,17,35,Korean Grand Prix,2010-10-24,Heikki Kovalainen,KOV,,Lotus
3731,353,810,166,25,22,1:42.325,,,2010,17,35,Korean Grand Prix,2010-10-24,Lucas di Grassi,DIG,,Virgin
3732,353,29,164,20,23,1:42.444,,,2010,17,35,Korean Grand Prix,2010-10-24,Sakon Yamamoto,YAM,,HRT
3733,353,811,164,21,24,1:43.283,,,2010,17,35,Korean Grand Prix,2010-10-24,Bruno Senna,SEN,,HRT
3734,354,807,3,10,1,1:20.050,1:19.144,1:14.470,2010,18,18,Brazilian Grand Prix,2010-11-07,Nico Hülkenberg,HUL,27.0,Williams
3735,354,20,9,5,2,1:19.160,1:18.691,1:15.519,2010,18,18,Brazilian Grand Prix,2010-11-07,Sebastian Vettel,VET,5.0,Red Bull
3736,354,17,9,6,3,1:19.025,1:18.516,1:15.637,2010,18,18,Brazilian Grand Prix,2010-11-07,Mark Webber,WEB,,Red Bull
3737,354,1,1,2,4,1:19.931,1:18.921,1:15.747,2010,18,18,Brazilian Grand Prix,2010-11-07,Lewis Hamilton,HAM,44.0,McLaren
3738,354,4,6,8,5,1:18.987,1:19.010,1:15.989,2010,18,18,Brazilian Grand Prix,2010-11-07,Fernando Alonso,ALO,14.0,Ferrari
3739,354,22,3,9,6,1:19.799,1:18.925,1:16.203,2010,18,18,Brazilian Grand Prix,2010-11-07,Rubens Barrichello,BAR,,Williams
3740,354,9,4,11,7,1:19.249,1:18.877,1:16.552,2010,18,18,Brazilian Grand Prix,2010-11-07,Robert Kubica,KUB,88.0,Renault
3741,354,30,131,3,8,1:19.879,1:18.923,1:16.925,2010,18,18,Brazilian Grand Prix,2010-11-07,Michael Schumacher,MSC,,Mercedes
3742,354,13,6,7,9,1:19.778,1:19.200,1:17.101,2010,18,18,Brazilian Grand Prix,2010-11-07,Felipe Massa,MAS,19.0,Ferrari
3743,354,808,4,12,10,1:20.189,1:19.153,1:17.656,2010,18,18,Brazilian Grand Prix,2010-11-07,Vitaly Petrov,PET,,Renault
3744,354,18,1,1,11,1:19.905,1:19.288,,2010,18,18,Brazilian Grand Prix,2010-11-07,Jenson Button,BUT,22.0,McLaren
3745,354,155,15,23,12,1:19.741,1:19.385,,2010,18,18,Brazilian Grand Prix,2010-11-07,Kamui Kobayashi,KOB,10.0,Sauber
3746,354,3,131,4,13,1:20.153,1:19.486,,2010,18,18,Brazilian Grand Prix,2010-11-07,Nico Rosberg,ROS,6.0,Mercedes
3747,354,153,5,17,14,1:20.158,1:19.581,,2010,18,18,Brazilian Grand Prix,2010-11-07,Jaime Alguersuari,ALG,,Toro Rosso
3748,354,67,5,16,15,1:20.096,1:19.847,,2010,18,18,Brazilian Grand Prix,2010-11-07,Sébastien Buemi,BUE,,Toro Rosso
3749,354,2,15,22,16,1:20.174,1:19.899,,2010,18,18,Brazilian Grand Prix,2010-11-07,Nick Heidfeld,HEI,,Sauber
3750,354,24,10,15,17,1:20.592,1:20.357,,2010,18,18,Brazilian Grand Prix,2010-11-07,Vitantonio Liuzzi,LIU,,Force India
3751,354,16,10,14,18,1:20.830,,,2010,18,18,Brazilian Grand Prix,2010-11-07,Adrian Sutil,SUT,99.0,Force India
3752,354,10,166,24,19,1:22.130,,,2010,18,18,Brazilian Grand Prix,2010-11-07,Timo Glock,GLO,,Virgin
3753,354,15,205,18,20,1:22.250,,,2010,18,18,Brazilian Grand Prix,2010-11-07,Jarno Trulli,TRU,,Lotus
3754,354,5,205,19,21,1:22.378,,,2010,18,18,Brazilian Grand Prix,2010-11-07,Heikki Kovalainen,KOV,,Lotus
3755,354,810,166,25,22,1:22.810,,,2010,18,18,Brazilian Grand Prix,2010-11-07,Lucas di Grassi,DIG,,Virgin
3756,354,32,164,20,23,1:23.083,,,2010,18,18,Brazilian Grand Prix,2010-11-07,Christian Klien,KLI,,HRT
3757,354,811,164,21,24,1:23.796,,,2010,18,18,Brazilian Grand Prix,2010-11-07,Bruno Senna,SEN,,HRT
3758,355,20,9,5,1,1:40.318,1:39.874,1:39.394,2010,19,24,Abu Dhabi Grand Prix,2010-11-14,Sebastian Vettel,VET,5.0,Red Bull
3759,355,1,1,2,2,1:40.335,1:40.119,1:39.425,2010,19,24,Abu Dhabi Grand Prix,2010-11-14,Lewis Hamilton,HAM,44.0,McLaren
3760,355,4,6,8,3,1:40.170,1:40.311,1:39.792,2010,19,24,Abu Dhabi Grand Prix,2010-11-14,Fernando Alonso,ALO,14.0,Ferrari
3761,355,18,1,1,4,1:40.877,1:40.014,1:39.823,2010,19,24,Abu Dhabi Grand Prix,2010-11-14,Jenson Button,BUT,22.0,McLaren
3762,355,17,9,6,5,1:40.690,1:40.074,1:39.925,2010,19,24,Abu Dhabi Grand Prix,2010-11-14,Mark Webber,WEB,,Red Bull
3763,355,13,6,7,6,1:40.942,1:40.323,1:40.202,2010,19,24,Abu Dhabi Grand Prix,2010-11-14,Felipe Massa,MAS,19.0,Ferrari
3764,355,22,3,9,7,1:40.904,1:40.476,1:40.203,2010,19,24,Abu Dhabi Grand Prix,2010-11-14,Rubens Barrichello,BAR,,Williams
3765,355,30,131,3,8,1:41.222,1:40.452,1:40.516,2010,19,24,Abu Dhabi Grand Prix,2010-11-14,Michael Schumacher,MSC,,Mercedes
3766,355,3,131,4,9,1:40.231,1:40.060,1:40.589,2010,19,24,Abu Dhabi Grand Prix,2010-11-14,Nico Rosberg,ROS,6.0,Mercedes
3767,355,808,4,12,10,1:41.018,1:40.658,1:40.901,2010,19,24,Abu Dhabi Grand Prix,2010-11-14,Vitaly Petrov,PET,,Renault
3768,355,9,4,11,11,1:41.336,1:40.780,,2010,19,24,Abu Dhabi Grand Prix,2010-11-14,Robert Kubica,KUB,88.0,Renault
3769,355,155,15,23,12,1:41.045,1:40.783,,2010,19,24,Abu Dhabi Grand Prix,2010-11-14,Kamui Kobayashi,KOB,10.0,Sauber
3770,355,16,10,14,13,1:41.473,1:40.914,,2010,19,24,Abu Dhabi Grand Prix,2010-11-14,Adrian Sutil,SUT,99.0,Force India
3771,355,2,15,22,14,1:41.409,1:41.113,,2010,19,24,Abu Dhabi Grand Prix,2010-11-14,Nick Heidfeld,HEI,,Sauber
3772,355,807,3,10,15,1:41.015,1:41.418,,2010,19,24,Abu Dhabi Grand Prix,2010-11-14,Nico Hülkenberg,HUL,27.0,Williams
3773,355,24,10,15,16,1:41.681,1:41.642,,2010,19,24,Abu Dhabi Grand Prix,2010-11-14,Vitantonio Liuzzi,LIU,,Force India
3774,355,153,5,17,17,1:41.707,1:41.738,,2010,19,24,Abu Dhabi Grand Prix,2010-11-14,Jaime Alguersuari,ALG,,Toro Rosso
3775,355,67,5,16,18,1:41.824,,,2010,19,24,Abu Dhabi Grand Prix,2010-11-14,Sébastien Buemi,BUE,,Toro Rosso
3776,355,15,205,18,19,1:43.516,,,2010,19,24,Abu Dhabi Grand Prix,2010-11-14,Jarno Trulli,TRU,,Lotus
3777,355,5,205,19,20,1:43.712,,,2010,19,24,Abu Dhabi Grand Prix,2010-11-14,Heikki Kovalainen,KOV,,Lotus
3778,355,10,166,24,21,1:44.095,,,2010,19,24,Abu Dhabi Grand Prix,2010-11-14,Timo Glock,GLO,,Virgin
3779,355,810,166,25,22,1:44.510,,,2010,19,24,Abu Dhabi Grand Prix,2010-11-14,Lucas di Grassi,DIG,,Virgin
3780,355,811,164,21,23,1:45.085,,,2010,19,24,Abu Dhabi Grand Prix,2010-11-14,Bruno Senna,SEN,,HRT
3781,355,32,164,20,24,1:45.296,,,2010,19,24,Abu Dhabi Grand Prix,2010-11-14,Christian Klien,KLI,,HRT
4537,841,20,9,1,1,1:25.296,1:24.090,1:23.529,2011,1,1,Australian Grand Prix,2011-03-27,Sebastian Vettel,VET,5.0,Red Bull
4538,841,1,1,3,2,1:25.384,1:24.595,1:24.307,2011,1,1,Australian Grand Prix,2011-03-27,Lewis Hamilton,HAM,44.0,McLaren
4539,841,17,9,2,3,1:25.900,1:24.658,1:24.395,2011,1,1,Australian Grand Prix,2011-03-27,Mark Webber,WEB,,Red Bull
4540,841,18,1,4,4,1:25.886,1:24.957,1:24.779,2011,1,1,Australian Grand Prix,2011-03-27,Jenson Button,BUT,22.0,McLaren
4541,841,4,6,5,5,1:25.707,1:25.242,1:24.974,2011,1,1,Australian Grand Prix,2011-03-27,Fernando Alonso,ALO,14.0,Ferrari
4542,841,808,4,10,6,1:25.543,1:25.582,1:25.247,2011,1,1,Australian Grand Prix,2011-03-27,Vitaly Petrov,PET,,Renault
4543,841,3,131,8,7,1:25.856,1:25.606,1:25.421,2011,1,1,Australian Grand Prix,2011-03-27,Nico Rosberg,ROS,6.0,Mercedes
4544,841,13,6,6,8,1:26.031,1:25.611,1:25.599,2011,1,1,Australian Grand Prix,2011-03-27,Felipe Massa,MAS,19.0,Ferrari
4545,841,155,15,16,9,1:25.717,1:25.405,1:25.626,2011,1,1,Australian Grand Prix,2011-03-27,Kamui Kobayashi,KOB,10.0,Sauber
4546,841,67,5,18,10,1:26.232,1:25.882,1:27.066,2011,1,1,Australian Grand Prix,2011-03-27,Sébastien Buemi,BUE,,Toro Rosso
4547,841,30,131,7,11,1:25.962,1:25.971,,2011,1,1,Australian Grand Prix,2011-03-27,Michael Schumacher,MSC,,Mercedes
4548,841,153,5,19,12,1:26.620,1:26.103,,2011,1,1,Australian Grand Prix,2011-03-27,Jaime Alguersuari,ALG,,Toro Rosso
4549,841,815,15,17,13,1:25.812,1:26.108,,2011,1,1,Australian Grand Prix,2011-03-27,Sergio Pérez,PER,11.0,Sauber
4550,841,814,10,15,14,1:27.222,1:26.739,,2011,1,1,Australian Grand Prix,2011-03-27,Paul di Resta,DIR,40.0,Force India
4551,841,813,3,12,15,1:26.298,1:26.768,,2011,1,1,Australian Grand Prix,2011-03-27,Pastor Maldonado,MAL,13.0,Williams
4552,841,16,10,14,16,1:26.245,1:31.407,,2011,1,1,Australian Grand Prix,2011-03-27,Adrian Sutil,SUT,99.0,Force India
4553,841,22,3,11,17,1:26.270,,,2011,1,1,Australian Grand Prix,2011-03-27,Rubens Barrichello,BAR,,Williams
4554,841,2,4,9,18,1:27.239,,,2011,1,1,Australian Grand Prix,2011-03-27,Nick Heidfeld,HEI,,Renault
4555,841,5,205,20,19,1:29.254,,,2011,1,1,Australian Grand Prix,2011-03-27,Heikki Kovalainen,KOV,,Lotus
4556,841,15,205,21,20,1:29.342,,,2011,1,1,Australian Grand Prix,2011-03-27,Jarno Trulli,TRU,,Lotus
4557,841,10,166,24,21,1:29.858,,,2011,1,1,Australian Grand Prix,2011-03-27,Timo Glock,GLO,,Virgin
4558,841,816,166,25,22,1:30.822,,,2011,1,1,Australian Grand Prix,2011-03-27,Jérôme d'Ambrosio,DAM,,Virgin
4562,842,20,9,1,1,1:37.468,1:35.934,1:34.870,2011,2,2,Malaysian Grand Prix,2011-04-10,Sebastian Vettel,VET,5.0,Red Bull
4560,841,24,164,23,23,1:32.978,,,2011,1,1,Australian Grand Prix,2011-03-27,Vitantonio Liuzzi,LIU,,HRT
4561,841,39,164,22,24,1:34.293,,,2011,1,1,Australian Grand Prix,2011-03-27,Narain Karthikeyan,KAR,,HRT
4563,842,1,1,3,2,1:36.861,1:35.852,1:34.974,2011,2,2,Malaysian Grand Prix,2011-04-10,Lewis Hamilton,HAM,44.0,McLaren
4564,842,17,9,2,3,1:37.924,1:36.080,1:35.179,2011,2,2,Malaysian Grand Prix,2011-04-10,Mark Webber,WEB,,Red Bull
4565,842,18,1,4,4,1:37.033,1:35.569,1:35.200,2011,2,2,Malaysian Grand Prix,2011-04-10,Jenson Button,BUT,22.0,McLaren
4566,842,4,6,5,5,1:36.897,1:36.320,1:35.802,2011,2,2,Malaysian Grand Prix,2011-04-10,Fernando Alonso,ALO,14.0,Ferrari
4567,842,2,4,9,6,1:37.224,1:36.811,1:36.124,2011,2,2,Malaysian Grand Prix,2011-04-10,Nick Heidfeld,HEI,,Renault
4568,842,13,6,6,7,1:36.744,1:36.557,1:36.251,2011,2,2,Malaysian Grand Prix,2011-04-10,Felipe Massa,MAS,19.0,Ferrari
4569,842,808,4,10,8,1:37.210,1:36.642,1:36.324,2011,2,2,Malaysian Grand Prix,2011-04-10,Vitaly Petrov,PET,,Renault
4570,842,3,131,8,9,1:37.316,1:36.388,1:36.809,2011,2,2,Malaysian Grand Prix,2011-04-10,Nico Rosberg,ROS,6.0,Mercedes
4571,842,155,15,16,10,1:36.994,1:36.691,1:36.820,2011,2,2,Malaysian Grand Prix,2011-04-10,Kamui Kobayashi,KOB,10.0,Sauber
4572,842,30,131,7,11,1:36.904,1:37.035,,2011,2,2,Malaysian Grand Prix,2011-04-10,Michael Schumacher,MSC,,Mercedes
4573,842,67,5,18,12,1:37.693,1:37.160,,2011,2,2,Malaysian Grand Prix,2011-04-10,Sébastien Buemi,BUE,,Toro Rosso
4574,842,153,5,19,13,1:37.677,1:37.347,,2011,2,2,Malaysian Grand Prix,2011-04-10,Jaime Alguersuari,ALG,,Toro Rosso
4575,842,814,10,15,14,1:38.045,1:37.370,,2011,2,2,Malaysian Grand Prix,2011-04-10,Paul di Resta,DIR,40.0,Force India
4576,842,22,3,11,15,1:38.163,1:37.496,,2011,2,2,Malaysian Grand Prix,2011-04-10,Rubens Barrichello,BAR,,Williams
4577,842,815,15,17,16,1:37.759,1:37.528,,2011,2,2,Malaysian Grand Prix,2011-04-10,Sergio Pérez,PER,11.0,Sauber
4578,842,16,10,14,17,1:37.693,1:37.593,,2011,2,2,Malaysian Grand Prix,2011-04-10,Adrian Sutil,SUT,99.0,Force India
4579,842,813,3,12,18,1:38.276,,,2011,2,2,Malaysian Grand Prix,2011-04-10,Pastor Maldonado,MAL,13.0,Williams
4580,842,5,205,20,19,1:38.645,,,2011,2,2,Malaysian Grand Prix,2011-04-10,Heikki Kovalainen,KOV,,Lotus
4581,842,15,205,21,20,1:38.791,,,2011,2,2,Malaysian Grand Prix,2011-04-10,Jarno Trulli,TRU,,Lotus
4582,842,10,166,24,21,1:40.648,,,2011,2,2,Malaysian Grand Prix,2011-04-10,Timo Glock,GLO,,Virgin
4583,842,816,166,25,22,1:41.001,,,2011,2,2,Malaysian Grand Prix,2011-04-10,Jérôme d'Ambrosio,DAM,,Virgin
4584,842,24,164,23,23,1:41.549,,,2011,2,2,Malaysian Grand Prix,2011-04-10,Vitantonio Liuzzi,LIU,,HRT
4585,842,39,164,22,24,1:42.574,,,2011,2,2,Malaysian Grand Prix,2011-04-10,Narain Karthikeyan,KAR,,HRT
4586,843,20,9,1,1,1:35.674,1:34.776,1:33.706,2011,3,17,Chinese Grand Prix,2011-04-17,Sebastian Vettel,VET,5.0,Red Bull
4587,843,18,1,4,2,1:35.924,1:34.662,1:34.421,2011,3,17,Chinese Grand Prix,2011-04-17,Jenson Button,BUT,22.0,McLaren
4588,843,1,1,3,3,1:36.091,1:34.486,1:34.463,2011,3,17,Chinese Grand Prix,2011-04-17,Lewis Hamilton,HAM,44.0,McLaren
4589,843,3,131,8,4,1:35.272,1:35.850,1:34.670,2011,3,17,Chinese Grand Prix,2011-04-17,Nico Rosberg,ROS,6.0,Mercedes
4590,843,4,6,5,5,1:35.389,1:35.165,1:35.119,2011,3,17,Chinese Grand Prix,2011-04-17,Fernando Alonso,ALO,14.0,Ferrari
4591,843,13,6,6,6,1:35.478,1:35.437,1:35.145,2011,3,17,Chinese Grand Prix,2011-04-17,Felipe Massa,MAS,19.0,Ferrari
4592,843,153,5,19,7,1:36.133,1:35.563,1:36.158,2011,3,17,Chinese Grand Prix,2011-04-17,Jaime Alguersuari,ALG,,Toro Rosso
4593,843,814,10,15,8,1:35.702,1:35.858,1:36.190,2011,3,17,Chinese Grand Prix,2011-04-17,Paul di Resta,DIR,40.0,Force India
4594,843,67,5,18,9,1:36.110,1:35.500,1:36.203,2011,3,17,Chinese Grand Prix,2011-04-17,Sébastien Buemi,BUE,,Toro Rosso
4595,843,808,4,10,10,1:35.370,1:35.149,,2011,3,17,Chinese Grand Prix,2011-04-17,Vitaly Petrov,PET,,Renault
4596,843,16,10,14,11,1:36.092,1:35.874,,2011,3,17,Chinese Grand Prix,2011-04-17,Adrian Sutil,SUT,99.0,Force India
4597,843,815,15,17,12,1:36.046,1:36.053,,2011,3,17,Chinese Grand Prix,2011-04-17,Sergio Pérez,PER,11.0,Sauber
4598,843,155,15,16,13,1:36.147,1:36.236,,2011,3,17,Chinese Grand Prix,2011-04-17,Kamui Kobayashi,KOB,10.0,Sauber
4599,843,30,131,7,14,1:35.508,1:36.457,,2011,3,17,Chinese Grand Prix,2011-04-17,Michael Schumacher,MSC,,Mercedes
4600,843,22,3,11,15,1:35.911,1:36.465,,2011,3,17,Chinese Grand Prix,2011-04-17,Rubens Barrichello,BAR,,Williams
4601,843,2,4,9,16,1:35.910,1:36.611,,2011,3,17,Chinese Grand Prix,2011-04-17,Nick Heidfeld,HEI,,Renault
4602,843,813,3,12,17,1:36.121,1:36.956,,2011,3,17,Chinese Grand Prix,2011-04-17,Pastor Maldonado,MAL,13.0,Williams
4603,843,17,9,2,18,1:36.468,,,2011,3,17,Chinese Grand Prix,2011-04-17,Mark Webber,WEB,,Red Bull
4604,843,5,205,20,19,1:37.894,,,2011,3,17,Chinese Grand Prix,2011-04-17,Heikki Kovalainen,KOV,,Lotus
4605,843,15,205,21,20,1:38.318,,,2011,3,17,Chinese Grand Prix,2011-04-17,Jarno Trulli,TRU,,Lotus
4606,843,816,166,25,21,1:39.119,,,2011,3,17,Chinese Grand Prix,2011-04-17,Jérôme d'Ambrosio,DAM,,Virgin
4607,843,10,166,24,22,1:39.708,,,2011,3,17,Chinese Grand Prix,2011-04-17,Timo Glock,GLO,,Virgin
4608,843,24,164,23,23,1:40.212,,,2011,3,17,Chinese Grand Prix,2011-04-17,Vitantonio Liuzzi,LIU,,HRT
4609,843,39,164,22,24,1:40.445,,,2011,3,17,Chinese Grand Prix,2011-04-17,Narain Karthikeyan,KAR,,HRT
4610,844,20,9,1,1,1:27.039,1:25.610,1:25.049,2011,4,5,Turkish Grand Prix,2011-05-08,Sebastian Vettel,VET,5.0,Red Bull
4611,844,17,9,2,2,1:27.090,1:26.075,1:25.454,2011,4,5,Turkish Grand Prix,2011-05-08,Mark Webber,WEB,,Red Bull
4612,844,3,131,8,3,1:27.514,1:25.801,1:25.574,2011,4,5,Turkish Grand Prix,2011-05-08,Nico Rosberg,ROS,6.0,Mercedes
4613,844,1,1,3,4,1:27.091,1:26.066,1:25.595,2011,4,5,Turkish Grand Prix,2011-05-08,Lewis Hamilton,HAM,44.0,McLaren
4614,844,4,6,5,5,1:27.349,1:26.152,1:25.851,2011,4,5,Turkish Grand Prix,2011-05-08,Fernando Alonso,ALO,14.0,Ferrari
4615,844,18,1,4,6,1:27.374,1:26.485,1:25.982,2011,4,5,Turkish Grand Prix,2011-05-08,Jenson Button,BUT,22.0,McLaren
4616,844,808,4,10,7,1:27.475,1:26.654,1:26.296,2011,4,5,Turkish Grand Prix,2011-05-08,Vitaly Petrov,PET,,Renault
4617,844,30,131,7,8,1:27.697,1:26.121,1:26.646,2011,4,5,Turkish Grand Prix,2011-05-08,Michael Schumacher,MSC,,Mercedes
4618,844,2,4,9,9,1:27.901,1:26.740,1:26.659,2011,4,5,Turkish Grand Prix,2011-05-08,Nick Heidfeld,HEI,,Renault
4619,844,13,6,6,10,1:27.013,1:26.395,,2011,4,5,Turkish Grand Prix,2011-05-08,Felipe Massa,MAS,19.0,Ferrari
4620,844,22,3,11,11,1:28.246,1:26.764,,2011,4,5,Turkish Grand Prix,2011-05-08,Rubens Barrichello,BAR,,Williams
4621,844,16,10,14,12,1:27.392,1:27.027,,2011,4,5,Turkish Grand Prix,2011-05-08,Adrian Sutil,SUT,99.0,Force India
4622,844,814,10,15,13,1:27.625,1:27.145,,2011,4,5,Turkish Grand Prix,2011-05-08,Paul di Resta,DIR,40.0,Force India
4623,844,813,3,12,14,1:27.396,1:27.236,,2011,4,5,Turkish Grand Prix,2011-05-08,Pastor Maldonado,MAL,13.0,Williams
4624,844,815,15,17,15,1:27.778,1:27.244,,2011,4,5,Turkish Grand Prix,2011-05-08,Sergio Pérez,PER,11.0,Sauber
4625,844,67,5,18,16,1:27.620,1:27.255,,2011,4,5,Turkish Grand Prix,2011-05-08,Sébastien Buemi,BUE,,Toro Rosso
4626,844,153,5,19,17,1:28.055,1:27.572,,2011,4,5,Turkish Grand Prix,2011-05-08,Jaime Alguersuari,ALG,,Toro Rosso
4627,844,5,205,20,18,1:28.780,,,2011,4,5,Turkish Grand Prix,2011-05-08,Heikki Kovalainen,KOV,,Lotus
4628,844,15,205,21,19,1:29.673,,,2011,4,5,Turkish Grand Prix,2011-05-08,Jarno Trulli,TRU,,Lotus
4629,844,816,166,25,20,1:30.445,,,2011,4,5,Turkish Grand Prix,2011-05-08,Jérôme d'Ambrosio,DAM,,Virgin
4630,844,24,164,23,21,1:30.692,,,2011,4,5,Turkish Grand Prix,2011-05-08,Vitantonio Liuzzi,LIU,,HRT
4631,844,10,166,24,22,1:30.813,,,2011,4,5,Turkish Grand Prix,2011-05-08,Timo Glock,GLO,,Virgin
4632,844,39,164,22,23,1:31.564,,,2011,4,5,Turkish Grand Prix,2011-05-08,Narain Karthikeyan,KAR,,HRT
4633,845,17,9,2,1,1:23.619,1:21.773,1:20.981,2011,5,4,Spanish Grand Prix,2011-05-22,Mark Webber,WEB,,Red Bull
4634,845,20,9,1,2,1:24.142,1:21.540,1:21.181,2011,5,4,Spanish Grand Prix,2011-05-22,Sebastian Vettel,VET,5.0,Red Bull
4635,845,1,1,3,3,1:24.370,1:22.148,1:21.961,2011,5,4,Spanish Grand Prix,2011-05-22,Lewis Hamilton,HAM,44.0,McLaren
4636,845,4,6,5,4,1:23.485,1:22.813,1:21.964,2011,5,4,Spanish Grand Prix,2011-05-22,Fernando Alonso,ALO,14.0,Ferrari
4637,845,18,1,4,5,1:24.428,1:22.050,1:21.996,2011,5,4,Spanish Grand Prix,2011-05-22,Jenson Button,BUT,22.0,McLaren
4638,845,808,4,10,6,1:23.069,1:22.948,1:22.471,2011,5,4,Spanish Grand Prix,2011-05-22,Vitaly Petrov,PET,,Renault
4639,845,3,131,8,7,1:23.507,1:22.569,1:22.599,2011,5,4,Spanish Grand Prix,2011-05-22,Nico Rosberg,ROS,6.0,Mercedes
4640,845,13,6,6,8,1:23.506,1:23.026,1:22.888,2011,5,4,Spanish Grand Prix,2011-05-22,Felipe Massa,MAS,19.0,Ferrari
4641,845,813,3,12,9,1:23.406,1:22.854,1:22.952,2011,5,4,Spanish Grand Prix,2011-05-22,Pastor Maldonado,MAL,13.0,Williams
4642,845,30,131,7,10,1:22.960,1:22.671,,2011,5,4,Spanish Grand Prix,2011-05-22,Michael Schumacher,MSC,,Mercedes
4643,845,67,5,18,11,1:23.962,1:23.231,,2011,5,4,Spanish Grand Prix,2011-05-22,Sébastien Buemi,BUE,,Toro Rosso
4644,845,815,15,17,12,1:24.209,1:23.367,,2011,5,4,Spanish Grand Prix,2011-05-22,Sergio Pérez,PER,11.0,Sauber
4645,845,153,5,19,13,1:24.049,1:23.694,,2011,5,4,Spanish Grand Prix,2011-05-22,Jaime Alguersuari,ALG,,Toro Rosso
4646,845,155,15,16,14,1:23.656,1:23.702,,2011,5,4,Spanish Grand Prix,2011-05-22,Kamui Kobayashi,KOB,10.0,Sauber
4647,845,5,205,20,15,1:25.874,1:25.403,,2011,5,4,Spanish Grand Prix,2011-05-22,Heikki Kovalainen,KOV,,Lotus
4648,845,814,10,15,16,1:24.332,1:26.126,,2011,5,4,Spanish Grand Prix,2011-05-22,Paul di Resta,DIR,40.0,Force India
4649,845,16,10,14,17,1:24.648,1:26.571,,2011,5,4,Spanish Grand Prix,2011-05-22,Adrian Sutil,SUT,99.0,Force India
4650,845,15,205,21,18,1:26.521,,,2011,5,4,Spanish Grand Prix,2011-05-22,Jarno Trulli,TRU,,Lotus
4651,845,22,3,11,19,1:26.910,,,2011,5,4,Spanish Grand Prix,2011-05-22,Rubens Barrichello,BAR,,Williams
4652,845,10,166,24,20,1:27.315,,,2011,5,4,Spanish Grand Prix,2011-05-22,Timo Glock,GLO,,Virgin
4653,845,24,164,23,21,1:27.809,,,2011,5,4,Spanish Grand Prix,2011-05-22,Vitantonio Liuzzi,LIU,,HRT
4654,845,39,164,22,22,1:27.908,,,2011,5,4,Spanish Grand Prix,2011-05-22,Narain Karthikeyan,KAR,,HRT
4655,845,816,166,25,23,1:28.556,,,2011,5,4,Spanish Grand Prix,2011-05-22,Jérôme d'Ambrosio,DAM,,Virgin
4656,846,20,9,1,1,1:15.606,1:14.277,1:13.556,2011,6,6,Monaco Grand Prix,2011-05-29,Sebastian Vettel,VET,5.0,Red Bull
4657,846,18,1,4,2,1:15.397,1:14.545,1:13.997,2011,6,6,Monaco Grand Prix,2011-05-29,Jenson Button,BUT,22.0,McLaren
4658,846,17,9,2,3,1:16.087,1:14.742,1:14.019,2011,6,6,Monaco Grand Prix,2011-05-29,Mark Webber,WEB,,Red Bull
4659,846,4,6,5,4,1:16.051,1:14.569,1:14.483,2011,6,6,Monaco Grand Prix,2011-05-29,Fernando Alonso,ALO,14.0,Ferrari
4660,846,30,131,7,5,1:16.092,1:14.981,1:14.682,2011,6,6,Monaco Grand Prix,2011-05-29,Michael Schumacher,MSC,,Mercedes
4661,846,13,6,6,6,1:16.309,1:14.648,1:14.877,2011,6,6,Monaco Grand Prix,2011-05-29,Felipe Massa,MAS,19.0,Ferrari
4662,846,1,1,3,7,1:15.207,1:14.275,1:15.280,2011,6,6,Monaco Grand Prix,2011-05-29,Lewis Hamilton,HAM,44.0,McLaren
4663,846,3,131,8,8,1:15.858,1:14.741,1:15.766,2011,6,6,Monaco Grand Prix,2011-05-29,Nico Rosberg,ROS,6.0,Mercedes
4664,846,813,3,12,9,1:15.819,1:15.545,1:16.528,2011,6,6,Monaco Grand Prix,2011-05-29,Pastor Maldonado,MAL,13.0,Williams
4665,846,815,15,17,10,1:15.918,1:15.482,,2011,6,6,Monaco Grand Prix,2011-05-29,Sergio Pérez,PER,11.0,Sauber
4666,846,808,4,10,11,1:16.378,1:15.815,,2011,6,6,Monaco Grand Prix,2011-05-29,Vitaly Petrov,PET,,Renault
4667,846,22,3,11,12,1:16.616,1:15.826,,2011,6,6,Monaco Grand Prix,2011-05-29,Rubens Barrichello,BAR,,Williams
4668,846,155,15,16,13,1:16.513,1:15.973,,2011,6,6,Monaco Grand Prix,2011-05-29,Kamui Kobayashi,KOB,10.0,Sauber
4669,846,814,10,15,14,1:16.813,1:16.118,,2011,6,6,Monaco Grand Prix,2011-05-29,Paul di Resta,DIR,40.0,Force India
4670,846,16,10,14,15,1:16.600,1:16.121,,2011,6,6,Monaco Grand Prix,2011-05-29,Adrian Sutil,SUT,99.0,Force India
4671,846,2,4,9,16,1:16.681,1:16.214,,2011,6,6,Monaco Grand Prix,2011-05-29,Nick Heidfeld,HEI,,Renault
4672,846,67,5,18,17,1:16.358,1:16.300,,2011,6,6,Monaco Grand Prix,2011-05-29,Sébastien Buemi,BUE,,Toro Rosso
4673,846,5,205,20,18,1:17.343,,,2011,6,6,Monaco Grand Prix,2011-05-29,Heikki Kovalainen,KOV,,Lotus
4674,846,15,205,21,19,1:17.381,,,2011,6,6,Monaco Grand Prix,2011-05-29,Jarno Trulli,TRU,,Lotus
4675,846,153,5,19,20,1:17.820,,,2011,6,6,Monaco Grand Prix,2011-05-29,Jaime Alguersuari,ALG,,Toro Rosso
4676,846,10,166,24,21,1:17.914,,,2011,6,6,Monaco Grand Prix,2011-05-29,Timo Glock,GLO,,Virgin
4677,846,816,166,25,22,1:18.736,,,2011,6,6,Monaco Grand Prix,2011-05-29,Jérôme d'Ambrosio,DAM,,Virgin
4678,846,39,164,22,23,,,,2011,6,6,Monaco Grand Prix,2011-05-29,Narain Karthikeyan,KAR,,HRT
4679,846,24,164,23,24,,,,2011,6,6,Monaco Grand Prix,2011-05-29,Vitantonio Liuzzi,LIU,,HRT
4680,847,20,9,1,1,1:14.011,1:13.486,1:13.014,2011,7,7,Canadian Grand Prix,2011-06-12,Sebastian Vettel,VET,5.0,Red Bull
4681,847,4,6,5,2,1:13.822,1:13.672,1:13.199,2011,7,7,Canadian Grand Prix,2011-06-12,Fernando Alonso,ALO,14.0,Ferrari
4682,847,13,6,6,3,1:14.026,1:13.431,1:13.217,2011,7,7,Canadian Grand Prix,2011-06-12,Felipe Massa,MAS,19.0,Ferrari
4683,847,17,9,2,4,1:14.375,1:13.654,1:13.429,2011,7,7,Canadian Grand Prix,2011-06-12,Mark Webber,WEB,,Red Bull
4684,847,1,1,3,5,1:14.114,1:13.926,1:13.565,2011,7,7,Canadian Grand Prix,2011-06-12,Lewis Hamilton,HAM,44.0,McLaren
4685,847,3,131,8,6,1:14.920,1:13.950,1:13.814,2011,7,7,Canadian Grand Prix,2011-06-12,Nico Rosberg,ROS,6.0,Mercedes
4686,847,18,1,4,7,1:14.374,1:13.955,1:13.838,2011,7,7,Canadian Grand Prix,2011-06-12,Jenson Button,BUT,22.0,McLaren
4687,847,30,131,7,8,1:14.970,1:14.242,1:13.864,2011,7,7,Canadian Grand Prix,2011-06-12,Michael Schumacher,MSC,,Mercedes
4688,847,2,4,9,9,1:15.096,1:14.467,1:14.062,2011,7,7,Canadian Grand Prix,2011-06-12,Nick Heidfeld,HEI,,Renault
4689,847,808,4,10,10,1:14.699,1:14.354,1:14.085,2011,7,7,Canadian Grand Prix,2011-06-12,Vitaly Petrov,PET,,Renault
4690,847,814,10,15,11,1:14.874,1:14.752,,2011,7,7,Canadian Grand Prix,2011-06-12,Paul di Resta,DIR,40.0,Force India
4691,847,813,3,12,12,1:15.585,1:15.043,,2011,7,7,Canadian Grand Prix,2011-06-12,Pastor Maldonado,MAL,13.0,Williams
4692,847,155,15,16,13,1:15.694,1:15.285,,2011,7,7,Canadian Grand Prix,2011-06-12,Kamui Kobayashi,KOB,10.0,Sauber
4693,847,16,10,14,14,1:14.931,1:15.287,,2011,7,7,Canadian Grand Prix,2011-06-12,Adrian Sutil,SUT,99.0,Force India
4694,847,67,5,18,15,1:15.901,1:15.334,,2011,7,7,Canadian Grand Prix,2011-06-12,Sébastien Buemi,BUE,,Toro Rosso
4695,847,22,3,11,16,1:15.331,1:15.361,,2011,7,7,Canadian Grand Prix,2011-06-12,Rubens Barrichello,BAR,,Williams
4696,847,37,15,17,17,1:16.229,1:15.587,,2011,7,7,Canadian Grand Prix,2011-06-12,Pedro de la Rosa,DLR,,Sauber
4697,847,153,5,19,18,1:16.294,,,2011,7,7,Canadian Grand Prix,2011-06-12,Jaime Alguersuari,ALG,,Toro Rosso
4698,847,15,205,21,19,1:16.745,,,2011,7,7,Canadian Grand Prix,2011-06-12,Jarno Trulli,TRU,,Lotus
4699,847,5,205,20,20,1:16.786,,,2011,7,7,Canadian Grand Prix,2011-06-12,Heikki Kovalainen,KOV,,Lotus
4700,847,24,164,23,21,1:18.424,,,2011,7,7,Canadian Grand Prix,2011-06-12,Vitantonio Liuzzi,LIU,,HRT
4701,847,10,166,24,22,1:18.537,,,2011,7,7,Canadian Grand Prix,2011-06-12,Timo Glock,GLO,,Virgin
4702,847,39,164,22,23,1:18.574,,,2011,7,7,Canadian Grand Prix,2011-06-12,Narain Karthikeyan,KAR,,HRT
4703,847,816,166,25,24,1:19.414,,,2011,7,7,Canadian Grand Prix,2011-06-12,Jérôme d'Ambrosio,DAM,,Virgin
4704,848,20,9,1,1,1:39.116,1:37.305,1:36.975,2011,8,12,European Grand Prix,2011-06-26,Sebastian Vettel,VET,5.0,Red Bull
4705,848,17,9,2,2,1:39.956,1:38.058,1:37.163,2011,8,12,European Grand Prix,2011-06-26,Mark Webber,WEB,,Red Bull
4706,848,1,1,3,3,1:39.244,1:37.727,1:37.380,2011,8,12,European Grand Prix,2011-06-26,Lewis Hamilton,HAM,44.0,McLaren
4707,848,4,6,5,4,1:39.725,1:37.930,1:37.454,2011,8,12,European Grand Prix,2011-06-26,Fernando Alonso,ALO,14.0,Ferrari
4708,848,13,6,6,5,1:38.413,1:38.566,1:37.535,2011,8,12,European Grand Prix,2011-06-26,Felipe Massa,MAS,19.0,Ferrari
4709,848,18,1,4,6,1:39.453,1:37.749,1:37.645,2011,8,12,European Grand Prix,2011-06-26,Jenson Button,BUT,22.0,McLaren
4710,848,3,131,8,7,1:39.266,1:38.373,1:38.231,2011,8,12,European Grand Prix,2011-06-26,Nico Rosberg,ROS,6.0,Mercedes
4711,848,30,131,7,8,1:39.198,1:38.365,1:38.240,2011,8,12,European Grand Prix,2011-06-26,Michael Schumacher,MSC,,Mercedes
4712,848,2,4,9,9,1:39.877,1:38.781,,2011,8,12,European Grand Prix,2011-06-26,Nick Heidfeld,HEI,,Renault
4713,848,16,10,14,10,1:39.329,1:39.034,,2011,8,12,European Grand Prix,2011-06-26,Adrian Sutil,SUT,99.0,Force India
4714,848,808,4,10,11,1:39.690,1:39.068,,2011,8,12,European Grand Prix,2011-06-26,Vitaly Petrov,PET,,Renault
4715,848,814,10,15,12,1:39.852,1:39.422,,2011,8,12,European Grand Prix,2011-06-26,Paul di Resta,DIR,40.0,Force India
4716,848,22,3,11,13,1:39.602,1:39.489,,2011,8,12,European Grand Prix,2011-06-26,Rubens Barrichello,BAR,,Williams
4717,848,155,15,16,14,1:40.131,1:39.525,,2011,8,12,European Grand Prix,2011-06-26,Kamui Kobayashi,KOB,10.0,Sauber
4718,848,813,3,12,15,1:39.690,1:39.645,,2011,8,12,European Grand Prix,2011-06-26,Pastor Maldonado,MAL,13.0,Williams
4719,848,815,15,17,16,1:39.494,1:39.657,,2011,8,12,European Grand Prix,2011-06-26,Sergio Pérez,PER,11.0,Sauber
4720,848,67,5,18,17,1:39.679,1:39.711,,2011,8,12,European Grand Prix,2011-06-26,Sébastien Buemi,BUE,,Toro Rosso
4721,848,153,5,19,18,1:40.232,,,2011,8,12,European Grand Prix,2011-06-26,Jaime Alguersuari,ALG,,Toro Rosso
4722,848,5,205,20,19,1:41.664,,,2011,8,12,European Grand Prix,2011-06-26,Heikki Kovalainen,KOV,,Lotus
4723,848,15,205,21,20,1:42.234,,,2011,8,12,European Grand Prix,2011-06-26,Jarno Trulli,TRU,,Lotus
4724,848,10,166,24,21,1:42.553,,,2011,8,12,European Grand Prix,2011-06-26,Timo Glock,GLO,,Virgin
4725,848,24,164,23,22,1:43.584,,,2011,8,12,European Grand Prix,2011-06-26,Vitantonio Liuzzi,LIU,,HRT
4726,848,816,166,25,23,1:43.735,,,2011,8,12,European Grand Prix,2011-06-26,Jérôme d'Ambrosio,DAM,,Virgin
4727,848,39,164,22,24,1:44.363,,,2011,8,12,European Grand Prix,2011-06-26,Narain Karthikeyan,KAR,,HRT
4728,849,17,9,2,1,1:32.670,1:31.673,1:30.399,2011,9,9,British Grand Prix,2011-07-10,Mark Webber,WEB,,Red Bull
4729,849,20,9,1,2,1:32.977,1:32.379,1:30.431,2011,9,9,British Grand Prix,2011-07-10,Sebastian Vettel,VET,5.0,Red Bull
4730,849,4,6,5,3,1:32.986,1:31.727,1:30.516,2011,9,9,British Grand Prix,2011-07-10,Fernando Alonso,ALO,14.0,Ferrari
4731,849,13,6,6,4,1:32.760,1:31.640,1:31.124,2011,9,9,British Grand Prix,2011-07-10,Felipe Massa,MAS,19.0,Ferrari
4732,849,18,1,4,5,1:34.230,1:32.273,1:31.898,2011,9,9,British Grand Prix,2011-07-10,Jenson Button,BUT,22.0,McLaren
4733,849,814,10,15,6,1:34.472,1:32.569,1:31.929,2011,9,9,British Grand Prix,2011-07-10,Paul di Resta,DIR,40.0,Force India
4734,849,813,3,12,7,1:32.702,1:32.588,1:31.933,2011,9,9,British Grand Prix,2011-07-10,Pastor Maldonado,MAL,13.0,Williams
4735,849,155,15,16,8,1:34.324,1:32.399,1:32.128,2011,9,9,British Grand Prix,2011-07-10,Kamui Kobayashi,KOB,10.0,Sauber
4736,849,3,131,8,9,1:34.186,1:32.295,1:32.209,2011,9,9,British Grand Prix,2011-07-10,Nico Rosberg,ROS,6.0,Mercedes
4737,849,1,1,3,10,1:33.581,1:32.505,1:32.376,2011,9,9,British Grand Prix,2011-07-10,Lewis Hamilton,HAM,44.0,McLaren
4738,849,16,10,14,11,1:34.454,1:32.617,,2011,9,9,British Grand Prix,2011-07-10,Adrian Sutil,SUT,99.0,Force India
4739,849,815,15,17,12,1:34.145,1:32.624,,2011,9,9,British Grand Prix,2011-07-10,Sergio Pérez,PER,11.0,Sauber
4740,849,30,131,7,13,1:34.160,1:32.656,,2011,9,9,British Grand Prix,2011-07-10,Michael Schumacher,MSC,,Mercedes
4741,849,808,4,10,14,1:34.428,1:32.734,,2011,9,9,British Grand Prix,2011-07-10,Vitaly Petrov,PET,,Renault
4742,849,22,3,11,15,1:33.532,1:33.119,,2011,9,9,British Grand Prix,2011-07-10,Rubens Barrichello,BAR,,Williams
4743,849,2,4,9,16,1:35.132,1:33.805,,2011,9,9,British Grand Prix,2011-07-10,Nick Heidfeld,HEI,,Renault
4744,849,5,205,20,17,1:34.923,1:34.821,,2011,9,9,British Grand Prix,2011-07-10,Heikki Kovalainen,KOV,,Lotus
4745,849,153,5,19,18,1:35.245,,,2011,9,9,British Grand Prix,2011-07-10,Jaime Alguersuari,ALG,,Toro Rosso
4746,849,67,5,18,19,1:35.749,,,2011,9,9,British Grand Prix,2011-07-10,Sébastien Buemi,BUE,,Toro Rosso
4747,849,10,166,24,20,1:36.203,,,2011,9,9,British Grand Prix,2011-07-10,Timo Glock,GLO,,Virgin
4748,849,15,205,21,21,1:36.456,,,2011,9,9,British Grand Prix,2011-07-10,Jarno Trulli,TRU,,Lotus
4749,849,816,166,25,22,1:37.154,,,2011,9,9,British Grand Prix,2011-07-10,Jérôme d'Ambrosio,DAM,,Virgin
4750,849,24,164,23,23,1:37.484,,,2011,9,9,British Grand Prix,2011-07-10,Vitantonio Liuzzi,LIU,,HRT
4751,849,817,164,22,24,1:38.059,,,2011,9,9,British Grand Prix,2011-07-10,Daniel Ricciardo,RIC,3.0,HRT
4752,850,17,9,2,1,1:33.096,1:31.311,1:30.079,2011,10,20,German Grand Prix,2011-07-24,Mark Webber,WEB,,Red Bull
4753,850,1,1,3,2,1:32.934,1:30.998,1:30.134,2011,10,20,German Grand Prix,2011-07-24,Lewis Hamilton,HAM,44.0,McLaren
4754,850,20,9,1,3,1:32.973,1:31.017,1:30.216,2011,10,20,German Grand Prix,2011-07-24,Sebastian Vettel,VET,5.0,Red Bull
4755,850,4,6,5,4,1:32.916,1:31.150,1:30.442,2011,10,20,German Grand Prix,2011-07-24,Fernando Alonso,ALO,14.0,Ferrari
4756,850,13,6,6,5,1:31.826,1:31.582,1:30.910,2011,10,20,German Grand Prix,2011-07-24,Felipe Massa,MAS,19.0,Ferrari
4757,850,3,131,8,6,1:32.785,1:31.343,1:31.263,2011,10,20,German Grand Prix,2011-07-24,Nico Rosberg,ROS,6.0,Mercedes
4758,850,18,1,4,7,1:33.224,1:31.532,1:31.288,2011,10,20,German Grand Prix,2011-07-24,Jenson Button,BUT,22.0,McLaren
4759,850,16,10,14,8,1:32.286,1:31.809,1:32.010,2011,10,20,German Grand Prix,2011-07-24,Adrian Sutil,SUT,99.0,Force India
4760,850,808,4,10,9,1:33.187,1:31.985,1:32.187,2011,10,20,German Grand Prix,2011-07-24,Vitaly Petrov,PET,,Renault
4761,850,30,131,7,10,1:32.603,1:32.180,1:32.482,2011,10,20,German Grand Prix,2011-07-24,Michael Schumacher,MSC,,Mercedes
4762,850,2,4,9,11,1:32.505,1:32.215,,2011,10,20,German Grand Prix,2011-07-24,Nick Heidfeld,HEI,,Renault
4763,850,814,10,15,12,1:32.651,1:32.560,,2011,10,20,German Grand Prix,2011-07-24,Paul di Resta,DIR,40.0,Force India
4764,850,813,3,12,13,1:33.003,1:32.635,,2011,10,20,German Grand Prix,2011-07-24,Pastor Maldonado,MAL,13.0,Williams
4765,850,22,3,11,14,1:33.664,1:33.043,,2011,10,20,German Grand Prix,2011-07-24,Rubens Barrichello,BAR,,Williams
4766,850,815,15,17,15,1:33.295,1:33.176,,2011,10,20,German Grand Prix,2011-07-24,Sergio Pérez,PER,11.0,Sauber
4767,850,67,5,18,16,1:33.635,1:33.546,,2011,10,20,German Grand Prix,2011-07-24,Sébastien Buemi,BUE,,Toro Rosso
4768,850,153,5,19,17,1:33.658,1:33.698,,2011,10,20,German Grand Prix,2011-07-24,Jaime Alguersuari,ALG,,Toro Rosso
4769,850,155,15,16,18,1:33.786,,,2011,10,20,German Grand Prix,2011-07-24,Kamui Kobayashi,KOB,10.0,Sauber
4770,850,5,205,20,19,1:35.599,,,2011,10,20,German Grand Prix,2011-07-24,Heikki Kovalainen,KOV,,Lotus
4771,850,10,166,24,20,1:36.400,,,2011,10,20,German Grand Prix,2011-07-24,Timo Glock,GLO,,Virgin
4772,850,812,205,21,21,1:36.422,,,2011,10,20,German Grand Prix,2011-07-24,Karun Chandhok,CHA,,Lotus
4773,850,816,166,25,22,1:36.641,,,2011,10,20,German Grand Prix,2011-07-24,Jérôme d'Ambrosio,DAM,,Virgin
4774,850,24,164,23,23,1:37.011,,,2011,10,20,German Grand Prix,2011-07-24,Vitantonio Liuzzi,LIU,,HRT
4775,850,817,164,22,24,1:37.036,,,2011,10,20,German Grand Prix,2011-07-24,Daniel Ricciardo,RIC,3.0,HRT
4776,851,20,9,1,1,1:21.740,1:21.095,1:19.815,2011,11,11,Hungarian Grand Prix,2011-07-31,Sebastian Vettel,VET,5.0,Red Bull
4777,851,1,1,3,2,1:21.636,1:21.105,1:19.978,2011,11,11,Hungarian Grand Prix,2011-07-31,Lewis Hamilton,HAM,44.0,McLaren
4778,851,18,1,4,3,1:22.038,1:20.578,1:20.024,2011,11,11,Hungarian Grand Prix,2011-07-31,Jenson Button,BUT,22.0,McLaren
4779,851,13,6,6,4,1:22.130,1:21.099,1:20.350,2011,11,11,Hungarian Grand Prix,2011-07-31,Felipe Massa,MAS,19.0,Ferrari
4780,851,4,6,5,5,1:21.578,1:20.262,1:20.365,2011,11,11,Hungarian Grand Prix,2011-07-31,Fernando Alonso,ALO,14.0,Ferrari
4781,851,17,9,2,6,1:22.208,1:20.890,1:20.474,2011,11,11,Hungarian Grand Prix,2011-07-31,Mark Webber,WEB,,Red Bull
4782,851,3,131,8,7,1:22.996,1:21.243,1:21.098,2011,11,11,Hungarian Grand Prix,2011-07-31,Nico Rosberg,ROS,6.0,Mercedes
4783,851,16,10,14,8,1:22.237,1:22.000,1:21.445,2011,11,11,Hungarian Grand Prix,2011-07-31,Adrian Sutil,SUT,99.0,Force India
4784,851,30,131,7,9,1:22.876,1:21.852,1:21.907,2011,11,11,Hungarian Grand Prix,2011-07-31,Michael Schumacher,MSC,,Mercedes
4785,851,815,15,17,10,1:23.067,1:22.157,,2011,11,11,Hungarian Grand Prix,2011-07-31,Sergio Pérez,PER,11.0,Sauber
4786,851,814,10,15,11,1:22.976,1:22.256,,2011,11,11,Hungarian Grand Prix,2011-07-31,Paul di Resta,DIR,40.0,Force India
4787,851,808,4,10,12,1:23.070,1:22.284,,2011,11,11,Hungarian Grand Prix,2011-07-31,Vitaly Petrov,PET,,Renault
4788,851,155,15,16,13,1:23.278,1:22.435,,2011,11,11,Hungarian Grand Prix,2011-07-31,Kamui Kobayashi,KOB,10.0,Sauber
4789,851,2,4,9,14,1:23.024,1:22.470,,2011,11,11,Hungarian Grand Prix,2011-07-31,Nick Heidfeld,HEI,,Renault
4790,851,22,3,11,15,1:23.075,1:22.684,,2011,11,11,Hungarian Grand Prix,2011-07-31,Rubens Barrichello,BAR,,Williams
4791,851,153,5,19,16,1:23.285,1:22.979,,2011,11,11,Hungarian Grand Prix,2011-07-31,Jaime Alguersuari,ALG,,Toro Rosso
4792,851,813,3,12,17,1:23.847,,,2011,11,11,Hungarian Grand Prix,2011-07-31,Pastor Maldonado,MAL,13.0,Williams
4793,851,67,5,18,18,1:24.070,,,2011,11,11,Hungarian Grand Prix,2011-07-31,Sébastien Buemi,BUE,,Toro Rosso
4794,851,5,205,20,19,1:24.362,,,2011,11,11,Hungarian Grand Prix,2011-07-31,Heikki Kovalainen,KOV,,Lotus
4795,851,15,205,21,20,1:24.534,,,2011,11,11,Hungarian Grand Prix,2011-07-31,Jarno Trulli,TRU,,Lotus
4796,851,10,166,24,21,1:26.294,,,2011,11,11,Hungarian Grand Prix,2011-07-31,Timo Glock,GLO,,Virgin
4797,851,24,164,23,22,1:26.323,,,2011,11,11,Hungarian Grand Prix,2011-07-31,Vitantonio Liuzzi,LIU,,HRT
4798,851,817,164,22,23,1:26.479,,,2011,11,11,Hungarian Grand Prix,2011-07-31,Daniel Ricciardo,RIC,3.0,HRT
4799,851,816,166,25,24,1:26.510,,,2011,11,11,Hungarian Grand Prix,2011-07-31,Jérôme d'Ambrosio,DAM,,Virgin
4800,852,20,9,1,1,2:03.029,2:03.317,1:48.298,2011,12,13,Belgian Grand Prix,2011-08-28,Sebastian Vettel,VET,5.0,Red Bull
4801,852,1,1,3,2,2:03.008,2:02.823,1:48.730,2011,12,13,Belgian Grand Prix,2011-08-28,Lewis Hamilton,HAM,44.0,McLaren
4802,852,17,9,2,3,2:02.827,2:03.302,1:49.376,2011,12,13,Belgian Grand Prix,2011-08-28,Mark Webber,WEB,,Red Bull
4803,852,13,6,6,4,2:05.834,2:04.507,1:50.256,2011,12,13,Belgian Grand Prix,2011-08-28,Felipe Massa,MAS,19.0,Ferrari
4804,852,3,131,8,5,2:05.091,2:03.723,1:50.552,2011,12,13,Belgian Grand Prix,2011-08-28,Nico Rosberg,ROS,6.0,Mercedes
4805,852,153,5,19,6,2:05.419,2:04.561,1:50.773,2011,12,13,Belgian Grand Prix,2011-08-28,Jaime Alguersuari,ALG,,Toro Rosso
4806,852,811,4,9,7,2:05.047,2:04.452,1:51.121,2011,12,13,Belgian Grand Prix,2011-08-28,Bruno Senna,SEN,,Renault
4807,852,4,6,5,8,2:04.450,2:02.768,1:51.251,2011,12,13,Belgian Grand Prix,2011-08-28,Fernando Alonso,ALO,14.0,Ferrari
4808,852,815,15,17,9,2:06.284,2:04.625,1:51.374,2011,12,13,Belgian Grand Prix,2011-08-28,Sergio Pérez,PER,11.0,Sauber
4809,852,808,4,10,10,2:05.292,2:03.466,1:52.303,2011,12,13,Belgian Grand Prix,2011-08-28,Vitaly Petrov,PET,,Renault
4810,852,67,5,18,11,2:04.744,2:04.692,,2011,12,13,Belgian Grand Prix,2011-08-28,Sébastien Buemi,BUE,,Toro Rosso
4811,852,155,15,16,12,2:07.194,2:04.757,,2011,12,13,Belgian Grand Prix,2011-08-28,Kamui Kobayashi,KOB,10.0,Sauber
4812,852,18,1,4,13,2:01.813,2:05.150,,2011,12,13,Belgian Grand Prix,2011-08-28,Jenson Button,BUT,22.0,McLaren
4813,852,22,3,11,14,2:05.720,2:07.349,,2011,12,13,Belgian Grand Prix,2011-08-28,Rubens Barrichello,BAR,,Williams
4814,852,16,10,14,15,2:06.000,2:07.777,,2011,12,13,Belgian Grand Prix,2011-08-28,Adrian Sutil,SUT,99.0,Force India
4815,852,813,3,12,16,2:05.621,2:08.106,,2011,12,13,Belgian Grand Prix,2011-08-28,Pastor Maldonado,MAL,13.0,Williams
4816,852,5,205,20,17,2:06.780,2:08.354,,2011,12,13,Belgian Grand Prix,2011-08-28,Heikki Kovalainen,KOV,,Lotus
4817,852,814,10,15,18,2:07.758,,,2011,12,13,Belgian Grand Prix,2011-08-28,Paul di Resta,DIR,40.0,Force India
4818,852,15,205,21,19,2:08.773,,,2011,12,13,Belgian Grand Prix,2011-08-28,Jarno Trulli,TRU,,Lotus
4819,852,10,166,24,20,2:09.566,,,2011,12,13,Belgian Grand Prix,2011-08-28,Timo Glock,GLO,,Virgin
4820,852,816,166,25,21,2:11.601,,,2011,12,13,Belgian Grand Prix,2011-08-28,Jérôme d'Ambrosio,DAM,,Virgin
4821,852,24,164,23,22,2:11.616,,,2011,12,13,Belgian Grand Prix,2011-08-28,Vitantonio Liuzzi,LIU,,HRT
4822,852,817,164,22,23,2:13.077,,,2011,12,13,Belgian Grand Prix,2011-08-28,Daniel Ricciardo,RIC,3.0,HRT
4823,854,20,9,1,1,1:46.397,1:44.931,1:44.381,2011,14,15,Singapore Grand Prix,2011-09-25,Sebastian Vettel,VET,5.0,Red Bull
4824,854,17,9,2,2,1:47.332,1:45.651,1:44.732,2011,14,15,Singapore Grand Prix,2011-09-25,Mark Webber,WEB,,Red Bull
4825,854,18,1,4,3,1:46.956,1:45.472,1:44.804,2011,14,15,Singapore Grand Prix,2011-09-25,Jenson Button,BUT,22.0,McLaren
4826,854,1,1,3,4,1:47.014,1:46.829,1:44.809,2011,14,15,Singapore Grand Prix,2011-09-25,Lewis Hamilton,HAM,44.0,McLaren
4827,854,4,6,5,5,1:47.054,1:45.779,1:44.874,2011,14,15,Singapore Grand Prix,2011-09-25,Fernando Alonso,ALO,14.0,Ferrari
4828,854,13,6,6,6,1:47.945,1:45.955,1:45.800,2011,14,15,Singapore Grand Prix,2011-09-25,Felipe Massa,MAS,19.0,Ferrari
4829,854,3,131,8,7,1:47.688,1:46.405,1:46.013,2011,14,15,Singapore Grand Prix,2011-09-25,Nico Rosberg,ROS,6.0,Mercedes
4830,854,30,131,7,8,1:48.819,1:46.043,,2011,14,15,Singapore Grand Prix,2011-09-25,Michael Schumacher,MSC,,Mercedes
4831,854,16,10,14,9,1:47.952,1:47.093,,2011,14,15,Singapore Grand Prix,2011-09-25,Adrian Sutil,SUT,99.0,Force India
4832,854,814,10,15,10,1:48.022,1:47.486,,2011,14,15,Singapore Grand Prix,2011-09-25,Paul di Resta,DIR,40.0,Force India
4833,854,815,15,17,11,1:47.717,1:47.616,,2011,14,15,Singapore Grand Prix,2011-09-25,Sergio Pérez,PER,11.0,Sauber
4834,854,22,3,11,12,1:48.061,1:48.082,,2011,14,15,Singapore Grand Prix,2011-09-25,Rubens Barrichello,BAR,,Williams
4835,854,813,3,12,13,1:49.710,1:48.270,,2011,14,15,Singapore Grand Prix,2011-09-25,Pastor Maldonado,MAL,13.0,Williams
4836,854,67,5,18,14,1:48.753,1:48.634,,2011,14,15,Singapore Grand Prix,2011-09-25,Sébastien Buemi,BUE,,Toro Rosso
4837,854,811,4,9,15,1:48.861,1:48.662,,2011,14,15,Singapore Grand Prix,2011-09-25,Bruno Senna,SEN,,Renault
4838,854,153,5,19,16,1:49.588,1:49.862,,2011,14,15,Singapore Grand Prix,2011-09-25,Jaime Alguersuari,ALG,,Toro Rosso
4839,854,155,15,16,17,1:48.054,,,2011,14,15,Singapore Grand Prix,2011-09-25,Kamui Kobayashi,KOB,10.0,Sauber
4840,854,808,4,10,18,1:49.835,,,2011,14,15,Singapore Grand Prix,2011-09-25,Vitaly Petrov,PET,,Renault
4841,854,5,205,20,19,1:50.948,,,2011,14,15,Singapore Grand Prix,2011-09-25,Heikki Kovalainen,KOV,,Lotus
4842,854,15,205,21,20,1:51.012,,,2011,14,15,Singapore Grand Prix,2011-09-25,Jarno Trulli,TRU,,Lotus
4843,854,10,166,24,21,1:52.154,,,2011,14,15,Singapore Grand Prix,2011-09-25,Timo Glock,GLO,,Virgin
4844,854,816,166,25,22,1:52.363,,,2011,14,15,Singapore Grand Prix,2011-09-25,Jérôme d'Ambrosio,DAM,,Virgin
4845,854,817,164,22,23,1:52.404,,,2011,14,15,Singapore Grand Prix,2011-09-25,Daniel Ricciardo,RIC,3.0,HRT
4846,854,24,164,23,24,1:52.810,,,2011,14,15,Singapore Grand Prix,2011-09-25,Vitantonio Liuzzi,LIU,,HRT
4847,855,20,9,1,1,1:33.051,1:31.424,1:30.466,2011,15,22,Japanese Grand Prix,2011-10-09,Sebastian Vettel,VET,5.0,Red Bull
4848,855,18,1,4,2,1:32.947,1:31.434,1:30.475,2011,15,22,Japanese Grand Prix,2011-10-09,Jenson Button,BUT,22.0,McLaren
4849,855,1,1,3,3,1:32.843,1:31.139,1:30.617,2011,15,22,Japanese Grand Prix,2011-10-09,Lewis Hamilton,HAM,44.0,McLaren
4850,855,13,6,6,4,1:33.235,1:31.909,1:30.804,2011,15,22,Japanese Grand Prix,2011-10-09,Felipe Massa,MAS,19.0,Ferrari
4851,855,4,6,5,5,1:32.817,1:31.612,1:30.886,2011,15,22,Japanese Grand Prix,2011-10-09,Fernando Alonso,ALO,14.0,Ferrari
4852,855,17,9,2,6,1:33.135,1:31.576,1:31.156,2011,15,22,Japanese Grand Prix,2011-10-09,Mark Webber,WEB,,Red Bull
4853,855,155,15,16,10,1:32.626,1:32.380,,2011,15,22,Japanese Grand Prix,2011-10-09,Kamui Kobayashi,KOB,10.0,Sauber
4854,855,30,131,7,7,1:33.748,1:32.116,,2011,15,22,Japanese Grand Prix,2011-10-09,Michael Schumacher,MSC,,Mercedes
4855,855,811,4,9,8,1:33.359,1:32.297,,2011,15,22,Japanese Grand Prix,2011-10-09,Bruno Senna,SEN,,Renault
4856,855,808,4,10,9,1:32.877,1:32.245,,2011,15,22,Japanese Grand Prix,2011-10-09,Vitaly Petrov,PET,,Renault
4857,855,16,10,14,11,1:32.761,1:32.463,,2011,15,22,Japanese Grand Prix,2011-10-09,Adrian Sutil,SUT,99.0,Force India
4858,855,814,10,15,12,1:33.499,1:32.746,,2011,15,22,Japanese Grand Prix,2011-10-09,Paul di Resta,DIR,40.0,Force India
4859,855,22,3,11,13,1:33.921,1:33.079,,2011,15,22,Japanese Grand Prix,2011-10-09,Rubens Barrichello,BAR,,Williams
4860,855,813,3,12,14,1:33.781,1:33.224,,2011,15,22,Japanese Grand Prix,2011-10-09,Pastor Maldonado,MAL,13.0,Williams
4861,855,67,5,18,15,1:33.064,1:33.227,,2011,15,22,Japanese Grand Prix,2011-10-09,Sébastien Buemi,BUE,,Toro Rosso
4862,855,153,5,19,16,1:35.111,1:33.427,,2011,15,22,Japanese Grand Prix,2011-10-09,Jaime Alguersuari,ALG,,Toro Rosso
4863,855,815,15,17,17,1:34.704,,,2011,15,22,Japanese Grand Prix,2011-10-09,Sergio Pérez,PER,11.0,Sauber
4864,855,5,205,20,18,1:35.454,,,2011,15,22,Japanese Grand Prix,2011-10-09,Heikki Kovalainen,KOV,,Lotus
4865,855,15,205,21,19,1:35.514,,,2011,15,22,Japanese Grand Prix,2011-10-09,Jarno Trulli,TRU,,Lotus
4866,855,816,166,25,20,1:36.439,,,2011,15,22,Japanese Grand Prix,2011-10-09,Jérôme d'Ambrosio,DAM,,Virgin
4867,855,10,166,24,21,1:36.507,,,2011,15,22,Japanese Grand Prix,2011-10-09,Timo Glock,GLO,,Virgin
4868,855,817,164,22,22,1:37.846,,,2011,15,22,Japanese Grand Prix,2011-10-09,Daniel Ricciardo,RIC,3.0,HRT
4869,855,3,131,8,23,,,,2011,15,22,Japanese Grand Prix,2011-10-09,Nico Rosberg,ROS,6.0,Mercedes
4870,855,24,164,23,24,,,,2011,15,22,Japanese Grand Prix,2011-10-09,Vitantonio Liuzzi,LIU,,HRT
4871,856,1,1,3,1,1:37.525,1:36.526,1:35.820,2011,16,35,Korean Grand Prix,2011-10-16,Lewis Hamilton,HAM,44.0,McLaren
4872,856,20,9,1,2,1:39.093,1:37.285,1:36.042,2011,16,35,Korean Grand Prix,2011-10-16,Sebastian Vettel,VET,5.0,Red Bull
4873,856,18,1,4,3,1:37.929,1:37.302,1:36.126,2011,16,35,Korean Grand Prix,2011-10-16,Jenson Button,BUT,22.0,McLaren
4874,856,17,9,2,4,1:39.071,1:37.292,1:36.468,2011,16,35,Korean Grand Prix,2011-10-16,Mark Webber,WEB,,Red Bull
4875,856,13,6,6,5,1:38.670,1:37.313,1:36.831,2011,16,35,Korean Grand Prix,2011-10-16,Felipe Massa,MAS,19.0,Ferrari
4876,856,4,6,5,6,1:38.393,1:37.352,1:36.980,2011,16,35,Korean Grand Prix,2011-10-16,Fernando Alonso,ALO,14.0,Ferrari
4877,856,3,131,8,7,1:38.426,1:37.892,1:37.754,2011,16,35,Korean Grand Prix,2011-10-16,Nico Rosberg,ROS,6.0,Mercedes
4878,856,808,4,10,8,1:38.378,1:38.186,1:38.124,2011,16,35,Korean Grand Prix,2011-10-16,Vitaly Petrov,PET,,Renault
4879,856,814,10,15,9,1:38.549,1:38.254,,2011,16,35,Korean Grand Prix,2011-10-16,Paul di Resta,DIR,40.0,Force India
4880,856,16,10,14,10,1:38.789,1:38.219,,2011,16,35,Korean Grand Prix,2011-10-16,Adrian Sutil,SUT,99.0,Force India
4881,856,153,5,19,11,1:39.392,1:38.315,,2011,16,35,Korean Grand Prix,2011-10-16,Jaime Alguersuari,ALG,,Toro Rosso
4882,856,30,131,7,12,1:38.502,1:38.354,,2011,16,35,Korean Grand Prix,2011-10-16,Michael Schumacher,MSC,,Mercedes
4883,856,67,5,18,13,1:39.352,1:38.508,,2011,16,35,Korean Grand Prix,2011-10-16,Sébastien Buemi,BUE,,Toro Rosso
4884,856,155,15,16,14,1:39.464,1:38.775,,2011,16,35,Korean Grand Prix,2011-10-16,Kamui Kobayashi,KOB,10.0,Sauber
4885,856,811,4,9,15,1:39.316,1:38.791,,2011,16,35,Korean Grand Prix,2011-10-16,Bruno Senna,SEN,,Renault
4886,856,813,3,12,16,1:39.436,1:39.189,,2011,16,35,Korean Grand Prix,2011-10-16,Pastor Maldonado,MAL,13.0,Williams
4887,856,815,15,17,17,1:39.097,1:39.443,,2011,16,35,Korean Grand Prix,2011-10-16,Sergio Pérez,PER,11.0,Sauber
4888,856,22,3,11,18,1:39.538,,,2011,16,35,Korean Grand Prix,2011-10-16,Rubens Barrichello,BAR,,Williams
4889,856,5,205,20,19,1:40.522,,,2011,16,35,Korean Grand Prix,2011-10-16,Heikki Kovalainen,KOV,,Lotus
4890,856,15,205,21,20,1:41.101,,,2011,16,35,Korean Grand Prix,2011-10-16,Jarno Trulli,TRU,,Lotus
4891,856,10,166,24,21,1:42.091,,,2011,16,35,Korean Grand Prix,2011-10-16,Timo Glock,GLO,,Virgin
4892,856,816,166,25,22,1:43.483,,,2011,16,35,Korean Grand Prix,2011-10-16,Jérôme d'Ambrosio,DAM,,Virgin
4893,856,24,164,23,23,1:43.758,,,2011,16,35,Korean Grand Prix,2011-10-16,Vitantonio Liuzzi,LIU,,HRT
4894,856,817,164,22,24,,,,2011,16,35,Korean Grand Prix,2011-10-16,Daniel Ricciardo,RIC,3.0,HRT
4895,857,20,9,1,1,1:26.218,1:24.657,1:24.178,2011,17,68,Indian Grand Prix,2011-10-30,Sebastian Vettel,VET,5.0,Red Bull
4896,857,1,1,3,2,1:26.563,1:25.019,1:24.474,2011,17,68,Indian Grand Prix,2011-10-30,Lewis Hamilton,HAM,44.0,McLaren
4897,857,17,9,2,3,1:26.473,1:25.282,1:24.508,2011,17,68,Indian Grand Prix,2011-10-30,Mark Webber,WEB,,Red Bull
4898,857,4,6,5,4,1:26.774,1:25.158,1:24.519,2011,17,68,Indian Grand Prix,2011-10-30,Fernando Alonso,ALO,14.0,Ferrari
4899,857,18,1,4,5,1:26.225,1:25.299,1:24.950,2011,17,68,Indian Grand Prix,2011-10-30,Jenson Button,BUT,22.0,McLaren
4900,857,13,6,6,6,1:27.012,1:25.522,1:25.122,2011,17,68,Indian Grand Prix,2011-10-30,Felipe Massa,MAS,19.0,Ferrari
4901,857,3,131,8,7,1:26.364,1:25.555,1:25.451,2011,17,68,Indian Grand Prix,2011-10-30,Nico Rosberg,ROS,6.0,Mercedes
4902,857,16,10,14,8,1:26.271,1:26.140,,2011,17,68,Indian Grand Prix,2011-10-30,Adrian Sutil,SUT,99.0,Force India
4903,857,67,5,18,9,1:26.608,1:26.161,,2011,17,68,Indian Grand Prix,2011-10-30,Sébastien Buemi,BUE,,Toro Rosso
4904,857,153,5,19,10,1:26.557,1:26.319,,2011,17,68,Indian Grand Prix,2011-10-30,Jaime Alguersuari,ALG,,Toro Rosso
4905,857,808,4,10,11,1:26.189,1:26.319,,2011,17,68,Indian Grand Prix,2011-10-30,Vitaly Petrov,PET,,Renault
4906,857,30,131,7,12,1:26.790,1:26.337,,2011,17,68,Indian Grand Prix,2011-10-30,Michael Schumacher,MSC,,Mercedes
4907,857,814,10,15,13,1:26.864,1:26.503,,2011,17,68,Indian Grand Prix,2011-10-30,Paul di Resta,DIR,40.0,Force India
4908,857,813,3,12,14,1:26.829,1:26.537,,2011,17,68,Indian Grand Prix,2011-10-30,Pastor Maldonado,MAL,13.0,Williams
4909,857,811,4,9,15,1:26.766,1:26.651,,2011,17,68,Indian Grand Prix,2011-10-30,Bruno Senna,SEN,,Renault
4910,857,22,3,11,16,1:27.479,1:27.247,,2011,17,68,Indian Grand Prix,2011-10-30,Rubens Barrichello,BAR,,Williams
4911,857,815,15,17,17,1:27.249,1:27.562,,2011,17,68,Indian Grand Prix,2011-10-30,Sergio Pérez,PER,11.0,Sauber
4912,857,155,15,16,18,1:27.876,,,2011,17,68,Indian Grand Prix,2011-10-30,Kamui Kobayashi,KOB,10.0,Sauber
4913,857,5,205,20,19,1:28.565,,,2011,17,68,Indian Grand Prix,2011-10-30,Heikki Kovalainen,KOV,,Lotus
4914,857,15,205,21,20,1:28.752,,,2011,17,68,Indian Grand Prix,2011-10-30,Jarno Trulli,TRU,,Lotus
4915,857,817,164,23,21,1:30.216,,,2011,17,68,Indian Grand Prix,2011-10-30,Daniel Ricciardo,RIC,3.0,HRT
4916,857,39,164,22,22,1:30.238,,,2011,17,68,Indian Grand Prix,2011-10-30,Narain Karthikeyan,KAR,,HRT
4917,857,816,166,25,23,1:30.866,,,2011,17,68,Indian Grand Prix,2011-10-30,Jérôme d'Ambrosio,DAM,,Virgin
4918,857,10,166,24,24,1:34.046,,,2011,17,68,Indian Grand Prix,2011-10-30,Timo Glock,GLO,,Virgin
4919,858,20,9,1,1,1:40.478,1:38.516,1:38.481,2011,18,24,Abu Dhabi Grand Prix,2011-11-13,Sebastian Vettel,VET,5.0,Red Bull
4920,858,1,1,3,2,1:39.782,1:38.434,1:38.622,2011,18,24,Abu Dhabi Grand Prix,2011-11-13,Lewis Hamilton,HAM,44.0,McLaren
4921,858,18,1,4,3,1:40.227,1:39.097,1:38.631,2011,18,24,Abu Dhabi Grand Prix,2011-11-13,Jenson Button,BUT,22.0,McLaren
4922,858,17,9,2,4,1:40.167,1:38.821,1:38.858,2011,18,24,Abu Dhabi Grand Prix,2011-11-13,Mark Webber,WEB,,Red Bull
4923,858,4,6,5,5,1:41.380,1:39.058,1:39.058,2011,18,24,Abu Dhabi Grand Prix,2011-11-13,Fernando Alonso,ALO,14.0,Ferrari
4924,858,13,6,6,6,1:41.592,1:39.623,1:39.695,2011,18,24,Abu Dhabi Grand Prix,2011-11-13,Felipe Massa,MAS,19.0,Ferrari
4925,858,3,131,8,7,1:41.120,1:39.420,1:39.773,2011,18,24,Abu Dhabi Grand Prix,2011-11-13,Nico Rosberg,ROS,6.0,Mercedes
4926,858,30,131,7,8,1:42.605,1:40.554,1:40.662,2011,18,24,Abu Dhabi Grand Prix,2011-11-13,Michael Schumacher,MSC,,Mercedes
4927,858,16,10,14,9,1:40.595,1:40.205,1:40.768,2011,18,24,Abu Dhabi Grand Prix,2011-11-13,Adrian Sutil,SUT,99.0,Force India
4928,858,814,10,15,10,1:41.064,1:40.414,,2011,18,24,Abu Dhabi Grand Prix,2011-11-13,Paul di Resta,DIR,40.0,Force India
4929,858,815,15,17,11,1:41.311,1:40.874,,2011,18,24,Abu Dhabi Grand Prix,2011-11-13,Sergio Pérez,PER,11.0,Sauber
4930,858,808,4,10,12,1:40.955,1:40.919,,2011,18,24,Abu Dhabi Grand Prix,2011-11-13,Vitaly Petrov,PET,,Renault
4931,858,67,5,18,13,1:41.737,1:41.009,,2011,18,24,Abu Dhabi Grand Prix,2011-11-13,Sébastien Buemi,BUE,,Toro Rosso
4932,858,811,4,9,14,1:41.391,1:41.079,,2011,18,24,Abu Dhabi Grand Prix,2011-11-13,Bruno Senna,SEN,,Renault
4933,858,153,5,19,15,1:41.386,1:41.162,,2011,18,24,Abu Dhabi Grand Prix,2011-11-13,Jaime Alguersuari,ALG,,Toro Rosso
4934,858,155,15,16,16,1:41.613,1:41.240,,2011,18,24,Abu Dhabi Grand Prix,2011-11-13,Kamui Kobayashi,KOB,10.0,Sauber
4935,858,813,3,12,17,1:42.258,1:41.760,,2011,18,24,Abu Dhabi Grand Prix,2011-11-13,Pastor Maldonado,MAL,13.0,Williams
4936,858,5,205,20,18,1:42.979,,,2011,18,24,Abu Dhabi Grand Prix,2011-11-13,Heikki Kovalainen,KOV,,Lotus
4937,858,15,205,21,19,1:43.884,,,2011,18,24,Abu Dhabi Grand Prix,2011-11-13,Jarno Trulli,TRU,,Lotus
4938,858,10,166,24,20,1:44.515,,,2011,18,24,Abu Dhabi Grand Prix,2011-11-13,Timo Glock,GLO,,Virgin
4939,858,817,164,22,21,1:44.641,,,2011,18,24,Abu Dhabi Grand Prix,2011-11-13,Daniel Ricciardo,RIC,3.0,HRT
4940,858,816,166,25,22,1:44.699,,,2011,18,24,Abu Dhabi Grand Prix,2011-11-13,Jérôme d'Ambrosio,DAM,,Virgin
4941,858,24,164,23,23,1:45.159,,,2011,18,24,Abu Dhabi Grand Prix,2011-11-13,Vitantonio Liuzzi,LIU,,HRT
4942,859,20,9,1,1,1:13.664,1:12.446,1:11.918,2011,19,18,Brazilian Grand Prix,2011-11-27,Sebastian Vettel,VET,5.0,Red Bull
4943,859,17,9,2,2,1:13.467,1:12.658,1:12.099,2011,19,18,Brazilian Grand Prix,2011-11-27,Mark Webber,WEB,,Red Bull
4944,859,18,1,4,3,1:13.281,1:12.820,1:12.283,2011,19,18,Brazilian Grand Prix,2011-11-27,Jenson Button,BUT,22.0,McLaren
4945,859,1,1,3,4,1:13.361,1:12.811,1:12.480,2011,19,18,Brazilian Grand Prix,2011-11-27,Lewis Hamilton,HAM,44.0,McLaren
4946,859,4,6,5,5,1:13.969,1:12.870,1:12.591,2011,19,18,Brazilian Grand Prix,2011-11-27,Fernando Alonso,ALO,14.0,Ferrari
4947,859,3,131,8,6,1:14.083,1:12.569,1:13.050,2011,19,18,Brazilian Grand Prix,2011-11-27,Nico Rosberg,ROS,6.0,Mercedes
4948,859,13,6,6,7,1:14.269,1:13.291,1:13.068,2011,19,18,Brazilian Grand Prix,2011-11-27,Felipe Massa,MAS,19.0,Ferrari
4949,859,16,10,14,8,1:13.480,1:13.261,1:13.298,2011,19,18,Brazilian Grand Prix,2011-11-27,Adrian Sutil,SUT,99.0,Force India
4950,859,811,4,9,9,1:14.453,1:13.300,1:13.761,2011,19,18,Brazilian Grand Prix,2011-11-27,Bruno Senna,SEN,,Renault
4951,859,30,131,7,10,1:13.694,1:13.571,,2011,19,18,Brazilian Grand Prix,2011-11-27,Michael Schumacher,MSC,,Mercedes
4952,859,814,10,15,11,1:13.733,1:13.584,,2011,19,18,Brazilian Grand Prix,2011-11-27,Paul di Resta,DIR,40.0,Force India
4953,859,22,3,11,12,1:14.117,1:13.801,,2011,19,18,Brazilian Grand Prix,2011-11-27,Rubens Barrichello,BAR,,Williams
4954,859,153,5,19,13,1:14.225,1:13.804,,2011,19,18,Brazilian Grand Prix,2011-11-27,Jaime Alguersuari,ALG,,Toro Rosso
4955,859,67,5,18,14,1:14.500,1:13.919,,2011,19,18,Brazilian Grand Prix,2011-11-27,Sébastien Buemi,BUE,,Toro Rosso
4956,859,808,4,10,15,1:13.859,1:14.053,,2011,19,18,Brazilian Grand Prix,2011-11-27,Vitaly Petrov,PET,,Renault
4957,859,155,15,16,16,1:14.571,1:14.129,,2011,19,18,Brazilian Grand Prix,2011-11-27,Kamui Kobayashi,KOB,10.0,Sauber
4958,859,815,15,17,17,1:14.430,1:14.182,,2011,19,18,Brazilian Grand Prix,2011-11-27,Sergio Pérez,PER,11.0,Sauber
4959,859,813,3,12,18,1:14.625,,,2011,19,18,Brazilian Grand Prix,2011-11-27,Pastor Maldonado,MAL,13.0,Williams
4960,859,5,205,20,19,1:15.068,,,2011,19,18,Brazilian Grand Prix,2011-11-27,Heikki Kovalainen,KOV,,Lotus
4961,859,15,205,21,20,1:15.358,,,2011,19,18,Brazilian Grand Prix,2011-11-27,Jarno Trulli,TRU,,Lotus
4962,859,24,164,23,21,1:16.631,,,2011,19,18,Brazilian Grand Prix,2011-11-27,Vitantonio Liuzzi,LIU,,HRT
4963,859,817,164,22,22,1:16.890,,,2011,19,18,Brazilian Grand Prix,2011-11-27,Daniel Ricciardo,RIC,3.0,HRT
4964,859,816,166,25,23,1:17.019,,,2011,19,18,Brazilian Grand Prix,2011-11-27,Jérôme d'Ambrosio,DAM,,Virgin
4965,859,10,166,24,24,1:17.060,,,2011,19,18,Brazilian Grand Prix,2011-11-27,Timo Glock,GLO,,Virgin
4966,860,1,1,4,1,1:26.800,1:25.626,1:24.922,2012,1,1,Australian Grand Prix,2012-03-18,Lewis Hamilton,HAM,44.0,McLaren
4967,860,18,1,3,2,1:26.832,1:25.663,1:25.074,2012,1,1,Australian Grand Prix,2012-03-18,Jenson Button,BUT,22.0,McLaren
4968,860,154,208,10,3,1:26.498,1:25.845,1:25.302,2012,1,1,Australian Grand Prix,2012-03-18,Romain Grosjean,GRO,8.0,Lotus F1
4969,860,30,131,7,4,1:26.586,1:25.571,1:25.336,2012,1,1,Australian Grand Prix,2012-03-18,Michael Schumacher,MSC,,Mercedes
4970,860,17,9,2,5,1:27.117,1:26.597,1:25.651,2012,1,1,Australian Grand Prix,2012-03-18,Mark Webber,WEB,,Red Bull
4971,860,20,9,1,6,1:26.773,1:25.982,1:25.668,2012,1,1,Australian Grand Prix,2012-03-18,Sebastian Vettel,VET,5.0,Red Bull
4972,860,3,131,8,7,1:26.763,1:25.469,1:25.686,2012,1,1,Australian Grand Prix,2012-03-18,Nico Rosberg,ROS,6.0,Mercedes
4973,860,813,3,18,8,1:26.803,1:26.206,1:25.908,2012,1,1,Australian Grand Prix,2012-03-18,Pastor Maldonado,MAL,13.0,Williams
4974,860,807,10,12,9,1:27.464,1:26.314,1:26.451,2012,1,1,Australian Grand Prix,2012-03-18,Nico Hülkenberg,HUL,27.0,Force India
4975,860,817,5,16,10,1:27.024,1:26.319,,2012,1,1,Australian Grand Prix,2012-03-18,Daniel Ricciardo,RIC,3.0,Toro Rosso
4976,860,818,5,17,11,1:26.493,1:26.429,,2012,1,1,Australian Grand Prix,2012-03-18,Jean-Éric Vergne,VER,25.0,Toro Rosso
4977,860,4,6,5,12,1:26.688,1:26.494,,2012,1,1,Australian Grand Prix,2012-03-18,Fernando Alonso,ALO,14.0,Ferrari
4978,860,155,15,14,13,1:26.182,1:26.590,,2012,1,1,Australian Grand Prix,2012-03-18,Kamui Kobayashi,KOB,10.0,Sauber
4979,860,811,3,19,14,1:27.004,1:26.663,,2012,1,1,Australian Grand Prix,2012-03-18,Bruno Senna,SEN,,Williams
4980,860,814,10,11,15,1:27.469,1:27.086,,2012,1,1,Australian Grand Prix,2012-03-18,Paul di Resta,DIR,40.0,Force India
4981,860,13,6,6,16,1:27.633,1:27.497,,2012,1,1,Australian Grand Prix,2012-03-18,Felipe Massa,MAS,19.0,Ferrari
4982,860,815,15,15,17,1:26.596,,,2012,1,1,Australian Grand Prix,2012-03-18,Sergio Pérez,PER,11.0,Sauber
4983,860,8,208,9,18,1:27.758,,,2012,1,1,Australian Grand Prix,2012-03-18,Kimi Räikkönen,RAI,7.0,Lotus F1
4984,860,5,207,20,19,1:28.679,,,2012,1,1,Australian Grand Prix,2012-03-18,Heikki Kovalainen,KOV,,Caterham
4985,860,808,207,21,20,1:29.018,,,2012,1,1,Australian Grand Prix,2012-03-18,Vitaly Petrov,PET,,Caterham
4986,860,10,206,24,21,1:30.923,,,2012,1,1,Australian Grand Prix,2012-03-18,Timo Glock,GLO,,Marussia
4987,860,819,206,25,22,1:31.670,,,2012,1,1,Australian Grand Prix,2012-03-18,Charles Pic,PIC,,Marussia
4988,860,37,164,22,23,1:33.495,,,2012,1,1,Australian Grand Prix,2012-03-18,Pedro de la Rosa,DLR,,HRT
4989,860,39,164,23,24,1:33.643,,,2012,1,1,Australian Grand Prix,2012-03-18,Narain Karthikeyan,KAR,,HRT
4990,861,1,1,4,1,1:37.813,1:37.106,1:36.219,2012,2,2,Malaysian Grand Prix,2012-03-25,Lewis Hamilton,HAM,44.0,McLaren
4991,861,18,1,3,2,1:37.575,1:36.928,1:36.368,2012,2,2,Malaysian Grand Prix,2012-03-25,Jenson Button,BUT,22.0,McLaren
4992,861,30,131,7,3,1:37.517,1:37.017,1:36.391,2012,2,2,Malaysian Grand Prix,2012-03-25,Michael Schumacher,MSC,,Mercedes
4993,861,17,9,2,4,1:37.172,1:37.375,1:36.461,2012,2,2,Malaysian Grand Prix,2012-03-25,Mark Webber,WEB,,Red Bull
4994,861,8,208,9,5,1:37.961,1:36.715,1:36.461,2012,2,2,Malaysian Grand Prix,2012-03-25,Kimi Räikkönen,RAI,7.0,Lotus F1
4995,861,20,9,1,6,1:38.102,1:37.419,1:36.634,2012,2,2,Malaysian Grand Prix,2012-03-25,Sebastian Vettel,VET,5.0,Red Bull
4996,861,154,208,10,7,1:38.058,1:37.338,1:36.658,2012,2,2,Malaysian Grand Prix,2012-03-25,Romain Grosjean,GRO,8.0,Lotus F1
4997,861,3,131,8,8,1:37.696,1:36.996,1:36.664,2012,2,2,Malaysian Grand Prix,2012-03-25,Nico Rosberg,ROS,6.0,Mercedes
4998,861,4,6,5,9,1:38.151,1:37.379,1:37.566,2012,2,2,Malaysian Grand Prix,2012-03-25,Fernando Alonso,ALO,14.0,Ferrari
4999,861,815,15,15,10,1:37.933,1:37.477,1:37.698,2012,2,2,Malaysian Grand Prix,2012-03-25,Sergio Pérez,PER,11.0,Sauber
5000,861,813,3,18,11,1:37.789,1:37.589,,2012,2,2,Malaysian Grand Prix,2012-03-25,Pastor Maldonado,MAL,13.0,Williams
5001,861,13,6,6,12,1:38.381,1:37.731,,2012,2,2,Malaysian Grand Prix,2012-03-25,Felipe Massa,MAS,19.0,Ferrari
5002,861,811,3,19,13,1:38.437,1:37.841,,2012,2,2,Malaysian Grand Prix,2012-03-25,Bruno Senna,SEN,,Williams
5003,861,814,10,11,14,1:38.325,1:37.877,,2012,2,2,Malaysian Grand Prix,2012-03-25,Paul di Resta,DIR,40.0,Force India
5004,861,817,5,16,15,1:38.419,1:37.883,,2012,2,2,Malaysian Grand Prix,2012-03-25,Daniel Ricciardo,RIC,3.0,Toro Rosso
5005,861,807,10,12,16,1:38.303,1:37.890,,2012,2,2,Malaysian Grand Prix,2012-03-25,Nico Hülkenberg,HUL,27.0,Force India
5006,861,155,15,14,17,1:38.372,1:38.069,,2012,2,2,Malaysian Grand Prix,2012-03-25,Kamui Kobayashi,KOB,10.0,Sauber
5007,861,818,5,17,18,1:39.077,,,2012,2,2,Malaysian Grand Prix,2012-03-25,Jean-Éric Vergne,VER,25.0,Toro Rosso
5008,861,5,207,20,19,1:39.306,,,2012,2,2,Malaysian Grand Prix,2012-03-25,Heikki Kovalainen,KOV,,Caterham
5009,861,808,207,21,20,1:39.567,,,2012,2,2,Malaysian Grand Prix,2012-03-25,Vitaly Petrov,PET,,Caterham
5010,861,10,206,24,21,1:40.903,,,2012,2,2,Malaysian Grand Prix,2012-03-25,Timo Glock,GLO,,Marussia
5011,861,819,206,25,22,1:41.250,,,2012,2,2,Malaysian Grand Prix,2012-03-25,Charles Pic,PIC,,Marussia
5012,861,37,164,22,23,1:42.914,,,2012,2,2,Malaysian Grand Prix,2012-03-25,Pedro de la Rosa,DLR,,HRT
5013,861,39,164,23,24,1:43.655,,,2012,2,2,Malaysian Grand Prix,2012-03-25,Narain Karthikeyan,KAR,,HRT
5014,862,3,131,8,1,1:36.875,1:35.725,1:35.121,2012,3,17,Chinese Grand Prix,2012-04-15,Nico Rosberg,ROS,6.0,Mercedes
5015,862,1,1,4,2,1:36.763,1:35.902,1:35.626,2012,3,17,Chinese Grand Prix,2012-04-15,Lewis Hamilton,HAM,44.0,McLaren
5016,862,30,131,7,3,1:36.797,1:35.794,1:35.691,2012,3,17,Chinese Grand Prix,2012-04-15,Michael Schumacher,MSC,,Mercedes
5017,862,155,15,14,4,1:36.863,1:35.853,1:35.784,2012,3,17,Chinese Grand Prix,2012-04-15,Kamui Kobayashi,KOB,10.0,Sauber
5018,862,8,208,9,5,1:36.850,1:35.921,1:35.898,2012,3,17,Chinese Grand Prix,2012-04-15,Kimi Räikkönen,RAI,7.0,Lotus F1
5019,862,18,1,3,6,1:36.746,1:35.942,1:36.191,2012,3,17,Chinese Grand Prix,2012-04-15,Jenson Button,BUT,22.0,McLaren
5020,862,17,9,2,7,1:36.682,1:35.700,1:36.290,2012,3,17,Chinese Grand Prix,2012-04-15,Mark Webber,WEB,,Red Bull
5021,862,815,15,15,8,1:36.198,1:35.831,1:36.524,2012,3,17,Chinese Grand Prix,2012-04-15,Sergio Pérez,PER,11.0,Sauber
5022,862,4,6,5,9,1:36.292,1:35.982,1:36.622,2012,3,17,Chinese Grand Prix,2012-04-15,Fernando Alonso,ALO,14.0,Ferrari
5023,862,154,208,10,10,1:36.343,1:35.903,,2012,3,17,Chinese Grand Prix,2012-04-15,Romain Grosjean,GRO,8.0,Lotus F1
5024,862,20,9,1,11,1:36.911,1:36.031,,2012,3,17,Chinese Grand Prix,2012-04-15,Sebastian Vettel,VET,5.0,Red Bull
5025,862,13,6,6,12,1:36.556,1:36.255,,2012,3,17,Chinese Grand Prix,2012-04-15,Felipe Massa,MAS,19.0,Ferrari
5026,862,813,3,18,13,1:36.528,1:36.283,,2012,3,17,Chinese Grand Prix,2012-04-15,Pastor Maldonado,MAL,13.0,Williams
5027,862,811,3,19,14,1:36.674,1:36.289,,2012,3,17,Chinese Grand Prix,2012-04-15,Bruno Senna,SEN,,Williams
5028,862,814,10,11,15,1:36.639,1:36.317,,2012,3,17,Chinese Grand Prix,2012-04-15,Paul di Resta,DIR,40.0,Force India
5029,862,807,10,12,16,1:36.921,1:36.745,,2012,3,17,Chinese Grand Prix,2012-04-15,Nico Hülkenberg,HUL,27.0,Force India
5030,862,817,5,16,17,1:36.933,1:36.956,,2012,3,17,Chinese Grand Prix,2012-04-15,Daniel Ricciardo,RIC,3.0,Toro Rosso
5031,862,818,5,17,18,1:37.714,,,2012,3,17,Chinese Grand Prix,2012-04-15,Jean-Éric Vergne,VER,25.0,Toro Rosso
5032,862,5,207,20,19,1:38.463,,,2012,3,17,Chinese Grand Prix,2012-04-15,Heikki Kovalainen,KOV,,Caterham
5033,862,808,207,21,20,1:38.677,,,2012,3,17,Chinese Grand Prix,2012-04-15,Vitaly Petrov,PET,,Caterham
5034,862,10,206,24,21,1:39.282,,,2012,3,17,Chinese Grand Prix,2012-04-15,Timo Glock,GLO,,Marussia
5035,862,819,206,25,22,1:39.717,,,2012,3,17,Chinese Grand Prix,2012-04-15,Charles Pic,PIC,,Marussia
5036,862,37,164,22,23,1:40.411,,,2012,3,17,Chinese Grand Prix,2012-04-15,Pedro de la Rosa,DLR,,HRT
5037,862,39,164,23,24,1:41.000,,,2012,3,17,Chinese Grand Prix,2012-04-15,Narain Karthikeyan,KAR,,HRT
5038,863,20,9,1,1,1:34.308,1:33.527,1:32.422,2012,4,3,Bahrain Grand Prix,2012-04-22,Sebastian Vettel,VET,5.0,Red Bull
5039,863,1,1,4,2,1:34.813,1:33.209,1:32.520,2012,4,3,Bahrain Grand Prix,2012-04-22,Lewis Hamilton,HAM,44.0,McLaren
5040,863,17,9,2,3,1:34.015,1:33.311,1:32.637,2012,4,3,Bahrain Grand Prix,2012-04-22,Mark Webber,WEB,,Red Bull
5041,863,18,1,3,4,1:34.792,1:33.416,1:32.711,2012,4,3,Bahrain Grand Prix,2012-04-22,Jenson Button,BUT,22.0,McLaren
5042,863,3,131,8,5,1:34.588,1:33.219,1:32.821,2012,4,3,Bahrain Grand Prix,2012-04-22,Nico Rosberg,ROS,6.0,Mercedes
5043,863,817,5,16,6,1:33.988,1:33.556,1:32.912,2012,4,3,Bahrain Grand Prix,2012-04-22,Daniel Ricciardo,RIC,3.0,Toro Rosso
5044,863,154,208,10,7,1:34.041,1:33.246,1:33.008,2012,4,3,Bahrain Grand Prix,2012-04-22,Romain Grosjean,GRO,8.0,Lotus F1
5045,863,815,15,15,8,1:33.814,1:33.660,1:33.394,2012,4,3,Bahrain Grand Prix,2012-04-22,Sergio Pérez,PER,11.0,Sauber
5046,863,4,6,5,9,1:34.760,1:33.403,,2012,4,3,Bahrain Grand Prix,2012-04-22,Fernando Alonso,ALO,14.0,Ferrari
5047,863,814,10,11,10,1:36.624,1:33.510,,2012,4,3,Bahrain Grand Prix,2012-04-22,Paul di Resta,DIR,40.0,Force India
5048,863,8,208,9,11,1:34.552,1:33.789,,2012,4,3,Bahrain Grand Prix,2012-04-22,Kimi Räikkönen,RAI,7.0,Lotus F1
5049,863,155,15,14,12,1:34.131,1:33.806,,2012,4,3,Bahrain Grand Prix,2012-04-22,Kamui Kobayashi,KOB,10.0,Sauber
5050,863,807,10,12,13,1:34.601,1:33.807,,2012,4,3,Bahrain Grand Prix,2012-04-22,Nico Hülkenberg,HUL,27.0,Force India
5051,863,13,6,6,14,1:34.372,1:33.912,,2012,4,3,Bahrain Grand Prix,2012-04-22,Felipe Massa,MAS,19.0,Ferrari
5052,863,811,3,19,15,1:34.466,1:34.017,,2012,4,3,Bahrain Grand Prix,2012-04-22,Bruno Senna,SEN,,Williams
5053,863,5,207,20,16,1:34.852,1:36.132,,2012,4,3,Bahrain Grand Prix,2012-04-22,Heikki Kovalainen,KOV,,Caterham
5054,863,813,3,18,17,1:34.639,,,2012,4,3,Bahrain Grand Prix,2012-04-22,Pastor Maldonado,MAL,13.0,Williams
5055,863,30,131,7,18,1:34.865,,,2012,4,3,Bahrain Grand Prix,2012-04-22,Michael Schumacher,MSC,,Mercedes
5056,863,818,5,17,19,1:35.014,,,2012,4,3,Bahrain Grand Prix,2012-04-22,Jean-Éric Vergne,VER,25.0,Toro Rosso
5057,863,808,207,21,20,1:35.823,,,2012,4,3,Bahrain Grand Prix,2012-04-22,Vitaly Petrov,PET,,Caterham
5058,863,819,206,25,21,1:37.683,,,2012,4,3,Bahrain Grand Prix,2012-04-22,Charles Pic,PIC,,Marussia
5059,863,37,164,22,22,1:37.883,,,2012,4,3,Bahrain Grand Prix,2012-04-22,Pedro de la Rosa,DLR,,HRT
5060,863,10,206,24,23,1:37.905,,,2012,4,3,Bahrain Grand Prix,2012-04-22,Timo Glock,GLO,,Marussia
5061,863,39,164,23,24,1:38.314,,,2012,4,3,Bahrain Grand Prix,2012-04-22,Narain Karthikeyan,KAR,,HRT
5062,864,1,1,4,1,1:22.583,1:22.465,1:21.707,2012,5,4,Spanish Grand Prix,2012-05-13,Lewis Hamilton,HAM,44.0,McLaren
5063,864,813,3,18,2,1:23.380,1:22.105,1:22.285,2012,5,4,Spanish Grand Prix,2012-05-13,Pastor Maldonado,MAL,13.0,Williams
5064,864,4,6,5,3,1:23.276,1:22.862,1:22.302,2012,5,4,Spanish Grand Prix,2012-05-13,Fernando Alonso,ALO,14.0,Ferrari
5065,864,154,208,10,4,1:23.248,1:22.667,1:22.424,2012,5,4,Spanish Grand Prix,2012-05-13,Romain Grosjean,GRO,8.0,Lotus F1
5066,864,8,208,9,5,1:23.406,1:22.856,1:22.487,2012,5,4,Spanish Grand Prix,2012-05-13,Kimi Räikkönen,RAI,7.0,Lotus F1
5067,864,815,15,15,6,1:24.261,1:22.773,1:22.533,2012,5,4,Spanish Grand Prix,2012-05-13,Sergio Pérez,PER,11.0,Sauber
5068,864,3,131,8,7,1:23.370,1:22.882,1:23.005,2012,5,4,Spanish Grand Prix,2012-05-13,Nico Rosberg,ROS,6.0,Mercedes
5069,864,20,9,1,8,1:23.850,1:22.884,,2012,5,4,Spanish Grand Prix,2012-05-13,Sebastian Vettel,VET,5.0,Red Bull
5070,864,30,131,7,9,1:23.757,1:22.904,,2012,5,4,Spanish Grand Prix,2012-05-13,Michael Schumacher,MSC,,Mercedes
5071,864,155,15,14,10,1:23.386,1:22.897,,2012,5,4,Spanish Grand Prix,2012-05-13,Kamui Kobayashi,KOB,10.0,Sauber
5072,864,18,1,3,11,1:23.510,1:22.944,,2012,5,4,Spanish Grand Prix,2012-05-13,Jenson Button,BUT,22.0,McLaren
5073,864,17,9,2,12,1:23.592,1:22.977,,2012,5,4,Spanish Grand Prix,2012-05-13,Mark Webber,WEB,,Red Bull
5074,864,814,10,11,13,1:23.852,1:23.125,,2012,5,4,Spanish Grand Prix,2012-05-13,Paul di Resta,DIR,40.0,Force India
5075,864,807,10,12,14,1:23.720,1:23.177,,2012,5,4,Spanish Grand Prix,2012-05-13,Nico Hülkenberg,HUL,27.0,Force India
5076,864,818,5,17,15,1:24.362,1:23.265,,2012,5,4,Spanish Grand Prix,2012-05-13,Jean-Éric Vergne,VER,25.0,Toro Rosso
5077,864,817,5,16,16,1:23.906,1:23.442,,2012,5,4,Spanish Grand Prix,2012-05-13,Daniel Ricciardo,RIC,3.0,Toro Rosso
5078,864,13,6,6,17,1:23.886,1:23.444,,2012,5,4,Spanish Grand Prix,2012-05-13,Felipe Massa,MAS,19.0,Ferrari
5079,864,811,3,19,18,1:24.981,,,2012,5,4,Spanish Grand Prix,2012-05-13,Bruno Senna,SEN,,Williams
5080,864,808,207,21,19,1:25.277,,,2012,5,4,Spanish Grand Prix,2012-05-13,Vitaly Petrov,PET,,Caterham
5081,864,5,207,20,20,1:25.507,,,2012,5,4,Spanish Grand Prix,2012-05-13,Heikki Kovalainen,KOV,,Caterham
5082,864,819,206,25,21,1:26.582,,,2012,5,4,Spanish Grand Prix,2012-05-13,Charles Pic,PIC,,Marussia
5083,864,10,206,24,22,1:27.032,,,2012,5,4,Spanish Grand Prix,2012-05-13,Timo Glock,GLO,,Marussia
5084,864,37,164,22,23,1:27.555,,,2012,5,4,Spanish Grand Prix,2012-05-13,Pedro de la Rosa,DLR,,HRT
5085,864,39,164,23,24,1:31.122,,,2012,5,4,Spanish Grand Prix,2012-05-13,Narain Karthikeyan,KAR,,HRT
5086,865,30,131,7,1,1:15.873,1:15.062,1:14.301,2012,6,6,Monaco Grand Prix,2012-05-27,Michael Schumacher,MSC,,Mercedes
5087,865,17,9,2,2,1:16.013,1:15.035,1:14.381,2012,6,6,Monaco Grand Prix,2012-05-27,Mark Webber,WEB,,Red Bull
5088,865,3,131,8,3,1:15.900,1:15.022,1:14.448,2012,6,6,Monaco Grand Prix,2012-05-27,Nico Rosberg,ROS,6.0,Mercedes
5089,865,1,1,4,4,1:16.063,1:15.166,1:14.583,2012,6,6,Monaco Grand Prix,2012-05-27,Lewis Hamilton,HAM,44.0,McLaren
5090,865,154,208,10,5,1:15.718,1:15.219,1:14.639,2012,6,6,Monaco Grand Prix,2012-05-27,Romain Grosjean,GRO,8.0,Lotus F1
5091,865,4,6,5,6,1:16.153,1:15.128,1:14.948,2012,6,6,Monaco Grand Prix,2012-05-27,Fernando Alonso,ALO,14.0,Ferrari
5092,865,13,6,6,7,1:15.983,1:14.911,1:15.049,2012,6,6,Monaco Grand Prix,2012-05-27,Felipe Massa,MAS,19.0,Ferrari
5093,865,8,208,9,8,1:15.889,1:15.322,1:15.199,2012,6,6,Monaco Grand Prix,2012-05-27,Kimi Räikkönen,RAI,7.0,Lotus F1
5094,865,813,3,18,9,1:16.017,1:15.026,1:15.245,2012,6,6,Monaco Grand Prix,2012-05-27,Pastor Maldonado,MAL,13.0,Williams
5095,865,20,9,1,10,1:15.757,1:15.234,,2012,6,6,Monaco Grand Prix,2012-05-27,Sebastian Vettel,VET,5.0,Red Bull
5096,865,807,10,12,11,1:15.418,1:15.421,,2012,6,6,Monaco Grand Prix,2012-05-27,Nico Hülkenberg,HUL,27.0,Force India
5097,865,155,15,14,12,1:15.648,1:15.508,,2012,6,6,Monaco Grand Prix,2012-05-27,Kamui Kobayashi,KOB,10.0,Sauber
5098,865,18,1,3,13,1:16.399,1:15.536,,2012,6,6,Monaco Grand Prix,2012-05-27,Jenson Button,BUT,22.0,McLaren
5099,865,811,3,19,14,1:15.923,1:15.709,,2012,6,6,Monaco Grand Prix,2012-05-27,Bruno Senna,SEN,,Williams
5100,865,814,10,11,15,1:16.062,1:15.718,,2012,6,6,Monaco Grand Prix,2012-05-27,Paul di Resta,DIR,40.0,Force India
5101,865,817,5,16,16,1:16.360,1:15.878,,2012,6,6,Monaco Grand Prix,2012-05-27,Daniel Ricciardo,RIC,3.0,Toro Rosso
5102,865,818,5,17,17,1:16.491,1:16.885,,2012,6,6,Monaco Grand Prix,2012-05-27,Jean-Éric Vergne,VER,25.0,Toro Rosso
5103,865,5,207,20,18,1:16.538,,,2012,6,6,Monaco Grand Prix,2012-05-27,Heikki Kovalainen,KOV,,Caterham
5104,865,808,207,21,19,1:17.404,,,2012,6,6,Monaco Grand Prix,2012-05-27,Vitaly Petrov,PET,,Caterham
5105,865,10,206,24,20,1:17.947,,,2012,6,6,Monaco Grand Prix,2012-05-27,Timo Glock,GLO,,Marussia
5106,865,37,164,22,21,1:18.096,,,2012,6,6,Monaco Grand Prix,2012-05-27,Pedro de la Rosa,DLR,,HRT
5107,865,819,206,25,22,1:18.476,,,2012,6,6,Monaco Grand Prix,2012-05-27,Charles Pic,PIC,,Marussia
5108,865,39,164,23,23,1:19.310,,,2012,6,6,Monaco Grand Prix,2012-05-27,Narain Karthikeyan,KAR,,HRT
5109,866,20,9,1,1,1:14.661,1:14.187,1:13.784,2012,7,7,Canadian Grand Prix,2012-06-10,Sebastian Vettel,VET,5.0,Red Bull
5110,866,1,1,4,2,1:14.891,1:14.371,1:14.087,2012,7,7,Canadian Grand Prix,2012-06-10,Lewis Hamilton,HAM,44.0,McLaren
5111,866,4,6,5,3,1:14.916,1:14.314,1:14.151,2012,7,7,Canadian Grand Prix,2012-06-10,Fernando Alonso,ALO,14.0,Ferrari
5112,866,17,9,2,4,1:14.956,1:14.479,1:14.346,2012,7,7,Canadian Grand Prix,2012-06-10,Mark Webber,WEB,,Red Bull
5113,866,3,131,8,5,1:15.098,1:14.568,1:14.411,2012,7,7,Canadian Grand Prix,2012-06-10,Nico Rosberg,ROS,6.0,Mercedes
5114,866,13,6,6,6,1:15.194,1:14.641,1:14.465,2012,7,7,Canadian Grand Prix,2012-06-10,Felipe Massa,MAS,19.0,Ferrari
5115,866,154,208,10,7,1:15.163,1:14.627,1:14.645,2012,7,7,Canadian Grand Prix,2012-06-10,Romain Grosjean,GRO,8.0,Lotus F1
5116,866,814,10,11,8,1:15.019,1:14.639,1:14.705,2012,7,7,Canadian Grand Prix,2012-06-10,Paul di Resta,DIR,40.0,Force India
5117,866,30,131,7,9,1:14.892,1:14.480,1:14.812,2012,7,7,Canadian Grand Prix,2012-06-10,Michael Schumacher,MSC,,Mercedes
5118,866,18,1,3,10,1:14.799,1:14.680,1:15.182,2012,7,7,Canadian Grand Prix,2012-06-10,Jenson Button,BUT,22.0,McLaren
5119,866,155,15,14,11,1:15.101,1:14.688,,2012,7,7,Canadian Grand Prix,2012-06-10,Kamui Kobayashi,KOB,10.0,Sauber
5120,866,8,208,9,12,1:14.995,1:14.734,,2012,7,7,Canadian Grand Prix,2012-06-10,Kimi Räikkönen,RAI,7.0,Lotus F1
5121,866,807,10,12,13,1:15.106,1:14.748,,2012,7,7,Canadian Grand Prix,2012-06-10,Nico Hülkenberg,HUL,27.0,Force India
5122,866,817,5,16,14,1:15.552,1:15.078,,2012,7,7,Canadian Grand Prix,2012-06-10,Daniel Ricciardo,RIC,3.0,Toro Rosso
5123,866,815,15,15,15,1:15.326,1:15.156,,2012,7,7,Canadian Grand Prix,2012-06-10,Sergio Pérez,PER,11.0,Sauber
5124,866,811,3,19,16,1:14.995,1:15.170,,2012,7,7,Canadian Grand Prix,2012-06-10,Bruno Senna,SEN,,Williams
5125,866,813,3,18,17,1:14.979,1:15.231,,2012,7,7,Canadian Grand Prix,2012-06-10,Pastor Maldonado,MAL,13.0,Williams
5126,866,5,207,20,18,1:16.263,,,2012,7,7,Canadian Grand Prix,2012-06-10,Heikki Kovalainen,KOV,,Caterham
5127,866,808,207,21,19,1:16.482,,,2012,7,7,Canadian Grand Prix,2012-06-10,Vitaly Petrov,PET,,Caterham
5128,866,818,5,17,20,1:16.602,,,2012,7,7,Canadian Grand Prix,2012-06-10,Jean-Éric Vergne,VER,25.0,Toro Rosso
5129,866,37,164,22,21,1:17.492,,,2012,7,7,Canadian Grand Prix,2012-06-10,Pedro de la Rosa,DLR,,HRT
5130,866,10,206,24,22,1:17.901,,,2012,7,7,Canadian Grand Prix,2012-06-10,Timo Glock,GLO,,Marussia
5131,866,819,206,25,23,1:18.255,,,2012,7,7,Canadian Grand Prix,2012-06-10,Charles Pic,PIC,,Marussia
5132,866,39,164,23,24,1:18.330,,,2012,7,7,Canadian Grand Prix,2012-06-10,Narain Karthikeyan,KAR,,HRT
5133,867,20,9,1,1,1:39.626,1:38.530,1:38.086,2012,8,12,European Grand Prix,2012-06-24,Sebastian Vettel,VET,5.0,Red Bull
5134,867,1,1,4,2,1:39.169,1:38.616,1:38.410,2012,8,12,European Grand Prix,2012-06-24,Lewis Hamilton,HAM,44.0,McLaren
5135,867,813,3,18,3,1:38.825,1:38.570,1:38.475,2012,8,12,European Grand Prix,2012-06-24,Pastor Maldonado,MAL,13.0,Williams
5136,867,154,208,10,4,1:39.530,1:38.489,1:38.505,2012,8,12,European Grand Prix,2012-06-24,Romain Grosjean,GRO,8.0,Lotus F1
5137,867,8,208,9,5,1:39.464,1:38.531,1:38.513,2012,8,12,European Grand Prix,2012-06-24,Kimi Räikkönen,RAI,7.0,Lotus F1
5138,867,3,131,8,6,1:39.061,1:38.504,1:38.623,2012,8,12,European Grand Prix,2012-06-24,Nico Rosberg,ROS,6.0,Mercedes
5139,867,155,15,14,7,1:39.651,1:38.703,1:38.741,2012,8,12,European Grand Prix,2012-06-24,Kamui Kobayashi,KOB,10.0,Sauber
5140,867,807,10,12,8,1:39.009,1:38.689,1:38.752,2012,8,12,European Grand Prix,2012-06-24,Nico Hülkenberg,HUL,27.0,Force India
5141,867,18,1,3,9,1:39.622,1:38.563,1:38.801,2012,8,12,European Grand Prix,2012-06-24,Jenson Button,BUT,22.0,McLaren
5142,867,814,10,11,10,1:38.858,1:38.519,1:38.992,2012,8,12,European Grand Prix,2012-06-24,Paul di Resta,DIR,40.0,Force India
5143,867,4,6,5,11,1:39.409,1:38.707,,2012,8,12,European Grand Prix,2012-06-24,Fernando Alonso,ALO,14.0,Ferrari
5144,867,30,131,7,12,1:39.447,1:38.770,,2012,8,12,European Grand Prix,2012-06-24,Michael Schumacher,MSC,,Mercedes
5145,867,13,6,6,13,1:39.388,1:38.780,,2012,8,12,European Grand Prix,2012-06-24,Felipe Massa,MAS,19.0,Ferrari
5146,867,811,3,19,14,1:39.449,1:39.207,,2012,8,12,European Grand Prix,2012-06-24,Bruno Senna,SEN,,Williams
5147,867,815,15,15,15,1:39.353,1:39.358,,2012,8,12,European Grand Prix,2012-06-24,Sergio Pérez,PER,11.0,Sauber
5148,867,5,207,20,16,1:40.087,1:40.295,,2012,8,12,European Grand Prix,2012-06-24,Heikki Kovalainen,KOV,,Caterham
5149,867,817,5,16,17,1:39.924,1:40.358,,2012,8,12,European Grand Prix,2012-06-24,Daniel Ricciardo,RIC,3.0,Toro Rosso
5150,867,818,5,17,18,1:40.203,,,2012,8,12,European Grand Prix,2012-06-24,Jean-Éric Vergne,VER,25.0,Toro Rosso
5151,867,17,9,2,19,1:40.395,,,2012,8,12,European Grand Prix,2012-06-24,Mark Webber,WEB,,Red Bull
5152,867,808,207,21,20,1:40.457,,,2012,8,12,European Grand Prix,2012-06-24,Vitaly Petrov,PET,,Caterham
5153,867,37,164,22,21,1:42.171,,,2012,8,12,European Grand Prix,2012-06-24,Pedro de la Rosa,DLR,,HRT
5154,867,39,164,23,22,1:42.527,,,2012,8,12,European Grand Prix,2012-06-24,Narain Karthikeyan,KAR,,HRT
5155,867,819,206,25,23,1:42.675,,,2012,8,12,European Grand Prix,2012-06-24,Charles Pic,PIC,,Marussia
5156,868,4,6,5,1,1:46.515,1:56.921,1:51.746,2012,9,9,British Grand Prix,2012-07-08,Fernando Alonso,ALO,14.0,Ferrari
5157,868,17,9,2,2,1:47.276,1:55.898,1:51.793,2012,9,9,British Grand Prix,2012-07-08,Mark Webber,WEB,,Red Bull
5158,868,30,131,7,3,1:46.571,1:55.799,1:52.020,2012,9,9,British Grand Prix,2012-07-08,Michael Schumacher,MSC,,Mercedes
5159,868,20,9,1,4,1:46.279,1:56.931,1:52.199,2012,9,9,British Grand Prix,2012-07-08,Sebastian Vettel,VET,5.0,Red Bull
5160,868,13,6,6,5,1:47.401,1:56.388,1:53.065,2012,9,9,British Grand Prix,2012-07-08,Felipe Massa,MAS,19.0,Ferrari
5161,868,8,208,9,6,1:47.309,1:56.469,1:53.290,2012,9,9,British Grand Prix,2012-07-08,Kimi Räikkönen,RAI,7.0,Lotus F1
5162,868,813,3,18,7,1:46.449,1:56.802,1:53.539,2012,9,9,British Grand Prix,2012-07-08,Pastor Maldonado,MAL,13.0,Williams
5163,868,1,1,4,8,1:47.433,1:54.897,1:53.543,2012,9,9,British Grand Prix,2012-07-08,Lewis Hamilton,HAM,44.0,McLaren
5164,868,807,10,12,9,1:46.334,1:55.556,1:54.382,2012,9,9,British Grand Prix,2012-07-08,Nico Hülkenberg,HUL,27.0,Force India
5165,868,154,208,10,10,1:47.043,1:56.388,,2012,9,9,British Grand Prix,2012-07-08,Romain Grosjean,GRO,8.0,Lotus F1
5166,868,814,10,11,11,1:47.582,1:57.009,,2012,9,9,British Grand Prix,2012-07-08,Paul di Resta,DIR,40.0,Force India
5167,868,155,15,14,12,1:46.649,1:57.071,,2012,9,9,British Grand Prix,2012-07-08,Kamui Kobayashi,KOB,10.0,Sauber
5168,868,3,131,8,13,1:47.724,1:57.108,,2012,9,9,British Grand Prix,2012-07-08,Nico Rosberg,ROS,6.0,Mercedes
5169,868,817,5,16,14,1:47.266,1:57.132,,2012,9,9,British Grand Prix,2012-07-08,Daniel Ricciardo,RIC,3.0,Toro Rosso
5170,868,811,3,19,15,1:47.105,1:57.426,,2012,9,9,British Grand Prix,2012-07-08,Bruno Senna,SEN,,Williams
5171,868,818,5,17,16,1:47.705,1:57.719,,2012,9,9,British Grand Prix,2012-07-08,Jean-Éric Vergne,VER,25.0,Toro Rosso
5172,868,815,15,15,17,1:46.494,1:57.895,,2012,9,9,British Grand Prix,2012-07-08,Sergio Pérez,PER,11.0,Sauber
5173,868,18,1,3,18,1:48.044,,,2012,9,9,British Grand Prix,2012-07-08,Jenson Button,BUT,22.0,McLaren
5174,868,808,207,21,19,1:49.027,,,2012,9,9,British Grand Prix,2012-07-08,Vitaly Petrov,PET,,Caterham
5175,868,5,207,20,20,1:49.477,,,2012,9,9,British Grand Prix,2012-07-08,Heikki Kovalainen,KOV,,Caterham
5176,868,10,206,24,21,1:51.618,,,2012,9,9,British Grand Prix,2012-07-08,Timo Glock,GLO,,Marussia
5177,868,37,164,22,22,1:52.742,,,2012,9,9,British Grand Prix,2012-07-08,Pedro de la Rosa,DLR,,HRT
5178,868,39,164,23,23,1:53.040,,,2012,9,9,British Grand Prix,2012-07-08,Narain Karthikeyan,KAR,,HRT
5179,868,819,206,25,24,1:54.143,,,2012,9,9,British Grand Prix,2012-07-08,Charles Pic,PIC,,Marussia
5180,869,4,6,5,1,1:16.073,1:38.521,1:40.621,2012,10,10,German Grand Prix,2012-07-22,Fernando Alonso,ALO,14.0,Ferrari
5181,869,20,9,1,2,1:16.393,1:38.309,1:41.026,2012,10,10,German Grand Prix,2012-07-22,Sebastian Vettel,VET,5.0,Red Bull
5182,869,17,9,2,3,1:16.500,1:39.382,1:41.496,2012,10,10,German Grand Prix,2012-07-22,Mark Webber,WEB,,Red Bull
5183,869,30,131,7,4,1:16.686,1:38.010,1:42.459,2012,10,10,German Grand Prix,2012-07-22,Michael Schumacher,MSC,,Mercedes
5184,869,807,10,12,5,1:16.271,1:39.467,1:43.501,2012,10,10,German Grand Prix,2012-07-22,Nico Hülkenberg,HUL,27.0,Force India
5185,869,813,3,18,6,1:16.181,1:38.731,1:43.950,2012,10,10,German Grand Prix,2012-07-22,Pastor Maldonado,MAL,13.0,Williams
5186,869,18,1,3,7,1:16.507,1:38.659,1:44.113,2012,10,10,German Grand Prix,2012-07-22,Jenson Button,BUT,22.0,McLaren
5187,869,1,1,4,8,1:16.221,1:37.365,1:44.186,2012,10,10,German Grand Prix,2012-07-22,Lewis Hamilton,HAM,44.0,McLaren
5188,869,814,10,11,9,1:16.352,1:39.703,1:44.889,2012,10,10,German Grand Prix,2012-07-22,Paul di Resta,DIR,40.0,Force India
5189,869,8,208,9,10,1:15.693,1:39.729,1:45.811,2012,10,10,German Grand Prix,2012-07-22,Kimi Räikkönen,RAI,7.0,Lotus F1
5190,869,817,5,16,11,1:16.516,1:39.789,,2012,10,10,German Grand Prix,2012-07-22,Daniel Ricciardo,RIC,3.0,Toro Rosso
5191,869,815,15,15,12,1:15.726,1:39.933,,2012,10,10,German Grand Prix,2012-07-22,Sergio Pérez,PER,11.0,Sauber
5192,869,155,15,14,13,1:16.481,1:39.985,,2012,10,10,German Grand Prix,2012-07-22,Kamui Kobayashi,KOB,10.0,Sauber
5193,869,13,6,6,14,1:16.265,1:40.212,,2012,10,10,German Grand Prix,2012-07-22,Felipe Massa,MAS,19.0,Ferrari
5194,869,154,208,10,15,1:16.685,1:40.574,,2012,10,10,German Grand Prix,2012-07-22,Romain Grosjean,GRO,8.0,Lotus F1
5195,869,811,3,19,16,1:16.426,1:40.752,,2012,10,10,German Grand Prix,2012-07-22,Bruno Senna,SEN,,Williams
5196,869,3,131,8,17,1:15.988,1:41.551,,2012,10,10,German Grand Prix,2012-07-22,Nico Rosberg,ROS,6.0,Mercedes
5197,869,818,5,17,18,1:16.741,,,2012,10,10,German Grand Prix,2012-07-22,Jean-Éric Vergne,VER,25.0,Toro Rosso
5198,869,5,207,20,19,1:17.620,,,2012,10,10,German Grand Prix,2012-07-22,Heikki Kovalainen,KOV,,Caterham
5199,869,808,207,21,20,1:18.531,,,2012,10,10,German Grand Prix,2012-07-22,Vitaly Petrov,PET,,Caterham
5200,869,819,206,25,21,1:19.220,,,2012,10,10,German Grand Prix,2012-07-22,Charles Pic,PIC,,Marussia
5201,869,10,206,24,22,1:19.291,,,2012,10,10,German Grand Prix,2012-07-22,Timo Glock,GLO,,Marussia
5202,869,37,164,22,23,1:19.912,,,2012,10,10,German Grand Prix,2012-07-22,Pedro de la Rosa,DLR,,HRT
5203,869,39,164,23,24,1:20.230,,,2012,10,10,German Grand Prix,2012-07-22,Narain Karthikeyan,KAR,,HRT
5204,870,1,1,4,1,1:21.794,1:21.060,1:20.953,2012,11,11,Hungarian Grand Prix,2012-07-29,Lewis Hamilton,HAM,44.0,McLaren
5205,870,154,208,10,2,1:22.755,1:21.657,1:21.366,2012,11,11,Hungarian Grand Prix,2012-07-29,Romain Grosjean,GRO,8.0,Lotus F1
5206,870,20,9,1,3,1:22.948,1:21.407,1:21.416,2012,11,11,Hungarian Grand Prix,2012-07-29,Sebastian Vettel,VET,5.0,Red Bull
5207,870,18,1,3,4,1:22.028,1:21.618,1:21.583,2012,11,11,Hungarian Grand Prix,2012-07-29,Jenson Button,BUT,22.0,McLaren
5208,870,8,208,9,5,1:22.234,1:21.583,1:21.730,2012,11,11,Hungarian Grand Prix,2012-07-29,Kimi Räikkönen,RAI,7.0,Lotus F1
5209,870,4,6,5,6,1:22.095,1:21.598,1:21.844,2012,11,11,Hungarian Grand Prix,2012-07-29,Fernando Alonso,ALO,14.0,Ferrari
5210,870,13,6,6,7,1:22.203,1:21.534,1:21.900,2012,11,11,Hungarian Grand Prix,2012-07-29,Felipe Massa,MAS,19.0,Ferrari
5211,870,813,3,18,8,1:22.475,1:21.504,1:21.939,2012,11,11,Hungarian Grand Prix,2012-07-29,Pastor Maldonado,MAL,13.0,Williams
5212,870,811,3,19,9,1:22.271,1:21.697,1:22.343,2012,11,11,Hungarian Grand Prix,2012-07-29,Bruno Senna,SEN,,Williams
5213,870,807,10,12,10,1:22.176,1:21.653,1:22.847,2012,11,11,Hungarian Grand Prix,2012-07-29,Nico Hülkenberg,HUL,27.0,Force India
5214,870,17,9,2,11,1:22.829,1:21.715,,2012,11,11,Hungarian Grand Prix,2012-07-29,Mark Webber,WEB,,Red Bull
5215,870,814,10,11,12,1:21.912,1:21.813,,2012,11,11,Hungarian Grand Prix,2012-07-29,Paul di Resta,DIR,40.0,Force India
5216,870,3,131,8,13,1:22.079,1:21.895,,2012,11,11,Hungarian Grand Prix,2012-07-29,Nico Rosberg,ROS,6.0,Mercedes
5217,870,815,15,15,14,1:22.110,1:21.895,,2012,11,11,Hungarian Grand Prix,2012-07-29,Sergio Pérez,PER,11.0,Sauber
5218,870,155,15,14,15,1:22.801,1:22.300,,2012,11,11,Hungarian Grand Prix,2012-07-29,Kamui Kobayashi,KOB,10.0,Sauber
5219,870,818,5,17,16,1:22.799,1:22.380,,2012,11,11,Hungarian Grand Prix,2012-07-29,Jean-Éric Vergne,VER,25.0,Toro Rosso
5220,870,30,131,7,17,1:22.436,1:22.723,,2012,11,11,Hungarian Grand Prix,2012-07-29,Michael Schumacher,MSC,,Mercedes
5221,870,817,5,16,18,1:23.250,,,2012,11,11,Hungarian Grand Prix,2012-07-29,Daniel Ricciardo,RIC,3.0,Toro Rosso
5222,870,5,207,20,19,1:23.576,,,2012,11,11,Hungarian Grand Prix,2012-07-29,Heikki Kovalainen,KOV,,Caterham
5223,870,808,207,21,20,1:24.167,,,2012,11,11,Hungarian Grand Prix,2012-07-29,Vitaly Petrov,PET,,Caterham
5224,870,819,206,25,21,1:25.244,,,2012,11,11,Hungarian Grand Prix,2012-07-29,Charles Pic,PIC,,Marussia
5225,870,10,206,24,22,1:25.476,,,2012,11,11,Hungarian Grand Prix,2012-07-29,Timo Glock,GLO,,Marussia
5226,870,37,164,22,23,1:25.916,,,2012,11,11,Hungarian Grand Prix,2012-07-29,Pedro de la Rosa,DLR,,HRT
5227,870,39,164,23,24,1:26.178,,,2012,11,11,Hungarian Grand Prix,2012-07-29,Narain Karthikeyan,KAR,,HRT
5228,871,18,1,3,1,1:49.250,1:47.654,1:47.573,2012,12,13,Belgian Grand Prix,2012-09-02,Jenson Button,BUT,22.0,McLaren
5229,871,155,15,14,2,1:49.686,1:48.569,1:47.871,2012,12,13,Belgian Grand Prix,2012-09-02,Kamui Kobayashi,KOB,10.0,Sauber
5230,871,813,3,18,3,1:48.993,1:48.780,1:47.893,2012,12,13,Belgian Grand Prix,2012-09-02,Pastor Maldonado,MAL,13.0,Williams
5231,871,8,208,9,4,1:49.546,1:48.414,1:48.205,2012,12,13,Belgian Grand Prix,2012-09-02,Kimi Räikkönen,RAI,7.0,Lotus F1
5232,871,815,15,15,5,1:49.642,1:47.980,1:48.219,2012,12,13,Belgian Grand Prix,2012-09-02,Sergio Pérez,PER,11.0,Sauber
5233,871,4,6,5,6,1:49.401,1:48.598,1:48.313,2012,12,13,Belgian Grand Prix,2012-09-02,Fernando Alonso,ALO,14.0,Ferrari
5234,871,17,9,2,7,1:49.859,1:48.546,1:48.392,2012,12,13,Belgian Grand Prix,2012-09-02,Mark Webber,WEB,,Red Bull
5235,871,1,1,4,8,1:49.605,1:48.563,1:48.394,2012,12,13,Belgian Grand Prix,2012-09-02,Lewis Hamilton,HAM,44.0,McLaren
5236,871,154,208,10,9,1:50.126,1:48.714,1:48.538,2012,12,13,Belgian Grand Prix,2012-09-02,Romain Grosjean,GRO,8.0,Lotus F1
5237,871,814,10,11,10,1:50.033,1:48.729,1:48.890,2012,12,13,Belgian Grand Prix,2012-09-02,Paul di Resta,DIR,40.0,Force India
5238,871,20,9,1,11,1:49.722,1:48.792,,2012,12,13,Belgian Grand Prix,2012-09-02,Sebastian Vettel,VET,5.0,Red Bull
5239,871,807,10,12,12,1:49.362,1:48.855,,2012,12,13,Belgian Grand Prix,2012-09-02,Nico Hülkenberg,HUL,27.0,Force India
5240,871,30,131,7,13,1:49.742,1:49.081,,2012,12,13,Belgian Grand Prix,2012-09-02,Michael Schumacher,MSC,,Mercedes
5241,871,13,6,6,14,1:49.588,1:49.147,,2012,12,13,Belgian Grand Prix,2012-09-02,Felipe Massa,MAS,19.0,Ferrari
5242,871,818,5,17,15,1:49.763,1:49.354,,2012,12,13,Belgian Grand Prix,2012-09-02,Jean-Éric Vergne,VER,25.0,Toro Rosso
5243,871,817,5,16,16,1:49.572,1:49.543,,2012,12,13,Belgian Grand Prix,2012-09-02,Daniel Ricciardo,RIC,3.0,Toro Rosso
5244,871,811,3,19,17,1:49.958,1:50.088,,2012,12,13,Belgian Grand Prix,2012-09-02,Bruno Senna,SEN,,Williams
5245,871,3,131,8,18,1:50.181,,,2012,12,13,Belgian Grand Prix,2012-09-02,Nico Rosberg,ROS,6.0,Mercedes
5246,871,5,207,20,19,1:51.739,,,2012,12,13,Belgian Grand Prix,2012-09-02,Heikki Kovalainen,KOV,,Caterham
5247,871,808,207,21,20,1:51.967,,,2012,12,13,Belgian Grand Prix,2012-09-02,Vitaly Petrov,PET,,Caterham
5248,871,10,206,24,21,1:52.336,,,2012,12,13,Belgian Grand Prix,2012-09-02,Timo Glock,GLO,,Marussia
5249,871,37,164,22,22,1:53.030,,,2012,12,13,Belgian Grand Prix,2012-09-02,Pedro de la Rosa,DLR,,HRT
5250,871,819,206,25,23,1:53.493,,,2012,12,13,Belgian Grand Prix,2012-09-02,Charles Pic,PIC,,Marussia
5251,871,39,164,23,24,1:54.989,,,2012,12,13,Belgian Grand Prix,2012-09-02,Narain Karthikeyan,KAR,,HRT
5252,872,1,1,4,1,1:24.211,1:24.394,1:24.010,2012,13,14,Italian Grand Prix,2012-09-09,Lewis Hamilton,HAM,44.0,McLaren
5253,872,18,1,3,2,1:24.672,1:24.255,1:24.133,2012,13,14,Italian Grand Prix,2012-09-09,Jenson Button,BUT,22.0,McLaren
5254,872,13,6,6,3,1:24.882,1:24.505,1:24.247,2012,13,14,Italian Grand Prix,2012-09-09,Felipe Massa,MAS,19.0,Ferrari
5255,872,814,10,11,4,1:24.875,1:24.345,1:24.304,2012,13,14,Italian Grand Prix,2012-09-09,Paul di Resta,DIR,40.0,Force India
5256,872,30,131,7,5,1:25.302,1:24.675,1:24.540,2012,13,14,Italian Grand Prix,2012-09-09,Michael Schumacher,MSC,,Mercedes
5257,872,20,9,1,6,1:25.011,1:24.687,1:24.802,2012,13,14,Italian Grand Prix,2012-09-09,Sebastian Vettel,VET,5.0,Red Bull
5258,872,3,131,8,7,1:24.689,1:24.515,1:24.833,2012,13,14,Italian Grand Prix,2012-09-09,Nico Rosberg,ROS,6.0,Mercedes
5259,872,8,208,9,8,1:25.151,1:24.742,1:24.855,2012,13,14,Italian Grand Prix,2012-09-09,Kimi Räikkönen,RAI,7.0,Lotus F1
5260,872,155,15,14,9,1:25.317,1:24.683,1:25.109,2012,13,14,Italian Grand Prix,2012-09-09,Kamui Kobayashi,KOB,10.0,Sauber
5261,872,4,6,5,10,1:24.175,1:24.242,1:25.678,2012,13,14,Italian Grand Prix,2012-09-09,Fernando Alonso,ALO,14.0,Ferrari
5262,872,17,9,2,11,1:25.556,1:24.809,,2012,13,14,Italian Grand Prix,2012-09-09,Mark Webber,WEB,,Red Bull
5263,872,813,3,18,12,1:25.103,1:24.820,,2012,13,14,Italian Grand Prix,2012-09-09,Pastor Maldonado,MAL,13.0,Williams
5264,872,815,15,15,13,1:25.300,1:24.901,,2012,13,14,Italian Grand Prix,2012-09-09,Sergio Pérez,PER,11.0,Sauber
5265,872,811,3,19,14,1:25.135,1:25.042,,2012,13,14,Italian Grand Prix,2012-09-09,Bruno Senna,SEN,,Williams
5266,872,817,5,16,15,1:25.728,1:25.312,,2012,13,14,Italian Grand Prix,2012-09-09,Daniel Ricciardo,RIC,3.0,Toro Rosso
5267,872,816,208,10,16,1:25.834,1:25.408,,2012,13,14,Italian Grand Prix,2012-09-09,Jérôme d'Ambrosio,DAM,,Lotus F1
5268,872,818,5,17,17,1:25.649,1:25.441,,2012,13,14,Italian Grand Prix,2012-09-09,Jean-Éric Vergne,VER,25.0,Toro Rosso
5269,872,5,207,20,18,1:26.382,,,2012,13,14,Italian Grand Prix,2012-09-09,Heikki Kovalainen,KOV,,Caterham
5270,872,808,207,21,19,1:26.887,,,2012,13,14,Italian Grand Prix,2012-09-09,Vitaly Petrov,PET,,Caterham
5271,872,10,206,24,20,1:27.039,,,2012,13,14,Italian Grand Prix,2012-09-09,Timo Glock,GLO,,Marussia
5272,872,819,206,25,21,1:27.073,,,2012,13,14,Italian Grand Prix,2012-09-09,Charles Pic,PIC,,Marussia
5273,872,39,164,23,22,1:27.441,,,2012,13,14,Italian Grand Prix,2012-09-09,Narain Karthikeyan,KAR,,HRT
5274,872,37,164,22,23,1:27.629,,,2012,13,14,Italian Grand Prix,2012-09-09,Pedro de la Rosa,DLR,,HRT
5275,873,1,1,4,1,1:48.285,1:46.665,1:46.362,2012,14,15,Singapore Grand Prix,2012-09-23,Lewis Hamilton,HAM,44.0,McLaren
5276,873,813,3,18,2,1:49.494,1:47.602,1:46.804,2012,14,15,Singapore Grand Prix,2012-09-23,Pastor Maldonado,MAL,13.0,Williams
5277,873,20,9,1,3,1:48.240,1:46.791,1:46.905,2012,14,15,Singapore Grand Prix,2012-09-23,Sebastian Vettel,VET,5.0,Red Bull
5278,873,18,1,3,4,1:49.381,1:47.661,1:46.939,2012,14,15,Singapore Grand Prix,2012-09-23,Jenson Button,BUT,22.0,McLaren
5279,873,4,6,5,5,1:49.391,1:47.567,1:47.216,2012,14,15,Singapore Grand Prix,2012-09-23,Fernando Alonso,ALO,14.0,Ferrari
5280,873,814,10,11,6,1:48.028,1:47.667,1:47.241,2012,14,15,Singapore Grand Prix,2012-09-23,Paul di Resta,DIR,40.0,Force India
5281,873,17,9,2,7,1:48.717,1:47.513,1:47.475,2012,14,15,Singapore Grand Prix,2012-09-23,Mark Webber,WEB,,Red Bull
5282,873,154,208,10,8,1:47.688,1:47.529,1:47.788,2012,14,15,Singapore Grand Prix,2012-09-23,Romain Grosjean,GRO,8.0,Lotus F1
5283,873,30,131,7,9,1:49.546,1:47.823,,2012,14,15,Singapore Grand Prix,2012-09-23,Michael Schumacher,MSC,,Mercedes
5284,873,3,131,8,10,1:49.463,1:47.943,,2012,14,15,Singapore Grand Prix,2012-09-23,Nico Rosberg,ROS,6.0,Mercedes
5285,873,807,10,12,11,1:49.547,1:47.975,,2012,14,15,Singapore Grand Prix,2012-09-23,Nico Hülkenberg,HUL,27.0,Force India
5286,873,8,208,9,12,1:48.169,1:48.261,,2012,14,15,Singapore Grand Prix,2012-09-23,Kimi Räikkönen,RAI,7.0,Lotus F1
5287,873,13,6,6,13,1:49.767,1:48.344,,2012,14,15,Singapore Grand Prix,2012-09-23,Felipe Massa,MAS,19.0,Ferrari
5288,873,815,15,15,14,1:49.055,1:48.505,,2012,14,15,Singapore Grand Prix,2012-09-23,Sergio Pérez,PER,11.0,Sauber
5289,873,817,5,16,15,1:49.023,1:48.774,,2012,14,15,Singapore Grand Prix,2012-09-23,Daniel Ricciardo,RIC,3.0,Toro Rosso
5290,873,818,5,17,16,1:49.564,1:48.849,,2012,14,15,Singapore Grand Prix,2012-09-23,Jean-Éric Vergne,VER,25.0,Toro Rosso
5291,873,811,3,19,17,1:49.809,,,2012,14,15,Singapore Grand Prix,2012-09-23,Bruno Senna,SEN,,Williams
5292,873,155,15,14,18,1:49.933,,,2012,14,15,Singapore Grand Prix,2012-09-23,Kamui Kobayashi,KOB,10.0,Sauber
5293,873,808,207,21,19,1:50.846,,,2012,14,15,Singapore Grand Prix,2012-09-23,Vitaly Petrov,PET,,Caterham
5294,873,5,207,20,20,1:51.137,,,2012,14,15,Singapore Grand Prix,2012-09-23,Heikki Kovalainen,KOV,,Caterham
5295,873,10,206,24,21,1:51.370,,,2012,14,15,Singapore Grand Prix,2012-09-23,Timo Glock,GLO,,Marussia
5296,873,819,206,25,22,1:51.762,,,2012,14,15,Singapore Grand Prix,2012-09-23,Charles Pic,PIC,,Marussia
5297,873,39,164,23,23,1:52.372,,,2012,14,15,Singapore Grand Prix,2012-09-23,Narain Karthikeyan,KAR,,HRT
5298,873,37,164,22,24,1:53.355,,,2012,14,15,Singapore Grand Prix,2012-09-23,Pedro de la Rosa,DLR,,HRT
5299,874,20,9,1,1,1:32.608,1:31.501,1:30.839,2012,15,22,Japanese Grand Prix,2012-10-07,Sebastian Vettel,VET,5.0,Red Bull
5300,874,17,9,2,2,1:32.951,1:31.950,1:31.090,2012,15,22,Japanese Grand Prix,2012-10-07,Mark Webber,WEB,,Red Bull
5301,874,18,1,3,3,1:33.077,1:31.772,1:31.290,2012,15,22,Japanese Grand Prix,2012-10-07,Jenson Button,BUT,22.0,McLaren
5302,874,155,15,14,4,1:32.042,1:31.886,1:31.700,2012,15,22,Japanese Grand Prix,2012-10-07,Kamui Kobayashi,KOB,10.0,Sauber
5303,874,154,208,10,5,1:32.029,1:31.988,1:31.898,2012,15,22,Japanese Grand Prix,2012-10-07,Romain Grosjean,GRO,8.0,Lotus F1
5304,874,815,15,15,6,1:32.147,1:32.169,1:32.022,2012,15,22,Japanese Grand Prix,2012-10-07,Sergio Pérez,PER,11.0,Sauber
5305,874,4,6,5,7,1:32.459,1:31.833,1:32.114,2012,15,22,Japanese Grand Prix,2012-10-07,Fernando Alonso,ALO,14.0,Ferrari
5306,874,8,208,9,8,1:32.221,1:31.826,1:32.208,2012,15,22,Japanese Grand Prix,2012-10-07,Kimi Räikkönen,RAI,7.0,Lotus F1
5307,874,1,1,4,9,1:33.061,1:32.121,1:32.327,2012,15,22,Japanese Grand Prix,2012-10-07,Lewis Hamilton,HAM,44.0,McLaren
5308,874,807,10,12,10,1:32.828,1:32.272,,2012,15,22,Japanese Grand Prix,2012-10-07,Nico Hülkenberg,HUL,27.0,Force India
5309,874,13,6,6,11,1:32.946,1:32.293,,2012,15,22,Japanese Grand Prix,2012-10-07,Felipe Massa,MAS,19.0,Ferrari
5310,874,814,10,11,12,1:32.898,1:32.327,,2012,15,22,Japanese Grand Prix,2012-10-07,Paul di Resta,DIR,40.0,Force India
5311,874,30,131,7,13,1:33.349,1:32.469,,2012,15,22,Japanese Grand Prix,2012-10-07,Michael Schumacher,MSC,,Mercedes
5312,874,813,3,18,14,1:32.834,1:32.512,,2012,15,22,Japanese Grand Prix,2012-10-07,Pastor Maldonado,MAL,13.0,Williams
5313,874,3,131,8,15,1:33.015,1:32.625,,2012,15,22,Japanese Grand Prix,2012-10-07,Nico Rosberg,ROS,6.0,Mercedes
5314,874,817,5,16,16,1:33.059,1:32.954,,2012,15,22,Japanese Grand Prix,2012-10-07,Daniel Ricciardo,RIC,3.0,Toro Rosso
5315,874,818,5,17,17,1:33.370,1:33.368,,2012,15,22,Japanese Grand Prix,2012-10-07,Jean-Éric Vergne,VER,25.0,Toro Rosso
5316,874,811,3,19,18,1:33.405,,,2012,15,22,Japanese Grand Prix,2012-10-07,Bruno Senna,SEN,,Williams
5317,874,5,207,20,19,1:34.657,,,2012,15,22,Japanese Grand Prix,2012-10-07,Heikki Kovalainen,KOV,,Caterham
5318,874,10,206,24,20,1:35.213,,,2012,15,22,Japanese Grand Prix,2012-10-07,Timo Glock,GLO,,Marussia
5319,874,37,164,22,21,1:35.385,,,2012,15,22,Japanese Grand Prix,2012-10-07,Pedro de la Rosa,DLR,,HRT
5320,874,819,206,25,22,1:35.429,,,2012,15,22,Japanese Grand Prix,2012-10-07,Charles Pic,PIC,,Marussia
5321,874,808,207,21,23,1:35.432,,,2012,15,22,Japanese Grand Prix,2012-10-07,Vitaly Petrov,PET,,Caterham
5322,874,39,164,23,24,1:36.734,,,2012,15,22,Japanese Grand Prix,2012-10-07,Narain Karthikeyan,KAR,,HRT
5323,875,17,9,2,1,1:38.397,1:38.220,1:37.242,2012,16,35,Korean Grand Prix,2012-10-14,Mark Webber,WEB,,Red Bull
5324,875,20,9,1,2,1:38.208,1:37.767,1:37.316,2012,16,35,Korean Grand Prix,2012-10-14,Sebastian Vettel,VET,5.0,Red Bull
5325,875,1,1,4,3,1:39.180,1:38.000,1:37.469,2012,16,35,Korean Grand Prix,2012-10-14,Lewis Hamilton,HAM,44.0,McLaren
5326,875,4,6,5,4,1:39.144,1:37.987,1:37.534,2012,16,35,Korean Grand Prix,2012-10-14,Fernando Alonso,ALO,14.0,Ferrari
5327,875,8,208,9,5,1:38.887,1:38.227,1:37.625,2012,16,35,Korean Grand Prix,2012-10-14,Kimi Räikkönen,RAI,7.0,Lotus F1
5328,875,13,6,6,6,1:38.937,1:38.253,1:37.884,2012,16,35,Korean Grand Prix,2012-10-14,Felipe Massa,MAS,19.0,Ferrari
5329,875,154,208,10,7,1:38.863,1:38.275,1:37.934,2012,16,35,Korean Grand Prix,2012-10-14,Romain Grosjean,GRO,8.0,Lotus F1
5330,875,807,10,12,8,1:38.981,1:38.428,1:38.266,2012,16,35,Korean Grand Prix,2012-10-14,Nico Hülkenberg,HUL,27.0,Force India
5331,875,3,131,8,9,1:38.999,1:38.417,1:38.361,2012,16,35,Korean Grand Prix,2012-10-14,Nico Rosberg,ROS,6.0,Mercedes
5332,875,30,131,7,10,1:38.808,1:38.436,1:38.513,2012,16,35,Korean Grand Prix,2012-10-14,Michael Schumacher,MSC,,Mercedes
5333,875,18,1,3,11,1:38.615,1:38.441,,2012,16,35,Korean Grand Prix,2012-10-14,Jenson Button,BUT,22.0,McLaren
5334,875,815,15,15,12,1:38.630,1:38.460,,2012,16,35,Korean Grand Prix,2012-10-14,Sergio Pérez,PER,11.0,Sauber
5335,875,155,15,14,13,1:38.719,1:38.594,,2012,16,35,Korean Grand Prix,2012-10-14,Kamui Kobayashi,KOB,10.0,Sauber
5336,875,814,10,11,14,1:38.942,1:38.643,,2012,16,35,Korean Grand Prix,2012-10-14,Paul di Resta,DIR,40.0,Force India
5337,875,813,3,18,15,1:39.024,1:38.725,,2012,16,35,Korean Grand Prix,2012-10-14,Pastor Maldonado,MAL,13.0,Williams
5338,875,817,5,16,16,1:38.784,1:39.084,,2012,16,35,Korean Grand Prix,2012-10-14,Daniel Ricciardo,RIC,3.0,Toro Rosso
5339,875,818,5,17,17,1:38.744,1:39.340,,2012,16,35,Korean Grand Prix,2012-10-14,Jean-Éric Vergne,VER,25.0,Toro Rosso
5340,875,811,3,19,18,1:39.443,,,2012,16,35,Korean Grand Prix,2012-10-14,Bruno Senna,SEN,,Williams
5341,875,808,207,21,19,1:40.207,,,2012,16,35,Korean Grand Prix,2012-10-14,Vitaly Petrov,PET,,Caterham
5342,875,5,207,20,20,1:40.333,,,2012,16,35,Korean Grand Prix,2012-10-14,Heikki Kovalainen,KOV,,Caterham
5343,875,819,206,25,21,1:41.317,,,2012,16,35,Korean Grand Prix,2012-10-14,Charles Pic,PIC,,Marussia
5344,875,10,206,24,22,1:41.371,,,2012,16,35,Korean Grand Prix,2012-10-14,Timo Glock,GLO,,Marussia
5345,875,37,164,22,23,1:42.881,,,2012,16,35,Korean Grand Prix,2012-10-14,Pedro de la Rosa,DLR,,HRT
5346,876,20,9,1,1,1:26.387,1:25.435,1:25.283,2012,17,68,Indian Grand Prix,2012-10-28,Sebastian Vettel,VET,5.0,Red Bull
5347,876,17,9,2,2,1:26.744,1:25.610,1:25.327,2012,17,68,Indian Grand Prix,2012-10-28,Mark Webber,WEB,,Red Bull
5348,876,1,1,4,3,1:26.516,1:25.816,1:25.544,2012,17,68,Indian Grand Prix,2012-10-28,Lewis Hamilton,HAM,44.0,McLaren
5349,876,18,1,3,4,1:26.564,1:25.467,1:25.659,2012,17,68,Indian Grand Prix,2012-10-28,Jenson Button,BUT,22.0,McLaren
5350,876,4,6,5,5,1:26.829,1:25.834,1:25.773,2012,17,68,Indian Grand Prix,2012-10-28,Fernando Alonso,ALO,14.0,Ferrari
5351,876,13,6,6,6,1:26.939,1:26.111,1:25.857,2012,17,68,Indian Grand Prix,2012-10-28,Felipe Massa,MAS,19.0,Ferrari
5352,876,8,208,9,7,1:26.740,1:26.101,1:26.236,2012,17,68,Indian Grand Prix,2012-10-28,Kimi Räikkönen,RAI,7.0,Lotus F1
5353,876,815,15,15,8,1:27.179,1:26.076,1:26.360,2012,17,68,Indian Grand Prix,2012-10-28,Sergio Pérez,PER,11.0,Sauber
5354,876,813,3,18,9,1:26.048,1:25.983,1:26.713,2012,17,68,Indian Grand Prix,2012-10-28,Pastor Maldonado,MAL,13.0,Williams
5355,876,3,131,8,10,1:26.458,1:25.976,,2012,17,68,Indian Grand Prix,2012-10-28,Nico Rosberg,ROS,6.0,Mercedes
5356,876,154,208,10,11,1:26.897,1:26.136,,2012,17,68,Indian Grand Prix,2012-10-28,Romain Grosjean,GRO,8.0,Lotus F1
5357,876,807,10,12,12,1:27.185,1:26.241,,2012,17,68,Indian Grand Prix,2012-10-28,Nico Hülkenberg,HUL,27.0,Force India
5358,876,811,3,19,13,1:26.851,1:26.331,,2012,17,68,Indian Grand Prix,2012-10-28,Bruno Senna,SEN,,Williams
5359,876,30,131,7,14,1:27.482,1:26.574,,2012,17,68,Indian Grand Prix,2012-10-28,Michael Schumacher,MSC,,Mercedes
5360,876,817,5,16,15,1:27.006,1:26.777,,2012,17,68,Indian Grand Prix,2012-10-28,Daniel Ricciardo,RIC,3.0,Toro Rosso
5361,876,814,10,11,16,1:27.462,1:26.989,,2012,17,68,Indian Grand Prix,2012-10-28,Paul di Resta,DIR,40.0,Force India
5362,876,155,15,14,17,1:27.517,1:27.219,,2012,17,68,Indian Grand Prix,2012-10-28,Kamui Kobayashi,KOB,10.0,Sauber
5363,876,818,5,17,18,1:27.525,,,2012,17,68,Indian Grand Prix,2012-10-28,Jean-Éric Vergne,VER,25.0,Toro Rosso
5364,876,808,207,21,19,1:28.756,,,2012,17,68,Indian Grand Prix,2012-10-28,Vitaly Petrov,PET,,Caterham
5365,876,5,207,20,20,1:29.500,,,2012,17,68,Indian Grand Prix,2012-10-28,Heikki Kovalainen,KOV,,Caterham
5366,876,10,206,24,21,1:29.613,,,2012,17,68,Indian Grand Prix,2012-10-28,Timo Glock,GLO,,Marussia
5367,876,37,164,22,22,1:30.592,,,2012,17,68,Indian Grand Prix,2012-10-28,Pedro de la Rosa,DLR,,HRT
5368,876,39,164,23,23,1:30.593,,,2012,17,68,Indian Grand Prix,2012-10-28,Narain Karthikeyan,KAR,,HRT
5369,876,819,206,25,24,1:30.662,,,2012,17,68,Indian Grand Prix,2012-10-28,Charles Pic,PIC,,Marussia
5370,877,1,1,4,1,1:41.497,1:40.901,1:40.630,2012,18,24,Abu Dhabi Grand Prix,2012-11-04,Lewis Hamilton,HAM,44.0,McLaren
5371,877,17,9,2,2,1:41.933,1:41.277,1:40.978,2012,18,24,Abu Dhabi Grand Prix,2012-11-04,Mark Webber,WEB,,Red Bull
5372,877,20,9,1,3,1:42.160,1:41.511,1:41.073,2012,18,24,Abu Dhabi Grand Prix,2012-11-04,Sebastian Vettel,VET,5.0,Red Bull
5373,877,813,3,18,4,1:41.981,1:41.907,1:41.226,2012,18,24,Abu Dhabi Grand Prix,2012-11-04,Pastor Maldonado,MAL,13.0,Williams
5374,877,8,208,9,5,1:42.222,1:41.532,1:41.260,2012,18,24,Abu Dhabi Grand Prix,2012-11-04,Kimi Räikkönen,RAI,7.0,Lotus F1
5375,877,18,1,3,6,1:42.342,1:41.873,1:41.290,2012,18,24,Abu Dhabi Grand Prix,2012-11-04,Jenson Button,BUT,22.0,McLaren
5376,877,4,6,5,7,1:41.939,1:41.514,1:41.582,2012,18,24,Abu Dhabi Grand Prix,2012-11-04,Fernando Alonso,ALO,14.0,Ferrari
5377,877,3,131,8,8,1:41.926,1:41.698,1:41.603,2012,18,24,Abu Dhabi Grand Prix,2012-11-04,Nico Rosberg,ROS,6.0,Mercedes
5378,877,13,6,6,9,1:41.974,1:41.846,1:41.723,2012,18,24,Abu Dhabi Grand Prix,2012-11-04,Felipe Massa,MAS,19.0,Ferrari
5379,877,154,208,10,10,1:42.046,1:41.620,1:41.778,2012,18,24,Abu Dhabi Grand Prix,2012-11-04,Romain Grosjean,GRO,8.0,Lotus F1
5380,877,807,10,12,11,1:42.579,1:42.019,,2012,18,24,Abu Dhabi Grand Prix,2012-11-04,Nico Hülkenberg,HUL,27.0,Force India
5381,877,815,15,15,12,1:42.624,1:42.084,,2012,18,24,Abu Dhabi Grand Prix,2012-11-04,Sergio Pérez,PER,11.0,Sauber
5382,877,814,10,11,13,1:42.572,1:42.218,,2012,18,24,Abu Dhabi Grand Prix,2012-11-04,Paul di Resta,DIR,40.0,Force India
5383,877,30,131,7,14,1:42.735,1:42.289,,2012,18,24,Abu Dhabi Grand Prix,2012-11-04,Michael Schumacher,MSC,,Mercedes
5384,877,811,3,19,15,1:43.298,1:42.330,,2012,18,24,Abu Dhabi Grand Prix,2012-11-04,Bruno Senna,SEN,,Williams
5385,877,155,15,14,16,1:43.582,1:42.606,,2012,18,24,Abu Dhabi Grand Prix,2012-11-04,Kamui Kobayashi,KOB,10.0,Sauber
5386,877,817,5,16,17,1:43.280,1:42.765,,2012,18,24,Abu Dhabi Grand Prix,2012-11-04,Daniel Ricciardo,RIC,3.0,Toro Rosso
5387,877,818,5,17,18,1:44.058,,,2012,18,24,Abu Dhabi Grand Prix,2012-11-04,Jean-Éric Vergne,VER,25.0,Toro Rosso
5388,877,5,207,20,19,1:44.956,,,2012,18,24,Abu Dhabi Grand Prix,2012-11-04,Heikki Kovalainen,KOV,,Caterham
5389,877,819,206,25,20,1:45.089,,,2012,18,24,Abu Dhabi Grand Prix,2012-11-04,Charles Pic,PIC,,Marussia
5390,877,808,207,21,21,1:45.151,,,2012,18,24,Abu Dhabi Grand Prix,2012-11-04,Vitaly Petrov,PET,,Caterham
5391,877,10,206,24,22,1:45.426,,,2012,18,24,Abu Dhabi Grand Prix,2012-11-04,Timo Glock,GLO,,Marussia
5392,877,37,164,22,23,1:45.766,,,2012,18,24,Abu Dhabi Grand Prix,2012-11-04,Pedro de la Rosa,DLR,,HRT
5393,877,39,164,23,24,1:46.382,,,2012,18,24,Abu Dhabi Grand Prix,2012-11-04,Narain Karthikeyan,KAR,,HRT
5394,878,20,9,1,1,1:36.558,1:35.796,1:35.657,2012,19,69,United States Grand Prix,2012-11-18,Sebastian Vettel,VET,5.0,Red Bull
5395,878,1,1,4,2,1:37.058,1:36.795,1:35.766,2012,19,69,United States Grand Prix,2012-11-18,Lewis Hamilton,HAM,44.0,McLaren
5396,878,17,9,2,3,1:37.215,1:36.298,1:36.174,2012,19,69,United States Grand Prix,2012-11-18,Mark Webber,WEB,,Red Bull
5397,878,154,208,10,4,1:37.486,1:36.906,1:36.587,2012,19,69,United States Grand Prix,2012-11-18,Romain Grosjean,GRO,8.0,Lotus F1
5398,878,8,208,9,5,1:38.051,1:37.404,1:36.708,2012,19,69,United States Grand Prix,2012-11-18,Kimi Räikkönen,RAI,7.0,Lotus F1
5399,878,30,131,7,6,1:37.927,1:37.102,1:36.794,2012,19,69,United States Grand Prix,2012-11-18,Michael Schumacher,MSC,,Mercedes
5400,878,13,6,6,7,1:37.667,1:36.549,1:36.937,2012,19,69,United States Grand Prix,2012-11-18,Felipe Massa,MAS,19.0,Ferrari
5401,878,807,10,12,8,1:37.756,1:37.066,1:37.141,2012,19,69,United States Grand Prix,2012-11-18,Nico Hülkenberg,HUL,27.0,Force India
5402,878,4,6,5,9,1:37.968,1:37.123,1:37.300,2012,19,69,United States Grand Prix,2012-11-18,Fernando Alonso,ALO,14.0,Ferrari
5403,878,813,3,18,10,1:37.537,1:37.011,1:37.842,2012,19,69,United States Grand Prix,2012-11-18,Pastor Maldonado,MAL,13.0,Williams
5404,878,811,3,19,11,1:37.520,1:37.604,,2012,19,69,United States Grand Prix,2012-11-18,Bruno Senna,SEN,,Williams
5405,878,18,1,3,12,1:37.565,1:37.616,,2012,19,69,United States Grand Prix,2012-11-18,Jenson Button,BUT,22.0,McLaren
5406,878,814,10,11,13,1:38.104,1:37.665,,2012,19,69,United States Grand Prix,2012-11-18,Paul di Resta,DIR,40.0,Force India
5407,878,818,5,17,14,1:38.434,1:37.879,,2012,19,69,United States Grand Prix,2012-11-18,Jean-Éric Vergne,VER,25.0,Toro Rosso
5408,878,815,15,15,15,1:38.500,1:38.206,,2012,19,69,United States Grand Prix,2012-11-18,Sergio Pérez,PER,11.0,Sauber
5409,878,155,15,14,16,1:38.418,1:38.437,,2012,19,69,United States Grand Prix,2012-11-18,Kamui Kobayashi,KOB,10.0,Sauber
5410,878,3,131,8,17,1:38.862,1:38.501,,2012,19,69,United States Grand Prix,2012-11-18,Nico Rosberg,ROS,6.0,Mercedes
5411,878,817,5,16,18,1:39.114,,,2012,19,69,United States Grand Prix,2012-11-18,Daniel Ricciardo,RIC,3.0,Toro Rosso
5412,878,10,206,24,19,1:40.056,,,2012,19,69,United States Grand Prix,2012-11-18,Timo Glock,GLO,,Marussia
5413,878,819,206,25,20,1:40.664,,,2012,19,69,United States Grand Prix,2012-11-18,Charles Pic,PIC,,Marussia
5414,878,808,207,21,21,1:40.809,,,2012,19,69,United States Grand Prix,2012-11-18,Vitaly Petrov,PET,,Caterham
5415,878,5,207,20,22,1:41.166,,,2012,19,69,United States Grand Prix,2012-11-18,Heikki Kovalainen,KOV,,Caterham
5416,878,37,164,22,23,1:42.011,,,2012,19,69,United States Grand Prix,2012-11-18,Pedro de la Rosa,DLR,,HRT
5417,878,39,164,23,24,1:42.740,,,2012,19,69,United States Grand Prix,2012-11-18,Narain Karthikeyan,KAR,,HRT
5418,879,1,1,4,1,1:15.075,1:13.398,1:12.458,2012,20,18,Brazilian Grand Prix,2012-11-25,Lewis Hamilton,HAM,44.0,McLaren
5419,879,18,1,3,2,1:15.456,1:13.515,1:12.513,2012,20,18,Brazilian Grand Prix,2012-11-25,Jenson Button,BUT,22.0,McLaren
5420,879,17,9,2,3,1:16.180,1:13.667,1:12.581,2012,20,18,Brazilian Grand Prix,2012-11-25,Mark Webber,WEB,,Red Bull
5421,879,20,9,1,4,1:15.644,1:13.209,1:12.760,2012,20,18,Brazilian Grand Prix,2012-11-25,Sebastian Vettel,VET,5.0,Red Bull
5422,879,13,6,6,5,1:16.263,1:14.048,1:12.987,2012,20,18,Brazilian Grand Prix,2012-11-25,Felipe Massa,MAS,19.0,Ferrari
5423,879,813,3,18,6,1:16.266,1:13.698,1:13.174,2012,20,18,Brazilian Grand Prix,2012-11-25,Pastor Maldonado,MAL,13.0,Williams
5424,879,807,10,12,7,1:15.536,1:13.704,1:13.206,2012,20,18,Brazilian Grand Prix,2012-11-25,Nico Hülkenberg,HUL,27.0,Force India
5425,879,4,6,5,8,1:16.097,1:13.856,1:13.253,2012,20,18,Brazilian Grand Prix,2012-11-25,Fernando Alonso,ALO,14.0,Ferrari
5426,879,8,208,9,9,1:16.432,1:13.698,1:13.298,2012,20,18,Brazilian Grand Prix,2012-11-25,Kimi Räikkönen,RAI,7.0,Lotus F1
5427,879,3,131,8,10,1:15.929,1:13.848,1:13.489,2012,20,18,Brazilian Grand Prix,2012-11-25,Nico Rosberg,ROS,6.0,Mercedes
5428,879,814,10,11,11,1:15.901,1:14.121,,2012,20,18,Brazilian Grand Prix,2012-11-25,Paul di Resta,DIR,40.0,Force India
5429,879,811,3,19,12,1:15.333,1:14.219,,2012,20,18,Brazilian Grand Prix,2012-11-25,Bruno Senna,SEN,,Williams
5430,879,815,15,15,13,1:15.974,1:14.234,,2012,20,18,Brazilian Grand Prix,2012-11-25,Sergio Pérez,PER,11.0,Sauber
5431,879,30,131,7,14,1:16.005,1:14.334,,2012,20,18,Brazilian Grand Prix,2012-11-25,Michael Schumacher,MSC,,Mercedes
5432,879,155,15,14,15,1:16.400,1:14.380,,2012,20,18,Brazilian Grand Prix,2012-11-25,Kamui Kobayashi,KOB,10.0,Sauber
5433,879,817,5,16,16,1:16.744,1:14.574,,2012,20,18,Brazilian Grand Prix,2012-11-25,Daniel Ricciardo,RIC,3.0,Toro Rosso
5434,879,818,5,17,17,1:16.722,1:14.619,,2012,20,18,Brazilian Grand Prix,2012-11-25,Jean-Éric Vergne,VER,25.0,Toro Rosso
5435,879,154,208,10,18,1:16.967,,,2012,20,18,Brazilian Grand Prix,2012-11-25,Romain Grosjean,GRO,8.0,Lotus F1
5436,879,808,207,21,19,1:17.073,,,2012,20,18,Brazilian Grand Prix,2012-11-25,Vitaly Petrov,PET,,Caterham
5437,879,5,207,20,20,1:17.086,,,2012,20,18,Brazilian Grand Prix,2012-11-25,Heikki Kovalainen,KOV,,Caterham
5438,879,10,206,24,21,1:17.508,,,2012,20,18,Brazilian Grand Prix,2012-11-25,Timo Glock,GLO,,Marussia
5439,879,819,206,25,22,1:18.104,,,2012,20,18,Brazilian Grand Prix,2012-11-25,Charles Pic,PIC,,Marussia
5440,879,39,164,23,23,1:19.576,,,2012,20,18,Brazilian Grand Prix,2012-11-25,Narain Karthikeyan,KAR,,HRT
5441,879,37,164,22,24,1:19.699,,,2012,20,18,Brazilian Grand Prix,2012-11-25,Pedro de la Rosa,DLR,,HRT
5442,880,20,9,1,1,1:44.657,1:36.745,1:27.407,2013,1,1,Australian Grand Prix,2013-03-17,Sebastian Vettel,VET,5.0,Red Bull
5443,880,17,9,2,2,1:44.472,1:36.524,1:27.827,2013,1,1,Australian Grand Prix,2013-03-17,Mark Webber,WEB,,Red Bull
5444,880,1,131,10,3,1:45.456,1:36.625,1:28.087,2013,1,1,Australian Grand Prix,2013-03-17,Lewis Hamilton,HAM,44.0,Mercedes
5445,880,13,6,4,4,1:44.635,1:36.666,1:28.490,2013,1,1,Australian Grand Prix,2013-03-17,Felipe Massa,MAS,19.0,Ferrari
5446,880,4,6,3,5,1:43.850,1:36.691,1:28.493,2013,1,1,Australian Grand Prix,2013-03-17,Fernando Alonso,ALO,14.0,Ferrari
5447,880,3,131,9,6,1:43.380,1:36.194,1:28.523,2013,1,1,Australian Grand Prix,2013-03-17,Nico Rosberg,ROS,6.0,Mercedes
5448,880,8,208,7,7,1:45.545,1:37.517,1:28.738,2013,1,1,Australian Grand Prix,2013-03-17,Kimi Räikkönen,RAI,7.0,Lotus F1
5449,880,154,208,8,8,1:44.284,1:37.641,1:29.013,2013,1,1,Australian Grand Prix,2013-03-17,Romain Grosjean,GRO,8.0,Lotus F1
5450,880,814,10,14,9,1:45.601,1:36.901,1:29.305,2013,1,1,Australian Grand Prix,2013-03-17,Paul di Resta,DIR,40.0,Force India
5451,880,18,1,5,10,1:44.688,1:36.644,1:30.357,2013,1,1,Australian Grand Prix,2013-03-17,Jenson Button,BUT,22.0,McLaren
5452,880,807,15,11,11,1:45.930,1:38.067,,2013,1,1,Australian Grand Prix,2013-03-17,Nico Hülkenberg,HUL,27.0,Sauber
5453,880,16,10,15,12,1:47.330,1:38.134,,2013,1,1,Australian Grand Prix,2013-03-17,Adrian Sutil,SUT,99.0,Force India
5454,880,818,5,18,13,1:44.871,1:38.778,,2013,1,1,Australian Grand Prix,2013-03-17,Jean-Éric Vergne,VER,25.0,Toro Rosso
5455,880,817,5,19,14,1:46.450,1:39.042,,2013,1,1,Australian Grand Prix,2013-03-17,Daniel Ricciardo,RIC,3.0,Toro Rosso
5456,880,815,1,6,15,1:44.400,1:39.900,,2013,1,1,Australian Grand Prix,2013-03-17,Sergio Pérez,PER,11.0,McLaren
5457,880,822,3,17,16,1:47.328,1:40.290,,2013,1,1,Australian Grand Prix,2013-03-17,Valtteri Bottas,BOT,77.0,Williams
5458,880,813,3,16,17,1:47.614,,,2013,1,1,Australian Grand Prix,2013-03-17,Pastor Maldonado,MAL,13.0,Williams
5459,880,821,15,12,18,1:47.776,,,2013,1,1,Australian Grand Prix,2013-03-17,Esteban Gutiérrez,GUT,21.0,Sauber
5460,880,824,206,22,19,1:48.147,,,2013,1,1,Australian Grand Prix,2013-03-17,Jules Bianchi,BIA,17.0,Marussia
5461,880,820,206,23,20,1:48.909,,,2013,1,1,Australian Grand Prix,2013-03-17,Max Chilton,CHI,4.0,Marussia
5462,880,823,207,21,21,1:49.519,,,2013,1,1,Australian Grand Prix,2013-03-17,Giedo van der Garde,VDG,,Caterham
5463,880,819,207,20,22,1:50.626,,,2013,1,1,Australian Grand Prix,2013-03-17,Charles Pic,PIC,,Caterham
5464,881,20,9,1,1,1:37.899,1:37.245,1:49.674,2013,2,2,Malaysian Grand Prix,2013-03-24,Sebastian Vettel,VET,5.0,Red Bull
5465,881,13,6,4,2,1:37.712,1:36.874,1:50.587,2013,2,2,Malaysian Grand Prix,2013-03-24,Felipe Massa,MAS,19.0,Ferrari
5466,881,4,6,3,3,1:37.314,1:36.877,1:50.727,2013,2,2,Malaysian Grand Prix,2013-03-24,Fernando Alonso,ALO,14.0,Ferrari
5467,881,1,131,10,4,1:37.513,1:36.517,1:51.699,2013,2,2,Malaysian Grand Prix,2013-03-24,Lewis Hamilton,HAM,44.0,Mercedes
5468,881,17,9,2,5,1:37.619,1:36.449,1:52.244,2013,2,2,Malaysian Grand Prix,2013-03-24,Mark Webber,WEB,,Red Bull
5469,881,3,131,9,6,1:37.239,1:36.190,1:52.519,2013,2,2,Malaysian Grand Prix,2013-03-24,Nico Rosberg,ROS,6.0,Mercedes
5470,881,8,208,7,7,1:36.959,1:36.640,1:52.970,2013,2,2,Malaysian Grand Prix,2013-03-24,Kimi Räikkönen,RAI,7.0,Lotus F1
5471,881,18,1,5,8,1:37.487,1:37.117,1:53.175,2013,2,2,Malaysian Grand Prix,2013-03-24,Jenson Button,BUT,22.0,McLaren
5472,881,16,10,15,9,1:36.809,1:36.834,1:53.439,2013,2,2,Malaysian Grand Prix,2013-03-24,Adrian Sutil,SUT,99.0,Force India
5473,881,815,1,6,10,1:37.702,1:37.342,1:54.136,2013,2,2,Malaysian Grand Prix,2013-03-24,Sergio Pérez,PER,11.0,McLaren
5474,881,154,208,8,11,1:37.363,1:37.636,,2013,2,2,Malaysian Grand Prix,2013-03-24,Romain Grosjean,GRO,8.0,Lotus F1
5475,881,807,15,11,12,1:37.931,1:38.125,,2013,2,2,Malaysian Grand Prix,2013-03-24,Nico Hülkenberg,HUL,27.0,Sauber
5476,881,817,5,19,13,1:37.722,1:38.822,,2013,2,2,Malaysian Grand Prix,2013-03-24,Daniel Ricciardo,RIC,3.0,Toro Rosso
5477,881,821,15,12,14,1:37.707,1:39.221,,2013,2,2,Malaysian Grand Prix,2013-03-24,Esteban Gutiérrez,GUT,21.0,Sauber
5478,881,814,10,14,15,1:37.493,1:44.509,,2013,2,2,Malaysian Grand Prix,2013-03-24,Paul di Resta,DIR,40.0,Force India
5479,881,813,3,16,16,1:37.867,,,2013,2,2,Malaysian Grand Prix,2013-03-24,Pastor Maldonado,MAL,13.0,Williams
5480,881,818,5,18,17,1:38.157,,,2013,2,2,Malaysian Grand Prix,2013-03-24,Jean-Éric Vergne,VER,25.0,Toro Rosso
5481,881,822,3,17,18,1:38.207,,,2013,2,2,Malaysian Grand Prix,2013-03-24,Valtteri Bottas,BOT,77.0,Williams
5482,881,824,206,22,19,1:38.434,,,2013,2,2,Malaysian Grand Prix,2013-03-24,Jules Bianchi,BIA,17.0,Marussia
5483,881,819,207,20,20,1:39.314,,,2013,2,2,Malaysian Grand Prix,2013-03-24,Charles Pic,PIC,,Caterham
5484,881,820,206,23,21,1:39.672,,,2013,2,2,Malaysian Grand Prix,2013-03-24,Max Chilton,CHI,4.0,Marussia
5485,881,823,207,21,22,1:39.932,,,2013,2,2,Malaysian Grand Prix,2013-03-24,Giedo van der Garde,VDG,,Caterham
5486,882,1,131,10,1,1:35.793,1:35.078,1:34.484,2013,3,17,Chinese Grand Prix,2013-04-14,Lewis Hamilton,HAM,44.0,Mercedes
5487,882,8,208,7,2,1:37.046,1:35.659,1:34.761,2013,3,17,Chinese Grand Prix,2013-04-14,Kimi Räikkönen,RAI,7.0,Lotus F1
5488,882,4,6,3,3,1:36.253,1:35.148,1:34.788,2013,3,17,Chinese Grand Prix,2013-04-14,Fernando Alonso,ALO,14.0,Ferrari
5489,882,3,131,9,4,1:35.959,1:35.537,1:34.861,2013,3,17,Chinese Grand Prix,2013-04-14,Nico Rosberg,ROS,6.0,Mercedes
5490,882,13,6,4,5,1:35.972,1:35.403,1:34.933,2013,3,17,Chinese Grand Prix,2013-04-14,Felipe Massa,MAS,19.0,Ferrari
5491,882,154,208,8,6,1:36.929,1:36.065,1:35.364,2013,3,17,Chinese Grand Prix,2013-04-14,Romain Grosjean,GRO,8.0,Lotus F1
5492,882,817,5,19,7,1:36.993,1:36.258,1:35.998,2013,3,17,Chinese Grand Prix,2013-04-14,Daniel Ricciardo,RIC,3.0,Toro Rosso
5493,882,18,1,5,8,1:36.667,1:35.784,2:05.673,2013,3,17,Chinese Grand Prix,2013-04-14,Jenson Button,BUT,22.0,McLaren
5494,882,20,9,1,9,1:36.537,1:35.343,,2013,3,17,Chinese Grand Prix,2013-04-14,Sebastian Vettel,VET,5.0,Red Bull
5495,882,807,15,11,10,1:36.985,1:36.261,,2013,3,17,Chinese Grand Prix,2013-04-14,Nico Hülkenberg,HUL,27.0,Sauber
5496,882,814,10,14,11,1:37.478,1:36.287,,2013,3,17,Chinese Grand Prix,2013-04-14,Paul di Resta,DIR,40.0,Force India
5497,882,815,1,6,12,1:36.952,1:36.314,,2013,3,17,Chinese Grand Prix,2013-04-14,Sergio Pérez,PER,11.0,McLaren
5498,882,16,10,15,13,1:37.349,1:36.405,,2013,3,17,Chinese Grand Prix,2013-04-14,Adrian Sutil,SUT,99.0,Force India
5499,882,17,9,2,14,1:36.148,1:36.679,,2013,3,17,Chinese Grand Prix,2013-04-14,Mark Webber,WEB,,Red Bull
5500,882,813,3,16,15,1:37.281,1:37.139,,2013,3,17,Chinese Grand Prix,2013-04-14,Pastor Maldonado,MAL,13.0,Williams
5501,882,818,5,18,16,1:37.508,1:37.199,,2013,3,17,Chinese Grand Prix,2013-04-14,Jean-Éric Vergne,VER,25.0,Toro Rosso
5502,882,822,3,17,17,1:37.769,,,2013,3,17,Chinese Grand Prix,2013-04-14,Valtteri Bottas,BOT,77.0,Williams
5503,882,821,15,12,18,1:37.990,,,2013,3,17,Chinese Grand Prix,2013-04-14,Esteban Gutiérrez,GUT,21.0,Sauber
5504,882,824,206,22,19,1:38.780,,,2013,3,17,Chinese Grand Prix,2013-04-14,Jules Bianchi,BIA,17.0,Marussia
5505,882,820,206,23,20,1:39.537,,,2013,3,17,Chinese Grand Prix,2013-04-14,Max Chilton,CHI,4.0,Marussia
5506,882,819,207,20,21,1:39.614,,,2013,3,17,Chinese Grand Prix,2013-04-14,Charles Pic,PIC,,Caterham
5507,882,823,207,21,22,1:39.660,,,2013,3,17,Chinese Grand Prix,2013-04-14,Giedo van der Garde,VDG,,Caterham
5508,883,3,131,9,1,1:33.364,1:32.867,1:32.330,2013,4,3,Bahrain Grand Prix,2013-04-21,Nico Rosberg,ROS,6.0,Mercedes
5509,883,20,9,1,2,1:33.327,1:32.746,1:32.584,2013,4,3,Bahrain Grand Prix,2013-04-21,Sebastian Vettel,VET,5.0,Red Bull
5510,883,4,6,3,3,1:32.878,1:33.316,1:32.667,2013,4,3,Bahrain Grand Prix,2013-04-21,Fernando Alonso,ALO,14.0,Ferrari
5511,883,1,131,10,4,1:33.498,1:33.346,1:32.762,2013,4,3,Bahrain Grand Prix,2013-04-21,Lewis Hamilton,HAM,44.0,Mercedes
5512,883,17,9,2,5,1:33.966,1:33.098,1:33.078,2013,4,3,Bahrain Grand Prix,2013-04-21,Mark Webber,WEB,,Red Bull
5513,883,13,6,4,6,1:33.780,1:33.358,1:33.207,2013,4,3,Bahrain Grand Prix,2013-04-21,Felipe Massa,MAS,19.0,Ferrari
5514,883,814,10,14,7,1:33.762,1:33.335,1:33.235,2013,4,3,Bahrain Grand Prix,2013-04-21,Paul di Resta,DIR,40.0,Force India
5515,883,16,10,15,8,1:34.048,1:33.378,1:33.246,2013,4,3,Bahrain Grand Prix,2013-04-21,Adrian Sutil,SUT,99.0,Force India
5516,883,8,208,7,9,1:33.827,1:33.146,1:33.327,2013,4,3,Bahrain Grand Prix,2013-04-21,Kimi Räikkönen,RAI,7.0,Lotus F1
5517,883,18,1,5,10,1:34.071,1:33.702,,2013,4,3,Bahrain Grand Prix,2013-04-21,Jenson Button,BUT,22.0,McLaren
5518,883,154,208,8,11,1:33.498,1:33.762,,2013,4,3,Bahrain Grand Prix,2013-04-21,Romain Grosjean,GRO,8.0,Lotus F1
5519,883,815,1,6,12,1:34.310,1:33.914,,2013,4,3,Bahrain Grand Prix,2013-04-21,Sergio Pérez,PER,11.0,McLaren
5520,883,817,5,19,13,1:34.120,1:33.974,,2013,4,3,Bahrain Grand Prix,2013-04-21,Daniel Ricciardo,RIC,3.0,Toro Rosso
5521,883,807,15,11,14,1:34.409,1:33.976,,2013,4,3,Bahrain Grand Prix,2013-04-21,Nico Hülkenberg,HUL,27.0,Sauber
5522,883,822,3,17,15,1:34.425,1:34.105,,2013,4,3,Bahrain Grand Prix,2013-04-21,Valtteri Bottas,BOT,77.0,Williams
5523,883,818,5,18,16,1:34.314,1:34.284,,2013,4,3,Bahrain Grand Prix,2013-04-21,Jean-Éric Vergne,VER,25.0,Toro Rosso
5524,883,813,3,16,17,1:34.425,,,2013,4,3,Bahrain Grand Prix,2013-04-21,Pastor Maldonado,MAL,13.0,Williams
5525,883,821,15,12,18,1:34.730,,,2013,4,3,Bahrain Grand Prix,2013-04-21,Esteban Gutiérrez,GUT,21.0,Sauber
5526,883,819,207,20,19,1:35.283,,,2013,4,3,Bahrain Grand Prix,2013-04-21,Charles Pic,PIC,,Caterham
5527,883,824,206,22,20,1:36.178,,,2013,4,3,Bahrain Grand Prix,2013-04-21,Jules Bianchi,BIA,17.0,Marussia
5528,883,823,207,21,21,1:36.304,,,2013,4,3,Bahrain Grand Prix,2013-04-21,Giedo van der Garde,VDG,,Caterham
5529,883,820,206,23,22,1:36.476,,,2013,4,3,Bahrain Grand Prix,2013-04-21,Max Chilton,CHI,4.0,Marussia
5530,884,3,131,9,1,1:21.913,1:21.776,1:20.718,2013,5,4,Spanish Grand Prix,2013-05-12,Nico Rosberg,ROS,6.0,Mercedes
5531,884,1,131,10,2,1:21.728,1:21.001,1:20.972,2013,5,4,Spanish Grand Prix,2013-05-12,Lewis Hamilton,HAM,44.0,Mercedes
5532,884,20,9,1,3,1:22.158,1:21.602,1:21.054,2013,5,4,Spanish Grand Prix,2013-05-12,Sebastian Vettel,VET,5.0,Red Bull
5533,884,8,208,7,4,1:22.210,1:21.676,1:21.177,2013,5,4,Spanish Grand Prix,2013-05-12,Kimi Räikkönen,RAI,7.0,Lotus F1
5534,884,4,6,3,5,1:22.264,1:21.646,1:21.218,2013,5,4,Spanish Grand Prix,2013-05-12,Fernando Alonso,ALO,14.0,Ferrari
5535,884,13,6,4,6,1:22.492,1:21.978,1:21.219,2013,5,4,Spanish Grand Prix,2013-05-12,Felipe Massa,MAS,19.0,Ferrari
5536,884,154,208,8,7,1:22.613,1:21.998,1:21.308,2013,5,4,Spanish Grand Prix,2013-05-12,Romain Grosjean,GRO,8.0,Lotus F1
5537,884,17,9,2,8,1:22.342,1:21.718,1:21.570,2013,5,4,Spanish Grand Prix,2013-05-12,Mark Webber,WEB,,Red Bull
5538,884,815,1,6,9,1:23.116,1:21.790,1:22.069,2013,5,4,Spanish Grand Prix,2013-05-12,Sergio Pérez,PER,11.0,McLaren
5539,884,814,10,14,10,1:22.663,1:22.019,1:22.233,2013,5,4,Spanish Grand Prix,2013-05-12,Paul di Resta,DIR,40.0,Force India
5540,884,817,5,19,11,1:22.905,1:22.127,,2013,5,4,Spanish Grand Prix,2013-05-12,Daniel Ricciardo,RIC,3.0,Toro Rosso
5541,884,818,5,18,12,1:22.775,1:22.166,,2013,5,4,Spanish Grand Prix,2013-05-12,Jean-Éric Vergne,VER,25.0,Toro Rosso
5542,884,16,10,15,13,1:22.952,1:22.346,,2013,5,4,Spanish Grand Prix,2013-05-12,Adrian Sutil,SUT,99.0,Force India
5543,884,18,1,5,14,1:23.166,1:22.355,,2013,5,4,Spanish Grand Prix,2013-05-12,Jenson Button,BUT,22.0,McLaren
5544,884,807,15,11,15,1:23.058,1:22.389,,2013,5,4,Spanish Grand Prix,2013-05-12,Nico Hülkenberg,HUL,27.0,Sauber
5545,884,821,15,12,16,1:23.218,1:22.793,,2013,5,4,Spanish Grand Prix,2013-05-12,Esteban Gutiérrez,GUT,21.0,Sauber
5546,884,822,3,17,17,1:23.260,,,2013,5,4,Spanish Grand Prix,2013-05-12,Valtteri Bottas,BOT,77.0,Williams
5547,884,813,3,16,18,1:23.318,,,2013,5,4,Spanish Grand Prix,2013-05-12,Pastor Maldonado,MAL,13.0,Williams
5548,884,823,207,21,19,1:24.661,,,2013,5,4,Spanish Grand Prix,2013-05-12,Giedo van der Garde,VDG,,Caterham
5549,884,824,206,22,20,1:24.713,,,2013,5,4,Spanish Grand Prix,2013-05-12,Jules Bianchi,BIA,17.0,Marussia
5550,884,820,206,23,21,1:24.996,,,2013,5,4,Spanish Grand Prix,2013-05-12,Max Chilton,CHI,4.0,Marussia
5551,884,819,207,20,22,1:25.070,,,2013,5,4,Spanish Grand Prix,2013-05-12,Charles Pic,PIC,,Caterham
5552,885,3,131,9,1,1:24.620,1:16.135,1:13.876,2013,6,6,Monaco Grand Prix,2013-05-26,Nico Rosberg,ROS,6.0,Mercedes
5553,885,1,131,10,2,1:23.779,1:16.265,1:13.967,2013,6,6,Monaco Grand Prix,2013-05-26,Lewis Hamilton,HAM,44.0,Mercedes
5554,885,20,9,1,3,1:24.243,1:15.988,1:13.980,2013,6,6,Monaco Grand Prix,2013-05-26,Sebastian Vettel,VET,5.0,Red Bull
5555,885,17,9,2,4,1:25.352,1:17.322,1:14.181,2013,6,6,Monaco Grand Prix,2013-05-26,Mark Webber,WEB,,Red Bull
5556,885,8,208,7,5,1:25.835,1:16.040,1:14.822,2013,6,6,Monaco Grand Prix,2013-05-26,Kimi Räikkönen,RAI,7.0,Lotus F1
5557,885,4,6,3,6,1:23.712,1:16.510,1:14.824,2013,6,6,Monaco Grand Prix,2013-05-26,Fernando Alonso,ALO,14.0,Ferrari
5558,885,815,1,6,7,1:24.682,1:17.748,1:15.138,2013,6,6,Monaco Grand Prix,2013-05-26,Sergio Pérez,PER,11.0,McLaren
5559,885,16,10,15,8,1:25.108,1:17.261,1:15.383,2013,6,6,Monaco Grand Prix,2013-05-26,Adrian Sutil,SUT,99.0,Force India
5560,885,18,1,5,9,1:23.744,1:17.420,1:15.647,2013,6,6,Monaco Grand Prix,2013-05-26,Jenson Button,BUT,22.0,McLaren
5561,885,818,5,18,10,1:23.699,1:17.623,1:15.703,2013,6,6,Monaco Grand Prix,2013-05-26,Jean-Éric Vergne,VER,25.0,Toro Rosso
5562,885,807,15,11,11,1:25.547,1:18.331,,2013,6,6,Monaco Grand Prix,2013-05-26,Nico Hülkenberg,HUL,27.0,Sauber
5563,885,817,5,19,12,1:24.852,1:18.344,,2013,6,6,Monaco Grand Prix,2013-05-26,Daniel Ricciardo,RIC,3.0,Toro Rosso
5564,885,154,208,8,13,1:23.738,1:18.603,,2013,6,6,Monaco Grand Prix,2013-05-26,Romain Grosjean,GRO,8.0,Lotus F1
5565,885,822,3,17,14,1:24.681,1:19.077,,2013,6,6,Monaco Grand Prix,2013-05-26,Valtteri Bottas,BOT,77.0,Williams
5566,885,823,207,21,15,1:26.095,1:19.408,,2013,6,6,Monaco Grand Prix,2013-05-26,Giedo van der Garde,VDG,,Caterham
5567,885,813,3,16,16,1:23.452,1:21.688,,2013,6,6,Monaco Grand Prix,2013-05-26,Pastor Maldonado,MAL,13.0,Williams
5568,885,814,10,14,17,1:26.322,,,2013,6,6,Monaco Grand Prix,2013-05-26,Paul di Resta,DIR,40.0,Force India
5569,885,819,207,20,18,1:26.633,,,2013,6,6,Monaco Grand Prix,2013-05-26,Charles Pic,PIC,,Caterham
5570,885,821,15,12,19,1:26.917,,,2013,6,6,Monaco Grand Prix,2013-05-26,Esteban Gutiérrez,GUT,21.0,Sauber
5571,885,820,206,23,20,1:27.303,,,2013,6,6,Monaco Grand Prix,2013-05-26,Max Chilton,CHI,4.0,Marussia
5572,885,824,206,22,21,,,,2013,6,6,Monaco Grand Prix,2013-05-26,Jules Bianchi,BIA,17.0,Marussia
5573,885,13,6,4,22,,,,2013,6,6,Monaco Grand Prix,2013-05-26,Felipe Massa,MAS,19.0,Ferrari
5574,886,20,9,1,1,1:22.318,1:28.166,1:25.425,2013,7,7,Canadian Grand Prix,2013-06-09,Sebastian Vettel,VET,5.0,Red Bull
5575,886,1,131,10,2,1:23.801,1:27.649,1:25.512,2013,7,7,Canadian Grand Prix,2013-06-09,Lewis Hamilton,HAM,44.0,Mercedes
5576,886,822,3,17,3,1:23.446,1:28.419,1:25.897,2013,7,7,Canadian Grand Prix,2013-06-09,Valtteri Bottas,BOT,77.0,Williams
5577,886,3,131,9,4,1:23.840,1:28.420,1:26.008,2013,7,7,Canadian Grand Prix,2013-06-09,Nico Rosberg,ROS,6.0,Mercedes
5578,886,17,9,2,5,1:23.247,1:28.145,1:26.208,2013,7,7,Canadian Grand Prix,2013-06-09,Mark Webber,WEB,,Red Bull
5579,886,4,6,3,6,1:23.224,1:28.788,1:26.504,2013,7,7,Canadian Grand Prix,2013-06-09,Fernando Alonso,ALO,14.0,Ferrari
5580,886,818,5,18,7,1:24.159,1:28.527,1:26.543,2013,7,7,Canadian Grand Prix,2013-06-09,Jean-Éric Vergne,VER,25.0,Toro Rosso
5581,886,16,10,15,8,1:24.551,1:28.799,1:27.348,2013,7,7,Canadian Grand Prix,2013-06-09,Adrian Sutil,SUT,99.0,Force India
5582,886,8,208,7,9,1:24.451,1:28.667,1:27.432,2013,7,7,Canadian Grand Prix,2013-06-09,Kimi Räikkönen,RAI,7.0,Lotus F1
5583,886,817,5,19,10,1:24.770,1:29.359,1:27.946,2013,7,7,Canadian Grand Prix,2013-06-09,Daniel Ricciardo,RIC,3.0,Toro Rosso
5584,886,807,15,11,11,1:23.899,1:29.435,,2013,7,7,Canadian Grand Prix,2013-06-09,Nico Hülkenberg,HUL,27.0,Sauber
5585,886,815,1,6,12,1:24.176,1:29.761,,2013,7,7,Canadian Grand Prix,2013-06-09,Sergio Pérez,PER,11.0,McLaren
5586,886,813,3,16,13,1:24.776,1:29.917,,2013,7,7,Canadian Grand Prix,2013-06-09,Pastor Maldonado,MAL,13.0,Williams
5587,886,18,1,5,14,1:24.021,1:30.068,,2013,7,7,Canadian Grand Prix,2013-06-09,Jenson Button,BUT,22.0,McLaren
5588,886,821,15,12,15,1:24.408,1:30.315,,2013,7,7,Canadian Grand Prix,2013-06-09,Esteban Gutiérrez,GUT,21.0,Sauber
5589,886,13,6,4,16,1:23.735,1:30.354,,2013,7,7,Canadian Grand Prix,2013-06-09,Felipe Massa,MAS,19.0,Ferrari
5590,886,814,10,14,17,1:24.908,,,2013,7,7,Canadian Grand Prix,2013-06-09,Paul di Resta,DIR,40.0,Force India
5591,886,819,207,20,18,1:25.626,,,2013,7,7,Canadian Grand Prix,2013-06-09,Charles Pic,PIC,,Caterham
5592,886,154,208,8,19,1:25.716,,,2013,7,7,Canadian Grand Prix,2013-06-09,Romain Grosjean,GRO,8.0,Lotus F1
5593,886,824,206,22,20,1:26.508,,,2013,7,7,Canadian Grand Prix,2013-06-09,Jules Bianchi,BIA,17.0,Marussia
5594,886,820,206,23,21,1:27.062,,,2013,7,7,Canadian Grand Prix,2013-06-09,Max Chilton,CHI,4.0,Marussia
5595,886,823,207,21,22,1:27.110,,,2013,7,7,Canadian Grand Prix,2013-06-09,Giedo van der Garde,VDG,,Caterham
5596,887,1,131,10,1,1:30.995,1:31.224,1:29.607,2013,8,9,British Grand Prix,2013-06-30,Lewis Hamilton,HAM,44.0,Mercedes
5597,887,3,131,9,2,1:31.355,1:31.028,1:30.059,2013,8,9,British Grand Prix,2013-06-30,Nico Rosberg,ROS,6.0,Mercedes
5598,887,20,9,1,3,1:31.559,1:30.990,1:30.211,2013,8,9,British Grand Prix,2013-06-30,Sebastian Vettel,VET,5.0,Red Bull
5599,887,17,9,2,4,1:31.605,1:31.002,1:30.220,2013,8,9,British Grand Prix,2013-06-30,Mark Webber,WEB,,Red Bull
5600,887,814,10,14,5,1:32.062,1:31.291,1:30.736,2013,8,9,British Grand Prix,2013-06-30,Paul di Resta,DIR,40.0,Force India
5601,887,817,5,19,6,1:32.097,1:31.182,1:30.757,2013,8,9,British Grand Prix,2013-06-30,Daniel Ricciardo,RIC,3.0,Toro Rosso
5602,887,16,10,15,7,1:32.002,1:31.097,1:30.908,2013,8,9,British Grand Prix,2013-06-30,Adrian Sutil,SUT,99.0,Force India
5603,887,154,208,8,8,1:31.466,1:31.530,1:30.955,2013,8,9,British Grand Prix,2013-06-30,Romain Grosjean,GRO,8.0,Lotus F1
5604,887,8,208,7,9,1:31.400,1:31.592,1:30.962,2013,8,9,British Grand Prix,2013-06-30,Kimi Räikkönen,RAI,7.0,Lotus F1
5605,887,4,6,3,10,1:32.266,1:31.387,1:30.979,2013,8,9,British Grand Prix,2013-06-30,Fernando Alonso,ALO,14.0,Ferrari
5606,887,18,1,5,11,1:31.979,1:31.649,,2013,8,9,British Grand Prix,2013-06-30,Jenson Button,BUT,22.0,McLaren
5607,887,13,6,4,12,1:32.241,1:31.779,,2013,8,9,British Grand Prix,2013-06-30,Felipe Massa,MAS,19.0,Ferrari
5608,887,818,5,18,13,1:32.105,1:31.785,,2013,8,9,British Grand Prix,2013-06-30,Jean-Éric Vergne,VER,25.0,Toro Rosso
5609,887,815,1,6,14,1:31.953,1:32.082,,2013,8,9,British Grand Prix,2013-06-30,Sergio Pérez,PER,11.0,McLaren
5610,887,807,15,11,15,1:32.168,1:32.211,,2013,8,9,British Grand Prix,2013-06-30,Nico Hülkenberg,HUL,27.0,Sauber
5611,887,813,3,16,16,1:32.512,1:32.359,,2013,8,9,British Grand Prix,2013-06-30,Pastor Maldonado,MAL,13.0,Williams
5612,887,822,3,17,17,1:32.664,,,2013,8,9,British Grand Prix,2013-06-30,Valtteri Bottas,BOT,77.0,Williams
5613,887,821,15,12,18,1:32.666,,,2013,8,9,British Grand Prix,2013-06-30,Esteban Gutiérrez,GUT,21.0,Sauber
5614,887,819,207,20,19,1:33.866,,,2013,8,9,British Grand Prix,2013-06-30,Charles Pic,PIC,,Caterham
5615,887,824,206,22,20,1:34.108,,,2013,8,9,British Grand Prix,2013-06-30,Jules Bianchi,BIA,17.0,Marussia
5616,887,823,207,21,21,1:35.481,,,2013,8,9,British Grand Prix,2013-06-30,Giedo van der Garde,VDG,,Caterham
5617,887,820,206,23,22,1:35.858,,,2013,8,9,British Grand Prix,2013-06-30,Max Chilton,CHI,4.0,Marussia
5618,888,1,131,10,1,1:31.131,1:30.152,1:29.398,2013,9,20,German Grand Prix,2013-07-07,Lewis Hamilton,HAM,44.0,Mercedes
5619,888,20,9,1,2,1:31.269,1:29.992,1:29.501,2013,9,20,German Grand Prix,2013-07-07,Sebastian Vettel,VET,5.0,Red Bull
5620,888,17,9,2,3,1:31.428,1:30.217,1:29.608,2013,9,20,German Grand Prix,2013-07-07,Mark Webber,WEB,,Red Bull
5621,888,8,208,7,4,1:30.676,1:29.852,1:29.892,2013,9,20,German Grand Prix,2013-07-07,Kimi Räikkönen,RAI,7.0,Lotus F1
5622,888,154,208,8,5,1:31.242,1:30.005,1:29.959,2013,9,20,German Grand Prix,2013-07-07,Romain Grosjean,GRO,8.0,Lotus F1
5623,888,817,5,19,6,1:31.081,1:30.223,1:30.528,2013,9,20,German Grand Prix,2013-07-07,Daniel Ricciardo,RIC,3.0,Toro Rosso
5624,888,13,6,4,7,1:30.547,1:29.825,1:31.126,2013,9,20,German Grand Prix,2013-07-07,Felipe Massa,MAS,19.0,Ferrari
5625,888,4,6,3,8,1:30.709,1:29.962,1:31.209,2013,9,20,German Grand Prix,2013-07-07,Fernando Alonso,ALO,14.0,Ferrari
5626,888,18,1,5,9,1:31.181,1:30.269,,2013,9,20,German Grand Prix,2013-07-07,Jenson Button,BUT,22.0,McLaren
5627,888,807,15,11,10,1:31.132,1:30.231,,2013,9,20,German Grand Prix,2013-07-07,Nico Hülkenberg,HUL,27.0,Sauber
5628,888,3,131,9,11,1:31.322,1:30.326,,2013,9,20,German Grand Prix,2013-07-07,Nico Rosberg,ROS,6.0,Mercedes
5629,888,814,10,14,12,1:31.322,1:30.697,,2013,9,20,German Grand Prix,2013-07-07,Paul di Resta,DIR,40.0,Force India
5630,888,815,1,6,13,1:31.498,1:30.933,,2013,9,20,German Grand Prix,2013-07-07,Sergio Pérez,PER,11.0,McLaren
5631,888,821,15,12,14,1:31.681,1:31.010,,2013,9,20,German Grand Prix,2013-07-07,Esteban Gutiérrez,GUT,21.0,Sauber
5632,888,16,10,15,15,1:31.320,1:31.010,,2013,9,20,German Grand Prix,2013-07-07,Adrian Sutil,SUT,99.0,Force India
5633,888,818,5,18,16,1:31.629,1:31.104,,2013,9,20,German Grand Prix,2013-07-07,Jean-Éric Vergne,VER,25.0,Toro Rosso
5634,888,822,3,17,17,1:31.693,,,2013,9,20,German Grand Prix,2013-07-07,Valtteri Bottas,BOT,77.0,Williams
5635,888,813,3,16,18,1:31.707,,,2013,9,20,German Grand Prix,2013-07-07,Pastor Maldonado,MAL,13.0,Williams
5636,888,819,207,20,19,1:32.937,,,2013,9,20,German Grand Prix,2013-07-07,Charles Pic,PIC,,Caterham
5637,888,824,206,22,20,1:33.063,,,2013,9,20,German Grand Prix,2013-07-07,Jules Bianchi,BIA,17.0,Marussia
5638,888,823,207,21,21,1:33.734,,,2013,9,20,German Grand Prix,2013-07-07,Giedo van der Garde,VDG,,Caterham
5639,888,820,206,23,22,1:34.098,,,2013,9,20,German Grand Prix,2013-07-07,Max Chilton,CHI,4.0,Marussia
5640,890,1,131,10,1,1:20.363,1:19.862,1:19.388,2013,10,11,Hungarian Grand Prix,2013-07-28,Lewis Hamilton,HAM,44.0,Mercedes
5641,890,20,9,1,2,1:20.646,1:19.992,1:19.426,2013,10,11,Hungarian Grand Prix,2013-07-28,Sebastian Vettel,VET,5.0,Red Bull
5642,890,154,208,8,3,1:20.447,1:20.101,1:19.595,2013,10,11,Hungarian Grand Prix,2013-07-28,Romain Grosjean,GRO,8.0,Lotus F1
5643,890,3,131,9,4,1:20.350,1:19.778,1:19.720,2013,10,11,Hungarian Grand Prix,2013-07-28,Nico Rosberg,ROS,6.0,Mercedes
5644,890,4,6,3,5,1:20.652,1:20.183,1:19.791,2013,10,11,Hungarian Grand Prix,2013-07-28,Fernando Alonso,ALO,14.0,Ferrari
5645,890,8,208,7,6,1:20.867,1:20.243,1:19.851,2013,10,11,Hungarian Grand Prix,2013-07-28,Kimi Räikkönen,RAI,7.0,Lotus F1
5646,890,13,6,4,7,1:21.004,1:20.460,1:19.929,2013,10,11,Hungarian Grand Prix,2013-07-28,Felipe Massa,MAS,19.0,Ferrari
5647,890,817,5,19,8,1:21.181,1:20.527,1:20.641,2013,10,11,Hungarian Grand Prix,2013-07-28,Daniel Ricciardo,RIC,3.0,Toro Rosso
5648,890,815,1,6,9,1:21.612,1:20.545,1:22.398,2013,10,11,Hungarian Grand Prix,2013-07-28,Sergio Pérez,PER,11.0,McLaren
5649,890,17,9,2,10,1:21.264,1:20.503,,2013,10,11,Hungarian Grand Prix,2013-07-28,Mark Webber,WEB,,Red Bull
5650,890,16,10,15,11,1:21.471,1:20.569,,2013,10,11,Hungarian Grand Prix,2013-07-28,Adrian Sutil,SUT,99.0,Force India
5651,890,807,15,11,12,1:21.028,1:20.580,,2013,10,11,Hungarian Grand Prix,2013-07-28,Nico Hülkenberg,HUL,27.0,Sauber
5652,890,18,1,5,13,1:21.131,1:20.777,,2013,10,11,Hungarian Grand Prix,2013-07-28,Jenson Button,BUT,22.0,McLaren
5653,890,818,5,18,14,1:21.345,1:21.029,,2013,10,11,Hungarian Grand Prix,2013-07-28,Jean-Éric Vergne,VER,25.0,Toro Rosso
5654,890,813,3,16,15,1:20.816,1:21.133,,2013,10,11,Hungarian Grand Prix,2013-07-28,Pastor Maldonado,MAL,13.0,Williams
5655,890,822,3,17,16,1:21.135,1:21.219,,2013,10,11,Hungarian Grand Prix,2013-07-28,Valtteri Bottas,BOT,77.0,Williams
5656,890,821,15,12,17,1:21.724,,,2013,10,11,Hungarian Grand Prix,2013-07-28,Esteban Gutiérrez,GUT,21.0,Sauber
5657,890,814,10,14,18,1:22.043,,,2013,10,11,Hungarian Grand Prix,2013-07-28,Paul di Resta,DIR,40.0,Force India
5658,890,819,207,20,19,1:23.007,,,2013,10,11,Hungarian Grand Prix,2013-07-28,Charles Pic,PIC,,Caterham
5659,890,823,207,21,20,1:23.333,,,2013,10,11,Hungarian Grand Prix,2013-07-28,Giedo van der Garde,VDG,,Caterham
5660,890,824,206,22,21,1:23.787,,,2013,10,11,Hungarian Grand Prix,2013-07-28,Jules Bianchi,BIA,17.0,Marussia
5661,890,820,206,23,22,1:23.997,,,2013,10,11,Hungarian Grand Prix,2013-07-28,Max Chilton,CHI,4.0,Marussia
5662,891,1,131,10,1,2:00.368,1:49.067,2:01.012,2013,11,13,Belgian Grand Prix,2013-08-25,Lewis Hamilton,HAM,44.0,Mercedes
5663,891,20,9,1,2,2:01.863,1:48.646,2:01.200,2013,11,13,Belgian Grand Prix,2013-08-25,Sebastian Vettel,VET,5.0,Red Bull
5664,891,17,9,2,3,2:01.597,1:48.641,2:01.325,2013,11,13,Belgian Grand Prix,2013-08-25,Mark Webber,WEB,,Red Bull
5665,891,3,131,9,4,2:01.099,1:48.552,2:02.251,2013,11,13,Belgian Grand Prix,2013-08-25,Nico Rosberg,ROS,6.0,Mercedes
5666,891,814,10,14,5,2:02.338,1:48.925,2:02.332,2013,11,13,Belgian Grand Prix,2013-08-25,Paul di Resta,DIR,40.0,Force India
5667,891,18,1,5,6,2:01.301,1:48.641,2:03.075,2013,11,13,Belgian Grand Prix,2013-08-25,Jenson Button,BUT,22.0,McLaren
5668,891,154,208,8,7,2:02.476,1:48.649,2:03.081,2013,11,13,Belgian Grand Prix,2013-08-25,Romain Grosjean,GRO,8.0,Lotus F1
5669,891,8,208,7,8,2:01.151,1:48.296,2:03.390,2013,11,13,Belgian Grand Prix,2013-08-25,Kimi Räikkönen,RAI,7.0,Lotus F1
5670,891,4,6,3,9,2:00.190,1:48.309,2:03.482,2013,11,13,Belgian Grand Prix,2013-08-25,Fernando Alonso,ALO,14.0,Ferrari
5671,891,13,6,4,10,2:01.462,1:49.020,2:04.059,2013,11,13,Belgian Grand Prix,2013-08-25,Felipe Massa,MAS,19.0,Ferrari
5672,891,807,15,11,11,2:01.712,1:49.088,,2013,11,13,Belgian Grand Prix,2013-08-25,Nico Hülkenberg,HUL,27.0,Sauber
5673,891,16,10,15,12,2:02.749,1:49.103,,2013,11,13,Belgian Grand Prix,2013-08-25,Adrian Sutil,SUT,99.0,Force India
5674,891,815,1,6,13,2:02.425,1:49.304,,2013,11,13,Belgian Grand Prix,2013-08-25,Sergio Pérez,PER,11.0,McLaren
5675,891,823,207,21,14,2:00.564,1:52.036,,2013,11,13,Belgian Grand Prix,2013-08-25,Giedo van der Garde,VDG,,Caterham
5676,891,824,206,22,15,2:02.110,1:52.563,,2013,11,13,Belgian Grand Prix,2013-08-25,Jules Bianchi,BIA,17.0,Marussia
5677,891,820,206,23,16,2:02.948,1:52.762,,2013,11,13,Belgian Grand Prix,2013-08-25,Max Chilton,CHI,4.0,Marussia
5678,891,813,3,16,17,2:03.072,,,2013,11,13,Belgian Grand Prix,2013-08-25,Pastor Maldonado,MAL,13.0,Williams
5679,891,818,5,18,18,2:03.300,,,2013,11,13,Belgian Grand Prix,2013-08-25,Jean-Éric Vergne,VER,25.0,Toro Rosso
5680,891,817,5,19,19,2:03.317,,,2013,11,13,Belgian Grand Prix,2013-08-25,Daniel Ricciardo,RIC,3.0,Toro Rosso
5681,891,822,3,17,20,2:03.432,,,2013,11,13,Belgian Grand Prix,2013-08-25,Valtteri Bottas,BOT,77.0,Williams
5682,891,821,15,12,21,2:04.324,,,2013,11,13,Belgian Grand Prix,2013-08-25,Esteban Gutiérrez,GUT,21.0,Sauber
5683,891,819,207,20,22,2:07.384,,,2013,11,13,Belgian Grand Prix,2013-08-25,Charles Pic,PIC,,Caterham
5684,892,20,9,1,1,1:24.319,1:23.977,1:23.755,2013,12,14,Italian Grand Prix,2013-09-08,Sebastian Vettel,VET,5.0,Red Bull
5685,892,17,9,2,2,1:24.923,1:24.263,1:23.968,2013,12,14,Italian Grand Prix,2013-09-08,Mark Webber,WEB,,Red Bull
5686,892,807,15,11,3,1:24.776,1:24.305,1:24.065,2013,12,14,Italian Grand Prix,2013-09-08,Nico Hülkenberg,HUL,27.0,Sauber
5687,892,13,6,4,4,1:24.950,1:24.479,1:24.132,2013,12,14,Italian Grand Prix,2013-09-08,Felipe Massa,MAS,19.0,Ferrari
5688,892,4,6,3,5,1:24.661,1:24.227,1:24.142,2013,12,14,Italian Grand Prix,2013-09-08,Fernando Alonso,ALO,14.0,Ferrari
5689,892,3,131,9,6,1:24.527,1:24.393,1:24.192,2013,12,14,Italian Grand Prix,2013-09-08,Nico Rosberg,ROS,6.0,Mercedes
5690,892,817,5,19,7,1:24.655,1:24.290,1:24.209,2013,12,14,Italian Grand Prix,2013-09-08,Daniel Ricciardo,RIC,3.0,Toro Rosso
5691,892,815,1,6,8,1:24.635,1:24.592,1:24.502,2013,12,14,Italian Grand Prix,2013-09-08,Sergio Pérez,PER,11.0,McLaren
5692,892,18,1,5,9,1:24.739,1:24.563,1:24.515,2013,12,14,Italian Grand Prix,2013-09-08,Jenson Button,BUT,22.0,McLaren
5693,892,818,5,18,10,1:24.630,1:24.575,1:28.050,2013,12,14,Italian Grand Prix,2013-09-08,Jean-Éric Vergne,VER,25.0,Toro Rosso
5694,892,8,208,7,11,1:24.819,1:24.610,,2013,12,14,Italian Grand Prix,2013-09-08,Kimi Räikkönen,RAI,7.0,Lotus F1
5695,892,1,131,10,12,1:24.589,1:24.803,,2013,12,14,Italian Grand Prix,2013-09-08,Lewis Hamilton,HAM,44.0,Mercedes
5696,892,154,208,8,13,1:24.737,1:24.848,,2013,12,14,Italian Grand Prix,2013-09-08,Romain Grosjean,GRO,8.0,Lotus F1
5697,892,16,10,15,14,1:25.030,1:24.932,,2013,12,14,Italian Grand Prix,2013-09-08,Adrian Sutil,SUT,99.0,Force India
5698,892,813,3,16,15,1:24.905,1:25.011,,2013,12,14,Italian Grand Prix,2013-09-08,Pastor Maldonado,MAL,13.0,Williams
5699,892,814,10,14,16,1:25.009,1:25.077,,2013,12,14,Italian Grand Prix,2013-09-08,Paul di Resta,DIR,40.0,Force India
5700,892,821,15,12,17,1:25.226,,,2013,12,14,Italian Grand Prix,2013-09-08,Esteban Gutiérrez,GUT,21.0,Sauber
5701,892,822,3,17,18,1:25.291,,,2013,12,14,Italian Grand Prix,2013-09-08,Valtteri Bottas,BOT,77.0,Williams
5702,892,823,207,21,19,1:26.406,,,2013,12,14,Italian Grand Prix,2013-09-08,Giedo van der Garde,VDG,,Caterham
5703,892,819,207,20,20,1:26.563,,,2013,12,14,Italian Grand Prix,2013-09-08,Charles Pic,PIC,,Caterham
5704,892,824,206,22,21,1:27.085,,,2013,12,14,Italian Grand Prix,2013-09-08,Jules Bianchi,BIA,17.0,Marussia
5705,892,820,206,23,22,1:27.480,,,2013,12,14,Italian Grand Prix,2013-09-08,Max Chilton,CHI,4.0,Marussia
5706,893,20,9,1,1,1:45.376,1:42.905,1:42.841,2013,13,15,Singapore Grand Prix,2013-09-22,Sebastian Vettel,VET,5.0,Red Bull
5707,893,3,131,9,2,1:45.208,1:43.892,1:42.932,2013,13,15,Singapore Grand Prix,2013-09-22,Nico Rosberg,ROS,6.0,Mercedes
5708,893,154,208,8,3,1:45.851,1:43.957,1:43.058,2013,13,15,Singapore Grand Prix,2013-09-22,Romain Grosjean,GRO,8.0,Lotus F1
5709,893,17,9,2,4,1:45.271,1:43.272,1:43.152,2013,13,15,Singapore Grand Prix,2013-09-22,Mark Webber,WEB,,Red Bull
5710,893,1,131,10,5,1:44.196,1:43.920,1:43.254,2013,13,15,Singapore Grand Prix,2013-09-22,Lewis Hamilton,HAM,44.0,Mercedes
5711,893,13,6,4,6,1:45.658,1:44.376,1:43.890,2013,13,15,Singapore Grand Prix,2013-09-22,Felipe Massa,MAS,19.0,Ferrari
5712,893,4,6,3,7,1:45.115,1:44.153,1:43.938,2013,13,15,Singapore Grand Prix,2013-09-22,Fernando Alonso,ALO,14.0,Ferrari
5713,893,18,1,5,8,1:45.009,1:44.497,1:44.282,2013,13,15,Singapore Grand Prix,2013-09-22,Jenson Button,BUT,22.0,McLaren
5714,893,817,5,19,9,1:45.379,1:44.407,1:44.439,2013,13,15,Singapore Grand Prix,2013-09-22,Daniel Ricciardo,RIC,3.0,Toro Rosso
5715,893,821,15,12,10,1:45.483,1:44.245,,2013,13,15,Singapore Grand Prix,2013-09-22,Esteban Gutiérrez,GUT,21.0,Sauber
5716,893,807,15,11,11,1:45.381,1:44.555,,2013,13,15,Singapore Grand Prix,2013-09-22,Nico Hülkenberg,HUL,27.0,Sauber
5717,893,818,5,18,12,1:45.657,1:44.588,,2013,13,15,Singapore Grand Prix,2013-09-22,Jean-Éric Vergne,VER,25.0,Toro Rosso
5718,893,8,208,7,13,1:45.522,1:44.658,,2013,13,15,Singapore Grand Prix,2013-09-22,Kimi Räikkönen,RAI,7.0,Lotus F1
5719,893,815,1,6,14,1:45.164,1:44.752,,2013,13,15,Singapore Grand Prix,2013-09-22,Sergio Pérez,PER,11.0,McLaren
5720,893,16,10,15,15,1:45.960,1:45.185,,2013,13,15,Singapore Grand Prix,2013-09-22,Adrian Sutil,SUT,99.0,Force India
5721,893,822,3,17,16,1:45.982,1:45.388,,2013,13,15,Singapore Grand Prix,2013-09-22,Valtteri Bottas,BOT,77.0,Williams
5722,893,814,10,14,17,1:46.121,,,2013,13,15,Singapore Grand Prix,2013-09-22,Paul di Resta,DIR,40.0,Force India
5723,893,813,3,16,18,1:46.619,,,2013,13,15,Singapore Grand Prix,2013-09-22,Pastor Maldonado,MAL,13.0,Williams
5724,893,819,207,20,19,1:48.111,,,2013,13,15,Singapore Grand Prix,2013-09-22,Charles Pic,PIC,,Caterham
5725,893,823,207,21,20,1:48.320,,,2013,13,15,Singapore Grand Prix,2013-09-22,Giedo van der Garde,VDG,,Caterham
5726,893,824,206,22,21,1:48.830,,,2013,13,15,Singapore Grand Prix,2013-09-22,Jules Bianchi,BIA,17.0,Marussia
5727,893,820,206,23,22,1:48.930,,,2013,13,15,Singapore Grand Prix,2013-09-22,Max Chilton,CHI,4.0,Marussia
5728,894,20,9,1,1,1:38.683,1:37.569,1:37.202,2013,14,35,Korean Grand Prix,2013-10-06,Sebastian Vettel,VET,5.0,Red Bull
5729,894,1,131,10,2,1:38.574,1:37.824,1:37.420,2013,14,35,Korean Grand Prix,2013-10-06,Lewis Hamilton,HAM,44.0,Mercedes
5730,894,17,9,2,3,1:39.138,1:37.840,1:37.464,2013,14,35,Korean Grand Prix,2013-10-06,Mark Webber,WEB,,Red Bull
5731,894,154,208,8,4,1:39.065,1:38.076,1:37.531,2013,14,35,Korean Grand Prix,2013-10-06,Romain Grosjean,GRO,8.0,Lotus F1
5732,894,3,131,9,5,1:38.418,1:38.031,1:37.679,2013,14,35,Korean Grand Prix,2013-10-06,Nico Rosberg,ROS,6.0,Mercedes
5733,894,4,6,3,6,1:38.520,1:37.978,1:38.038,2013,14,35,Korean Grand Prix,2013-10-06,Fernando Alonso,ALO,14.0,Ferrari
5734,894,13,6,4,7,1:38.884,1:38.295,1:38.223,2013,14,35,Korean Grand Prix,2013-10-06,Felipe Massa,MAS,19.0,Ferrari
5735,894,807,15,11,8,1:38.427,1:37.913,1:38.237,2013,14,35,Korean Grand Prix,2013-10-06,Nico Hülkenberg,HUL,27.0,Sauber
5736,894,821,15,12,9,1:38.725,1:38.327,1:38.405,2013,14,35,Korean Grand Prix,2013-10-06,Esteban Gutiérrez,GUT,21.0,Sauber
5737,894,8,208,7,10,1:38.341,1:38.181,1:38.822,2013,14,35,Korean Grand Prix,2013-10-06,Kimi Räikkönen,RAI,7.0,Lotus F1
5738,894,815,1,6,11,1:39.049,1:38.362,,2013,14,35,Korean Grand Prix,2013-10-06,Sergio Pérez,PER,11.0,McLaren
5739,894,18,1,5,12,1:38.882,1:38.365,,2013,14,35,Korean Grand Prix,2013-10-06,Jenson Button,BUT,22.0,McLaren
5740,894,817,5,19,13,1:38.525,1:38.417,,2013,14,35,Korean Grand Prix,2013-10-06,Daniel Ricciardo,RIC,3.0,Toro Rosso
5741,894,16,10,15,14,1:38.988,1:38.431,,2013,14,35,Korean Grand Prix,2013-10-06,Adrian Sutil,SUT,99.0,Force India
5742,894,814,10,14,15,1:39.185,1:38.718,,2013,14,35,Korean Grand Prix,2013-10-06,Paul di Resta,DIR,40.0,Force India
5743,894,818,5,18,16,1:39.075,1:38.781,,2013,14,35,Korean Grand Prix,2013-10-06,Jean-Éric Vergne,VER,25.0,Toro Rosso
5744,894,822,3,17,17,1:39.470,,,2013,14,35,Korean Grand Prix,2013-10-06,Valtteri Bottas,BOT,77.0,Williams
5745,894,813,3,16,18,1:39.987,,,2013,14,35,Korean Grand Prix,2013-10-06,Pastor Maldonado,MAL,13.0,Williams
5746,894,819,207,20,19,1:40.864,,,2013,14,35,Korean Grand Prix,2013-10-06,Charles Pic,PIC,,Caterham
5747,894,823,207,21,20,1:40.871,,,2013,14,35,Korean Grand Prix,2013-10-06,Giedo van der Garde,VDG,,Caterham
5748,894,824,206,22,21,1:41.169,,,2013,14,35,Korean Grand Prix,2013-10-06,Jules Bianchi,BIA,17.0,Marussia
5749,894,820,206,23,22,1:41.322,,,2013,14,35,Korean Grand Prix,2013-10-06,Max Chilton,CHI,4.0,Marussia
5750,895,17,9,2,1,1:32.271,1:31.513,1:30.915,2013,15,22,Japanese Grand Prix,2013-10-13,Mark Webber,WEB,,Red Bull
5751,895,20,9,1,2,1:32.397,1:31.290,1:31.089,2013,15,22,Japanese Grand Prix,2013-10-13,Sebastian Vettel,VET,5.0,Red Bull
5752,895,1,131,10,3,1:32.340,1:31.636,1:31.253,2013,15,22,Japanese Grand Prix,2013-10-13,Lewis Hamilton,HAM,44.0,Mercedes
5753,895,154,208,8,4,1:31.824,1:31.565,1:31.365,2013,15,22,Japanese Grand Prix,2013-10-13,Romain Grosjean,GRO,8.0,Lotus F1
5754,895,13,6,4,5,1:31.994,1:31.668,1:31.378,2013,15,22,Japanese Grand Prix,2013-10-13,Felipe Massa,MAS,19.0,Ferrari
5755,895,3,131,9,6,1:32.244,1:31.764,1:31.397,2013,15,22,Japanese Grand Prix,2013-10-13,Nico Rosberg,ROS,6.0,Mercedes
5756,895,807,15,11,7,1:32.465,1:31.848,1:31.644,2013,15,22,Japanese Grand Prix,2013-10-13,Nico Hülkenberg,HUL,27.0,Sauber
5757,895,4,6,3,8,1:32.371,1:31.828,1:31.665,2013,15,22,Japanese Grand Prix,2013-10-13,Fernando Alonso,ALO,14.0,Ferrari
5758,895,8,208,7,9,1:32.377,1:31.662,1:31.684,2013,15,22,Japanese Grand Prix,2013-10-13,Kimi Räikkönen,RAI,7.0,Lotus F1
5759,895,18,1,5,10,1:32.606,1:31.838,1:31.827,2013,15,22,Japanese Grand Prix,2013-10-13,Jenson Button,BUT,22.0,McLaren
5760,895,815,1,6,11,1:32.718,1:31.989,,2013,15,22,Japanese Grand Prix,2013-10-13,Sergio Pérez,PER,11.0,McLaren
5761,895,814,10,14,12,1:32.286,1:31.992,,2013,15,22,Japanese Grand Prix,2013-10-13,Paul di Resta,DIR,40.0,Force India
5762,895,822,3,17,13,1:32.613,1:32.013,,2013,15,22,Japanese Grand Prix,2013-10-13,Valtteri Bottas,BOT,77.0,Williams
5763,895,821,15,12,14,1:32.673,1:32.063,,2013,15,22,Japanese Grand Prix,2013-10-13,Esteban Gutiérrez,GUT,21.0,Sauber
5764,895,813,3,16,15,1:32.875,1:32.093,,2013,15,22,Japanese Grand Prix,2013-10-13,Pastor Maldonado,MAL,13.0,Williams
5765,895,817,5,19,16,1:32.804,1:32.485,,2013,15,22,Japanese Grand Prix,2013-10-13,Daniel Ricciardo,RIC,3.0,Toro Rosso
5766,895,16,10,15,17,1:32.890,,,2013,15,22,Japanese Grand Prix,2013-10-13,Adrian Sutil,SUT,99.0,Force India
5767,895,818,5,18,18,1:33.357,,,2013,15,22,Japanese Grand Prix,2013-10-13,Jean-Éric Vergne,VER,25.0,Toro Rosso
5768,895,820,206,23,19,1:34.320,,,2013,15,22,Japanese Grand Prix,2013-10-13,Max Chilton,CHI,4.0,Marussia
5769,895,819,207,20,20,1:34.556,,,2013,15,22,Japanese Grand Prix,2013-10-13,Charles Pic,PIC,,Caterham
5770,895,823,207,21,21,1:34.879,,,2013,15,22,Japanese Grand Prix,2013-10-13,Giedo van der Garde,VDG,,Caterham
5771,895,824,206,22,22,1:34.958,,,2013,15,22,Japanese Grand Prix,2013-10-13,Jules Bianchi,BIA,17.0,Marussia
5772,896,20,9,1,1,1:25.943,1:24.568,1:24.119,2013,16,68,Indian Grand Prix,2013-10-27,Sebastian Vettel,VET,5.0,Red Bull
5773,896,3,131,9,2,1:25.833,1:25.304,1:24.871,2013,16,68,Indian Grand Prix,2013-10-27,Nico Rosberg,ROS,6.0,Mercedes
5774,896,1,131,10,3,1:25.802,1:25.259,1:24.941,2013,16,68,Indian Grand Prix,2013-10-27,Lewis Hamilton,HAM,44.0,Mercedes
5775,896,17,9,2,4,1:25.665,1:25.097,1:25.047,2013,16,68,Indian Grand Prix,2013-10-27,Mark Webber,WEB,,Red Bull
5776,896,13,6,4,5,1:25.793,1:25.389,1:25.201,2013,16,68,Indian Grand Prix,2013-10-27,Felipe Massa,MAS,19.0,Ferrari
5777,896,8,208,7,6,1:25.819,1:25.191,1:25.248,2013,16,68,Indian Grand Prix,2013-10-27,Kimi Räikkönen,RAI,7.0,Lotus F1
5778,896,807,15,11,7,1:25.883,1:25.339,1:25.334,2013,16,68,Indian Grand Prix,2013-10-27,Nico Hülkenberg,HUL,27.0,Sauber
5779,896,4,6,3,8,1:25.934,1:24.885,1:25.826,2013,16,68,Indian Grand Prix,2013-10-27,Fernando Alonso,ALO,14.0,Ferrari
5780,896,815,1,6,9,1:26.107,1:25.365,1:26.153,2013,16,68,Indian Grand Prix,2013-10-27,Sergio Pérez,PER,11.0,McLaren
5781,896,18,1,5,10,1:25.574,1:25.458,1:26.487,2013,16,68,Indian Grand Prix,2013-10-27,Jenson Button,BUT,22.0,McLaren
5782,896,817,5,19,11,1:25.673,1:25.519,,2013,16,68,Indian Grand Prix,2013-10-27,Daniel Ricciardo,RIC,3.0,Toro Rosso
5783,896,814,10,14,12,1:25.908,1:25.711,,2013,16,68,Indian Grand Prix,2013-10-27,Paul di Resta,DIR,40.0,Force India
5784,896,16,10,15,13,1:26.164,1:25.740,,2013,16,68,Indian Grand Prix,2013-10-27,Adrian Sutil,SUT,99.0,Force India
5785,896,818,5,18,14,1:26.155,1:25.798,,2013,16,68,Indian Grand Prix,2013-10-27,Jean-Éric Vergne,VER,25.0,Toro Rosso
5786,896,822,3,17,15,1:26.178,1:26.134,,2013,16,68,Indian Grand Prix,2013-10-27,Valtteri Bottas,BOT,77.0,Williams
5787,896,821,15,12,16,1:26.057,1:26.366,,2013,16,68,Indian Grand Prix,2013-10-27,Esteban Gutiérrez,GUT,21.0,Sauber
5788,896,154,208,8,17,1:26.577,,,2013,16,68,Indian Grand Prix,2013-10-27,Romain Grosjean,GRO,8.0,Lotus F1
5789,896,813,3,16,18,1:26.842,,,2013,16,68,Indian Grand Prix,2013-10-27,Pastor Maldonado,MAL,13.0,Williams
5790,896,824,206,22,19,1:26.970,,,2013,16,68,Indian Grand Prix,2013-10-27,Jules Bianchi,BIA,17.0,Marussia
5791,896,823,207,21,20,1:27.105,,,2013,16,68,Indian Grand Prix,2013-10-27,Giedo van der Garde,VDG,,Caterham
5792,896,819,207,20,21,1:27.487,,,2013,16,68,Indian Grand Prix,2013-10-27,Charles Pic,PIC,,Caterham
5793,896,820,206,23,22,1:28.138,,,2013,16,68,Indian Grand Prix,2013-10-27,Max Chilton,CHI,4.0,Marussia
5794,897,17,9,2,1,1:41.568,1:40.575,1:39.957,2013,17,24,Abu Dhabi Grand Prix,2013-11-03,Mark Webber,WEB,,Red Bull
5795,897,20,9,1,2,1:41.683,1:40.781,1:40.075,2013,17,24,Abu Dhabi Grand Prix,2013-11-03,Sebastian Vettel,VET,5.0,Red Bull
5796,897,3,131,9,3,1:41.420,1:40.473,1:40.419,2013,17,24,Abu Dhabi Grand Prix,2013-11-03,Nico Rosberg,ROS,6.0,Mercedes
5797,897,1,131,10,4,1:40.693,1:40.477,1:40.501,2013,17,24,Abu Dhabi Grand Prix,2013-11-03,Lewis Hamilton,HAM,44.0,Mercedes
5798,897,8,208,7,5,1:41.276,1:40.971,1:40.542,2013,17,24,Abu Dhabi Grand Prix,2013-11-03,Kimi Räikkönen,RAI,7.0,Lotus F1
5799,897,807,15,11,6,1:41.631,1:40.931,1:40.576,2013,17,24,Abu Dhabi Grand Prix,2013-11-03,Nico Hülkenberg,HUL,27.0,Sauber
5800,897,154,208,8,7,1:41.447,1:40.948,1:40.997,2013,17,24,Abu Dhabi Grand Prix,2013-11-03,Romain Grosjean,GRO,8.0,Lotus F1
5801,897,13,6,4,8,1:41.254,1:40.989,1:41.015,2013,17,24,Abu Dhabi Grand Prix,2013-11-03,Felipe Massa,MAS,19.0,Ferrari
5802,897,815,1,6,9,1:41.687,1:40.812,1:41.068,2013,17,24,Abu Dhabi Grand Prix,2013-11-03,Sergio Pérez,PER,11.0,McLaren
5803,897,817,5,19,10,1:41.884,1:40.852,1:41.111,2013,17,24,Abu Dhabi Grand Prix,2013-11-03,Daniel Ricciardo,RIC,3.0,Toro Rosso
5804,897,4,6,3,11,1:41.397,1:41.093,,2013,17,24,Abu Dhabi Grand Prix,2013-11-03,Fernando Alonso,ALO,14.0,Ferrari
5805,897,814,10,14,12,1:41.676,1:41.133,,2013,17,24,Abu Dhabi Grand Prix,2013-11-03,Paul di Resta,DIR,40.0,Force India
5806,897,18,1,5,13,1:41.817,1:41.200,,2013,17,24,Abu Dhabi Grand Prix,2013-11-03,Jenson Button,BUT,22.0,McLaren
5807,897,818,5,18,14,1:41.692,1:41.279,,2013,17,24,Abu Dhabi Grand Prix,2013-11-03,Jean-Éric Vergne,VER,25.0,Toro Rosso
5808,897,813,3,16,15,1:41.365,1:41.395,,2013,17,24,Abu Dhabi Grand Prix,2013-11-03,Pastor Maldonado,MAL,13.0,Williams
5809,897,822,3,17,16,1:41.862,1:41.447,,2013,17,24,Abu Dhabi Grand Prix,2013-11-03,Valtteri Bottas,BOT,77.0,Williams
5810,897,821,15,12,17,1:41.999,,,2013,17,24,Abu Dhabi Grand Prix,2013-11-03,Esteban Gutiérrez,GUT,21.0,Sauber
5811,897,16,10,15,18,1:42.051,,,2013,17,24,Abu Dhabi Grand Prix,2013-11-03,Adrian Sutil,SUT,99.0,Force India
5812,897,823,207,21,19,1:43.252,,,2013,17,24,Abu Dhabi Grand Prix,2013-11-03,Giedo van der Garde,VDG,,Caterham
5813,897,824,206,22,20,1:43.398,,,2013,17,24,Abu Dhabi Grand Prix,2013-11-03,Jules Bianchi,BIA,17.0,Marussia
5814,897,819,207,20,21,1:43.528,,,2013,17,24,Abu Dhabi Grand Prix,2013-11-03,Charles Pic,PIC,,Caterham
5815,897,820,206,23,22,1:44.198,,,2013,17,24,Abu Dhabi Grand Prix,2013-11-03,Max Chilton,CHI,4.0,Marussia
5816,898,20,9,1,1,1:38.516,1:37.065,1:36.338,2013,18,69,United States Grand Prix,2013-11-17,Sebastian Vettel,VET,5.0,Red Bull
5817,898,17,9,2,2,1:38.161,1:37.312,1:36.441,2013,18,69,United States Grand Prix,2013-11-17,Mark Webber,WEB,,Red Bull
5818,898,154,208,8,3,1:38.676,1:37.523,1:37.155,2013,18,69,United States Grand Prix,2013-11-17,Romain Grosjean,GRO,8.0,Lotus F1
5819,898,807,15,11,4,1:38.339,1:37.828,1:37.296,2013,18,69,United States Grand Prix,2013-11-17,Nico Hülkenberg,HUL,27.0,Sauber
5820,898,1,131,10,5,1:37.959,1:37.854,1:37.345,2013,18,69,United States Grand Prix,2013-11-17,Lewis Hamilton,HAM,44.0,Mercedes
5821,898,4,6,3,6,1:38.929,1:37.368,1:37.376,2013,18,69,United States Grand Prix,2013-11-17,Fernando Alonso,ALO,14.0,Ferrari
5822,898,815,1,6,7,1:38.367,1:38.040,1:37.452,2013,18,69,United States Grand Prix,2013-11-17,Sergio Pérez,PER,11.0,McLaren
5823,898,5,208,7,8,1:38.375,1:38.078,1:37.715,2013,18,69,United States Grand Prix,2013-11-17,Heikki Kovalainen,KOV,,Lotus F1
5824,898,822,3,17,9,1:37.821,1:37.439,1:37.836,2013,18,69,United States Grand Prix,2013-11-17,Valtteri Bottas,BOT,77.0,Williams
5825,898,821,15,12,10,1:38.082,1:38.031,1:38.034,2013,18,69,United States Grand Prix,2013-11-17,Esteban Gutiérrez,GUT,21.0,Sauber
5826,898,817,5,19,11,1:38.882,1:38.131,,2013,18,69,United States Grand Prix,2013-11-17,Daniel Ricciardo,RIC,3.0,Toro Rosso
5827,898,814,10,14,12,1:38.894,1:38.139,,2013,18,69,United States Grand Prix,2013-11-17,Paul di Resta,DIR,40.0,Force India
5828,898,18,1,5,13,1:38.588,1:38.217,,2013,18,69,United States Grand Prix,2013-11-17,Jenson Button,BUT,22.0,McLaren
5829,898,3,131,9,14,1:38.743,1:38.364,,2013,18,69,United States Grand Prix,2013-11-17,Nico Rosberg,ROS,6.0,Mercedes
5830,898,13,6,4,15,1:39.094,1:38.592,,2013,18,69,United States Grand Prix,2013-11-17,Felipe Massa,MAS,19.0,Ferrari
5831,898,818,5,18,16,1:38.880,1:38.696,,2013,18,69,United States Grand Prix,2013-11-17,Jean-Éric Vergne,VER,25.0,Toro Rosso
5832,898,16,10,15,17,1:39.250,,,2013,18,69,United States Grand Prix,2013-11-17,Adrian Sutil,SUT,99.0,Force India
5833,898,813,3,16,18,1:39.351,,,2013,18,69,United States Grand Prix,2013-11-17,Pastor Maldonado,MAL,13.0,Williams
5834,898,823,207,21,19,1:40.491,,,2013,18,69,United States Grand Prix,2013-11-17,Giedo van der Garde,VDG,,Caterham
5835,898,824,206,22,20,1:40.528,,,2013,18,69,United States Grand Prix,2013-11-17,Jules Bianchi,BIA,17.0,Marussia
5836,898,819,207,20,21,1:40.596,,,2013,18,69,United States Grand Prix,2013-11-17,Charles Pic,PIC,,Caterham
5837,898,820,206,23,22,1:41.401,,,2013,18,69,United States Grand Prix,2013-11-17,Max Chilton,CHI,4.0,Marussia
5838,899,20,9,1,1,1:25.381,1:26.420,1:26.479,2013,19,18,Brazilian Grand Prix,2013-11-24,Sebastian Vettel,VET,5.0,Red Bull
5839,899,3,131,9,2,1:25.556,1:26.626,1:27.102,2013,19,18,Brazilian Grand Prix,2013-11-24,Nico Rosberg,ROS,6.0,Mercedes
5840,899,4,6,3,3,1:26.656,1:26.590,1:27.539,2013,19,18,Brazilian Grand Prix,2013-11-24,Fernando Alonso,ALO,14.0,Ferrari
5841,899,17,9,2,4,1:26.689,1:26.963,1:27.572,2013,19,18,Brazilian Grand Prix,2013-11-24,Mark Webber,WEB,,Red Bull
5842,899,1,131,10,5,1:25.342,1:26.698,1:27.677,2013,19,18,Brazilian Grand Prix,2013-11-24,Lewis Hamilton,HAM,44.0,Mercedes
5843,899,154,208,8,6,1:26.453,1:26.161,1:27.737,2013,19,18,Brazilian Grand Prix,2013-11-24,Romain Grosjean,GRO,8.0,Lotus F1
5844,899,817,5,19,7,1:27.209,1:27.078,1:28.052,2013,19,18,Brazilian Grand Prix,2013-11-24,Daniel Ricciardo,RIC,3.0,Toro Rosso
5845,899,818,5,18,8,1:27.124,1:27.363,1:28.081,2013,19,18,Brazilian Grand Prix,2013-11-24,Jean-Éric Vergne,VER,25.0,Toro Rosso
5846,899,13,6,4,9,1:26.817,1:27.049,1:28.109,2013,19,18,Brazilian Grand Prix,2013-11-24,Felipe Massa,MAS,19.0,Ferrari
5847,899,807,15,11,10,1:26.071,1:27.441,1:29.582,2013,19,18,Brazilian Grand Prix,2013-11-24,Nico Hülkenberg,HUL,27.0,Sauber
5848,899,5,208,7,11,1:26.266,1:27.456,,2013,19,18,Brazilian Grand Prix,2013-11-24,Heikki Kovalainen,KOV,,Lotus F1
5849,899,814,10,14,12,1:26.275,1:27.798,,2013,19,18,Brazilian Grand Prix,2013-11-24,Paul di Resta,DIR,40.0,Force India
5850,899,822,3,17,13,1:26.790,1:27.954,,2013,19,18,Brazilian Grand Prix,2013-11-24,Valtteri Bottas,BOT,77.0,Williams
5851,899,815,1,6,14,1:26.741,1:28.269,,2013,19,18,Brazilian Grand Prix,2013-11-24,Sergio Pérez,PER,11.0,McLaren
5852,899,18,1,5,15,1:26.398,1:28.308,,2013,19,18,Brazilian Grand Prix,2013-11-24,Jenson Button,BUT,22.0,McLaren
5853,899,16,10,15,16,1:26.874,1:28.586,,2013,19,18,Brazilian Grand Prix,2013-11-24,Adrian Sutil,SUT,99.0,Force India
5854,899,813,3,16,17,1:27.367,,,2013,19,18,Brazilian Grand Prix,2013-11-24,Pastor Maldonado,MAL,13.0,Williams
5855,899,821,15,12,18,1:27.455,,,2013,19,18,Brazilian Grand Prix,2013-11-24,Esteban Gutiérrez,GUT,21.0,Sauber
5856,899,819,207,20,19,1:27.843,,,2013,19,18,Brazilian Grand Prix,2013-11-24,Charles Pic,PIC,,Caterham
5857,899,823,207,21,20,1:28.320,,,2013,19,18,Brazilian Grand Prix,2013-11-24,Giedo van der Garde,VDG,,Caterham
5858,899,824,206,22,21,1:28.366,,,2013,19,18,Brazilian Grand Prix,2013-11-24,Jules Bianchi,BIA,17.0,Marussia
5859,899,820,206,23,22,1:28.950,,,2013,19,18,Brazilian Grand Prix,2013-11-24,Max Chilton,CHI,4.0,Marussia
5860,900,1,131,44,1,1:31.699,1:42.890,1:44.231,2014,1,1,Australian Grand Prix,2014-03-16,Lewis Hamilton,HAM,44.0,Mercedes
5861,900,817,9,3,2,1:30.775,1:42.295,1:44.548,2014,1,1,Australian Grand Prix,2014-03-16,Daniel Ricciardo,RIC,3.0,Red Bull
5862,900,3,131,6,3,1:32.564,1:42.264,1:44.595,2014,1,1,Australian Grand Prix,2014-03-16,Nico Rosberg,ROS,6.0,Mercedes
5863,900,825,1,20,4,1:30.949,1:43.247,1:45.745,2014,1,1,Australian Grand Prix,2014-03-16,Kevin Magnussen,MAG,20.0,McLaren
5864,900,4,6,14,5,1:31.388,1:42.805,1:45.819,2014,1,1,Australian Grand Prix,2014-03-16,Fernando Alonso,ALO,14.0,Ferrari
5865,900,818,5,25,6,1:33.488,1:43.849,1:45.864,2014,1,1,Australian Grand Prix,2014-03-16,Jean-Éric Vergne,VER,25.0,Toro Rosso
5866,900,807,10,27,7,1:33.893,1:43.658,1:46.030,2014,1,1,Australian Grand Prix,2014-03-16,Nico Hülkenberg,HUL,27.0,Force India
5867,900,826,5,26,8,1:33.777,1:44.331,1:47.368,2014,1,1,Australian Grand Prix,2014-03-16,Daniil Kvyat,KVY,26.0,Toro Rosso
5868,900,13,3,19,9,1:31.228,1:44.242,1:48.079,2014,1,1,Australian Grand Prix,2014-03-16,Felipe Massa,MAS,19.0,Williams
5869,900,822,3,77,10,1:31.601,1:43.852,1:48.147,2014,1,1,Australian Grand Prix,2014-03-16,Valtteri Bottas,BOT,77.0,Williams
5870,900,18,1,22,11,1:31.396,1:44.437,,2014,1,1,Australian Grand Prix,2014-03-16,Jenson Button,BUT,22.0,McLaren
5871,900,8,6,7,12,1:32.439,1:44.494,,2014,1,1,Australian Grand Prix,2014-03-16,Kimi Räikkönen,RAI,7.0,Ferrari
5872,900,20,9,1,13,1:31.931,1:44.688,,2014,1,1,Australian Grand Prix,2014-03-16,Sebastian Vettel,VET,5.0,Red Bull
5873,900,16,15,99,14,1:33.673,1:45.655,,2014,1,1,Australian Grand Prix,2014-03-16,Adrian Sutil,SUT,99.0,Sauber
5874,900,155,207,10,15,1:34.274,1:45.867,,2014,1,1,Australian Grand Prix,2014-03-16,Kamui Kobayashi,KOB,10.0,Caterham
5875,900,815,10,11,16,1:34.141,1:47.293,,2014,1,1,Australian Grand Prix,2014-03-16,Sergio Pérez,PER,11.0,Force India
5876,900,820,206,4,17,1:34.293,,,2014,1,1,Australian Grand Prix,2014-03-16,Max Chilton,CHI,4.0,Marussia
5877,900,824,206,17,18,1:34.794,,,2014,1,1,Australian Grand Prix,2014-03-16,Jules Bianchi,BIA,17.0,Marussia
5878,900,821,15,21,19,1:35.117,,,2014,1,1,Australian Grand Prix,2014-03-16,Esteban Gutiérrez,GUT,21.0,Sauber
5879,900,828,207,9,20,1:35.157,,,2014,1,1,Australian Grand Prix,2014-03-16,Marcus Ericsson,ERI,9.0,Caterham
5880,900,154,208,8,21,1:36.993,,,2014,1,1,Australian Grand Prix,2014-03-16,Romain Grosjean,GRO,8.0,Lotus F1
5881,900,813,208,13,22,,,,2014,1,1,Australian Grand Prix,2014-03-16,Pastor Maldonado,MAL,13.0,Lotus F1
5882,901,1,131,44,1,1:57.202,1:59.041,1:59.431,2014,2,2,Malaysian Grand Prix,2014-03-30,Lewis Hamilton,HAM,44.0,Mercedes
5883,901,20,9,1,2,1:57.654,1:59.399,1:59.486,2014,2,2,Malaysian Grand Prix,2014-03-30,Sebastian Vettel,VET,5.0,Red Bull
5884,901,3,131,6,3,1:57.183,1:59.445,2:00.050,2014,2,2,Malaysian Grand Prix,2014-03-30,Nico Rosberg,ROS,6.0,Mercedes
5885,901,4,6,14,4,1:58.889,2:01.356,2:00.175,2014,2,2,Malaysian Grand Prix,2014-03-30,Fernando Alonso,ALO,14.0,Ferrari
5886,901,817,9,3,5,1:58.913,2:00.147,2:00.541,2014,2,2,Malaysian Grand Prix,2014-03-30,Daniel Ricciardo,RIC,3.0,Red Bull
5887,901,8,6,7,6,1:59.257,2:01.532,2:01.218,2014,2,2,Malaysian Grand Prix,2014-03-30,Kimi Räikkönen,RAI,7.0,Ferrari
5888,901,807,10,27,7,1:58.883,2:00.839,2:01.712,2014,2,2,Malaysian Grand Prix,2014-03-30,Nico Hülkenberg,HUL,27.0,Force India
5889,901,825,1,20,8,2:00.356,2:02.094,2:02.213,2014,2,2,Malaysian Grand Prix,2014-03-30,Kevin Magnussen,MAG,20.0,McLaren
5890,901,818,5,25,9,2:01.689,2:02.096,2:03.078,2014,2,2,Malaysian Grand Prix,2014-03-30,Jean-Éric Vergne,VER,25.0,Toro Rosso
5891,901,18,1,22,10,2:00.889,2:01.810,2:04.053,2014,2,2,Malaysian Grand Prix,2014-03-30,Jenson Button,BUT,22.0,McLaren
5892,901,826,5,26,11,2:01.175,2:02.351,,2014,2,2,Malaysian Grand Prix,2014-03-30,Daniil Kvyat,KVY,26.0,Toro Rosso
5893,901,821,15,21,12,2:01.134,2:02.369,,2014,2,2,Malaysian Grand Prix,2014-03-30,Esteban Gutiérrez,GUT,21.0,Sauber
5894,901,13,3,19,13,2:00.047,2:02.460,,2014,2,2,Malaysian Grand Prix,2014-03-30,Felipe Massa,MAS,19.0,Williams
5895,901,815,10,11,14,2:00.076,2:02.511,,2014,2,2,Malaysian Grand Prix,2014-03-30,Sergio Pérez,PER,11.0,Force India
5896,901,822,3,77,15,1:59.709,2:02.756,,2014,2,2,Malaysian Grand Prix,2014-03-30,Valtteri Bottas,BOT,77.0,Williams
5897,901,154,208,8,16,2:00.202,2:02.885,,2014,2,2,Malaysian Grand Prix,2014-03-30,Romain Grosjean,GRO,8.0,Lotus F1
5898,901,813,208,13,17,2:02.074,,,2014,2,2,Malaysian Grand Prix,2014-03-30,Pastor Maldonado,MAL,13.0,Lotus F1
5899,901,16,15,99,18,2:02.131,,,2014,2,2,Malaysian Grand Prix,2014-03-30,Adrian Sutil,SUT,99.0,Sauber
5900,901,824,206,17,19,2:02.702,,,2014,2,2,Malaysian Grand Prix,2014-03-30,Jules Bianchi,BIA,17.0,Marussia
5901,901,155,207,10,20,2:03.595,,,2014,2,2,Malaysian Grand Prix,2014-03-30,Kamui Kobayashi,KOB,10.0,Caterham
5902,901,820,206,4,21,2:04.388,,,2014,2,2,Malaysian Grand Prix,2014-03-30,Max Chilton,CHI,4.0,Marussia
5903,901,828,207,9,22,2:04.407,,,2014,2,2,Malaysian Grand Prix,2014-03-30,Marcus Ericsson,ERI,9.0,Caterham
5904,902,3,131,6,1,1:35.439,1:33.708,1:33.185,2014,3,3,Bahrain Grand Prix,2014-04-06,Nico Rosberg,ROS,6.0,Mercedes
5905,902,1,131,44,2,1:35.323,1:33.872,1:33.464,2014,3,3,Bahrain Grand Prix,2014-04-06,Lewis Hamilton,HAM,44.0,Mercedes
5906,902,817,9,3,3,1:36.220,1:34.592,1:34.051,2014,3,3,Bahrain Grand Prix,2014-04-06,Daniel Ricciardo,RIC,3.0,Red Bull
5907,902,822,3,77,4,1:34.934,1:34.842,1:34.247,2014,3,3,Bahrain Grand Prix,2014-04-06,Valtteri Bottas,BOT,77.0,Williams
5908,902,815,10,11,5,1:34.998,1:34.747,1:34.346,2014,3,3,Bahrain Grand Prix,2014-04-06,Sergio Pérez,PER,11.0,Force India
5909,902,8,6,7,6,1:35.234,1:34.925,1:34.368,2014,3,3,Bahrain Grand Prix,2014-04-06,Kimi Räikkönen,RAI,7.0,Ferrari
5910,902,18,1,22,7,1:35.699,1:34.714,1:34.387,2014,3,3,Bahrain Grand Prix,2014-04-06,Jenson Button,BUT,22.0,McLaren
5911,902,13,3,19,8,1:35.085,1:34.842,1:34.511,2014,3,3,Bahrain Grand Prix,2014-04-06,Felipe Massa,MAS,19.0,Williams
5912,902,825,1,20,9,1:35.288,1:34.904,1:34.712,2014,3,3,Bahrain Grand Prix,2014-04-06,Kevin Magnussen,MAG,20.0,McLaren
5913,902,4,6,14,10,1:35.251,1:34.723,1:34.992,2014,3,3,Bahrain Grand Prix,2014-04-06,Fernando Alonso,ALO,14.0,Ferrari
5914,902,20,9,1,11,1:35.549,1:34.985,,2014,3,3,Bahrain Grand Prix,2014-04-06,Sebastian Vettel,VET,5.0,Red Bull
5915,902,807,10,27,12,1:34.874,1:35.116,,2014,3,3,Bahrain Grand Prix,2014-04-06,Nico Hülkenberg,HUL,27.0,Force India
5916,902,826,5,26,13,1:35.395,1:35.145,,2014,3,3,Bahrain Grand Prix,2014-04-06,Daniil Kvyat,KVY,26.0,Toro Rosso
5917,902,818,5,25,14,1:35.815,1:35.286,,2014,3,3,Bahrain Grand Prix,2014-04-06,Jean-Éric Vergne,VER,25.0,Toro Rosso
5918,902,821,15,21,15,1:36.567,1:35.891,,2014,3,3,Bahrain Grand Prix,2014-04-06,Esteban Gutiérrez,GUT,21.0,Sauber
5919,902,154,208,8,16,1:36.654,1:35.908,,2014,3,3,Bahrain Grand Prix,2014-04-06,Romain Grosjean,GRO,8.0,Lotus F1
5920,902,813,208,13,17,1:36.663,,,2014,3,3,Bahrain Grand Prix,2014-04-06,Pastor Maldonado,MAL,13.0,Lotus F1
5921,902,16,15,99,18,1:36.840,,,2014,3,3,Bahrain Grand Prix,2014-04-06,Adrian Sutil,SUT,99.0,Sauber
5922,902,155,207,10,19,1:37.085,,,2014,3,3,Bahrain Grand Prix,2014-04-06,Kamui Kobayashi,KOB,10.0,Caterham
5923,902,824,206,17,20,1:37.310,,,2014,3,3,Bahrain Grand Prix,2014-04-06,Jules Bianchi,BIA,17.0,Marussia
5924,902,828,207,9,21,1:37.875,,,2014,3,3,Bahrain Grand Prix,2014-04-06,Marcus Ericsson,ERI,9.0,Caterham
5925,902,820,206,4,22,1:37.913,,,2014,3,3,Bahrain Grand Prix,2014-04-06,Max Chilton,CHI,4.0,Marussia
5926,853,20,9,1,1,1:24.002,1:22.914,1:22.275,2011,13,14,Italian Grand Prix,2011-09-11,Sebastian Vettel,VET,5.0,Red Bull
5927,853,1,1,3,2,1:23.976,1:23.172,1:22.725,2011,13,14,Italian Grand Prix,2011-09-11,Lewis Hamilton,HAM,44.0,McLaren
5928,853,18,1,4,3,1:24.013,1:23.031,1:22.777,2011,13,14,Italian Grand Prix,2011-09-11,Jenson Button,BUT,22.0,McLaren
5929,853,4,6,5,4,1:24.134,1:23.342,1:22.841,2011,13,14,Italian Grand Prix,2011-09-11,Fernando Alonso,ALO,14.0,Ferrari
5930,853,17,9,2,5,1:24.148,1:23.387,1:22.972,2011,13,14,Italian Grand Prix,2011-09-11,Mark Webber,WEB,,Red Bull
5931,853,13,6,6,6,1:24.523,1:23.681,1:23.188,2011,13,14,Italian Grand Prix,2011-09-11,Felipe Massa,MAS,19.0,Ferrari
5932,853,808,4,10,7,1:24.486,1:23.741,1:23.530,2011,13,14,Italian Grand Prix,2011-09-11,Vitaly Petrov,PET,,Renault
5933,853,30,131,7,8,1:25.108,1:23.671,1:23.777,2011,13,14,Italian Grand Prix,2011-09-11,Michael Schumacher,MSC,,Mercedes
5934,853,3,131,8,9,1:24.550,1:23.335,1:24.477,2011,13,14,Italian Grand Prix,2011-09-11,Nico Rosberg,ROS,6.0,Mercedes
5935,853,811,4,9,10,1:24.914,1:24.157,,2011,13,14,Italian Grand Prix,2011-09-11,Bruno Senna,SEN,,Renault
5936,853,814,10,15,11,1:24.574,1:24.163,,2011,13,14,Italian Grand Prix,2011-09-11,Paul di Resta,DIR,40.0,Force India
5937,853,16,10,14,12,1:24.595,1:24.209,,2011,13,14,Italian Grand Prix,2011-09-11,Adrian Sutil,SUT,99.0,Force India
5938,853,22,3,11,13,1:24.975,1:24.648,,2011,13,14,Italian Grand Prix,2011-09-11,Rubens Barrichello,BAR,,Williams
5939,853,813,3,12,14,1:24.798,1:24.726,,2011,13,14,Italian Grand Prix,2011-09-11,Pastor Maldonado,MAL,13.0,Williams
5940,853,815,15,17,15,1:25.113,1:24.845,,2011,13,14,Italian Grand Prix,2011-09-11,Sergio Pérez,PER,11.0,Sauber
5941,853,67,5,18,16,1:25.164,1:24.932,,2011,13,14,Italian Grand Prix,2011-09-11,Sébastien Buemi,BUE,,Toro Rosso
5942,853,155,15,16,17,1:24.879,1:25.065,,2011,13,14,Italian Grand Prix,2011-09-11,Kamui Kobayashi,KOB,10.0,Sauber
5943,853,153,5,19,18,1:25.334,,,2011,13,14,Italian Grand Prix,2011-09-11,Jaime Alguersuari,ALG,,Toro Rosso
5944,853,15,205,21,19,1:26.647,,,2011,13,14,Italian Grand Prix,2011-09-11,Jarno Trulli,TRU,,Lotus
5945,853,5,205,20,20,1:27.184,,,2011,13,14,Italian Grand Prix,2011-09-11,Heikki Kovalainen,KOV,,Lotus
5946,853,10,166,24,21,1:27.591,,,2011,13,14,Italian Grand Prix,2011-09-11,Timo Glock,GLO,,Virgin
5947,853,816,166,25,22,1:27.609,,,2011,13,14,Italian Grand Prix,2011-09-11,Jérôme d'Ambrosio,DAM,,Virgin
5948,853,817,164,22,23,1:28.054,,,2011,13,14,Italian Grand Prix,2011-09-11,Daniel Ricciardo,RIC,3.0,HRT
5949,853,24,164,23,24,1:28.231,,,2011,13,14,Italian Grand Prix,2011-09-11,Vitantonio Liuzzi,LIU,,HRT
5950,903,1,131,44,1,1:55.516,1:54.029,1:53.860,2014,4,17,Chinese Grand Prix,2014-04-20,Lewis Hamilton,HAM,44.0,Mercedes
5951,903,817,9,3,2,1:56.641,1:55.302,1:54.455,2014,4,17,Chinese Grand Prix,2014-04-20,Daniel Ricciardo,RIC,3.0,Red Bull
5952,903,20,9,1,3,1:55.926,1:54.499,1:54.960,2014,4,17,Chinese Grand Prix,2014-04-20,Sebastian Vettel,VET,5.0,Red Bull
5953,903,3,131,6,4,1:56.058,1:55.294,1:55.143,2014,4,17,Chinese Grand Prix,2014-04-20,Nico Rosberg,ROS,6.0,Mercedes
5954,903,4,6,14,5,1:56.961,1:55.765,1:55.637,2014,4,17,Chinese Grand Prix,2014-04-20,Fernando Alonso,ALO,14.0,Ferrari
5955,903,13,3,19,6,1:56.850,1:56.757,1:56.147,2014,4,17,Chinese Grand Prix,2014-04-20,Felipe Massa,MAS,19.0,Williams
5956,903,822,3,77,7,1:56.501,1:56.253,1:56.282,2014,4,17,Chinese Grand Prix,2014-04-20,Valtteri Bottas,BOT,77.0,Williams
5957,903,807,10,27,8,1:55.913,1:56.847,1:56.366,2014,4,17,Chinese Grand Prix,2014-04-20,Nico Hülkenberg,HUL,27.0,Force India
5958,903,818,5,25,9,1:57.477,1:56.584,1:56.773,2014,4,17,Chinese Grand Prix,2014-04-20,Jean-Éric Vergne,VER,25.0,Toro Rosso
5959,903,154,208,8,10,1:58.411,1:56.407,1:57.079,2014,4,17,Chinese Grand Prix,2014-04-20,Romain Grosjean,GRO,8.0,Lotus F1
5960,903,8,6,7,11,1:58.279,1:56.860,,2014,4,17,Chinese Grand Prix,2014-04-20,Kimi Räikkönen,RAI,7.0,Ferrari
5961,903,18,1,22,12,1:57.783,1:56.963,,2014,4,17,Chinese Grand Prix,2014-04-20,Jenson Button,BUT,22.0,McLaren
5962,903,826,5,26,13,1:57.261,1:57.289,,2014,4,17,Chinese Grand Prix,2014-04-20,Daniil Kvyat,KVY,26.0,Toro Rosso
5963,903,16,15,99,14,1:58.138,1:57.393,,2014,4,17,Chinese Grand Prix,2014-04-20,Adrian Sutil,SUT,99.0,Sauber
5964,903,825,1,20,15,1:57.369,1:57.675,,2014,4,17,Chinese Grand Prix,2014-04-20,Kevin Magnussen,MAG,20.0,McLaren
5965,903,815,10,11,16,1:58.362,1:58.264,,2014,4,17,Chinese Grand Prix,2014-04-20,Sergio Pérez,PER,11.0,Force India
5966,903,821,15,21,17,1:58.988,,,2014,4,17,Chinese Grand Prix,2014-04-20,Esteban Gutiérrez,GUT,21.0,Sauber
5967,903,155,207,10,18,1:59.260,,,2014,4,17,Chinese Grand Prix,2014-04-20,Kamui Kobayashi,KOB,10.0,Caterham
5968,903,824,206,17,19,1:59.326,,,2014,4,17,Chinese Grand Prix,2014-04-20,Jules Bianchi,BIA,17.0,Marussia
5969,903,828,207,9,20,2:00.646,,,2014,4,17,Chinese Grand Prix,2014-04-20,Marcus Ericsson,ERI,9.0,Caterham
5970,903,820,206,4,21,2:00.865,,,2014,4,17,Chinese Grand Prix,2014-04-20,Max Chilton,CHI,4.0,Marussia
5971,903,813,208,13,22,,,,2014,4,17,Chinese Grand Prix,2014-04-20,Pastor Maldonado,MAL,13.0,Lotus F1
5972,904,1,131,44,1,1:27.238,1:26.210,1:25.232,2014,5,4,Spanish Grand Prix,2014-05-11,Lewis Hamilton,HAM,44.0,Mercedes
5973,904,3,131,6,2,1:26.764,1:26.088,1:25.400,2014,5,4,Spanish Grand Prix,2014-05-11,Nico Rosberg,ROS,6.0,Mercedes
5974,904,817,9,3,3,1:28.053,1:26.613,1:26.285,2014,5,4,Spanish Grand Prix,2014-05-11,Daniel Ricciardo,RIC,3.0,Red Bull
5975,904,822,3,77,4,1:28.198,1:27.563,1:26.632,2014,5,4,Spanish Grand Prix,2014-05-11,Valtteri Bottas,BOT,77.0,Williams
5976,904,154,208,8,5,1:28.472,1:27.258,1:26.960,2014,5,4,Spanish Grand Prix,2014-05-11,Romain Grosjean,GRO,8.0,Lotus F1
5977,904,8,6,7,6,1:28.308,1:27.335,1:27.104,2014,5,4,Spanish Grand Prix,2014-05-11,Kimi Räikkönen,RAI,7.0,Ferrari
5978,904,4,6,14,7,1:28.329,1:27.602,1:27.140,2014,5,4,Spanish Grand Prix,2014-05-11,Fernando Alonso,ALO,14.0,Ferrari
5979,904,18,1,22,8,1:28.279,1:27.570,1:27.335,2014,5,4,Spanish Grand Prix,2014-05-11,Jenson Button,BUT,22.0,McLaren
5980,904,13,3,19,9,1:28.061,1:27.016,1:27.402,2014,5,4,Spanish Grand Prix,2014-05-11,Felipe Massa,MAS,19.0,Williams
5981,904,20,9,1,10,1:27.958,1:27.052,,2014,5,4,Spanish Grand Prix,2014-05-11,Sebastian Vettel,VET,5.0,Red Bull
5982,904,807,10,27,11,1:28.155,1:27.685,,2014,5,4,Spanish Grand Prix,2014-05-11,Nico Hülkenberg,HUL,27.0,Force India
5983,904,815,10,11,12,1:28.469,1:28.002,,2014,5,4,Spanish Grand Prix,2014-05-11,Sergio Pérez,PER,11.0,Force India
5984,904,826,5,26,13,1:28.074,1:28.039,,2014,5,4,Spanish Grand Prix,2014-05-11,Daniil Kvyat,KVY,26.0,Toro Rosso
5985,904,821,15,21,14,1:28.374,1:28.280,,2014,5,4,Spanish Grand Prix,2014-05-11,Esteban Gutiérrez,GUT,21.0,Sauber
5986,904,825,1,20,15,1:28.389,,,2014,5,4,Spanish Grand Prix,2014-05-11,Kevin Magnussen,MAG,20.0,McLaren
5987,904,818,5,25,16,1:28.194,,,2014,5,4,Spanish Grand Prix,2014-05-11,Jean-Éric Vergne,VER,25.0,Toro Rosso
5988,904,16,15,99,17,1:28.563,,,2014,5,4,Spanish Grand Prix,2014-05-11,Adrian Sutil,SUT,99.0,Sauber
5989,904,820,206,4,18,1:29.586,,,2014,5,4,Spanish Grand Prix,2014-05-11,Max Chilton,CHI,4.0,Marussia
5990,904,824,206,17,19,1:30.177,,,2014,5,4,Spanish Grand Prix,2014-05-11,Jules Bianchi,BIA,17.0,Marussia
5991,904,828,207,9,20,1:30.312,,,2014,5,4,Spanish Grand Prix,2014-05-11,Marcus Ericsson,ERI,9.0,Caterham
5992,904,155,207,10,21,1:30.375,,,2014,5,4,Spanish Grand Prix,2014-05-11,Kamui Kobayashi,KOB,10.0,Caterham
5993,904,813,208,13,22,,,,2014,5,4,Spanish Grand Prix,2014-05-11,Pastor Maldonado,MAL,13.0,Lotus F1
5994,905,3,131,6,1,1:17.678,1:16.465,1:15.989,2014,6,6,Monaco Grand Prix,2014-05-25,Nico Rosberg,ROS,6.0,Mercedes
5995,905,1,131,44,2,1:17.823,1:16.354,1:16.048,2014,6,6,Monaco Grand Prix,2014-05-25,Lewis Hamilton,HAM,44.0,Mercedes
5996,905,817,9,3,3,1:17.900,1:17.233,1:16.384,2014,6,6,Monaco Grand Prix,2014-05-25,Daniel Ricciardo,RIC,3.0,Red Bull
5997,905,20,9,1,4,1:18.383,1:17.074,1:16.547,2014,6,6,Monaco Grand Prix,2014-05-25,Sebastian Vettel,VET,5.0,Red Bull
5998,905,4,6,14,5,1:17.853,1:17.200,1:16.686,2014,6,6,Monaco Grand Prix,2014-05-25,Fernando Alonso,ALO,14.0,Ferrari
5999,905,8,6,7,6,1:17.902,1:17.398,1:17.389,2014,6,6,Monaco Grand Prix,2014-05-25,Kimi Räikkönen,RAI,7.0,Ferrari
6000,905,818,5,25,7,1:17.557,1:17.657,1:17.540,2014,6,6,Monaco Grand Prix,2014-05-25,Jean-Éric Vergne,VER,25.0,Toro Rosso
6001,905,825,1,20,8,1:17.978,1:17.609,1:17.555,2014,6,6,Monaco Grand Prix,2014-05-25,Kevin Magnussen,MAG,20.0,McLaren
6002,905,826,5,26,9,1:18.616,1:17.594,1:18.090,2014,6,6,Monaco Grand Prix,2014-05-25,Daniil Kvyat,KVY,26.0,Toro Rosso
6003,905,815,10,11,10,1:18.108,1:17.755,1:18.327,2014,6,6,Monaco Grand Prix,2014-05-25,Sergio Pérez,PER,11.0,Force India
6004,905,807,10,27,11,1:18.432,1:17.846,,2014,6,6,Monaco Grand Prix,2014-05-25,Nico Hülkenberg,HUL,27.0,Force India
6005,905,18,1,22,12,1:17.890,1:17.988,,2014,6,6,Monaco Grand Prix,2014-05-25,Jenson Button,BUT,22.0,McLaren
6006,905,822,3,77,13,1:18.407,1:18.082,,2014,6,6,Monaco Grand Prix,2014-05-25,Valtteri Bottas,BOT,77.0,Williams
6007,905,154,208,8,14,1:18.335,1:18.196,,2014,6,6,Monaco Grand Prix,2014-05-25,Romain Grosjean,GRO,8.0,Lotus F1
6008,905,813,208,13,15,1:18.585,1:18.356,,2014,6,6,Monaco Grand Prix,2014-05-25,Pastor Maldonado,MAL,13.0,Lotus F1
6009,905,13,3,19,16,1:18.209,,,2014,6,6,Monaco Grand Prix,2014-05-25,Felipe Massa,MAS,19.0,Williams
6010,905,821,15,21,17,1:18.741,,,2014,6,6,Monaco Grand Prix,2014-05-25,Esteban Gutiérrez,GUT,21.0,Sauber
6011,905,16,15,99,18,1:18.745,,,2014,6,6,Monaco Grand Prix,2014-05-25,Adrian Sutil,SUT,99.0,Sauber
6012,905,824,206,17,19,1:19.332,,,2014,6,6,Monaco Grand Prix,2014-05-25,Jules Bianchi,BIA,17.0,Marussia
6013,905,820,206,4,20,1:19.928,,,2014,6,6,Monaco Grand Prix,2014-05-25,Max Chilton,CHI,4.0,Marussia
6014,905,155,207,10,21,1:20.133,,,2014,6,6,Monaco Grand Prix,2014-05-25,Kamui Kobayashi,KOB,10.0,Caterham
6015,905,828,207,9,22,1:21.732,,,2014,6,6,Monaco Grand Prix,2014-05-25,Marcus Ericsson,ERI,9.0,Caterham
6016,906,3,131,6,1,1:16.471,1:15.289,1:14.874,2014,7,7,Canadian Grand Prix,2014-06-08,Nico Rosberg,ROS,6.0,Mercedes
6017,906,1,131,44,2,1:15.750,1:15.054,1:14.953,2014,7,7,Canadian Grand Prix,2014-06-08,Lewis Hamilton,HAM,44.0,Mercedes
6018,906,20,9,1,3,1:17.470,1:16.109,1:15.548,2014,7,7,Canadian Grand Prix,2014-06-08,Sebastian Vettel,VET,5.0,Red Bull
6019,906,822,3,77,4,1:16.772,1:15.806,1:15.550,2014,7,7,Canadian Grand Prix,2014-06-08,Valtteri Bottas,BOT,77.0,Williams
6020,906,13,3,19,5,1:16.666,1:15.773,1:15.578,2014,7,7,Canadian Grand Prix,2014-06-08,Felipe Massa,MAS,19.0,Williams
6021,906,817,9,3,6,1:17.113,1:15.897,1:15.589,2014,7,7,Canadian Grand Prix,2014-06-08,Daniel Ricciardo,RIC,3.0,Red Bull
6022,906,4,6,14,7,1:17.010,1:16.131,1:15.814,2014,7,7,Canadian Grand Prix,2014-06-08,Fernando Alonso,ALO,14.0,Ferrari
6023,906,818,5,25,8,1:17.178,1:16.255,1:16.162,2014,7,7,Canadian Grand Prix,2014-06-08,Jean-Éric Vergne,VER,25.0,Toro Rosso
6024,906,18,1,22,9,1:16.631,1:16.214,1:16.182,2014,7,7,Canadian Grand Prix,2014-06-08,Jenson Button,BUT,22.0,McLaren
6025,906,8,6,7,10,1:17.013,1:16.245,1:16.214,2014,7,7,Canadian Grand Prix,2014-06-08,Kimi Räikkönen,RAI,7.0,Ferrari
6026,906,807,10,27,11,1:16.897,1:16.300,,2014,7,7,Canadian Grand Prix,2014-06-08,Nico Hülkenberg,HUL,27.0,Force India
6027,906,825,1,20,12,1:16.446,1:16.310,,2014,7,7,Canadian Grand Prix,2014-06-08,Kevin Magnussen,MAG,20.0,McLaren
6028,906,815,10,11,13,1:18.235,1:16.472,,2014,7,7,Canadian Grand Prix,2014-06-08,Sergio Pérez,PER,11.0,Force India
6029,906,154,208,8,14,1:17.732,1:16.687,,2014,7,7,Canadian Grand Prix,2014-06-08,Romain Grosjean,GRO,8.0,Lotus F1
6030,906,826,5,26,15,1:16.938,1:16.713,,2014,7,7,Canadian Grand Prix,2014-06-08,Daniil Kvyat,KVY,26.0,Toro Rosso
6031,906,16,15,99,16,1:17.519,1:17.314,,2014,7,7,Canadian Grand Prix,2014-06-08,Adrian Sutil,SUT,99.0,Sauber
6032,906,813,208,13,17,1:18.328,,,2014,7,7,Canadian Grand Prix,2014-06-08,Pastor Maldonado,MAL,13.0,Lotus F1
6033,906,820,206,4,18,1:18.348,,,2014,7,7,Canadian Grand Prix,2014-06-08,Max Chilton,CHI,4.0,Marussia
6034,906,824,206,17,19,1:18.359,,,2014,7,7,Canadian Grand Prix,2014-06-08,Jules Bianchi,BIA,17.0,Marussia
6035,906,155,207,10,20,1:19.278,,,2014,7,7,Canadian Grand Prix,2014-06-08,Kamui Kobayashi,KOB,10.0,Caterham
6036,906,828,207,9,21,1:19.820,,,2014,7,7,Canadian Grand Prix,2014-06-08,Marcus Ericsson,ERI,9.0,Caterham
6037,906,821,15,21,22,,,,2014,7,7,Canadian Grand Prix,2014-06-08,Esteban Gutiérrez,GUT,21.0,Sauber
6038,907,13,3,19,1,1:10.292,1:09.239,1:08.759,2014,8,70,Austrian Grand Prix,2014-06-22,Felipe Massa,MAS,19.0,Williams
6039,907,822,3,77,2,1:10.356,1:09.096,1:08.846,2014,8,70,Austrian Grand Prix,2014-06-22,Valtteri Bottas,BOT,77.0,Williams
6040,907,3,131,6,3,1:09.695,1:08.974,1:08.944,2014,8,70,Austrian Grand Prix,2014-06-22,Nico Rosberg,ROS,6.0,Mercedes
6041,907,4,6,14,4,1:10.405,1:09.479,1:09.285,2014,8,70,Austrian Grand Prix,2014-06-22,Fernando Alonso,ALO,14.0,Ferrari
6042,907,817,9,3,5,1:10.395,1:09.638,1:09.466,2014,8,70,Austrian Grand Prix,2014-06-22,Daniel Ricciardo,RIC,3.0,Red Bull
6043,907,825,1,20,6,1:10.081,1:09.473,1:09.515,2014,8,70,Austrian Grand Prix,2014-06-22,Kevin Magnussen,MAG,20.0,McLaren
6044,907,826,5,26,7,1:09.678,1:09.490,1:09.619,2014,8,70,Austrian Grand Prix,2014-06-22,Daniil Kvyat,KVY,26.0,Toro Rosso
6045,907,8,6,7,8,1:10.285,1:09.657,1:10.795,2014,8,70,Austrian Grand Prix,2014-06-22,Kimi Räikkönen,RAI,7.0,Ferrari
6046,907,1,131,44,9,1:09.514,1:09.092,,2014,8,70,Austrian Grand Prix,2014-06-22,Lewis Hamilton,HAM,44.0,Mercedes
6047,907,807,10,27,10,1:10.389,1:09.624,,2014,8,70,Austrian Grand Prix,2014-06-22,Nico Hülkenberg,HUL,27.0,Force India
6048,907,815,10,11,11,1:10.124,1:09.754,,2014,8,70,Austrian Grand Prix,2014-06-22,Sergio Pérez,PER,11.0,Force India
6049,907,18,1,22,12,1:10.252,1:09.780,,2014,8,70,Austrian Grand Prix,2014-06-22,Jenson Button,BUT,22.0,McLaren
6050,907,20,9,1,13,1:10.630,1:09.801,,2014,8,70,Austrian Grand Prix,2014-06-22,Sebastian Vettel,VET,5.0,Red Bull
6051,907,813,208,13,14,1:10.821,1:09.939,,2014,8,70,Austrian Grand Prix,2014-06-22,Pastor Maldonado,MAL,13.0,Lotus F1
6052,907,818,5,25,15,1:10.161,1:10.073,,2014,8,70,Austrian Grand Prix,2014-06-22,Jean-Éric Vergne,VER,25.0,Toro Rosso
6053,907,154,208,8,16,1:10.461,1:10.642,,2014,8,70,Austrian Grand Prix,2014-06-22,Romain Grosjean,GRO,8.0,Lotus F1
6054,907,16,15,99,17,1:10.825,,,2014,8,70,Austrian Grand Prix,2014-06-22,Adrian Sutil,SUT,99.0,Sauber
6055,907,821,15,21,18,1:11.349,,,2014,8,70,Austrian Grand Prix,2014-06-22,Esteban Gutiérrez,GUT,21.0,Sauber
6056,907,824,206,17,19,1:11.412,,,2014,8,70,Austrian Grand Prix,2014-06-22,Jules Bianchi,BIA,17.0,Marussia
6057,907,155,207,10,20,1:11.673,,,2014,8,70,Austrian Grand Prix,2014-06-22,Kamui Kobayashi,KOB,10.0,Caterham
6058,907,820,206,4,21,1:11.775,,,2014,8,70,Austrian Grand Prix,2014-06-22,Max Chilton,CHI,4.0,Marussia
6059,907,828,207,9,22,1:12.673,,,2014,8,70,Austrian Grand Prix,2014-06-22,Marcus Ericsson,ERI,9.0,Caterham
6060,908,3,131,6,1,1:40.380,1:35.179,1:35.766,2014,9,9,British Grand Prix,2014-07-06,Nico Rosberg,ROS,6.0,Mercedes
6061,908,20,9,1,2,1:45.086,1:36.410,1:37.386,2014,9,9,British Grand Prix,2014-07-06,Sebastian Vettel,VET,5.0,Red Bull
6062,908,18,1,22,3,1:44.425,1:36.579,1:38.200,2014,9,9,British Grand Prix,2014-07-06,Jenson Button,BUT,22.0,McLaren
6063,908,807,10,27,4,1:41.271,1:37.112,1:38.329,2014,9,9,British Grand Prix,2014-07-06,Nico Hülkenberg,HUL,27.0,Force India
6064,908,825,1,20,5,1:42.507,1:37.370,1:38.417,2014,9,9,British Grand Prix,2014-07-06,Kevin Magnussen,MAG,20.0,McLaren
6065,908,1,131,44,6,1:41.058,1:34.870,1:39.232,2014,9,9,British Grand Prix,2014-07-06,Lewis Hamilton,HAM,44.0,Mercedes
6066,908,815,10,11,7,1:42.146,1:37.350,1:40.457,2014,9,9,British Grand Prix,2014-07-06,Sergio Pérez,PER,11.0,Force India
6067,908,817,9,3,8,1:44.710,1:38.166,1:40.606,2014,9,9,British Grand Prix,2014-07-06,Daniel Ricciardo,RIC,3.0,Red Bull
6068,908,826,5,26,9,1:41.032,1:36.813,1:40.707,2014,9,9,British Grand Prix,2014-07-06,Daniil Kvyat,KVY,26.0,Toro Rosso
6069,908,818,5,25,10,1:43.040,1:37.800,1:40.855,2014,9,9,British Grand Prix,2014-07-06,Jean-Éric Vergne,VER,25.0,Toro Rosso
6070,908,154,208,8,11,1:43.121,1:38.496,,2014,9,9,British Grand Prix,2014-07-06,Romain Grosjean,GRO,8.0,Lotus F1
6071,908,824,206,17,12,1:41.169,1:38.709,,2014,9,9,British Grand Prix,2014-07-06,Jules Bianchi,BIA,17.0,Marussia
6072,908,820,206,4,13,1:42.082,1:39.800,,2014,9,9,British Grand Prix,2014-07-06,Max Chilton,CHI,4.0,Marussia
6073,908,821,15,21,14,1:43.285,1:40.912,,2014,9,9,British Grand Prix,2014-07-06,Esteban Gutiérrez,GUT,21.0,Sauber
6074,908,813,208,13,15,1:43.892,1:44.018,,2014,9,9,British Grand Prix,2014-07-06,Pastor Maldonado,MAL,13.0,Lotus F1
6075,908,16,15,99,16,1:42.603,,,2014,9,9,British Grand Prix,2014-07-06,Adrian Sutil,SUT,99.0,Sauber
6076,908,822,3,77,17,1:45.318,,,2014,9,9,British Grand Prix,2014-07-06,Valtteri Bottas,BOT,77.0,Williams
6077,908,13,3,19,18,1:45.695,,,2014,9,9,British Grand Prix,2014-07-06,Felipe Massa,MAS,19.0,Williams
6078,908,4,6,14,19,1:45.935,,,2014,9,9,British Grand Prix,2014-07-06,Fernando Alonso,ALO,14.0,Ferrari
6079,908,8,6,7,20,1:46.684,,,2014,9,9,British Grand Prix,2014-07-06,Kimi Räikkönen,RAI,7.0,Ferrari
6080,908,828,207,9,21,1:49.421,,,2014,9,9,British Grand Prix,2014-07-06,Marcus Ericsson,ERI,9.0,Caterham
6081,908,155,207,10,22,1:49.625,,,2014,9,9,British Grand Prix,2014-07-06,Kamui Kobayashi,KOB,10.0,Caterham
6082,909,3,131,6,1,1:17.631,1:17.109,1:16.540,2014,10,10,German Grand Prix,2014-07-20,Nico Rosberg,ROS,6.0,Mercedes
6083,909,822,3,77,2,1:18.215,1:17.353,1:16.759,2014,10,10,German Grand Prix,2014-07-20,Valtteri Bottas,BOT,77.0,Williams
6084,909,13,3,19,3,1:18.381,1:17.370,1:17.078,2014,10,10,German Grand Prix,2014-07-20,Felipe Massa,MAS,19.0,Williams
6085,909,825,1,20,4,1:18.260,1:17.788,1:17.214,2014,10,10,German Grand Prix,2014-07-20,Kevin Magnussen,MAG,20.0,McLaren
6086,909,817,9,3,5,1:18.117,1:17.855,1:17.273,2014,10,10,German Grand Prix,2014-07-20,Daniel Ricciardo,RIC,3.0,Red Bull
6087,909,20,9,1,6,1:18.194,1:17.646,1:17.577,2014,10,10,German Grand Prix,2014-07-20,Sebastian Vettel,VET,5.0,Red Bull
6088,909,4,6,14,7,1:18.389,1:17.866,1:17.649,2014,10,10,German Grand Prix,2014-07-20,Fernando Alonso,ALO,14.0,Ferrari
6089,909,826,5,26,8,1:18.530,1:18.103,1:17.965,2014,10,10,German Grand Prix,2014-07-20,Daniil Kvyat,KVY,26.0,Toro Rosso
6090,909,807,10,27,9,1:18.927,1:18.017,1:18.014,2014,10,10,German Grand Prix,2014-07-20,Nico Hülkenberg,HUL,27.0,Force India
6091,909,815,10,11,10,1:18.916,1:18.161,1:18.035,2014,10,10,German Grand Prix,2014-07-20,Sergio Pérez,PER,11.0,Force India
6092,909,18,1,22,11,1:18.425,1:18.193,,2014,10,10,German Grand Prix,2014-07-20,Jenson Button,BUT,22.0,McLaren
6093,909,8,6,7,12,1:18.534,1:18.273,,2014,10,10,German Grand Prix,2014-07-20,Kimi Räikkönen,RAI,7.0,Ferrari
6094,909,818,5,25,13,1:18.496,1:18.285,,2014,10,10,German Grand Prix,2014-07-20,Jean-Éric Vergne,VER,25.0,Toro Rosso
6095,909,821,15,21,14,1:18.739,1:18.787,,2014,10,10,German Grand Prix,2014-07-20,Esteban Gutiérrez,GUT,21.0,Sauber
6096,909,154,208,8,15,1:18.894,1:18.983,,2014,10,10,German Grand Prix,2014-07-20,Romain Grosjean,GRO,8.0,Lotus F1
6097,909,1,131,44,16,1:18.683,,,2014,10,10,German Grand Prix,2014-07-20,Lewis Hamilton,HAM,44.0,Mercedes
6098,909,16,15,99,17,1:19.142,,,2014,10,10,German Grand Prix,2014-07-20,Adrian Sutil,SUT,99.0,Sauber
6099,909,824,206,17,18,1:19.676,,,2014,10,10,German Grand Prix,2014-07-20,Jules Bianchi,BIA,17.0,Marussia
6100,909,813,208,13,19,1:20.195,,,2014,10,10,German Grand Prix,2014-07-20,Pastor Maldonado,MAL,13.0,Lotus F1
6101,909,155,207,10,20,1:20.408,,,2014,10,10,German Grand Prix,2014-07-20,Kamui Kobayashi,KOB,10.0,Caterham
6102,909,820,206,4,21,1:20.489,,,2014,10,10,German Grand Prix,2014-07-20,Max Chilton,CHI,4.0,Marussia
6103,909,828,207,9,22,,,,2014,10,10,German Grand Prix,2014-07-20,Marcus Ericsson,ERI,9.0,Caterham
6104,910,3,131,6,1,1:25.227,1:23.310,1:22.715,2014,11,11,Hungarian Grand Prix,2014-07-27,Nico Rosberg,ROS,6.0,Mercedes
6105,910,20,9,1,2,1:25.662,1:23.606,1:23.201,2014,11,11,Hungarian Grand Prix,2014-07-27,Sebastian Vettel,VET,5.0,Red Bull
6106,910,822,3,77,3,1:25.690,1:23.776,1:23.354,2014,11,11,Hungarian Grand Prix,2014-07-27,Valtteri Bottas,BOT,77.0,Williams
6107,910,817,9,3,4,1:25.495,1:23.676,1:23.391,2014,11,11,Hungarian Grand Prix,2014-07-27,Daniel Ricciardo,RIC,3.0,Red Bull
6108,910,4,6,14,5,1:26.087,1:24.249,1:23.909,2014,11,11,Hungarian Grand Prix,2014-07-27,Fernando Alonso,ALO,14.0,Ferrari
6109,910,13,3,19,6,1:26.592,1:24.030,1:24.223,2014,11,11,Hungarian Grand Prix,2014-07-27,Felipe Massa,MAS,19.0,Williams
6110,910,18,1,22,7,1:26.612,1:24.502,1:24.294,2014,11,11,Hungarian Grand Prix,2014-07-27,Jenson Button,BUT,22.0,McLaren
6111,910,818,5,25,8,1:24.941,1:24.637,1:24.720,2014,11,11,Hungarian Grand Prix,2014-07-27,Jean-Éric Vergne,VER,25.0,Toro Rosso
6112,910,807,10,27,9,1:26.149,1:24.647,1:24.775,2014,11,11,Hungarian Grand Prix,2014-07-27,Nico Hülkenberg,HUL,27.0,Force India
6113,910,825,1,20,10,1:26.578,1:24.585,,2014,11,11,Hungarian Grand Prix,2014-07-27,Kevin Magnussen,MAG,20.0,McLaren
6114,910,826,5,26,11,1:25.361,1:24.706,,2014,11,11,Hungarian Grand Prix,2014-07-27,Daniil Kvyat,KVY,26.0,Toro Rosso
6115,910,16,15,99,12,1:26.027,1:25.136,,2014,11,11,Hungarian Grand Prix,2014-07-27,Adrian Sutil,SUT,99.0,Sauber
6116,910,815,10,11,13,1:25.910,1:25.211,,2014,11,11,Hungarian Grand Prix,2014-07-27,Sergio Pérez,PER,11.0,Force India
6117,910,821,15,21,14,1:25.709,1:25.260,,2014,11,11,Hungarian Grand Prix,2014-07-27,Esteban Gutiérrez,GUT,21.0,Sauber
6118,910,154,208,8,15,1:26.136,1:25.337,,2014,11,11,Hungarian Grand Prix,2014-07-27,Romain Grosjean,GRO,8.0,Lotus F1
6119,910,824,206,17,16,1:26.728,1:27.419,,2014,11,11,Hungarian Grand Prix,2014-07-27,Jules Bianchi,BIA,17.0,Marussia
6120,910,8,6,7,17,1:26.792,,,2014,11,11,Hungarian Grand Prix,2014-07-27,Kimi Räikkönen,RAI,7.0,Ferrari
6121,910,155,207,10,18,1:27.139,,,2014,11,11,Hungarian Grand Prix,2014-07-27,Kamui Kobayashi,KOB,10.0,Caterham
6122,910,820,206,4,19,1:27.819,,,2014,11,11,Hungarian Grand Prix,2014-07-27,Max Chilton,CHI,4.0,Marussia
6123,910,828,207,9,20,1:28.643,,,2014,11,11,Hungarian Grand Prix,2014-07-27,Marcus Ericsson,ERI,9.0,Caterham
6124,910,1,131,44,21,,,,2014,11,11,Hungarian Grand Prix,2014-07-27,Lewis Hamilton,HAM,44.0,Mercedes
6125,910,813,208,13,22,,,,2014,11,11,Hungarian Grand Prix,2014-07-27,Pastor Maldonado,MAL,13.0,Lotus F1
6126,911,3,131,6,1,2:07.130,2:06.723,2:05.591,2014,12,13,Belgian Grand Prix,2014-08-24,Nico Rosberg,ROS,6.0,Mercedes
6127,911,1,131,44,2,2:07.280,2:06.609,2:05.819,2014,12,13,Belgian Grand Prix,2014-08-24,Lewis Hamilton,HAM,44.0,Mercedes
6128,911,20,9,1,3,2:10.105,2:08.868,2:07.717,2014,12,13,Belgian Grand Prix,2014-08-24,Sebastian Vettel,VET,5.0,Red Bull
6129,911,4,6,14,4,2:10.197,2:08.450,2:07.786,2014,12,13,Belgian Grand Prix,2014-08-24,Fernando Alonso,ALO,14.0,Ferrari
6130,911,817,9,3,5,2:10.089,2:08.989,2:07.911,2014,12,13,Belgian Grand Prix,2014-08-24,Daniel Ricciardo,RIC,3.0,Red Bull
6131,911,822,3,77,6,2:09.250,2:08.451,2:08.049,2014,12,13,Belgian Grand Prix,2014-08-24,Valtteri Bottas,BOT,77.0,Williams
6132,911,825,1,20,7,2:11.081,2:08.901,2:08.679,2014,12,13,Belgian Grand Prix,2014-08-24,Kevin Magnussen,MAG,20.0,McLaren
6133,911,8,6,7,8,2:09.885,2:08.646,2:08.780,2014,12,13,Belgian Grand Prix,2014-08-24,Kimi Räikkönen,RAI,7.0,Ferrari
6134,911,13,3,19,9,2:08.403,2:08.833,2:09.178,2014,12,13,Belgian Grand Prix,2014-08-24,Felipe Massa,MAS,19.0,Williams
6135,911,18,1,22,10,2:10.529,2:09.272,2:09.776,2014,12,13,Belgian Grand Prix,2014-08-24,Jenson Button,BUT,22.0,McLaren
6136,911,826,5,26,11,2:10.445,2:09.377,,2014,12,13,Belgian Grand Prix,2014-08-24,Daniil Kvyat,KVY,26.0,Toro Rosso
6137,911,818,5,25,12,2:09.811,2:09.805,,2014,12,13,Belgian Grand Prix,2014-08-24,Jean-Éric Vergne,VER,25.0,Toro Rosso
6138,911,815,10,11,13,2:10.666,2:10.084,,2014,12,13,Belgian Grand Prix,2014-08-24,Sergio Pérez,PER,11.0,Force India
6139,911,16,15,99,14,2:11.051,2:10.238,,2014,12,13,Belgian Grand Prix,2014-08-24,Adrian Sutil,SUT,99.0,Sauber
6140,911,154,208,8,15,2:10.898,2:11.087,,2014,12,13,Belgian Grand Prix,2014-08-24,Romain Grosjean,GRO,8.0,Lotus F1
6141,911,824,206,17,16,2:11.051,2:12.470,,2014,12,13,Belgian Grand Prix,2014-08-24,Jules Bianchi,BIA,17.0,Marussia
6142,911,813,208,13,17,2:11.261,,,2014,12,13,Belgian Grand Prix,2014-08-24,Pastor Maldonado,MAL,13.0,Lotus F1
6143,911,807,10,27,18,2:11.267,,,2014,12,13,Belgian Grand Prix,2014-08-24,Nico Hülkenberg,HUL,27.0,Force India
6144,911,820,206,4,19,2:12.566,,,2014,12,13,Belgian Grand Prix,2014-08-24,Max Chilton,CHI,4.0,Marussia
6145,911,821,15,21,20,2:13.414,,,2014,12,13,Belgian Grand Prix,2014-08-24,Esteban Gutiérrez,GUT,21.0,Sauber
6146,911,827,207,45,21,2:13.469,,,2014,12,13,Belgian Grand Prix,2014-08-24,André Lotterer,LOT,45.0,Caterham
6147,911,828,207,9,22,2:14.438,,,2014,12,13,Belgian Grand Prix,2014-08-24,Marcus Ericsson,ERI,9.0,Caterham
6148,912,1,131,44,1,1:25.363,1:24.560,1:24.109,2014,13,14,Italian Grand Prix,2014-09-07,Lewis Hamilton,HAM,44.0,Mercedes
6149,912,3,131,6,2,1:25.493,1:24.600,1:24.383,2014,13,14,Italian Grand Prix,2014-09-07,Nico Rosberg,ROS,6.0,Mercedes
6150,912,822,3,77,3,1:26.012,1:24.858,1:24.697,2014,13,14,Italian Grand Prix,2014-09-07,Valtteri Bottas,BOT,77.0,Williams
6151,912,13,3,19,4,1:25.528,1:25.046,1:24.865,2014,13,14,Italian Grand Prix,2014-09-07,Felipe Massa,MAS,19.0,Williams
6152,912,825,1,20,5,1:26.337,1:25.973,1:25.314,2014,13,14,Italian Grand Prix,2014-09-07,Kevin Magnussen,MAG,20.0,McLaren
6153,912,18,1,22,6,1:26.328,1:25.630,1:25.379,2014,13,14,Italian Grand Prix,2014-09-07,Jenson Button,BUT,22.0,McLaren
6154,912,4,6,14,7,1:26.514,1:25.525,1:25.430,2014,13,14,Italian Grand Prix,2014-09-07,Fernando Alonso,ALO,14.0,Ferrari
6155,912,20,9,1,8,1:26.631,1:25.769,1:25.436,2014,13,14,Italian Grand Prix,2014-09-07,Sebastian Vettel,VET,5.0,Red Bull
6156,912,817,9,3,9,1:26.721,1:25.946,1:25.709,2014,13,14,Italian Grand Prix,2014-09-07,Daniel Ricciardo,RIC,3.0,Red Bull
6157,912,815,10,11,10,1:26.569,1:25.863,1:25.944,2014,13,14,Italian Grand Prix,2014-09-07,Sergio Pérez,PER,11.0,Force India
6158,912,826,5,26,11,1:26.261,1:26.070,,2014,13,14,Italian Grand Prix,2014-09-07,Daniil Kvyat,KVY,26.0,Toro Rosso
6159,912,8,6,7,12,1:26.689,1:26.110,,2014,13,14,Italian Grand Prix,2014-09-07,Kimi Räikkönen,RAI,7.0,Ferrari
6160,912,818,5,25,13,1:26.140,1:26.157,,2014,13,14,Italian Grand Prix,2014-09-07,Jean-Éric Vergne,VER,25.0,Toro Rosso
6161,912,807,10,27,14,1:26.371,1:26.279,,2014,13,14,Italian Grand Prix,2014-09-07,Nico Hülkenberg,HUL,27.0,Force India
6162,912,16,15,99,15,1:27.034,1:26.588,,2014,13,14,Italian Grand Prix,2014-09-07,Adrian Sutil,SUT,99.0,Sauber
6163,912,821,15,21,16,1:26.999,1:26.692,,2014,13,14,Italian Grand Prix,2014-09-07,Esteban Gutiérrez,GUT,21.0,Sauber
6164,912,813,208,13,17,1:27.520,,,2014,13,14,Italian Grand Prix,2014-09-07,Pastor Maldonado,MAL,13.0,Lotus F1
6165,912,154,208,8,18,1:27.632,,,2014,13,14,Italian Grand Prix,2014-09-07,Romain Grosjean,GRO,8.0,Lotus F1
6166,912,155,207,10,19,1:27.671,,,2014,13,14,Italian Grand Prix,2014-09-07,Kamui Kobayashi,KOB,10.0,Caterham
6167,912,824,206,17,20,1:27.738,,,2014,13,14,Italian Grand Prix,2014-09-07,Jules Bianchi,BIA,17.0,Marussia
6168,912,820,206,4,21,1:28.247,,,2014,13,14,Italian Grand Prix,2014-09-07,Max Chilton,CHI,4.0,Marussia
6169,912,828,207,9,22,1:28.562,,,2014,13,14,Italian Grand Prix,2014-09-07,Marcus Ericsson,ERI,9.0,Caterham
6170,913,1,131,44,1,1:46.921,1:46.287,1:45.681,2014,14,15,Singapore Grand Prix,2014-09-21,Lewis Hamilton,HAM,44.0,Mercedes
6171,913,3,131,6,2,1:47.244,1:45.825,1:45.688,2014,14,15,Singapore Grand Prix,2014-09-21,Nico Rosberg,ROS,6.0,Mercedes
6172,913,817,9,3,3,1:47.488,1:46.493,1:45.854,2014,14,15,Singapore Grand Prix,2014-09-21,Daniel Ricciardo,RIC,3.0,Red Bull
6173,913,20,9,1,4,1:47.476,1:46.586,1:45.902,2014,14,15,Singapore Grand Prix,2014-09-21,Sebastian Vettel,VET,5.0,Red Bull
6174,913,4,6,14,5,1:46.889,1:46.328,1:45.907,2014,14,15,Singapore Grand Prix,2014-09-21,Fernando Alonso,ALO,14.0,Ferrari
6175,913,13,3,19,6,1:47.615,1:46.472,1:46.000,2014,14,15,Singapore Grand Prix,2014-09-21,Felipe Massa,MAS,19.0,Williams
6176,913,8,6,7,7,1:46.685,1:46.359,1:46.170,2014,14,15,Singapore Grand Prix,2014-09-21,Kimi Räikkönen,RAI,7.0,Ferrari
6177,913,822,3,77,8,1:47.196,1:46.622,1:46.187,2014,14,15,Singapore Grand Prix,2014-09-21,Valtteri Bottas,BOT,77.0,Williams
6178,913,825,1,20,9,1:47.976,1:46.700,1:46.250,2014,14,15,Singapore Grand Prix,2014-09-21,Kevin Magnussen,MAG,20.0,McLaren
6179,913,826,5,26,10,1:47.656,1:46.926,1:47.362,2014,14,15,Singapore Grand Prix,2014-09-21,Daniil Kvyat,KVY,26.0,Toro Rosso
6180,913,18,1,22,11,1:47.161,1:46.943,,2014,14,15,Singapore Grand Prix,2014-09-21,Jenson Button,BUT,22.0,McLaren
6181,913,818,5,25,12,1:47.407,1:46.989,,2014,14,15,Singapore Grand Prix,2014-09-21,Jean-Éric Vergne,VER,25.0,Toro Rosso
6182,913,807,10,27,13,1:47.370,1:47.308,,2014,14,15,Singapore Grand Prix,2014-09-21,Nico Hülkenberg,HUL,27.0,Force India
6183,913,821,15,21,14,1:47.970,1:47.333,,2014,14,15,Singapore Grand Prix,2014-09-21,Esteban Gutiérrez,GUT,21.0,Sauber
6184,913,815,10,11,15,1:48.143,1:47.575,,2014,14,15,Singapore Grand Prix,2014-09-21,Sergio Pérez,PER,11.0,Force India
6185,913,154,208,8,16,1:47.862,1:47.812,,2014,14,15,Singapore Grand Prix,2014-09-21,Romain Grosjean,GRO,8.0,Lotus F1
6186,913,16,15,99,17,1:48.324,,,2014,14,15,Singapore Grand Prix,2014-09-21,Adrian Sutil,SUT,99.0,Sauber
6187,913,813,208,13,18,1:49.063,,,2014,14,15,Singapore Grand Prix,2014-09-21,Pastor Maldonado,MAL,13.0,Lotus F1
6188,913,824,206,17,19,1:49.440,,,2014,14,15,Singapore Grand Prix,2014-09-21,Jules Bianchi,BIA,17.0,Marussia
6189,913,155,207,10,20,1:50.405,,,2014,14,15,Singapore Grand Prix,2014-09-21,Kamui Kobayashi,KOB,10.0,Caterham
6190,913,820,206,4,21,1:50.473,,,2014,14,15,Singapore Grand Prix,2014-09-21,Max Chilton,CHI,4.0,Marussia
6191,913,828,207,9,22,1:52.287,,,2014,14,15,Singapore Grand Prix,2014-09-21,Marcus Ericsson,ERI,9.0,Caterham
6192,914,3,131,6,1,1:33.671,1:32.950,1:32.506,2014,15,22,Japanese Grand Prix,2014-10-05,Nico Rosberg,ROS,6.0,Mercedes
6193,914,1,131,44,2,1:33.611,1:32.982,1:32.703,2014,15,22,Japanese Grand Prix,2014-10-05,Lewis Hamilton,HAM,44.0,Mercedes
6194,914,822,3,77,3,1:34.301,1:33.443,1:33.128,2014,15,22,Japanese Grand Prix,2014-10-05,Valtteri Bottas,BOT,77.0,Williams
6195,914,13,3,19,4,1:34.483,1:33.551,1:33.527,2014,15,22,Japanese Grand Prix,2014-10-05,Felipe Massa,MAS,19.0,Williams
6196,914,4,6,14,5,1:34.497,1:33.675,1:33.740,2014,15,22,Japanese Grand Prix,2014-10-05,Fernando Alonso,ALO,14.0,Ferrari
6197,914,817,9,3,6,1:35.593,1:34.466,1:34.075,2014,15,22,Japanese Grand Prix,2014-10-05,Daniel Ricciardo,RIC,3.0,Red Bull
6198,914,825,1,20,7,1:34.930,1:34.229,1:34.242,2014,15,22,Japanese Grand Prix,2014-10-05,Kevin Magnussen,MAG,20.0,McLaren
6199,914,18,1,22,8,1:35.150,1:34.648,1:34.317,2014,15,22,Japanese Grand Prix,2014-10-05,Jenson Button,BUT,22.0,McLaren
6200,914,20,9,1,9,1:35.517,1:34.784,1:34.432,2014,15,22,Japanese Grand Prix,2014-10-05,Sebastian Vettel,VET,5.0,Red Bull
6201,914,8,6,7,10,1:34.984,1:34.771,1:34.548,2014,15,22,Japanese Grand Prix,2014-10-05,Kimi Räikkönen,RAI,7.0,Ferrari
6202,914,818,5,25,11,1:35.155,1:34.984,,2014,15,22,Japanese Grand Prix,2014-10-05,Jean-Éric Vergne,VER,25.0,Toro Rosso
6203,914,815,10,11,12,1:35.439,1:35.089,,2014,15,22,Japanese Grand Prix,2014-10-05,Sergio Pérez,PER,11.0,Force India
6204,914,826,5,26,13,1:35.210,1:35.092,,2014,15,22,Japanese Grand Prix,2014-10-05,Daniil Kvyat,KVY,26.0,Toro Rosso
6205,914,807,10,27,14,1:35.000,1:35.099,,2014,15,22,Japanese Grand Prix,2014-10-05,Nico Hülkenberg,HUL,27.0,Force India
6206,914,16,15,99,15,1:35.736,1:35.364,,2014,15,22,Japanese Grand Prix,2014-10-05,Adrian Sutil,SUT,99.0,Sauber
6207,914,821,15,21,16,1:35.308,1:35.681,,2014,15,22,Japanese Grand Prix,2014-10-05,Esteban Gutiérrez,GUT,21.0,Sauber
6208,914,813,208,13,17,1:35.917,,,2014,15,22,Japanese Grand Prix,2014-10-05,Pastor Maldonado,MAL,13.0,Lotus F1
6209,914,154,208,8,18,1:35.984,,,2014,15,22,Japanese Grand Prix,2014-10-05,Romain Grosjean,GRO,8.0,Lotus F1
6210,914,828,207,9,19,1:36.813,,,2014,15,22,Japanese Grand Prix,2014-10-05,Marcus Ericsson,ERI,9.0,Caterham
6211,914,824,206,17,20,1:36.943,,,2014,15,22,Japanese Grand Prix,2014-10-05,Jules Bianchi,BIA,17.0,Marussia
6212,914,155,207,10,21,1:37.015,,,2014,15,22,Japanese Grand Prix,2014-10-05,Kamui Kobayashi,KOB,10.0,Caterham
6213,914,820,206,4,22,1:37.481,,,2014,15,22,Japanese Grand Prix,2014-10-05,Max Chilton,CHI,4.0,Marussia
6214,915,1,131,44,1,1:38.759,1:38.338,1:38.513,2014,16,71,Russian Grand Prix,2014-10-12,Lewis Hamilton,HAM,44.0,Mercedes
6215,915,3,131,6,2,1:39.076,1:38.606,1:38.713,2014,16,71,Russian Grand Prix,2014-10-12,Nico Rosberg,ROS,6.0,Mercedes
6216,915,822,3,77,3,1:39.125,1:38.971,1:38.920,2014,16,71,Russian Grand Prix,2014-10-12,Valtteri Bottas,BOT,77.0,Williams
6217,915,18,1,22,4,1:39.560,1:39.381,1:39.121,2014,16,71,Russian Grand Prix,2014-10-12,Jenson Button,BUT,22.0,McLaren
6218,915,826,5,26,5,1:40.074,1:39.296,1:39.277,2014,16,71,Russian Grand Prix,2014-10-12,Daniil Kvyat,KVY,26.0,Toro Rosso
6219,915,825,1,20,6,1:39.735,1:39.022,1:39.629,2014,16,71,Russian Grand Prix,2014-10-12,Kevin Magnussen,MAG,20.0,McLaren
6220,915,817,9,3,7,1:40.519,1:39.666,1:39.635,2014,16,71,Russian Grand Prix,2014-10-12,Daniel Ricciardo,RIC,3.0,Red Bull
6221,915,4,6,14,8,1:40.255,1:39.786,1:39.709,2014,16,71,Russian Grand Prix,2014-10-12,Fernando Alonso,ALO,14.0,Ferrari
6222,915,8,6,7,9,1:40.098,1:39.838,1:39.771,2014,16,71,Russian Grand Prix,2014-10-12,Kimi Räikkönen,RAI,7.0,Ferrari
6223,915,818,5,25,10,1:40.354,1:39.929,1:40.020,2014,16,71,Russian Grand Prix,2014-10-12,Jean-Éric Vergne,VER,25.0,Toro Rosso
6224,915,20,9,1,11,1:40.382,1:40.052,,2014,16,71,Russian Grand Prix,2014-10-12,Sebastian Vettel,VET,5.0,Red Bull
6225,915,807,10,27,12,1:40.273,1:40.058,,2014,16,71,Russian Grand Prix,2014-10-12,Nico Hülkenberg,HUL,27.0,Force India
6226,915,815,10,11,13,1:40.723,1:40.163,,2014,16,71,Russian Grand Prix,2014-10-12,Sergio Pérez,PER,11.0,Force India
6227,915,821,15,21,14,1:41.159,1:40.536,,2014,16,71,Russian Grand Prix,2014-10-12,Esteban Gutiérrez,GUT,21.0,Sauber
6228,915,16,15,99,15,1:40.766,1:40.984,,2014,16,71,Russian Grand Prix,2014-10-12,Adrian Sutil,SUT,99.0,Sauber
6229,915,154,208,8,16,1:42.526,1:41.397,,2014,16,71,Russian Grand Prix,2014-10-12,Romain Grosjean,GRO,8.0,Lotus F1
6230,915,828,207,9,17,1:42.648,,,2014,16,71,Russian Grand Prix,2014-10-12,Marcus Ericsson,ERI,9.0,Caterham
6231,915,13,3,19,18,1:43.064,,,2014,16,71,Russian Grand Prix,2014-10-12,Felipe Massa,MAS,19.0,Williams
6232,915,155,207,10,19,1:43.166,,,2014,16,71,Russian Grand Prix,2014-10-12,Kamui Kobayashi,KOB,10.0,Caterham
6233,915,813,208,13,20,1:43.205,,,2014,16,71,Russian Grand Prix,2014-10-12,Pastor Maldonado,MAL,13.0,Lotus F1
6234,915,820,206,4,21,1:43.649,,,2014,16,71,Russian Grand Prix,2014-10-12,Max Chilton,CHI,4.0,Marussia
6235,916,3,131,6,1,1:38.303,1:36.290,1:36.067,2014,17,69,United States Grand Prix,2014-11-02,Nico Rosberg,ROS,6.0,Mercedes
6236,916,1,131,44,2,1:37.196,1:37.287,1:36.443,2014,17,69,United States Grand Prix,2014-11-02,Lewis Hamilton,HAM,44.0,Mercedes
6237,916,822,3,77,3,1:38.249,1:37.499,1:36.906,2014,17,69,United States Grand Prix,2014-11-02,Valtteri Bottas,BOT,77.0,Williams
6238,916,13,3,19,4,1:37.877,1:37.347,1:37.205,2014,17,69,United States Grand Prix,2014-11-02,Felipe Massa,MAS,19.0,Williams
6239,916,817,9,3,5,1:38.814,1:37.873,1:37.244,2014,17,69,United States Grand Prix,2014-11-02,Daniel Ricciardo,RIC,3.0,Red Bull
6240,916,4,6,14,6,1:38.349,1:38.010,1:37.610,2014,17,69,United States Grand Prix,2014-11-02,Fernando Alonso,ALO,14.0,Ferrari
6241,916,18,1,22,7,1:38.574,1:38.024,1:37.655,2014,17,69,United States Grand Prix,2014-11-02,Jenson Button,BUT,22.0,McLaren
6242,916,825,1,20,8,1:38.557,1:38.047,1:37.706,2014,17,69,United States Grand Prix,2014-11-02,Kevin Magnussen,MAG,20.0,McLaren
6243,916,8,6,7,9,1:38.669,1:38.263,1:37.804,2014,17,69,United States Grand Prix,2014-11-02,Kimi Räikkönen,RAI,7.0,Ferrari
6244,916,16,15,99,10,1:38.855,1:38.378,1:38.810,2014,17,69,United States Grand Prix,2014-11-02,Adrian Sutil,SUT,99.0,Sauber
6245,916,813,208,13,11,1:38.608,1:38.467,,2014,17,69,United States Grand Prix,2014-11-02,Pastor Maldonado,MAL,13.0,Lotus F1
6246,916,815,10,11,12,1:39.200,1:38.554,,2014,17,69,United States Grand Prix,2014-11-02,Sergio Pérez,PER,11.0,Force India
6247,916,807,10,27,13,1:38.931,1:38.598,,2014,17,69,United States Grand Prix,2014-11-02,Nico Hülkenberg,HUL,27.0,Force India
6248,916,826,5,26,14,1:38.936,1:38.699,,2014,17,69,United States Grand Prix,2014-11-02,Daniil Kvyat,KVY,26.0,Toro Rosso
6249,916,818,5,25,15,1:39.250,,,2014,17,69,United States Grand Prix,2014-11-02,Jean-Éric Vergne,VER,25.0,Toro Rosso
6250,916,821,15,21,16,1:39.555,,,2014,17,69,United States Grand Prix,2014-11-02,Esteban Gutiérrez,GUT,21.0,Sauber
6251,916,20,9,1,17,1:39.621,,,2014,17,69,United States Grand Prix,2014-11-02,Sebastian Vettel,VET,5.0,Red Bull
6252,916,154,208,8,18,1:39.679,,,2014,17,69,United States Grand Prix,2014-11-02,Romain Grosjean,GRO,8.0,Lotus F1
6253,917,3,131,6,1,1:10.347,1:10.303,1:10.023,2014,18,18,Brazilian Grand Prix,2014-11-09,Nico Rosberg,ROS,6.0,Mercedes
6254,917,1,131,44,2,1:10.457,1:10.712,1:10.056,2014,18,18,Brazilian Grand Prix,2014-11-09,Lewis Hamilton,HAM,44.0,Mercedes
6255,917,13,3,19,3,1:10.602,1:10.343,1:10.247,2014,18,18,Brazilian Grand Prix,2014-11-09,Felipe Massa,MAS,19.0,Williams
6256,917,822,3,77,4,1:10.832,1:10.421,1:10.305,2014,18,18,Brazilian Grand Prix,2014-11-09,Valtteri Bottas,BOT,77.0,Williams
6257,917,18,1,22,5,1:11.097,1:11.127,1:10.930,2014,18,18,Brazilian Grand Prix,2014-11-09,Jenson Button,BUT,22.0,McLaren
6258,917,20,9,1,6,1:11.880,1:11.129,1:10.938,2014,18,18,Brazilian Grand Prix,2014-11-09,Sebastian Vettel,VET,5.0,Red Bull
6259,917,825,1,20,7,1:11.134,1:11.211,1:10.969,2014,18,18,Brazilian Grand Prix,2014-11-09,Kevin Magnussen,MAG,20.0,McLaren
6260,917,4,6,14,8,1:11.558,1:11.215,1:10.977,2014,18,18,Brazilian Grand Prix,2014-11-09,Fernando Alonso,ALO,14.0,Ferrari
6261,917,817,9,3,9,1:11.593,1:11.208,1:11.075,2014,18,18,Brazilian Grand Prix,2014-11-09,Daniel Ricciardo,RIC,3.0,Red Bull
6262,917,8,6,7,10,1:11.193,1:11.188,1:11.099,2014,18,18,Brazilian Grand Prix,2014-11-09,Kimi Räikkönen,RAI,7.0,Ferrari
6263,917,821,15,21,11,1:11.520,1:11.591,,2014,18,18,Brazilian Grand Prix,2014-11-09,Esteban Gutiérrez,GUT,21.0,Sauber
6264,917,807,10,27,12,1:11.848,1:11.976,,2014,18,18,Brazilian Grand Prix,2014-11-09,Nico Hülkenberg,HUL,27.0,Force India
6265,917,16,15,99,13,1:11.943,1:12.099,,2014,18,18,Brazilian Grand Prix,2014-11-09,Adrian Sutil,SUT,99.0,Sauber
6266,917,826,5,26,14,1:11.423,,,2014,18,18,Brazilian Grand Prix,2014-11-09,Daniil Kvyat,KVY,26.0,Toro Rosso
6267,917,154,208,8,15,1:12.037,,,2014,18,18,Brazilian Grand Prix,2014-11-09,Romain Grosjean,GRO,8.0,Lotus F1
6268,917,818,5,25,16,1:12.040,,,2014,18,18,Brazilian Grand Prix,2014-11-09,Jean-Éric Vergne,VER,25.0,Toro Rosso
6269,917,815,10,11,17,1:12.076,,,2014,18,18,Brazilian Grand Prix,2014-11-09,Sergio Pérez,PER,11.0,Force India
6270,917,813,208,13,18,1:12.233,,,2014,18,18,Brazilian Grand Prix,2014-11-09,Pastor Maldonado,MAL,13.0,Lotus F1
6305,918,821,15,21,15,1:42.819,,,2014,19,24,Abu Dhabi Grand Prix,2014-11-23,Esteban Gutiérrez,GUT,21.0,Sauber
6304,918,154,208,8,14,1:42.768,,,2014,19,24,Abu Dhabi Grand Prix,2014-11-23,Romain Grosjean,GRO,8.0,Lotus F1
6303,918,16,15,99,13,1:42.746,1:43.074,,2014,19,24,Abu Dhabi Grand Prix,2014-11-23,Adrian Sutil,SUT,99.0,Sauber
6302,918,807,10,27,12,1:42.444,1:42.384,,2014,19,24,Abu Dhabi Grand Prix,2014-11-23,Nico Hülkenberg,HUL,27.0,Force India
6301,918,815,10,11,11,1:42.654,1:42.239,,2014,19,24,Abu Dhabi Grand Prix,2014-11-23,Sergio Pérez,PER,11.0,Force India
6300,918,818,5,25,10,1:42.413,1:42.207,,2014,19,24,Abu Dhabi Grand Prix,2014-11-23,Jean-Éric Vergne,VER,25.0,Toro Rosso
6299,918,825,1,20,9,1:42.104,1:42.198,,2014,19,24,Abu Dhabi Grand Prix,2014-11-23,Kevin Magnussen,MAG,20.0,McLaren
6298,918,4,6,14,8,1:42.467,1:41.940,1:42.866,2014,19,24,Abu Dhabi Grand Prix,2014-11-23,Fernando Alonso,ALO,14.0,Ferrari
6297,918,8,6,7,7,1:42.439,1:42.168,1:42.236,2014,19,24,Abu Dhabi Grand Prix,2014-11-23,Kimi Räikkönen,RAI,7.0,Ferrari
6296,918,18,1,22,6,1:42.137,1:41.875,1:41.964,2014,19,24,Abu Dhabi Grand Prix,2014-11-23,Jenson Button,BUT,22.0,McLaren
6295,918,826,5,26,5,1:42.302,1:42.082,1:41.908,2014,19,24,Abu Dhabi Grand Prix,2014-11-23,Daniil Kvyat,KVY,26.0,Toro Rosso
6294,918,13,3,19,4,1:41.475,1:41.144,1:41.119,2014,19,24,Abu Dhabi Grand Prix,2014-11-23,Felipe Massa,MAS,19.0,Williams
6293,918,822,3,77,3,1:42.346,1:41.376,1:41.025,2014,19,24,Abu Dhabi Grand Prix,2014-11-23,Valtteri Bottas,BOT,77.0,Williams
6292,918,1,131,44,2,1:41.207,1:40.920,1:40.866,2014,19,24,Abu Dhabi Grand Prix,2014-11-23,Lewis Hamilton,HAM,44.0,Mercedes
6291,918,3,131,6,1,1:41.308,1:41.459,1:40.480,2014,19,24,Abu Dhabi Grand Prix,2014-11-23,Nico Rosberg,ROS,6.0,Mercedes
6306,918,813,208,13,16,1:42.860,,,2014,19,24,Abu Dhabi Grand Prix,2014-11-23,Pastor Maldonado,MAL,13.0,Lotus F1
6307,918,155,207,10,17,1:44.540,,,2014,19,24,Abu Dhabi Grand Prix,2014-11-23,Kamui Kobayashi,KOB,10.0,Caterham
6308,918,829,207,46,18,1:45.095,,,2014,19,24,Abu Dhabi Grand Prix,2014-11-23,Will Stevens,STE,28.0,Caterham
6309,926,1,131,44,1,1:28.586,1:26.894,1:26.327,2015,1,1,Australian Grand Prix,2015-03-15,Lewis Hamilton,HAM,44.0,Mercedes
6310,926,3,131,6,2,1:28.906,1:27.097,1:26.921,2015,1,1,Australian Grand Prix,2015-03-15,Nico Rosberg,ROS,6.0,Mercedes
6311,926,13,3,19,3,1:29.246,1:27.895,1:27.718,2015,1,1,Australian Grand Prix,2015-03-15,Felipe Massa,MAS,19.0,Williams
6312,926,20,6,5,4,1:29.307,1:27.742,1:27.757,2015,1,1,Australian Grand Prix,2015-03-15,Sebastian Vettel,VET,5.0,Ferrari
6313,926,8,6,7,5,1:29.754,1:27.807,1:27.790,2015,1,1,Australian Grand Prix,2015-03-15,Kimi Räikkönen,RAI,7.0,Ferrari
6314,926,822,3,77,6,1:29.641,1:27.796,1:28.087,2015,1,1,Australian Grand Prix,2015-03-15,Valtteri Bottas,BOT,77.0,Williams
6315,926,817,9,3,7,1:29.788,1:28.679,1:28.329,2015,1,1,Australian Grand Prix,2015-03-15,Daniel Ricciardo,RIC,3.0,Red Bull
6316,926,832,5,55,8,1:29.597,1:28.601,1:28.510,2015,1,1,Australian Grand Prix,2015-03-15,Carlos Sainz,SAI,55.0,Toro Rosso
6317,926,154,208,8,9,1:29.537,1:28.589,1:28.560,2015,1,1,Australian Grand Prix,2015-03-15,Romain Grosjean,GRO,8.0,Lotus F1
6318,926,813,208,13,10,1:29.847,1:28.726,1:29.480,2015,1,1,Australian Grand Prix,2015-03-15,Pastor Maldonado,MAL,13.0,Lotus F1
6319,926,831,15,12,11,1:30.430,1:28.800,,2015,1,1,Australian Grand Prix,2015-03-15,Felipe Nasr,NAS,12.0,Sauber
6320,926,830,5,33,12,1:29.248,1:28.868,,2015,1,1,Australian Grand Prix,2015-03-15,Max Verstappen,VER,33.0,Toro Rosso
6321,926,826,9,26,13,1:30.402,1:29.070,,2015,1,1,Australian Grand Prix,2015-03-15,Daniil Kvyat,KVY,26.0,Red Bull
6322,926,807,10,27,14,1:29.651,1:29.208,,2015,1,1,Australian Grand Prix,2015-03-15,Nico Hülkenberg,HUL,27.0,Force India
6323,926,815,10,11,15,1:29.990,1:29.209,,2015,1,1,Australian Grand Prix,2015-03-15,Sergio Pérez,PER,11.0,Force India
6324,926,828,15,9,16,1:31.376,,,2015,1,1,Australian Grand Prix,2015-03-15,Marcus Ericsson,ERI,9.0,Sauber
6325,926,18,1,22,17,1:31.422,,,2015,1,1,Australian Grand Prix,2015-03-15,Jenson Button,BUT,22.0,McLaren
6326,926,825,1,20,18,1:32.037,,,2015,1,1,Australian Grand Prix,2015-03-15,Kevin Magnussen,MAG,20.0,McLaren
6327,927,1,131,44,1,1:39.269,1:41.517,1:49.834,2015,2,2,Malaysian Grand Prix,2015-03-29,Lewis Hamilton,HAM,44.0,Mercedes
6328,927,20,6,5,2,1:39.814,1:39.632,1:49.908,2015,2,2,Malaysian Grand Prix,2015-03-29,Sebastian Vettel,VET,5.0,Ferrari
6329,927,3,131,6,3,1:39.374,1:39.377,1:50.299,2015,2,2,Malaysian Grand Prix,2015-03-29,Nico Rosberg,ROS,6.0,Mercedes
6330,927,817,9,3,4,1:40.504,1:41.085,1:51.541,2015,2,2,Malaysian Grand Prix,2015-03-29,Daniel Ricciardo,RIC,3.0,Red Bull
6331,927,826,9,26,5,1:40.546,1:41.665,1:51.951,2015,2,2,Malaysian Grand Prix,2015-03-29,Daniil Kvyat,KVY,26.0,Red Bull
6332,927,830,5,33,6,1:40.793,1:41.430,1:51.981,2015,2,2,Malaysian Grand Prix,2015-03-29,Max Verstappen,VER,33.0,Toro Rosso
6333,927,13,3,19,7,1:40.543,1:41.230,1:52.473,2015,2,2,Malaysian Grand Prix,2015-03-29,Felipe Massa,MAS,19.0,Williams
6334,927,154,208,8,8,1:40.303,1:41.209,1:52.981,2015,2,2,Malaysian Grand Prix,2015-03-29,Romain Grosjean,GRO,8.0,Lotus F1
6335,927,822,3,77,9,1:40.249,1:40.650,1:53.179,2015,2,2,Malaysian Grand Prix,2015-03-29,Valtteri Bottas,BOT,77.0,Williams
6336,927,828,15,9,10,1:40.340,1:41.748,1:53.261,2015,2,2,Malaysian Grand Prix,2015-03-29,Marcus Ericsson,ERI,9.0,Sauber
6337,927,8,6,7,11,1:40.415,1:42.173,,2015,2,2,Malaysian Grand Prix,2015-03-29,Kimi Räikkönen,RAI,7.0,Ferrari
6338,927,813,208,13,12,1:40.361,1:42.198,,2015,2,2,Malaysian Grand Prix,2015-03-29,Pastor Maldonado,MAL,13.0,Lotus F1
6339,927,807,10,27,13,1:40.830,1:43.023,,2015,2,2,Malaysian Grand Prix,2015-03-29,Nico Hülkenberg,HUL,27.0,Force India
6340,927,815,10,11,14,1:41.036,1:43.469,,2015,2,2,Malaysian Grand Prix,2015-03-29,Sergio Pérez,PER,11.0,Force India
6341,927,832,5,55,15,1:39.814,1:43.701,,2015,2,2,Malaysian Grand Prix,2015-03-29,Carlos Sainz,SAI,55.0,Toro Rosso
6342,927,831,15,12,16,1:41.308,,,2015,2,2,Malaysian Grand Prix,2015-03-29,Felipe Nasr,NAS,12.0,Sauber
6343,927,18,1,22,17,1:41.636,,,2015,2,2,Malaysian Grand Prix,2015-03-29,Jenson Button,BUT,22.0,McLaren
6344,927,4,1,14,18,1:41.746,,,2015,2,2,Malaysian Grand Prix,2015-03-29,Fernando Alonso,ALO,14.0,McLaren
6345,927,833,209,98,19,1:46.677,,,2015,2,2,Malaysian Grand Prix,2015-03-29,Roberto Merhi,MER,98.0,Manor Marussia
6346,928,1,131,44,1,1:38.285,1:36.423,1:35.782,2015,3,17,Chinese Grand Prix,2015-04-12,Lewis Hamilton,HAM,44.0,Mercedes
6347,928,3,131,6,2,1:38.496,1:36.747,1:35.828,2015,3,17,Chinese Grand Prix,2015-04-12,Nico Rosberg,ROS,6.0,Mercedes
6348,928,20,6,5,3,1:37.502,1:36.957,1:36.687,2015,3,17,Chinese Grand Prix,2015-04-12,Sebastian Vettel,VET,5.0,Ferrari
6349,928,13,3,19,4,1:38.433,1:37.357,1:36.954,2015,3,17,Chinese Grand Prix,2015-04-12,Felipe Massa,MAS,19.0,Williams
6350,928,822,3,77,5,1:38.014,1:37.763,1:37.143,2015,3,17,Chinese Grand Prix,2015-04-12,Valtteri Bottas,BOT,77.0,Williams
6351,928,8,6,7,6,1:37.790,1:37.109,1:37.232,2015,3,17,Chinese Grand Prix,2015-04-12,Kimi Räikkönen,RAI,7.0,Ferrari
6352,928,817,9,3,7,1:38.534,1:37.939,1:37.540,2015,3,17,Chinese Grand Prix,2015-04-12,Daniel Ricciardo,RIC,3.0,Red Bull
6353,928,154,208,8,8,1:38.209,1:38.063,1:37.905,2015,3,17,Chinese Grand Prix,2015-04-12,Romain Grosjean,GRO,8.0,Lotus F1
6354,928,831,15,12,9,1:38.521,1:38.017,1:38.067,2015,3,17,Chinese Grand Prix,2015-04-12,Felipe Nasr,NAS,12.0,Sauber
6355,928,828,15,9,10,1:38.941,1:38.127,1:38.158,2015,3,17,Chinese Grand Prix,2015-04-12,Marcus Ericsson,ERI,9.0,Sauber
6356,928,813,208,13,11,1:38.563,1:38.134,,2015,3,17,Chinese Grand Prix,2015-04-12,Pastor Maldonado,MAL,13.0,Lotus F1
6357,928,826,9,26,12,1:39.051,1:38.209,,2015,3,17,Chinese Grand Prix,2015-04-12,Daniil Kvyat,KVY,26.0,Red Bull
6358,928,830,5,33,13,1:38.387,1:38.393,,2015,3,17,Chinese Grand Prix,2015-04-12,Max Verstappen,VER,33.0,Toro Rosso
6359,928,832,5,55,14,1:38.622,1:38.538,,2015,3,17,Chinese Grand Prix,2015-04-12,Carlos Sainz,SAI,55.0,Toro Rosso
6360,928,815,10,11,15,1:38.903,1:39.290,,2015,3,17,Chinese Grand Prix,2015-04-12,Sergio Pérez,PER,11.0,Force India
6361,928,807,10,27,16,1:39.216,,,2015,3,17,Chinese Grand Prix,2015-04-12,Nico Hülkenberg,HUL,27.0,Force India
6362,928,18,1,22,17,1:39.276,,,2015,3,17,Chinese Grand Prix,2015-04-12,Jenson Button,BUT,22.0,McLaren
6363,928,4,1,14,18,1:39.280,,,2015,3,17,Chinese Grand Prix,2015-04-12,Fernando Alonso,ALO,14.0,McLaren
6364,928,829,209,28,19,1:42.091,,,2015,3,17,Chinese Grand Prix,2015-04-12,Will Stevens,STE,28.0,Manor Marussia
6365,928,833,209,98,20,1:42.842,,,2015,3,17,Chinese Grand Prix,2015-04-12,Roberto Merhi,MER,98.0,Manor Marussia
6366,929,1,131,44,1,1:33.928,1:32.669,1:32.571,2015,4,3,Bahrain Grand Prix,2015-04-19,Lewis Hamilton,HAM,44.0,Mercedes
6367,929,20,6,5,2,1:34.919,1:33.623,1:32.982,2015,4,3,Bahrain Grand Prix,2015-04-19,Sebastian Vettel,VET,5.0,Ferrari
6368,929,3,131,6,3,1:34.398,1:33.878,1:33.129,2015,4,3,Bahrain Grand Prix,2015-04-19,Nico Rosberg,ROS,6.0,Mercedes
6369,929,8,6,7,4,1:34.568,1:33.540,1:33.227,2015,4,3,Bahrain Grand Prix,2015-04-19,Kimi Räikkönen,RAI,7.0,Ferrari
6370,929,822,3,77,5,1:34.161,1:33.897,1:33.381,2015,4,3,Bahrain Grand Prix,2015-04-19,Valtteri Bottas,BOT,77.0,Williams
6371,929,13,3,19,6,1:34.488,1:33.551,1:33.744,2015,4,3,Bahrain Grand Prix,2015-04-19,Felipe Massa,MAS,19.0,Williams
6372,929,817,9,3,7,1:34.691,1:34.403,1:33.832,2015,4,3,Bahrain Grand Prix,2015-04-19,Daniel Ricciardo,RIC,3.0,Red Bull
6373,929,807,10,27,8,1:35.653,1:34.613,1:34.450,2015,4,3,Bahrain Grand Prix,2015-04-19,Nico Hülkenberg,HUL,27.0,Force India
6374,929,832,5,55,9,1:35.371,1:34.641,1:34.462,2015,4,3,Bahrain Grand Prix,2015-04-19,Carlos Sainz,SAI,55.0,Toro Rosso
6375,929,154,208,8,10,1:35.007,1:34.123,1:34.484,2015,4,3,Bahrain Grand Prix,2015-04-19,Romain Grosjean,GRO,8.0,Lotus F1
6376,929,815,10,11,11,1:35.451,1:34.704,,2015,4,3,Bahrain Grand Prix,2015-04-19,Sergio Pérez,PER,11.0,Force India
6377,929,831,15,12,12,1:35.310,1:34.737,,2015,4,3,Bahrain Grand Prix,2015-04-19,Felipe Nasr,NAS,12.0,Sauber
6378,929,828,15,9,13,1:35.438,1:35.034,,2015,4,3,Bahrain Grand Prix,2015-04-19,Marcus Ericsson,ERI,9.0,Sauber
6379,929,4,1,14,14,1:35.205,1:35.039,,2015,4,3,Bahrain Grand Prix,2015-04-19,Fernando Alonso,ALO,14.0,McLaren
6380,929,830,5,33,15,1:35.611,1:35.103,,2015,4,3,Bahrain Grand Prix,2015-04-19,Max Verstappen,VER,33.0,Toro Rosso
6381,929,813,208,13,16,1:35.677,,,2015,4,3,Bahrain Grand Prix,2015-04-19,Pastor Maldonado,MAL,13.0,Lotus F1
6382,929,826,9,26,17,1:35.800,,,2015,4,3,Bahrain Grand Prix,2015-04-19,Daniil Kvyat,KVY,26.0,Red Bull
6383,929,829,209,28,18,1:38.713,,,2015,4,3,Bahrain Grand Prix,2015-04-19,Will Stevens,STE,28.0,Manor Marussia
6384,929,833,209,98,19,1:39.722,,,2015,4,3,Bahrain Grand Prix,2015-04-19,Roberto Merhi,MER,98.0,Manor Marussia
6385,930,3,131,6,1,1:26.490,1:25.166,1:24.681,2015,5,4,Spanish Grand Prix,2015-05-10,Nico Rosberg,ROS,6.0,Mercedes
6386,930,1,131,44,2,1:26.382,1:25.740,1:24.948,2015,5,4,Spanish Grand Prix,2015-05-10,Lewis Hamilton,HAM,44.0,Mercedes
6387,930,20,6,5,3,1:27.534,1:26.167,1:25.458,2015,5,4,Spanish Grand Prix,2015-05-10,Sebastian Vettel,VET,5.0,Ferrari
6388,930,822,3,77,4,1:27.262,1:26.197,1:25.694,2015,5,4,Spanish Grand Prix,2015-05-10,Valtteri Bottas,BOT,77.0,Williams
6389,930,832,5,55,5,1:26.773,1:26.475,1:26.136,2015,5,4,Spanish Grand Prix,2015-05-10,Carlos Sainz,SAI,55.0,Toro Rosso
6390,930,830,5,33,6,1:27.393,1:26.441,1:26.249,2015,5,4,Spanish Grand Prix,2015-05-10,Max Verstappen,VER,33.0,Toro Rosso
6391,930,8,6,7,7,1:26.637,1:26.016,1:26.414,2015,5,4,Spanish Grand Prix,2015-05-10,Kimi Räikkönen,RAI,7.0,Ferrari
6392,930,826,9,26,8,1:27.833,1:26.889,1:26.629,2015,5,4,Spanish Grand Prix,2015-05-10,Daniil Kvyat,KVY,26.0,Red Bull
6393,930,13,3,19,9,1:27.165,1:26.147,1:26.757,2015,5,4,Spanish Grand Prix,2015-05-10,Felipe Massa,MAS,19.0,Williams
6394,930,817,9,3,10,1:27.611,1:26.692,1:26.770,2015,5,4,Spanish Grand Prix,2015-05-10,Daniel Ricciardo,RIC,3.0,Red Bull
6395,930,154,208,8,11,1:27.383,1:27.375,,2015,5,4,Spanish Grand Prix,2015-05-10,Romain Grosjean,GRO,8.0,Lotus F1
6396,930,813,208,13,12,1:27.281,1:27.450,,2015,5,4,Spanish Grand Prix,2015-05-10,Pastor Maldonado,MAL,13.0,Lotus F1
6397,930,4,1,14,13,1:27.941,1:27.760,,2015,5,4,Spanish Grand Prix,2015-05-10,Fernando Alonso,ALO,14.0,McLaren
6398,930,18,1,22,14,1:27.813,1:27.854,,2015,5,4,Spanish Grand Prix,2015-05-10,Jenson Button,BUT,22.0,McLaren
6399,930,831,15,12,15,1:27.625,1:28.005,,2015,5,4,Spanish Grand Prix,2015-05-10,Felipe Nasr,NAS,12.0,Sauber
6400,930,828,15,9,16,1:28.112,,,2015,5,4,Spanish Grand Prix,2015-05-10,Marcus Ericsson,ERI,9.0,Sauber
6401,930,807,10,27,17,1:28.365,,,2015,5,4,Spanish Grand Prix,2015-05-10,Nico Hülkenberg,HUL,27.0,Force India
6402,930,815,10,11,18,1:28.442,,,2015,5,4,Spanish Grand Prix,2015-05-10,Sergio Pérez,PER,11.0,Force India
6403,930,829,209,28,19,1:31.200,,,2015,5,4,Spanish Grand Prix,2015-05-10,Will Stevens,STE,28.0,Manor Marussia
6404,930,833,209,98,20,1:32.038,,,2015,5,4,Spanish Grand Prix,2015-05-10,Roberto Merhi,MER,98.0,Manor Marussia
6405,931,1,131,44,1,1:16.588,1:15.864,1:15.098,2015,6,6,Monaco Grand Prix,2015-05-24,Lewis Hamilton,HAM,44.0,Mercedes
6406,931,3,131,6,2,1:16.528,1:15.471,1:15.440,2015,6,6,Monaco Grand Prix,2015-05-24,Nico Rosberg,ROS,6.0,Mercedes
6407,931,20,6,5,3,1:17.502,1:16.181,1:15.849,2015,6,6,Monaco Grand Prix,2015-05-24,Sebastian Vettel,VET,5.0,Ferrari
6408,931,817,9,3,4,1:17.254,1:16.706,1:16.041,2015,6,6,Monaco Grand Prix,2015-05-24,Daniel Ricciardo,RIC,3.0,Red Bull
6409,931,826,9,26,5,1:16.845,1:16.453,1:16.182,2015,6,6,Monaco Grand Prix,2015-05-24,Daniil Kvyat,KVY,26.0,Red Bull
6410,931,8,6,7,6,1:17.660,1:16.440,1:16.427,2015,6,6,Monaco Grand Prix,2015-05-24,Kimi Räikkönen,RAI,7.0,Ferrari
6411,931,815,10,11,7,1:17.376,1:16.999,1:16.808,2015,6,6,Monaco Grand Prix,2015-05-24,Sergio Pérez,PER,11.0,Force India
6412,931,832,5,55,8,1:17.246,1:16.762,1:16.931,2015,6,6,Monaco Grand Prix,2015-05-24,Carlos Sainz,SAI,55.0,Toro Rosso
6413,931,813,208,13,9,1:17.630,1:16.775,1:16.946,2015,6,6,Monaco Grand Prix,2015-05-24,Pastor Maldonado,MAL,13.0,Lotus F1
6414,931,830,5,33,10,1:16.750,1:16.546,1:16.957,2015,6,6,Monaco Grand Prix,2015-05-24,Max Verstappen,VER,33.0,Toro Rosso
6415,931,154,208,8,11,1:17.767,1:17.007,,2015,6,6,Monaco Grand Prix,2015-05-24,Romain Grosjean,GRO,8.0,Lotus F1
6416,931,18,1,22,12,1:17.492,1:17.093,,2015,6,6,Monaco Grand Prix,2015-05-24,Jenson Button,BUT,22.0,McLaren
6417,931,807,10,27,13,1:17.552,1:17.193,,2015,6,6,Monaco Grand Prix,2015-05-24,Nico Hülkenberg,HUL,27.0,Force India
6418,931,13,3,19,14,1:17.679,1:17.278,,2015,6,6,Monaco Grand Prix,2015-05-24,Felipe Massa,MAS,19.0,Williams
6419,931,4,1,14,15,1:17.778,1:26.632,,2015,6,6,Monaco Grand Prix,2015-05-24,Fernando Alonso,ALO,14.0,McLaren
6420,931,831,15,12,16,1:18.101,,,2015,6,6,Monaco Grand Prix,2015-05-24,Felipe Nasr,NAS,12.0,Sauber
6421,931,822,3,77,17,1:18.434,,,2015,6,6,Monaco Grand Prix,2015-05-24,Valtteri Bottas,BOT,77.0,Williams
6422,931,828,15,9,18,1:18.513,,,2015,6,6,Monaco Grand Prix,2015-05-24,Marcus Ericsson,ERI,9.0,Sauber
6423,931,829,209,28,19,1:20.655,,,2015,6,6,Monaco Grand Prix,2015-05-24,Will Stevens,STE,28.0,Manor Marussia
6424,931,833,209,98,20,1:20.904,,,2015,6,6,Monaco Grand Prix,2015-05-24,Roberto Merhi,MER,98.0,Manor Marussia
6425,932,1,131,44,1,1:15.895,1:14.661,1:14.393,2015,7,7,Canadian Grand Prix,2015-06-07,Lewis Hamilton,HAM,44.0,Mercedes
6426,932,3,131,6,2,1:15.893,1:14.673,1:14.702,2015,7,7,Canadian Grand Prix,2015-06-07,Nico Rosberg,ROS,6.0,Mercedes
6427,932,8,6,7,3,1:16.259,1:15.348,1:15.014,2015,7,7,Canadian Grand Prix,2015-06-07,Kimi Räikkönen,RAI,7.0,Ferrari
6428,932,822,3,77,4,1:16.552,1:15.506,1:15.102,2015,7,7,Canadian Grand Prix,2015-06-07,Valtteri Bottas,BOT,77.0,Williams
6429,932,154,208,8,5,1:15.833,1:15.187,1:15.194,2015,7,7,Canadian Grand Prix,2015-06-07,Romain Grosjean,GRO,8.0,Lotus F1
6430,932,813,208,13,6,1:16.098,1:15.622,1:15.329,2015,7,7,Canadian Grand Prix,2015-06-07,Pastor Maldonado,MAL,13.0,Lotus F1
6431,932,807,10,27,7,1:16.186,1:15.706,1:15.614,2015,7,7,Canadian Grand Prix,2015-06-07,Nico Hülkenberg,HUL,27.0,Force India
6432,932,826,9,26,8,1:16.415,1:15.891,1:16.079,2015,7,7,Canadian Grand Prix,2015-06-07,Daniil Kvyat,KVY,26.0,Red Bull
6433,932,817,9,3,9,1:16.410,1:16.006,1:16.114,2015,7,7,Canadian Grand Prix,2015-06-07,Daniel Ricciardo,RIC,3.0,Red Bull
6434,932,815,10,11,10,1:16.827,1:15.974,1:16.338,2015,7,7,Canadian Grand Prix,2015-06-07,Sergio Pérez,PER,11.0,Force India
6435,932,832,5,55,11,1:16.611,1:16.042,,2015,7,7,Canadian Grand Prix,2015-06-07,Carlos Sainz,SAI,55.0,Toro Rosso
6436,932,830,5,33,12,1:16.361,1:16.245,,2015,7,7,Canadian Grand Prix,2015-06-07,Max Verstappen,VER,33.0,Toro Rosso
6437,932,828,15,9,13,1:16.796,1:16.262,,2015,7,7,Canadian Grand Prix,2015-06-07,Marcus Ericsson,ERI,9.0,Sauber
6438,932,4,1,14,14,1:17.012,1:16.276,,2015,7,7,Canadian Grand Prix,2015-06-07,Fernando Alonso,ALO,14.0,McLaren
6439,932,831,15,12,15,1:16.968,1:16.620,,2015,7,7,Canadian Grand Prix,2015-06-07,Felipe Nasr,NAS,12.0,Sauber
6440,932,20,6,5,16,1:17.344,,,2015,7,7,Canadian Grand Prix,2015-06-07,Sebastian Vettel,VET,5.0,Ferrari
6441,932,13,3,19,17,1:17.886,,,2015,7,7,Canadian Grand Prix,2015-06-07,Felipe Massa,MAS,19.0,Williams
6442,932,833,209,98,18,1:19.133,,,2015,7,7,Canadian Grand Prix,2015-06-07,Roberto Merhi,MER,98.0,Manor Marussia
6443,932,829,209,28,19,1:19.157,,,2015,7,7,Canadian Grand Prix,2015-06-07,Will Stevens,STE,28.0,Manor Marussia
6444,933,1,131,44,1,1:12.218,1:09.062,1:08.455,2015,8,70,Austrian Grand Prix,2015-06-21,Lewis Hamilton,HAM,44.0,Mercedes
6445,933,3,131,6,2,1:10.976,1:08.634,1:08.655,2015,8,70,Austrian Grand Prix,2015-06-21,Nico Rosberg,ROS,6.0,Mercedes
6446,933,20,6,5,3,1:11.184,1:09.392,1:08.810,2015,8,70,Austrian Grand Prix,2015-06-21,Sebastian Vettel,VET,5.0,Ferrari
6447,933,13,3,19,4,1:11.830,1:09.719,1:09.192,2015,8,70,Austrian Grand Prix,2015-06-21,Felipe Massa,MAS,19.0,Williams
6448,933,807,10,27,5,1:11.319,1:09.604,1:09.278,2015,8,70,Austrian Grand Prix,2015-06-21,Nico Hülkenberg,HUL,27.0,Force India
6449,933,822,3,77,6,1:11.894,1:09.598,1:09.319,2015,8,70,Austrian Grand Prix,2015-06-21,Valtteri Bottas,BOT,77.0,Williams
6450,933,830,5,33,7,1:11.307,1:09.631,1:09.612,2015,8,70,Austrian Grand Prix,2015-06-21,Max Verstappen,VER,33.0,Toro Rosso
6451,933,826,9,26,8,1:12.092,1:10.187,1:09.694,2015,8,70,Austrian Grand Prix,2015-06-21,Daniil Kvyat,KVY,26.0,Red Bull
6452,933,831,15,12,9,1:12.001,1:09.652,1:09.713,2015,8,70,Austrian Grand Prix,2015-06-21,Felipe Nasr,NAS,12.0,Sauber
6453,933,154,208,8,10,1:11.821,1:09.920,,2015,8,70,Austrian Grand Prix,2015-06-21,Romain Grosjean,GRO,8.0,Lotus F1
6454,933,813,208,13,11,1:11.661,1:10.374,,2015,8,70,Austrian Grand Prix,2015-06-21,Pastor Maldonado,MAL,13.0,Lotus F1
6455,933,828,15,9,12,1:12.388,1:10.426,,2015,8,70,Austrian Grand Prix,2015-06-21,Marcus Ericsson,ERI,9.0,Sauber
6456,933,832,5,55,13,1:11.158,1:10.465,,2015,8,70,Austrian Grand Prix,2015-06-21,Carlos Sainz,SAI,55.0,Toro Rosso
6457,933,817,9,3,14,1:11.973,1:10.482,,2015,8,70,Austrian Grand Prix,2015-06-21,Daniel Ricciardo,RIC,3.0,Red Bull
6458,933,4,1,14,15,1:12.508,1:10.736,,2015,8,70,Austrian Grand Prix,2015-06-21,Fernando Alonso,ALO,14.0,McLaren
6459,933,815,10,11,16,1:12.522,,,2015,8,70,Austrian Grand Prix,2015-06-21,Sergio Pérez,PER,11.0,Force India
6460,933,18,1,22,17,1:12.632,,,2015,8,70,Austrian Grand Prix,2015-06-21,Jenson Button,BUT,22.0,McLaren
6461,933,8,6,7,18,1:12.867,,,2015,8,70,Austrian Grand Prix,2015-06-21,Kimi Räikkönen,RAI,7.0,Ferrari
6462,933,833,209,98,19,1:14.071,,,2015,8,70,Austrian Grand Prix,2015-06-21,Roberto Merhi,MER,98.0,Manor Marussia
6463,933,829,209,28,20,1:15.368,,,2015,8,70,Austrian Grand Prix,2015-06-21,Will Stevens,STE,28.0,Manor Marussia
6464,934,1,131,44,1,1:33.796,1:33.068,1:32.248,2015,9,9,British Grand Prix,2015-07-05,Lewis Hamilton,HAM,44.0,Mercedes
6465,934,3,131,6,2,1:33.475,1:32.737,1:32.361,2015,9,9,British Grand Prix,2015-07-05,Nico Rosberg,ROS,6.0,Mercedes
6466,934,13,3,19,3,1:34.542,1:33.707,1:33.085,2015,9,9,British Grand Prix,2015-07-05,Felipe Massa,MAS,19.0,Williams
6467,934,822,3,77,4,1:34.171,1:33.020,1:33.149,2015,9,9,British Grand Prix,2015-07-05,Valtteri Bottas,BOT,77.0,Williams
6468,934,8,6,7,5,1:33.426,1:33.911,1:33.379,2015,9,9,British Grand Prix,2015-07-05,Kimi Räikkönen,RAI,7.0,Ferrari
6469,934,20,6,5,6,1:33.562,1:33.641,1:33.547,2015,9,9,British Grand Prix,2015-07-05,Sebastian Vettel,VET,5.0,Ferrari
6470,934,826,9,26,7,1:34.422,1:33.520,1:33.636,2015,9,9,British Grand Prix,2015-07-05,Daniil Kvyat,KVY,26.0,Red Bull
6471,934,832,5,55,8,1:34.641,1:34.071,1:33.649,2015,9,9,British Grand Prix,2015-07-05,Carlos Sainz,SAI,55.0,Toro Rosso
6472,934,807,10,27,9,1:34.594,1:33.693,1:33.673,2015,9,9,British Grand Prix,2015-07-05,Nico Hülkenberg,HUL,27.0,Force India
6473,934,817,9,3,10,1:34.272,1:33.749,1:33.943,2015,9,9,British Grand Prix,2015-07-05,Daniel Ricciardo,RIC,3.0,Red Bull
6474,934,815,10,11,11,1:34.250,1:34.268,,2015,9,9,British Grand Prix,2015-07-05,Sergio Pérez,PER,11.0,Force India
6475,934,154,208,8,12,1:34.646,1:34.430,,2015,9,9,British Grand Prix,2015-07-05,Romain Grosjean,GRO,8.0,Lotus F1
6476,934,830,5,33,13,1:34.819,1:34.502,,2015,9,9,British Grand Prix,2015-07-05,Max Verstappen,VER,33.0,Toro Rosso
6477,934,813,208,13,14,1:34.877,1:34.511,,2015,9,9,British Grand Prix,2015-07-05,Pastor Maldonado,MAL,13.0,Lotus F1
6478,934,828,15,9,15,1:34.643,1:34.868,,2015,9,9,British Grand Prix,2015-07-05,Marcus Ericsson,ERI,9.0,Sauber
6479,934,831,15,12,16,1:34.888,,,2015,9,9,British Grand Prix,2015-07-05,Felipe Nasr,NAS,12.0,Sauber
6480,934,4,1,14,17,1:34.959,,,2015,9,9,British Grand Prix,2015-07-05,Fernando Alonso,ALO,14.0,McLaren
6481,934,18,1,22,18,1:35.207,,,2015,9,9,British Grand Prix,2015-07-05,Jenson Button,BUT,22.0,McLaren
6482,934,829,209,28,19,1:37.364,,,2015,9,9,British Grand Prix,2015-07-05,Will Stevens,STE,28.0,Manor Marussia
6483,934,833,209,98,20,1:39.377,,,2015,9,9,British Grand Prix,2015-07-05,Roberto Merhi,MER,98.0,Manor Marussia
6484,936,1,131,44,1,1:22.890,1:22.285,1:22.020,2015,10,11,Hungarian Grand Prix,2015-07-26,Lewis Hamilton,HAM,44.0,Mercedes
6485,936,3,131,6,2,1:22.979,1:22.775,1:22.595,2015,10,11,Hungarian Grand Prix,2015-07-26,Nico Rosberg,ROS,6.0,Mercedes
6486,936,20,6,5,3,1:23.312,1:23.168,1:22.739,2015,10,11,Hungarian Grand Prix,2015-07-26,Sebastian Vettel,VET,5.0,Ferrari
6487,936,817,9,3,4,1:24.408,1:23.230,1:22.774,2015,10,11,Hungarian Grand Prix,2015-07-26,Daniel Ricciardo,RIC,3.0,Red Bull
6488,936,8,6,7,5,1:23.596,1:23.460,1:23.020,2015,10,11,Hungarian Grand Prix,2015-07-26,Kimi Räikkönen,RAI,7.0,Ferrari
6489,936,822,3,77,6,1:23.649,1:23.555,1:23.222,2015,10,11,Hungarian Grand Prix,2015-07-26,Valtteri Bottas,BOT,77.0,Williams
6490,936,826,9,26,7,1:23.587,1:23.597,1:23.332,2015,10,11,Hungarian Grand Prix,2015-07-26,Daniil Kvyat,KVY,26.0,Red Bull
6491,936,13,3,19,8,1:23.895,1:23.598,1:23.537,2015,10,11,Hungarian Grand Prix,2015-07-26,Felipe Massa,MAS,19.0,Williams
6492,936,830,5,33,9,1:24.032,1:23.781,1:23.679,2015,10,11,Hungarian Grand Prix,2015-07-26,Max Verstappen,VER,33.0,Toro Rosso
6493,936,154,208,8,10,1:24.242,1:23.805,1:24.181,2015,10,11,Hungarian Grand Prix,2015-07-26,Romain Grosjean,GRO,8.0,Lotus F1
6494,936,807,10,27,11,1:24.115,1:23.826,,2015,10,11,Hungarian Grand Prix,2015-07-26,Nico Hülkenberg,HUL,27.0,Force India
6495,936,832,5,55,12,1:24.623,1:23.869,,2015,10,11,Hungarian Grand Prix,2015-07-26,Carlos Sainz,SAI,55.0,Toro Rosso
6496,936,815,10,11,13,1:24.444,1:24.461,,2015,10,11,Hungarian Grand Prix,2015-07-26,Sergio Pérez,PER,11.0,Force India
6497,936,813,208,13,14,1:23.895,1:24.609,,2015,10,11,Hungarian Grand Prix,2015-07-26,Pastor Maldonado,MAL,13.0,Lotus F1
6498,936,4,1,14,15,1:24.563,,,2015,10,11,Hungarian Grand Prix,2015-07-26,Fernando Alonso,ALO,14.0,McLaren
6499,936,18,1,22,16,1:24.739,,,2015,10,11,Hungarian Grand Prix,2015-07-26,Jenson Button,BUT,22.0,McLaren
6500,936,828,15,9,17,1:24.843,,,2015,10,11,Hungarian Grand Prix,2015-07-26,Marcus Ericsson,ERI,9.0,Sauber
6501,936,831,15,12,18,1:24.997,,,2015,10,11,Hungarian Grand Prix,2015-07-26,Felipe Nasr,NAS,12.0,Sauber
6502,936,833,209,98,19,1:27.416,,,2015,10,11,Hungarian Grand Prix,2015-07-26,Roberto Merhi,MER,98.0,Manor Marussia
6503,936,829,209,28,20,1:27.949,,,2015,10,11,Hungarian Grand Prix,2015-07-26,Will Stevens,STE,28.0,Manor Marussia
6504,937,1,131,44,1,1:48.908,1:48.024,1:47.197,2015,11,13,Belgian Grand Prix,2015-08-23,Lewis Hamilton,HAM,44.0,Mercedes
6505,937,3,131,6,2,1:48.923,1:47.955,1:47.655,2015,11,13,Belgian Grand Prix,2015-08-23,Nico Rosberg,ROS,6.0,Mercedes
6506,937,822,3,77,3,1:49.026,1:49.044,1:48.537,2015,11,13,Belgian Grand Prix,2015-08-23,Valtteri Bottas,BOT,77.0,Williams
6507,937,154,208,8,4,1:49.353,1:48.981,1:48.561,2015,11,13,Belgian Grand Prix,2015-08-23,Romain Grosjean,GRO,8.0,Lotus F1
6508,937,815,10,11,5,1:49.006,1:48.792,1:48.599,2015,11,13,Belgian Grand Prix,2015-08-23,Sergio Pérez,PER,11.0,Force India
6509,937,817,9,3,6,1:49.664,1:49.042,1:48.639,2015,11,13,Belgian Grand Prix,2015-08-23,Daniel Ricciardo,RIC,3.0,Red Bull
6510,937,13,3,19,7,1:49.688,1:48.806,1:48.685,2015,11,13,Belgian Grand Prix,2015-08-23,Felipe Massa,MAS,19.0,Williams
6511,937,813,208,13,8,1:49.568,1:48.956,1:48.754,2015,11,13,Belgian Grand Prix,2015-08-23,Pastor Maldonado,MAL,13.0,Lotus F1
6512,937,20,6,5,9,1:49.264,1:48.761,1:48.825,2015,11,13,Belgian Grand Prix,2015-08-23,Sebastian Vettel,VET,5.0,Ferrari
6513,937,832,5,55,10,1:49.109,1:49.065,1:49.771,2015,11,13,Belgian Grand Prix,2015-08-23,Carlos Sainz,SAI,55.0,Toro Rosso
6514,937,807,10,27,11,1:49.499,1:49.121,,2015,11,13,Belgian Grand Prix,2015-08-23,Nico Hülkenberg,HUL,27.0,Force India
6515,937,826,9,26,12,1:49.469,1:49.228,,2015,11,13,Belgian Grand Prix,2015-08-23,Daniil Kvyat,KVY,26.0,Red Bull
6516,937,828,15,9,13,1:49.523,1:49.586,,2015,11,13,Belgian Grand Prix,2015-08-23,Marcus Ericsson,ERI,9.0,Sauber
6517,937,8,6,7,14,1:49.288,,,2015,11,13,Belgian Grand Prix,2015-08-23,Kimi Räikkönen,RAI,7.0,Ferrari
6518,937,830,5,33,15,1:49.831,,,2015,11,13,Belgian Grand Prix,2015-08-23,Max Verstappen,VER,33.0,Toro Rosso
6519,937,831,15,12,16,1:49.952,,,2015,11,13,Belgian Grand Prix,2015-08-23,Felipe Nasr,NAS,12.0,Sauber
6520,937,18,1,22,17,1:50.978,,,2015,11,13,Belgian Grand Prix,2015-08-23,Jenson Button,BUT,22.0,McLaren
6521,937,4,1,14,18,1:51.420,,,2015,11,13,Belgian Grand Prix,2015-08-23,Fernando Alonso,ALO,14.0,McLaren
6522,937,829,206,28,19,1:52.948,,,2015,11,13,Belgian Grand Prix,2015-08-23,Will Stevens,STE,28.0,Marussia
6523,937,833,206,98,20,1:53.099,,,2015,11,13,Belgian Grand Prix,2015-08-23,Roberto Merhi,MER,98.0,Marussia
6524,938,1,131,44,1,1:24.251,1:23.383,1:23.397,2015,12,14,Italian Grand Prix,2015-09-06,Lewis Hamilton,HAM,44.0,Mercedes
6525,938,8,6,7,2,1:24.662,1:23.757,1:23.631,2015,12,14,Italian Grand Prix,2015-09-06,Kimi Räikkönen,RAI,7.0,Ferrari
6526,938,20,6,5,3,1:24.989,1:23.577,1:23.685,2015,12,14,Italian Grand Prix,2015-09-06,Sebastian Vettel,VET,5.0,Ferrari
6527,938,3,131,6,4,1:24.609,1:23.864,1:23.703,2015,12,14,Italian Grand Prix,2015-09-06,Nico Rosberg,ROS,6.0,Mercedes
6528,938,13,3,19,5,1:25.184,1:23.983,1:23.940,2015,12,14,Italian Grand Prix,2015-09-06,Felipe Massa,MAS,19.0,Williams
6529,938,822,3,77,6,1:24.979,1:24.313,1:24.127,2015,12,14,Italian Grand Prix,2015-09-06,Valtteri Bottas,BOT,77.0,Williams
6530,938,815,10,11,7,1:24.801,1:24.379,1:24.626,2015,12,14,Italian Grand Prix,2015-09-06,Sergio Pérez,PER,11.0,Force India
6531,938,154,208,8,8,1:25.144,1:24.448,1:25.054,2015,12,14,Italian Grand Prix,2015-09-06,Romain Grosjean,GRO,8.0,Lotus F1
6532,938,807,10,27,9,1:24.937,1:24.510,1:25.317,2015,12,14,Italian Grand Prix,2015-09-06,Nico Hülkenberg,HUL,27.0,Force India
6533,938,828,15,9,10,1:25.122,1:24.457,1:26.214,2015,12,14,Italian Grand Prix,2015-09-06,Marcus Ericsson,ERI,9.0,Sauber
6534,938,813,208,13,11,1:25.429,1:24.525,,2015,12,14,Italian Grand Prix,2015-09-06,Pastor Maldonado,MAL,13.0,Lotus F1
6535,938,831,15,12,12,1:25.121,1:24.898,,2015,12,14,Italian Grand Prix,2015-09-06,Felipe Nasr,NAS,12.0,Sauber
6536,938,832,5,55,13,1:25.410,1:25.618,,2015,12,14,Italian Grand Prix,2015-09-06,Carlos Sainz,SAI,55.0,Toro Rosso
6537,938,826,9,26,14,1:25.742,1:25.796,,2015,12,14,Italian Grand Prix,2015-09-06,Daniil Kvyat,KVY,26.0,Red Bull
6538,938,817,9,3,15,1:25.633,,,2015,12,14,Italian Grand Prix,2015-09-06,Daniel Ricciardo,RIC,3.0,Red Bull
6539,938,18,1,22,16,1:26.058,,,2015,12,14,Italian Grand Prix,2015-09-06,Jenson Button,BUT,22.0,McLaren
6540,938,4,1,14,17,1:26.154,,,2015,12,14,Italian Grand Prix,2015-09-06,Fernando Alonso,ALO,14.0,McLaren
6541,938,829,209,28,18,1:27.731,,,2015,12,14,Italian Grand Prix,2015-09-06,Will Stevens,STE,28.0,Manor Marussia
6542,938,833,209,98,19,1:27.912,,,2015,12,14,Italian Grand Prix,2015-09-06,Roberto Merhi,MER,98.0,Manor Marussia
6543,938,830,5,33,20,,,,2015,12,14,Italian Grand Prix,2015-09-06,Max Verstappen,VER,33.0,Toro Rosso
6544,939,20,6,5,1,1:46.017,1:44.743,1:43.885,2015,13,15,Singapore Grand Prix,2015-09-20,Sebastian Vettel,VET,5.0,Ferrari
6545,939,817,9,3,2,1:46.166,1:45.291,1:44.428,2015,13,15,Singapore Grand Prix,2015-09-20,Daniel Ricciardo,RIC,3.0,Red Bull
6546,939,8,6,7,3,1:46.467,1:45.140,1:44.667,2015,13,15,Singapore Grand Prix,2015-09-20,Kimi Räikkönen,RAI,7.0,Ferrari
6547,939,826,9,26,4,1:45.340,1:44.979,1:44.745,2015,13,15,Singapore Grand Prix,2015-09-20,Daniil Kvyat,KVY,26.0,Red Bull
6548,939,1,131,44,5,1:45.765,1:45.650,1:45.300,2015,13,15,Singapore Grand Prix,2015-09-20,Lewis Hamilton,HAM,44.0,Mercedes
6549,939,3,131,6,6,1:46.201,1:45.653,1:45.415,2015,13,15,Singapore Grand Prix,2015-09-20,Nico Rosberg,ROS,6.0,Mercedes
6550,939,822,3,77,7,1:46.231,1:45.887,1:45.676,2015,13,15,Singapore Grand Prix,2015-09-20,Valtteri Bottas,BOT,77.0,Williams
6551,939,830,5,33,8,1:46.483,1:45.635,1:45.798,2015,13,15,Singapore Grand Prix,2015-09-20,Max Verstappen,VER,33.0,Toro Rosso
6552,939,13,3,19,9,1:46.879,1:45.701,1:46.077,2015,13,15,Singapore Grand Prix,2015-09-20,Felipe Massa,MAS,19.0,Williams
6553,939,154,208,8,10,1:46.860,1:45.805,1:46.413,2015,13,15,Singapore Grand Prix,2015-09-20,Romain Grosjean,GRO,8.0,Lotus F1
6554,939,807,10,27,11,1:46.669,1:46.305,,2015,13,15,Singapore Grand Prix,2015-09-20,Nico Hülkenberg,HUL,27.0,Force India
6555,939,4,1,14,12,1:46.600,1:46.328,,2015,13,15,Singapore Grand Prix,2015-09-20,Fernando Alonso,ALO,14.0,McLaren
6556,939,815,10,11,13,1:46.576,1:46.385,,2015,13,15,Singapore Grand Prix,2015-09-20,Sergio Pérez,PER,11.0,Force India
6557,939,832,5,55,14,1:46.465,1:46.894,,2015,13,15,Singapore Grand Prix,2015-09-20,Carlos Sainz,SAI,55.0,Toro Rosso
6558,939,18,1,22,15,1:45.891,1:47.019,,2015,13,15,Singapore Grand Prix,2015-09-20,Jenson Button,BUT,22.0,McLaren
6559,939,831,15,12,16,1:46.965,,,2015,13,15,Singapore Grand Prix,2015-09-20,Felipe Nasr,NAS,12.0,Sauber
6560,939,828,15,9,17,1:47.088,,,2015,13,15,Singapore Grand Prix,2015-09-20,Marcus Ericsson,ERI,9.0,Sauber
6561,939,813,208,13,18,1:47.323,,,2015,13,15,Singapore Grand Prix,2015-09-20,Pastor Maldonado,MAL,13.0,Lotus F1
6562,939,829,209,28,19,1:51.021,,,2015,13,15,Singapore Grand Prix,2015-09-20,Will Stevens,STE,28.0,Manor Marussia
6563,939,834,209,53,20,1:51.523,,,2015,13,15,Singapore Grand Prix,2015-09-20,Alexander Rossi,RSS,53.0,Manor Marussia
6564,940,3,131,6,1,1:33.015,1:32.632,1:32.584,2015,14,22,Japanese Grand Prix,2015-09-27,Nico Rosberg,ROS,6.0,Mercedes
6565,940,1,131,44,2,1:32.844,1:32.789,1:32.660,2015,14,22,Japanese Grand Prix,2015-09-27,Lewis Hamilton,HAM,44.0,Mercedes
6566,940,822,3,77,3,1:34.326,1:33.416,1:33.024,2015,14,22,Japanese Grand Prix,2015-09-27,Valtteri Bottas,BOT,77.0,Williams
6567,940,20,6,5,4,1:34.431,1:33.844,1:33.245,2015,14,22,Japanese Grand Prix,2015-09-27,Sebastian Vettel,VET,5.0,Ferrari
6568,940,13,3,19,5,1:34.744,1:33.377,1:33.337,2015,14,22,Japanese Grand Prix,2015-09-27,Felipe Massa,MAS,19.0,Williams
6569,940,8,6,7,6,1:34.171,1:33.361,1:33.347,2015,14,22,Japanese Grand Prix,2015-09-27,Kimi Räikkönen,RAI,7.0,Ferrari
6570,940,817,9,3,7,1:34.399,1:34.153,1:33.497,2015,14,22,Japanese Grand Prix,2015-09-27,Daniel Ricciardo,RIC,3.0,Red Bull
6571,940,154,208,8,8,1:34.398,1:34.278,1:33.967,2015,14,22,Japanese Grand Prix,2015-09-27,Romain Grosjean,GRO,8.0,Lotus F1
6572,940,815,10,11,9,1:35.001,1:34.174,,2015,14,22,Japanese Grand Prix,2015-09-27,Sergio Pérez,PER,11.0,Force India
6573,940,826,9,26,10,1:34.646,1:34.201,,2015,14,22,Japanese Grand Prix,2015-09-27,Daniil Kvyat,KVY,26.0,Red Bull
6574,940,807,10,27,11,1:35.328,1:34.390,,2015,14,22,Japanese Grand Prix,2015-09-27,Nico Hülkenberg,HUL,27.0,Force India
6575,940,832,5,55,12,1:34.873,1:34.453,,2015,14,22,Japanese Grand Prix,2015-09-27,Carlos Sainz,SAI,55.0,Toro Rosso
6576,940,813,208,13,13,1:34.796,1:34.497,,2015,14,22,Japanese Grand Prix,2015-09-27,Pastor Maldonado,MAL,13.0,Lotus F1
6577,940,4,1,14,14,1:35.467,1:34.785,,2015,14,22,Japanese Grand Prix,2015-09-27,Fernando Alonso,ALO,14.0,McLaren
6578,940,830,5,33,15,1:34.522,,,2015,14,22,Japanese Grand Prix,2015-09-27,Max Verstappen,VER,33.0,Toro Rosso
6579,940,18,1,22,16,1:35.664,,,2015,14,22,Japanese Grand Prix,2015-09-27,Jenson Button,BUT,22.0,McLaren
6580,940,828,15,9,17,1:35.673,,,2015,14,22,Japanese Grand Prix,2015-09-27,Marcus Ericsson,ERI,9.0,Sauber
6581,940,831,15,12,18,1:35.760,,,2015,14,22,Japanese Grand Prix,2015-09-27,Felipe Nasr,NAS,12.0,Sauber
6582,940,829,209,28,19,1:38.783,,,2015,14,22,Japanese Grand Prix,2015-09-27,Will Stevens,STE,28.0,Manor Marussia
6583,940,834,209,53,20,1:47.114,,,2015,14,22,Japanese Grand Prix,2015-09-27,Alexander Rossi,RSS,53.0,Manor Marussia
6584,941,3,131,6,1,1:38.343,1:37.500,1:37.113,2015,15,71,Russian Grand Prix,2015-10-11,Nico Rosberg,ROS,6.0,Mercedes
6585,941,1,131,44,2,1:38.558,1:37.672,1:37.433,2015,15,71,Russian Grand Prix,2015-10-11,Lewis Hamilton,HAM,44.0,Mercedes
6586,941,822,3,77,3,1:38.448,1:38.194,1:37.912,2015,15,71,Russian Grand Prix,2015-10-11,Valtteri Bottas,BOT,77.0,Williams
6587,941,20,6,5,4,1:38.598,1:38.402,1:37.965,2015,15,71,Russian Grand Prix,2015-10-11,Sebastian Vettel,VET,5.0,Ferrari
6588,941,8,6,7,5,1:39.207,1:38.224,1:38.348,2015,15,71,Russian Grand Prix,2015-10-11,Kimi Räikkönen,RAI,7.0,Ferrari
6589,941,807,10,27,6,1:39.250,1:38.727,1:38.659,2015,15,71,Russian Grand Prix,2015-10-11,Nico Hülkenberg,HUL,27.0,Force India
6590,941,815,10,11,7,1:39.617,1:38.914,1:38.691,2015,15,71,Russian Grand Prix,2015-10-11,Sergio Pérez,PER,11.0,Force India
6591,941,154,208,8,8,1:39.056,1:38.754,1:38.787,2015,15,71,Russian Grand Prix,2015-10-11,Romain Grosjean,GRO,8.0,Lotus F1
6592,941,830,5,33,9,1:39.411,1:39.119,1:38.924,2015,15,71,Russian Grand Prix,2015-10-11,Max Verstappen,VER,33.0,Toro Rosso
6593,941,817,9,3,10,1:39.574,1:39.005,1:39.728,2015,15,71,Russian Grand Prix,2015-10-11,Daniel Ricciardo,RIC,3.0,Red Bull
6594,941,826,9,26,11,1:39.580,1:39.214,,2015,15,71,Russian Grand Prix,2015-10-11,Daniil Kvyat,KVY,26.0,Red Bull
6595,941,831,15,12,12,1:40.042,1:39.323,,2015,15,71,Russian Grand Prix,2015-10-11,Felipe Nasr,NAS,12.0,Sauber
6596,941,18,1,22,13,1:39.739,1:39.763,,2015,15,71,Russian Grand Prix,2015-10-11,Jenson Button,BUT,22.0,McLaren
6597,941,813,208,13,14,1:39.724,1:39.811,,2015,15,71,Russian Grand Prix,2015-10-11,Pastor Maldonado,MAL,13.0,Lotus F1
6598,941,13,3,19,15,1:38.926,1:39.895,,2015,15,71,Russian Grand Prix,2015-10-11,Felipe Massa,MAS,19.0,Williams
6599,941,4,1,14,16,1:40.144,,,2015,15,71,Russian Grand Prix,2015-10-11,Fernando Alonso,ALO,14.0,McLaren
6600,941,828,15,9,17,1:40.660,,,2015,15,71,Russian Grand Prix,2015-10-11,Marcus Ericsson,ERI,9.0,Sauber
6601,941,829,206,28,18,1:43.693,,,2015,15,71,Russian Grand Prix,2015-10-11,Will Stevens,STE,28.0,Marussia
6602,941,833,206,98,19,1:43.804,,,2015,15,71,Russian Grand Prix,2015-10-11,Roberto Merhi,MER,98.0,Marussia
6603,942,3,131,6,1,1:56.671,1:56.824,,2015,16,69,United States Grand Prix,2015-10-25,Nico Rosberg,ROS,6.0,Mercedes
6604,942,1,131,44,2,1:56.871,1:56.929,,2015,16,69,United States Grand Prix,2015-10-25,Lewis Hamilton,HAM,44.0,Mercedes
6605,942,817,9,3,3,1:56.495,1:57.969,,2015,16,69,United States Grand Prix,2015-10-25,Daniel Ricciardo,RIC,3.0,Red Bull
6606,942,826,9,26,4,1:57.640,1:58.434,,2015,16,69,United States Grand Prix,2015-10-25,Daniil Kvyat,KVY,26.0,Red Bull
6607,942,20,6,5,5,2:00.950,1:58.596,,2015,16,69,United States Grand Prix,2015-10-25,Sebastian Vettel,VET,5.0,Ferrari
6608,942,815,10,11,6,1:59.264,1:59.210,,2015,16,69,United States Grand Prix,2015-10-25,Sergio Pérez,PER,11.0,Force India
6609,942,807,10,27,7,1:58.325,1:59.333,,2015,16,69,United States Grand Prix,2015-10-25,Nico Hülkenberg,HUL,27.0,Force India
6610,942,8,6,7,8,1:58.198,1:59.703,,2015,16,69,United States Grand Prix,2015-10-25,Kimi Räikkönen,RAI,7.0,Ferrari
6611,942,13,3,19,9,2:00.902,1:59.999,,2015,16,69,United States Grand Prix,2015-10-25,Felipe Massa,MAS,19.0,Williams
6612,942,830,5,33,10,1:58.689,2:00.199,,2015,16,69,United States Grand Prix,2015-10-25,Max Verstappen,VER,33.0,Toro Rosso
6613,942,4,1,14,11,1:59.704,2:00.265,,2015,16,69,United States Grand Prix,2015-10-25,Fernando Alonso,ALO,14.0,McLaren
6614,942,822,3,77,12,1:59.569,2:00.334,,2015,16,69,United States Grand Prix,2015-10-25,Valtteri Bottas,BOT,77.0,Williams
6615,942,154,208,8,13,2:00.236,2:00.595,,2015,16,69,United States Grand Prix,2015-10-25,Romain Grosjean,GRO,8.0,Lotus F1
6616,942,18,1,22,14,2:00.261,2:01.193,,2015,16,69,United States Grand Prix,2015-10-25,Jenson Button,BUT,22.0,McLaren
6617,942,813,208,13,15,2:00.844,2:01.604,,2015,16,69,United States Grand Prix,2015-10-25,Pastor Maldonado,MAL,13.0,Lotus F1
6618,942,828,15,9,16,2:02.212,,,2015,16,69,United States Grand Prix,2015-10-25,Marcus Ericsson,ERI,9.0,Sauber
6619,942,831,15,12,17,2:03.194,,,2015,16,69,United States Grand Prix,2015-10-25,Felipe Nasr,NAS,12.0,Sauber
6620,942,834,206,53,18,2:04.176,,,2015,16,69,United States Grand Prix,2015-10-25,Alexander Rossi,RSS,53.0,Marussia
6621,942,829,206,28,19,2:04.526,,,2015,16,69,United States Grand Prix,2015-10-25,Will Stevens,STE,28.0,Marussia
6622,942,832,5,55,20,2:07.304,,,2015,16,69,United States Grand Prix,2015-10-25,Carlos Sainz,SAI,55.0,Toro Rosso
6623,943,3,131,6,1,1:20.436,1:20.053,1:19.480,2015,17,32,Mexican Grand Prix,2015-11-01,Nico Rosberg,ROS,6.0,Mercedes
6624,943,1,131,44,2,1:20.808,1:19.829,1:19.668,2015,17,32,Mexican Grand Prix,2015-11-01,Lewis Hamilton,HAM,44.0,Mercedes
6625,943,20,6,5,3,1:20.503,1:20.045,1:19.850,2015,17,32,Mexican Grand Prix,2015-11-01,Sebastian Vettel,VET,5.0,Ferrari
6626,943,826,9,26,4,1:20.826,1:20.490,1:20.398,2015,17,32,Mexican Grand Prix,2015-11-01,Daniil Kvyat,KVY,26.0,Red Bull
6627,943,817,9,3,5,1:21.166,1:20.783,1:20.399,2015,17,32,Mexican Grand Prix,2015-11-01,Daniel Ricciardo,RIC,3.0,Red Bull
6628,943,822,3,77,6,1:20.817,1:20.458,1:20.448,2015,17,32,Mexican Grand Prix,2015-11-01,Valtteri Bottas,BOT,77.0,Williams
6629,943,13,3,19,7,1:21.379,1:20.642,1:20.567,2015,17,32,Mexican Grand Prix,2015-11-01,Felipe Massa,MAS,19.0,Williams
6630,943,830,5,33,8,1:20.995,1:20.894,1:20.710,2015,17,32,Mexican Grand Prix,2015-11-01,Max Verstappen,VER,33.0,Toro Rosso
6631,943,815,10,11,9,1:20.966,1:20.669,1:20.716,2015,17,32,Mexican Grand Prix,2015-11-01,Sergio Pérez,PER,11.0,Force India
6632,943,807,10,27,10,1:21.315,1:20.935,1:20.788,2015,17,32,Mexican Grand Prix,2015-11-01,Nico Hülkenberg,HUL,27.0,Force India
6633,943,832,5,55,11,1:20.960,1:20.942,,2015,17,32,Mexican Grand Prix,2015-11-01,Carlos Sainz,SAI,55.0,Toro Rosso
6634,943,154,208,8,12,1:21.577,1:21.038,,2015,17,32,Mexican Grand Prix,2015-11-01,Romain Grosjean,GRO,8.0,Lotus F1
6635,943,813,208,13,13,1:21.520,1:21.261,,2015,17,32,Mexican Grand Prix,2015-11-01,Pastor Maldonado,MAL,13.0,Lotus F1
6636,943,828,15,9,14,1:21.299,1:21.544,,2015,17,32,Mexican Grand Prix,2015-11-01,Marcus Ericsson,ERI,9.0,Sauber
6637,943,8,6,7,15,1:21.422,1:22.494,,2015,17,32,Mexican Grand Prix,2015-11-01,Kimi Räikkönen,RAI,7.0,Ferrari
6638,943,4,1,14,16,1:21.779,,,2015,17,32,Mexican Grand Prix,2015-11-01,Fernando Alonso,ALO,14.0,McLaren
6639,943,831,15,12,17,1:21.788,,,2015,17,32,Mexican Grand Prix,2015-11-01,Felipe Nasr,NAS,12.0,Sauber
6640,943,834,206,53,18,1:24.136,,,2015,17,32,Mexican Grand Prix,2015-11-01,Alexander Rossi,RSS,53.0,Marussia
6641,943,829,206,28,19,1:24.386,,,2015,17,32,Mexican Grand Prix,2015-11-01,Will Stevens,STE,28.0,Marussia
6642,943,18,1,22,20,,,,2015,17,32,Mexican Grand Prix,2015-11-01,Jenson Button,BUT,22.0,McLaren
6643,944,3,131,6,1,1:11.746,1:12.213,1:11.282,2015,18,18,Brazilian Grand Prix,2015-11-15,Nico Rosberg,ROS,6.0,Mercedes
6644,944,1,131,44,2,1:11.682,1:11.665,1:11.360,2015,18,18,Brazilian Grand Prix,2015-11-15,Lewis Hamilton,HAM,44.0,Mercedes
6645,944,20,6,5,3,1:12.240,1:11.928,1:11.804,2015,18,18,Brazilian Grand Prix,2015-11-15,Sebastian Vettel,VET,5.0,Ferrari
6646,944,822,3,77,4,1:12.934,1:12.374,1:12.085,2015,18,18,Brazilian Grand Prix,2015-11-15,Valtteri Bottas,BOT,77.0,Williams
6647,944,8,6,7,5,1:12.185,1:12.243,1:12.144,2015,18,18,Brazilian Grand Prix,2015-11-15,Kimi Räikkönen,RAI,7.0,Ferrari
6648,944,807,10,27,6,1:12.595,1:12.485,1:12.265,2015,18,18,Brazilian Grand Prix,2015-11-15,Nico Hülkenberg,HUL,27.0,Force India
6649,944,826,9,26,7,1:12.730,1:12.527,1:12.322,2015,18,18,Brazilian Grand Prix,2015-11-15,Daniil Kvyat,KVY,26.0,Red Bull
6650,944,13,3,19,8,1:12.980,1:12.858,1:12.415,2015,18,18,Brazilian Grand Prix,2015-11-15,Felipe Massa,MAS,19.0,Williams
6651,944,817,9,3,9,1:12.639,1:12.825,1:12.417,2015,18,18,Brazilian Grand Prix,2015-11-15,Daniel Ricciardo,RIC,3.0,Red Bull
6652,944,830,5,33,10,1:12.824,1:12.712,1:12.739,2015,18,18,Brazilian Grand Prix,2015-11-15,Max Verstappen,VER,33.0,Toro Rosso
6653,944,831,15,12,11,1:13.111,1:12.989,,2015,18,18,Brazilian Grand Prix,2015-11-15,Felipe Nasr,NAS,12.0,Sauber
6654,944,832,5,55,12,1:13.267,1:13.045,,2015,18,18,Brazilian Grand Prix,2015-11-15,Carlos Sainz,SAI,55.0,Toro Rosso
6655,944,815,10,11,13,1:13.140,1:13.147,,2015,18,18,Brazilian Grand Prix,2015-11-15,Sergio Pérez,PER,11.0,Force India
6656,944,828,15,9,14,1:13.346,1:13.233,,2015,18,18,Brazilian Grand Prix,2015-11-15,Marcus Ericsson,ERI,9.0,Sauber
6657,944,154,208,8,15,1:13.056,1:13.913,,2015,18,18,Brazilian Grand Prix,2015-11-15,Romain Grosjean,GRO,8.0,Lotus F1
6658,944,813,208,13,16,1:13.385,,,2015,18,18,Brazilian Grand Prix,2015-11-15,Pastor Maldonado,MAL,13.0,Lotus F1
6659,944,18,1,22,17,1:13.425,,,2015,18,18,Brazilian Grand Prix,2015-11-15,Jenson Button,BUT,22.0,McLaren
6660,944,834,206,53,18,1:16.151,,,2015,18,18,Brazilian Grand Prix,2015-11-15,Alexander Rossi,RSS,53.0,Marussia
6661,944,829,206,28,19,1:16.283,,,2015,18,18,Brazilian Grand Prix,2015-11-15,Will Stevens,STE,28.0,Marussia
6662,944,4,1,14,20,,,,2015,18,18,Brazilian Grand Prix,2015-11-15,Fernando Alonso,ALO,14.0,McLaren
6663,945,3,131,6,1,1:41.111,1:40.979,1:40.237,2015,19,24,Abu Dhabi Grand Prix,2015-11-29,Nico Rosberg,ROS,6.0,Mercedes
6664,945,1,131,44,2,1:40.974,1:40.758,1:40.614,2015,19,24,Abu Dhabi Grand Prix,2015-11-29,Lewis Hamilton,HAM,44.0,Mercedes
6665,945,8,6,7,3,1:42.500,1:41.612,1:41.051,2015,19,24,Abu Dhabi Grand Prix,2015-11-29,Kimi Räikkönen,RAI,7.0,Ferrari
6666,945,815,10,11,4,1:41.983,1:41.560,1:41.184,2015,19,24,Abu Dhabi Grand Prix,2015-11-29,Sergio Pérez,PER,11.0,Force India
6667,945,817,9,3,5,1:42.275,1:41.830,1:41.444,2015,19,24,Abu Dhabi Grand Prix,2015-11-29,Daniel Ricciardo,RIC,3.0,Red Bull
6668,945,822,3,77,6,1:42.608,1:41.868,1:41.656,2015,19,24,Abu Dhabi Grand Prix,2015-11-29,Valtteri Bottas,BOT,77.0,Williams
6669,945,807,10,27,7,1:41.996,1:41.925,1:41.686,2015,19,24,Abu Dhabi Grand Prix,2015-11-29,Nico Hülkenberg,HUL,27.0,Force India
6670,945,13,3,19,8,1:42.303,1:42.349,1:41.759,2015,19,24,Abu Dhabi Grand Prix,2015-11-29,Felipe Massa,MAS,19.0,Williams
6671,945,826,9,26,9,1:42.540,1:42.328,1:41.933,2015,19,24,Abu Dhabi Grand Prix,2015-11-29,Daniil Kvyat,KVY,26.0,Red Bull
6672,945,832,5,55,10,1:42.911,1:42.482,1:42.708,2015,19,24,Abu Dhabi Grand Prix,2015-11-29,Carlos Sainz,SAI,55.0,Toro Rosso
6673,945,830,5,33,11,1:42.889,1:42.521,,2015,19,24,Abu Dhabi Grand Prix,2015-11-29,Max Verstappen,VER,33.0,Toro Rosso
6674,945,18,1,22,12,1:42.570,1:42.668,,2015,19,24,Abu Dhabi Grand Prix,2015-11-29,Jenson Button,BUT,22.0,McLaren
6675,945,813,208,13,13,1:42.929,1:42.807,,2015,19,24,Abu Dhabi Grand Prix,2015-11-29,Pastor Maldonado,MAL,13.0,Lotus F1
6676,945,831,15,12,14,1:42.896,1:43.614,,2015,19,24,Abu Dhabi Grand Prix,2015-11-29,Felipe Nasr,NAS,12.0,Sauber
6677,945,154,208,8,15,1:42.585,,,2015,19,24,Abu Dhabi Grand Prix,2015-11-29,Romain Grosjean,GRO,8.0,Lotus F1
6678,945,20,6,5,16,1:42.941,,,2015,19,24,Abu Dhabi Grand Prix,2015-11-29,Sebastian Vettel,VET,5.0,Ferrari
6679,945,4,1,14,17,1:43.187,,,2015,19,24,Abu Dhabi Grand Prix,2015-11-29,Fernando Alonso,ALO,14.0,McLaren
6680,945,828,15,9,18,1:43.838,,,2015,19,24,Abu Dhabi Grand Prix,2015-11-29,Marcus Ericsson,ERI,9.0,Sauber
6681,945,829,209,28,19,1:46.297,,,2015,19,24,Abu Dhabi Grand Prix,2015-11-29,Will Stevens,STE,28.0,Manor Marussia
6682,945,833,209,98,20,1:47.434,,,2015,19,24,Abu Dhabi Grand Prix,2015-11-29,Roberto Merhi,MER,98.0,Manor Marussia
6683,948,1,131,44,1,1:25.351,1:24.605,1:23.837,2016,1,1,Australian Grand Prix,2016-03-20,Lewis Hamilton,HAM,44.0,Mercedes
6684,948,3,131,6,2,1:26.934,1:24.796,1:24.197,2016,1,1,Australian Grand Prix,2016-03-20,Nico Rosberg,ROS,6.0,Mercedes
6685,948,20,6,5,3,1:26.945,1:25.257,1:24.675,2016,1,1,Australian Grand Prix,2016-03-20,Sebastian Vettel,VET,5.0,Ferrari
6686,948,8,6,7,4,1:26.579,1:25.615,1:25.033,2016,1,1,Australian Grand Prix,2016-03-20,Kimi Räikkönen,RAI,7.0,Ferrari
6687,948,830,5,33,5,1:26.934,1:25.615,1:25.434,2016,1,1,Australian Grand Prix,2016-03-20,Max Verstappen,VER,33.0,Toro Rosso
6688,948,13,3,19,6,1:25.918,1:25.644,1:25.458,2016,1,1,Australian Grand Prix,2016-03-20,Felipe Massa,MAS,19.0,Williams
6689,948,832,5,55,7,1:27.057,1:25.384,1:25.582,2016,1,1,Australian Grand Prix,2016-03-20,Carlos Sainz,SAI,55.0,Toro Rosso
6690,948,817,9,3,8,1:26.945,1:25.599,1:25.589,2016,1,1,Australian Grand Prix,2016-03-20,Daniel Ricciardo,RIC,3.0,Red Bull
6691,948,815,10,11,9,1:26.607,1:25.753,,2016,1,1,Australian Grand Prix,2016-03-20,Sergio Pérez,PER,11.0,Force India
6692,948,807,10,27,10,1:26.550,1:25.865,,2016,1,1,Australian Grand Prix,2016-03-20,Nico Hülkenberg,HUL,27.0,Force India
6693,948,822,3,77,11,1:27.135,1:25.961,,2016,1,1,Australian Grand Prix,2016-03-20,Valtteri Bottas,BOT,77.0,Williams
6694,948,4,1,14,12,1:26.537,1:26.125,,2016,1,1,Australian Grand Prix,2016-03-20,Fernando Alonso,ALO,14.0,McLaren
6695,948,18,1,22,13,1:26.740,1:26.304,,2016,1,1,Australian Grand Prix,2016-03-20,Jenson Button,BUT,22.0,McLaren
6696,948,835,4,30,14,1:27.241,1:27.601,,2016,1,1,Australian Grand Prix,2016-03-20,Jolyon Palmer,PAL,30.0,Renault
6697,948,825,4,20,15,1:27.297,1:27.742,,2016,1,1,Australian Grand Prix,2016-03-20,Kevin Magnussen,MAG,20.0,Renault
6698,948,828,15,9,16,1:27.435,,,2016,1,1,Australian Grand Prix,2016-03-20,Marcus Ericsson,ERI,9.0,Sauber
6699,948,831,15,12,17,1:27.958,,,2016,1,1,Australian Grand Prix,2016-03-20,Felipe Nasr,NAS,12.0,Sauber
6700,948,826,9,26,18,1:28.006,,,2016,1,1,Australian Grand Prix,2016-03-20,Daniil Kvyat,KVY,26.0,Red Bull
6701,948,154,210,8,19,1:28.322,,,2016,1,1,Australian Grand Prix,2016-03-20,Romain Grosjean,GRO,8.0,Haas F1 Team
6702,948,821,210,21,20,1:29.606,,,2016,1,1,Australian Grand Prix,2016-03-20,Esteban Gutiérrez,GUT,21.0,Haas F1 Team
6703,948,837,209,88,21,1:29.627,,,2016,1,1,Australian Grand Prix,2016-03-20,Rio Haryanto,HAR,88.0,Manor Marussia
6704,948,836,209,94,22,1:29.642,,,2016,1,1,Australian Grand Prix,2016-03-20,Pascal Wehrlein,WEH,94.0,Manor Marussia
6705,949,1,131,44,1,1:31.391,1:30.039,1:29.493,2016,2,3,Bahrain Grand Prix,2016-04-03,Lewis Hamilton,HAM,44.0,Mercedes
6706,949,3,131,6,2,1:31.325,1:30.535,1:29.570,2016,2,3,Bahrain Grand Prix,2016-04-03,Nico Rosberg,ROS,6.0,Mercedes
6707,949,20,6,5,3,1:31.636,1:30.409,1:30.012,2016,2,3,Bahrain Grand Prix,2016-04-03,Sebastian Vettel,VET,5.0,Ferrari
6708,949,8,6,7,4,1:31.685,1:30.559,1:30.244,2016,2,3,Bahrain Grand Prix,2016-04-03,Kimi Räikkönen,RAI,7.0,Ferrari
6709,949,817,9,3,5,1:31.403,1:31.122,1:30.854,2016,2,3,Bahrain Grand Prix,2016-04-03,Daniel Ricciardo,RIC,3.0,Red Bull
6710,949,822,3,77,6,1:31.672,1:30.931,1:31.153,2016,2,3,Bahrain Grand Prix,2016-04-03,Valtteri Bottas,BOT,77.0,Williams
6711,949,13,3,19,7,1:32.045,1:31.374,1:31.155,2016,2,3,Bahrain Grand Prix,2016-04-03,Felipe Massa,MAS,19.0,Williams
6712,949,807,10,27,8,1:31.987,1:31.604,1:31.620,2016,2,3,Bahrain Grand Prix,2016-04-03,Nico Hülkenberg,HUL,27.0,Force India
6713,949,154,210,8,9,1:32.005,1:31.756,,2016,2,3,Bahrain Grand Prix,2016-04-03,Romain Grosjean,GRO,8.0,Haas F1 Team
6714,949,830,5,33,10,1:31.888,1:31.772,,2016,2,3,Bahrain Grand Prix,2016-04-03,Max Verstappen,VER,33.0,Toro Rosso
6715,949,832,5,55,11,1:31.716,1:31.816,,2016,2,3,Bahrain Grand Prix,2016-04-03,Carlos Sainz,SAI,55.0,Toro Rosso
6716,949,838,1,47,12,1:32.472,1:31.934,,2016,2,3,Bahrain Grand Prix,2016-04-03,Stoffel Vandoorne,VAN,2.0,McLaren
6717,949,821,210,21,13,1:32.118,1:31.945,,2016,2,3,Bahrain Grand Prix,2016-04-03,Esteban Gutiérrez,GUT,21.0,Haas F1 Team
6718,949,18,1,22,14,1:31.976,1:31.998,,2016,2,3,Bahrain Grand Prix,2016-04-03,Jenson Button,BUT,22.0,McLaren
6719,949,826,9,26,15,1:32.559,1:32.241,,2016,2,3,Bahrain Grand Prix,2016-04-03,Daniil Kvyat,KVY,26.0,Red Bull
6720,949,836,209,94,16,1:32.806,,,2016,2,3,Bahrain Grand Prix,2016-04-03,Pascal Wehrlein,WEH,94.0,Manor Marussia
6721,949,828,15,9,17,1:32.840,,,2016,2,3,Bahrain Grand Prix,2016-04-03,Marcus Ericsson,ERI,9.0,Sauber
6722,949,815,10,11,18,1:32.911,,,2016,2,3,Bahrain Grand Prix,2016-04-03,Sergio Pérez,PER,11.0,Force India
6723,949,825,4,20,19,1:33.181,,,2016,2,3,Bahrain Grand Prix,2016-04-03,Kevin Magnussen,MAG,20.0,Renault
6724,949,835,4,30,20,1:33.438,,,2016,2,3,Bahrain Grand Prix,2016-04-03,Jolyon Palmer,PAL,30.0,Renault
6725,949,837,209,88,21,1:34.190,,,2016,2,3,Bahrain Grand Prix,2016-04-03,Rio Haryanto,HAR,88.0,Manor Marussia
6726,949,831,15,12,22,1:34.388,,,2016,2,3,Bahrain Grand Prix,2016-04-03,Felipe Nasr,NAS,12.0,Sauber
6727,950,3,131,6,1,1:37.669,1:36.240,1:35.402,2016,3,17,Chinese Grand Prix,2016-04-17,Nico Rosberg,ROS,6.0,Mercedes
6728,950,817,9,3,2,1:37.672,1:36.815,1:35.917,2016,3,17,Chinese Grand Prix,2016-04-17,Daniel Ricciardo,RIC,3.0,Red Bull
6729,950,8,6,7,3,1:37.347,1:36.118,1:35.972,2016,3,17,Chinese Grand Prix,2016-04-17,Kimi Räikkönen,RAI,7.0,Ferrari
6730,950,20,6,5,4,1:37.001,1:36.183,1:36.246,2016,3,17,Chinese Grand Prix,2016-04-17,Sebastian Vettel,VET,5.0,Ferrari
6731,950,822,3,77,5,1:37.537,1:36.831,1:36.296,2016,3,17,Chinese Grand Prix,2016-04-17,Valtteri Bottas,BOT,77.0,Williams
6732,950,826,9,26,6,1:37.719,1:36.948,1:36.399,2016,3,17,Chinese Grand Prix,2016-04-17,Daniil Kvyat,KVY,26.0,Red Bull
6733,950,815,10,11,7,1:38.096,1:37.149,1:36.865,2016,3,17,Chinese Grand Prix,2016-04-17,Sergio Pérez,PER,11.0,Force India
6734,950,832,5,55,8,1:37.656,1:37.204,1:36.881,2016,3,17,Chinese Grand Prix,2016-04-17,Carlos Sainz,SAI,55.0,Toro Rosso
6735,950,830,5,33,9,1:38.181,1:37.265,1:37.194,2016,3,17,Chinese Grand Prix,2016-04-17,Max Verstappen,VER,33.0,Toro Rosso
6736,950,807,10,27,10,1:38.165,1:37.333,,2016,3,17,Chinese Grand Prix,2016-04-17,Nico Hülkenberg,HUL,27.0,Force India
6737,950,13,3,19,11,1:38.016,1:37.347,,2016,3,17,Chinese Grand Prix,2016-04-17,Felipe Massa,MAS,19.0,Williams
6738,950,4,1,14,12,1:38.451,1:38.826,,2016,3,17,Chinese Grand Prix,2016-04-17,Fernando Alonso,ALO,14.0,McLaren
6739,950,18,1,22,13,1:37.593,1:39.093,,2016,3,17,Chinese Grand Prix,2016-04-17,Jenson Button,BUT,22.0,McLaren
6740,950,154,210,8,14,1:38.425,1:39.830,,2016,3,17,Chinese Grand Prix,2016-04-17,Romain Grosjean,GRO,8.0,Haas F1 Team
6741,950,828,15,9,15,1:38.321,1:40.742,,2016,3,17,Chinese Grand Prix,2016-04-17,Marcus Ericsson,ERI,9.0,Sauber
6742,950,831,15,12,16,1:38.654,1:42.430,,2016,3,17,Chinese Grand Prix,2016-04-17,Felipe Nasr,NAS,12.0,Sauber
6743,950,825,4,20,17,1:38.673,,,2016,3,17,Chinese Grand Prix,2016-04-17,Kevin Magnussen,MAG,20.0,Renault
6744,950,821,210,21,18,1:38.770,,,2016,3,17,Chinese Grand Prix,2016-04-17,Esteban Gutiérrez,GUT,21.0,Haas F1 Team
6745,950,835,4,30,19,1:39.528,,,2016,3,17,Chinese Grand Prix,2016-04-17,Jolyon Palmer,PAL,30.0,Renault
6746,950,837,209,88,20,1:40.264,,,2016,3,17,Chinese Grand Prix,2016-04-17,Rio Haryanto,HAR,88.0,Manor Marussia
6747,950,836,209,94,21,,,,2016,3,17,Chinese Grand Prix,2016-04-17,Pascal Wehrlein,WEH,94.0,Manor Marussia
6748,950,1,131,44,22,,,,2016,3,17,Chinese Grand Prix,2016-04-17,Lewis Hamilton,HAM,44.0,Mercedes
6749,951,3,131,6,1,1:36.119,1:35.337,1:35.417,2016,4,71,Russian Grand Prix,2016-05-01,Nico Rosberg,ROS,6.0,Mercedes
6750,951,20,6,5,2,1:36.555,1:36.623,1:36.123,2016,4,71,Russian Grand Prix,2016-05-01,Sebastian Vettel,VET,5.0,Ferrari
6751,951,822,3,77,3,1:37.746,1:37.140,1:36.536,2016,4,71,Russian Grand Prix,2016-05-01,Valtteri Bottas,BOT,77.0,Williams
6752,951,8,6,7,4,1:36.976,1:36.741,1:36.663,2016,4,71,Russian Grand Prix,2016-05-01,Kimi Räikkönen,RAI,7.0,Ferrari
6753,951,13,3,19,5,1:37.753,1:37.230,1:37.016,2016,4,71,Russian Grand Prix,2016-05-01,Felipe Massa,MAS,19.0,Williams
6754,951,817,9,3,6,1:38.091,1:37.569,1:37.125,2016,4,71,Russian Grand Prix,2016-05-01,Daniel Ricciardo,RIC,3.0,Red Bull
6755,951,815,10,11,7,1:38.006,1:37.282,1:37.212,2016,4,71,Russian Grand Prix,2016-05-01,Sergio Pérez,PER,11.0,Force India
6756,951,826,9,26,8,1:38.265,1:37.606,1:37.459,2016,4,71,Russian Grand Prix,2016-05-01,Daniil Kvyat,KVY,26.0,Red Bull
6757,951,830,5,33,9,1:38.123,1:37.510,1:37.583,2016,4,71,Russian Grand Prix,2016-05-01,Max Verstappen,VER,33.0,Toro Rosso
6758,951,1,131,44,10,1:36.006,1:35.820,,2016,4,71,Russian Grand Prix,2016-05-01,Lewis Hamilton,HAM,44.0,Mercedes
6759,951,832,5,55,11,1:37.784,1:37.652,,2016,4,71,Russian Grand Prix,2016-05-01,Carlos Sainz,SAI,55.0,Toro Rosso
6760,951,18,1,22,12,1:38.332,1:37.701,,2016,4,71,Russian Grand Prix,2016-05-01,Jenson Button,BUT,22.0,McLaren
6761,951,807,10,27,13,1:38.562,1:37.771,,2016,4,71,Russian Grand Prix,2016-05-01,Nico Hülkenberg,HUL,27.0,Force India
6762,951,4,1,14,14,1:37.971,1:37.807,,2016,4,71,Russian Grand Prix,2016-05-01,Fernando Alonso,ALO,14.0,McLaren
6763,951,154,210,8,15,1:38.383,1:38.055,,2016,4,71,Russian Grand Prix,2016-05-01,Romain Grosjean,GRO,8.0,Haas F1 Team
6764,951,821,210,21,16,1:38.678,1:38.115,,2016,4,71,Russian Grand Prix,2016-05-01,Esteban Gutiérrez,GUT,21.0,Haas F1 Team
6765,951,825,4,20,17,1:38.914,,,2016,4,71,Russian Grand Prix,2016-05-01,Kevin Magnussen,MAG,20.0,Renault
6766,951,835,4,30,18,1:39.009,,,2016,4,71,Russian Grand Prix,2016-05-01,Jolyon Palmer,PAL,30.0,Renault
6767,951,831,15,12,19,1:39.018,,,2016,4,71,Russian Grand Prix,2016-05-01,Felipe Nasr,NAS,12.0,Sauber
6768,951,836,209,94,20,1:39.399,,,2016,4,71,Russian Grand Prix,2016-05-01,Pascal Wehrlein,WEH,94.0,Manor Marussia
6769,951,837,209,88,21,1:39.463,,,2016,4,71,Russian Grand Prix,2016-05-01,Rio Haryanto,HAR,88.0,Manor Marussia
6770,951,828,15,9,22,1:39.519,,,2016,4,71,Russian Grand Prix,2016-05-01,Marcus Ericsson,ERI,9.0,Sauber
6771,952,1,131,44,1,1:23.214,1:22.159,1:22.000,2016,5,4,Spanish Grand Prix,2016-05-15,Lewis Hamilton,HAM,44.0,Mercedes
6772,952,3,131,6,2,1:23.002,1:22.759,1:22.280,2016,5,4,Spanish Grand Prix,2016-05-15,Nico Rosberg,ROS,6.0,Mercedes
6773,952,817,9,3,3,1:23.749,1:23.585,1:22.680,2016,5,4,Spanish Grand Prix,2016-05-15,Daniel Ricciardo,RIC,3.0,Red Bull
6774,952,830,9,33,4,1:23.578,1:23.178,1:23.087,2016,5,4,Spanish Grand Prix,2016-05-15,Max Verstappen,VER,33.0,Red Bull
6775,952,8,6,7,5,1:23.796,1:23.504,1:23.113,2016,5,4,Spanish Grand Prix,2016-05-15,Kimi Räikkönen,RAI,7.0,Ferrari
6776,952,20,6,5,6,1:24.124,1:23.688,1:23.334,2016,5,4,Spanish Grand Prix,2016-05-15,Sebastian Vettel,VET,5.0,Ferrari
6777,952,822,3,77,7,1:24.251,1:24.023,1:23.522,2016,5,4,Spanish Grand Prix,2016-05-15,Valtteri Bottas,BOT,77.0,Williams
6778,952,832,5,55,8,1:24.496,1:24.077,1:23.643,2016,5,4,Spanish Grand Prix,2016-05-15,Carlos Sainz,SAI,55.0,Toro Rosso
6779,952,815,10,11,9,1:24.698,1:24.003,1:23.782,2016,5,4,Spanish Grand Prix,2016-05-15,Sergio Pérez,PER,11.0,Force India
6780,952,4,1,14,10,1:24.578,1:24.192,1:23.981,2016,5,4,Spanish Grand Prix,2016-05-15,Fernando Alonso,ALO,14.0,McLaren
6781,952,807,10,27,11,1:24.463,1:24.203,,2016,5,4,Spanish Grand Prix,2016-05-15,Nico Hülkenberg,HUL,27.0,Force India
6782,952,18,1,22,12,1:24.583,1:24.348,,2016,5,4,Spanish Grand Prix,2016-05-15,Jenson Button,BUT,22.0,McLaren
6783,952,826,5,26,13,1:24.696,1:24.445,,2016,5,4,Spanish Grand Prix,2016-05-15,Daniil Kvyat,KVY,26.0,Toro Rosso
6784,952,154,210,8,14,1:24.716,1:24.480,,2016,5,4,Spanish Grand Prix,2016-05-15,Romain Grosjean,GRO,8.0,Haas F1 Team
6785,952,825,4,20,15,1:24.669,1:24.625,,2016,5,4,Spanish Grand Prix,2016-05-15,Kevin Magnussen,MAG,20.0,Renault
6786,952,821,210,21,16,1:24.406,1:24.778,,2016,5,4,Spanish Grand Prix,2016-05-15,Esteban Gutiérrez,GUT,21.0,Haas F1 Team
6787,952,835,4,30,17,1:24.903,,,2016,5,4,Spanish Grand Prix,2016-05-15,Jolyon Palmer,PAL,30.0,Renault
6788,952,13,3,19,18,1:24.941,,,2016,5,4,Spanish Grand Prix,2016-05-15,Felipe Massa,MAS,19.0,Williams
6789,952,828,15,9,19,1:25.202,,,2016,5,4,Spanish Grand Prix,2016-05-15,Marcus Ericsson,ERI,9.0,Sauber
6790,952,831,15,12,20,1:25.579,,,2016,5,4,Spanish Grand Prix,2016-05-15,Felipe Nasr,NAS,12.0,Sauber
6791,952,836,209,94,21,1:25.745,,,2016,5,4,Spanish Grand Prix,2016-05-15,Pascal Wehrlein,WEH,94.0,Manor Marussia
6792,952,837,209,88,22,1:25.939,,,2016,5,4,Spanish Grand Prix,2016-05-15,Rio Haryanto,HAR,88.0,Manor Marussia
6793,953,817,9,3,1,1:14.912,1:14.357,1:13.622,2016,6,6,Monaco Grand Prix,2016-05-29,Daniel Ricciardo,RIC,3.0,Red Bull
6794,953,3,131,6,2,1:14.873,1:14.043,1:13.791,2016,6,6,Monaco Grand Prix,2016-05-29,Nico Rosberg,ROS,6.0,Mercedes
6795,953,1,131,44,3,1:14.826,1:14.056,1:13.942,2016,6,6,Monaco Grand Prix,2016-05-29,Lewis Hamilton,HAM,44.0,Mercedes
6796,953,20,6,5,4,1:14.610,1:14.318,1:14.552,2016,6,6,Monaco Grand Prix,2016-05-29,Sebastian Vettel,VET,5.0,Ferrari
6797,953,807,10,27,5,1:15.333,1:14.989,1:14.726,2016,6,6,Monaco Grand Prix,2016-05-29,Nico Hülkenberg,HUL,27.0,Force India
6798,953,8,6,7,6,1:15.499,1:14.789,1:14.732,2016,6,6,Monaco Grand Prix,2016-05-29,Kimi Räikkönen,RAI,7.0,Ferrari
6799,953,832,5,55,7,1:15.467,1:14.805,1:14.749,2016,6,6,Monaco Grand Prix,2016-05-29,Carlos Sainz,SAI,55.0,Toro Rosso
6800,953,815,10,11,8,1:15.328,1:14.937,1:14.902,2016,6,6,Monaco Grand Prix,2016-05-29,Sergio Pérez,PER,11.0,Force India
6801,953,826,5,26,9,1:15.384,1:14.794,1:15.273,2016,6,6,Monaco Grand Prix,2016-05-29,Daniil Kvyat,KVY,26.0,Toro Rosso
6802,953,4,1,14,10,1:15.504,1:15.107,1:15.363,2016,6,6,Monaco Grand Prix,2016-05-29,Fernando Alonso,ALO,14.0,McLaren
6803,953,822,3,77,11,1:15.521,1:15.273,,2016,6,6,Monaco Grand Prix,2016-05-29,Valtteri Bottas,BOT,77.0,Williams
6804,953,821,210,21,12,1:15.592,1:15.293,,2016,6,6,Monaco Grand Prix,2016-05-29,Esteban Gutiérrez,GUT,21.0,Haas F1 Team
6805,953,18,1,22,13,1:15.554,1:15.352,,2016,6,6,Monaco Grand Prix,2016-05-29,Jenson Button,BUT,22.0,McLaren
6806,953,13,3,19,14,1:15.710,1:15.385,,2016,6,6,Monaco Grand Prix,2016-05-29,Felipe Massa,MAS,19.0,Williams
6807,953,154,210,8,15,1:15.465,1:15.571,,2016,6,6,Monaco Grand Prix,2016-05-29,Romain Grosjean,GRO,8.0,Haas F1 Team
6808,953,825,4,20,16,1:16.253,1:16.058,,2016,6,6,Monaco Grand Prix,2016-05-29,Kevin Magnussen,MAG,20.0,Renault
6809,953,828,15,9,17,1:16.299,,,2016,6,6,Monaco Grand Prix,2016-05-29,Marcus Ericsson,ERI,9.0,Sauber
6810,953,835,4,30,18,1:16.586,,,2016,6,6,Monaco Grand Prix,2016-05-29,Jolyon Palmer,PAL,30.0,Renault
6811,953,837,209,88,19,1:17.295,,,2016,6,6,Monaco Grand Prix,2016-05-29,Rio Haryanto,HAR,88.0,Manor Marussia
6812,953,836,209,94,20,1:17.452,,,2016,6,6,Monaco Grand Prix,2016-05-29,Pascal Wehrlein,WEH,94.0,Manor Marussia
6813,953,830,9,33,21,1:22.467,,,2016,6,6,Monaco Grand Prix,2016-05-29,Max Verstappen,VER,33.0,Red Bull
6814,953,831,15,12,22,,,,2016,6,6,Monaco Grand Prix,2016-05-29,Felipe Nasr,NAS,12.0,Sauber
6815,954,1,131,44,1,1:14.121,1:13.076,1:12.812,2016,7,7,Canadian Grand Prix,2016-06-12,Lewis Hamilton,HAM,44.0,Mercedes
6816,954,3,131,6,2,1:13.714,1:13.094,1:12.874,2016,7,7,Canadian Grand Prix,2016-06-12,Nico Rosberg,ROS,6.0,Mercedes
6817,954,20,6,5,3,1:13.925,1:13.857,1:12.990,2016,7,7,Canadian Grand Prix,2016-06-12,Sebastian Vettel,VET,5.0,Ferrari
6818,954,817,9,3,4,1:14.030,1:13.540,1:13.166,2016,7,7,Canadian Grand Prix,2016-06-12,Daniel Ricciardo,RIC,3.0,Red Bull
6819,954,830,9,33,5,1:14.601,1:13.793,1:13.414,2016,7,7,Canadian Grand Prix,2016-06-12,Max Verstappen,VER,33.0,Red Bull
6820,954,8,6,7,6,1:14.477,1:13.849,1:13.579,2016,7,7,Canadian Grand Prix,2016-06-12,Kimi Räikkönen,RAI,7.0,Ferrari
6821,954,822,3,77,7,1:14.389,1:13.791,1:13.670,2016,7,7,Canadian Grand Prix,2016-06-12,Valtteri Bottas,BOT,77.0,Williams
6822,954,13,3,19,8,1:14.815,1:13.864,1:13.769,2016,7,7,Canadian Grand Prix,2016-06-12,Felipe Massa,MAS,19.0,Williams
6823,954,807,10,27,9,1:14.663,1:14.166,1:13.952,2016,7,7,Canadian Grand Prix,2016-06-12,Nico Hülkenberg,HUL,27.0,Force India
6824,954,4,1,14,10,1:15.026,1:14.260,1:14.338,2016,7,7,Canadian Grand Prix,2016-06-12,Fernando Alonso,ALO,14.0,McLaren
6825,954,815,10,11,11,1:14.814,1:14.317,,2016,7,7,Canadian Grand Prix,2016-06-12,Sergio Pérez,PER,11.0,Force India
6826,954,18,1,22,12,1:14.755,1:14.437,,2016,7,7,Canadian Grand Prix,2016-06-12,Jenson Button,BUT,22.0,McLaren
6827,954,826,5,26,13,1:14.829,1:14.457,,2016,7,7,Canadian Grand Prix,2016-06-12,Daniil Kvyat,KVY,26.0,Toro Rosso
6828,954,821,210,21,14,1:15.148,1:14.571,,2016,7,7,Canadian Grand Prix,2016-06-12,Esteban Gutiérrez,GUT,21.0,Haas F1 Team
6829,954,154,210,8,15,1:15.444,1:14.803,,2016,7,7,Canadian Grand Prix,2016-06-12,Romain Grosjean,GRO,8.0,Haas F1 Team
6830,954,832,5,55,16,1:14.714,1:21.956,,2016,7,7,Canadian Grand Prix,2016-06-12,Carlos Sainz,SAI,55.0,Toro Rosso
6831,954,835,4,30,17,1:15.459,,,2016,7,7,Canadian Grand Prix,2016-06-12,Jolyon Palmer,PAL,30.0,Renault
6832,954,836,209,94,18,1:15.599,,,2016,7,7,Canadian Grand Prix,2016-06-12,Pascal Wehrlein,WEH,94.0,Manor Marussia
6833,954,828,15,9,19,1:15.635,,,2016,7,7,Canadian Grand Prix,2016-06-12,Marcus Ericsson,ERI,9.0,Sauber
6834,954,831,15,12,20,1:16.663,,,2016,7,7,Canadian Grand Prix,2016-06-12,Felipe Nasr,NAS,12.0,Sauber
6835,954,837,209,88,21,1:17.052,,,2016,7,7,Canadian Grand Prix,2016-06-12,Rio Haryanto,HAR,88.0,Manor Marussia
6836,955,3,131,6,1,1:43.685,1:42.520,1:42.758,2016,8,73,European Grand Prix,2016-06-19,Nico Rosberg,ROS,6.0,Mercedes
6837,955,815,10,11,2,1:44.462,1:43.939,1:43.515,2016,8,73,European Grand Prix,2016-06-19,Sergio Pérez,PER,11.0,Force India
6838,955,817,9,3,3,1:44.570,1:44.141,1:43.966,2016,8,73,European Grand Prix,2016-06-19,Daniel Ricciardo,RIC,3.0,Red Bull
6839,955,20,6,5,4,1:45.062,1:44.461,1:43.966,2016,8,73,European Grand Prix,2016-06-19,Sebastian Vettel,VET,5.0,Ferrari
6840,955,8,6,7,5,1:44.936,1:44.533,1:44.269,2016,8,73,European Grand Prix,2016-06-19,Kimi Räikkönen,RAI,7.0,Ferrari
6841,955,13,3,19,6,1:45.494,1:44.696,1:44.483,2016,8,73,European Grand Prix,2016-06-19,Felipe Massa,MAS,19.0,Williams
6842,955,826,5,26,7,1:44.694,1:44.687,1:44.717,2016,8,73,European Grand Prix,2016-06-19,Daniil Kvyat,KVY,26.0,Toro Rosso
6843,955,822,3,77,8,1:44.706,1:44.477,1:45.246,2016,8,73,European Grand Prix,2016-06-19,Valtteri Bottas,BOT,77.0,Williams
6844,955,830,9,33,9,1:44.939,1:44.387,1:45.570,2016,8,73,European Grand Prix,2016-06-19,Max Verstappen,VER,33.0,Red Bull
6845,955,1,131,44,10,1:44.259,1:43.526,2:01.954,2016,8,73,European Grand Prix,2016-06-19,Lewis Hamilton,HAM,44.0,Mercedes
6846,955,154,210,8,11,1:45.507,1:44.755,,2016,8,73,European Grand Prix,2016-06-19,Romain Grosjean,GRO,8.0,Haas F1 Team
6847,955,807,10,27,12,1:44.860,1:44.824,,2016,8,73,European Grand Prix,2016-06-19,Nico Hülkenberg,HUL,27.0,Force India
6848,955,832,5,55,13,1:44.827,1:45.000,,2016,8,73,European Grand Prix,2016-06-19,Carlos Sainz,SAI,55.0,Toro Rosso
6849,955,4,1,14,14,1:45.525,1:45.270,,2016,8,73,European Grand Prix,2016-06-19,Fernando Alonso,ALO,14.0,McLaren
6850,955,821,210,21,15,1:45.300,1:45.349,,2016,8,73,European Grand Prix,2016-06-19,Esteban Gutiérrez,GUT,21.0,Haas F1 Team
6851,955,831,15,12,16,1:45.549,1:46.048,,2016,8,73,European Grand Prix,2016-06-19,Felipe Nasr,NAS,12.0,Sauber
6852,955,837,209,88,17,1:45.665,,,2016,8,73,European Grand Prix,2016-06-19,Rio Haryanto,HAR,88.0,Manor Marussia
6853,955,836,209,94,18,1:45.750,,,2016,8,73,European Grand Prix,2016-06-19,Pascal Wehrlein,WEH,94.0,Manor Marussia
6854,955,18,1,22,19,1:45.804,,,2016,8,73,European Grand Prix,2016-06-19,Jenson Button,BUT,22.0,McLaren
6855,955,828,15,9,20,1:46.231,,,2016,8,73,European Grand Prix,2016-06-19,Marcus Ericsson,ERI,9.0,Sauber
6856,955,825,4,20,21,1:46.348,,,2016,8,73,European Grand Prix,2016-06-19,Kevin Magnussen,MAG,20.0,Renault
6857,955,835,4,30,22,1:46.394,,,2016,8,73,European Grand Prix,2016-06-19,Jolyon Palmer,PAL,30.0,Renault
6858,956,1,131,44,1,1:06.947,1:06.228,1:07.922,2016,9,70,Austrian Grand Prix,2016-07-03,Lewis Hamilton,HAM,44.0,Mercedes
6859,956,3,131,6,2,1:06.516,1:06.403,1:08.465,2016,9,70,Austrian Grand Prix,2016-07-03,Nico Rosberg,ROS,6.0,Mercedes
6860,956,807,10,27,3,1:07.385,1:07.257,1:09.285,2016,9,70,Austrian Grand Prix,2016-07-03,Nico Hülkenberg,HUL,27.0,Force India
6861,956,20,6,5,4,1:06.761,1:06.602,1:09.781,2016,9,70,Austrian Grand Prix,2016-07-03,Sebastian Vettel,VET,5.0,Ferrari
6862,956,18,1,22,5,1:07.653,1:07.572,1:09.900,2016,9,70,Austrian Grand Prix,2016-07-03,Jenson Button,BUT,22.0,McLaren
6863,956,8,6,7,6,1:07.240,1:06.940,1:09.901,2016,9,70,Austrian Grand Prix,2016-07-03,Kimi Räikkönen,RAI,7.0,Ferrari
6864,956,817,9,3,7,1:07.500,1:06.840,1:09.980,2016,9,70,Austrian Grand Prix,2016-07-03,Daniel Ricciardo,RIC,3.0,Red Bull
6865,956,822,3,77,8,1:07.148,1:06.911,1:10.440,2016,9,70,Austrian Grand Prix,2016-07-03,Valtteri Bottas,BOT,77.0,Williams
6866,956,830,9,33,9,1:07.131,1:06.866,1:11.153,2016,9,70,Austrian Grand Prix,2016-07-03,Max Verstappen,VER,33.0,Red Bull
6867,956,13,3,19,10,1:07.419,1:07.145,1:11.977,2016,9,70,Austrian Grand Prix,2016-07-03,Felipe Massa,MAS,19.0,Williams
6868,956,821,210,21,11,1:07.660,1:07.578,,2016,9,70,Austrian Grand Prix,2016-07-03,Esteban Gutiérrez,GUT,21.0,Haas F1 Team
6869,956,836,209,94,12,1:07.565,1:07.700,,2016,9,70,Austrian Grand Prix,2016-07-03,Pascal Wehrlein,WEH,94.0,Manor Marussia
6870,956,154,210,8,13,1:07.662,1:07.850,,2016,9,70,Austrian Grand Prix,2016-07-03,Romain Grosjean,GRO,8.0,Haas F1 Team
6871,956,4,1,14,14,1:07.671,1:08.154,,2016,9,70,Austrian Grand Prix,2016-07-03,Fernando Alonso,ALO,14.0,McLaren
6872,956,832,5,55,15,1:07.618,,,2016,9,70,Austrian Grand Prix,2016-07-03,Carlos Sainz,SAI,55.0,Toro Rosso
6873,956,815,10,11,16,1:07.657,,,2016,9,70,Austrian Grand Prix,2016-07-03,Sergio Pérez,PER,11.0,Force India
6874,956,825,4,20,17,1:07.941,,,2016,9,70,Austrian Grand Prix,2016-07-03,Kevin Magnussen,MAG,20.0,Renault
6875,956,835,4,30,18,1:07.965,,,2016,9,70,Austrian Grand Prix,2016-07-03,Jolyon Palmer,PAL,30.0,Renault
6876,956,837,209,88,19,1:08.026,,,2016,9,70,Austrian Grand Prix,2016-07-03,Rio Haryanto,HAR,88.0,Manor Marussia
6877,956,826,5,26,20,1:08.409,,,2016,9,70,Austrian Grand Prix,2016-07-03,Daniil Kvyat,KVY,26.0,Toro Rosso
6878,956,828,15,9,21,1:08.418,,,2016,9,70,Austrian Grand Prix,2016-07-03,Marcus Ericsson,ERI,9.0,Sauber
6879,956,831,15,12,22,1:08.446,,,2016,9,70,Austrian Grand Prix,2016-07-03,Felipe Nasr,NAS,12.0,Sauber
6880,957,1,131,44,1,1:30.739,1:29.243,1:29.287,2016,10,9,British Grand Prix,2016-07-10,Lewis Hamilton,HAM,44.0,Mercedes
6881,957,3,131,6,2,1:30.724,1:29.970,1:29.606,2016,10,9,British Grand Prix,2016-07-10,Nico Rosberg,ROS,6.0,Mercedes
6882,957,830,9,33,3,1:31.305,1:30.697,1:30.313,2016,10,9,British Grand Prix,2016-07-10,Max Verstappen,VER,33.0,Red Bull
6883,957,817,9,3,4,1:31.684,1:31.319,1:30.618,2016,10,9,British Grand Prix,2016-07-10,Daniel Ricciardo,RIC,3.0,Red Bull
6884,957,8,6,7,5,1:31.326,1:31.385,1:30.881,2016,10,9,British Grand Prix,2016-07-10,Kimi Räikkönen,RAI,7.0,Ferrari
6885,957,20,6,5,6,1:31.606,1:30.711,1:31.490,2016,10,9,British Grand Prix,2016-07-10,Sebastian Vettel,VET,5.0,Ferrari
6886,957,822,3,77,7,1:31.913,1:31.478,1:31.557,2016,10,9,British Grand Prix,2016-07-10,Valtteri Bottas,BOT,77.0,Williams
6887,957,832,5,55,8,1:32.115,1:31.708,1:31.989,2016,10,9,British Grand Prix,2016-07-10,Carlos Sainz,SAI,55.0,Toro Rosso
6888,957,807,10,27,9,1:32.349,1:31.770,1:32.172,2016,10,9,British Grand Prix,2016-07-10,Nico Hülkenberg,HUL,27.0,Force India
6889,957,4,1,14,10,1:32.281,1:31.740,1:32.343,2016,10,9,British Grand Prix,2016-07-10,Fernando Alonso,ALO,14.0,McLaren
6890,957,815,10,11,11,1:32.336,1:31.875,,2016,10,9,British Grand Prix,2016-07-10,Sergio Pérez,PER,11.0,Force India
6891,957,13,3,19,12,1:32.146,1:32.002,,2016,10,9,British Grand Prix,2016-07-10,Felipe Massa,MAS,19.0,Williams
6892,957,154,210,8,13,1:32.283,1:32.050,,2016,10,9,British Grand Prix,2016-07-10,Romain Grosjean,GRO,8.0,Haas F1 Team
6893,957,821,210,21,14,1:32.237,1:32.241,,2016,10,9,British Grand Prix,2016-07-10,Esteban Gutiérrez,GUT,21.0,Haas F1 Team
6894,957,826,5,26,15,1:32.553,1:32.306,,2016,10,9,British Grand Prix,2016-07-10,Daniil Kvyat,KVY,26.0,Toro Rosso
6895,957,825,4,20,16,1:32.729,1:37.060,,2016,10,9,British Grand Prix,2016-07-10,Kevin Magnussen,MAG,20.0,Renault
6896,957,18,1,22,17,1:32.788,,,2016,10,9,British Grand Prix,2016-07-10,Jenson Button,BUT,22.0,McLaren
6897,957,835,4,30,18,1:32.905,,,2016,10,9,British Grand Prix,2016-07-10,Jolyon Palmer,PAL,30.0,Renault
6898,957,837,209,88,19,1:33.098,,,2016,10,9,British Grand Prix,2016-07-10,Rio Haryanto,HAR,88.0,Manor Marussia
6899,957,836,209,94,20,1:33.151,,,2016,10,9,British Grand Prix,2016-07-10,Pascal Wehrlein,WEH,94.0,Manor Marussia
6900,957,831,15,12,21,1:33.544,,,2016,10,9,British Grand Prix,2016-07-10,Felipe Nasr,NAS,12.0,Sauber
6901,958,3,131,6,1,1:33.302,1:22.806,1:19.965,2016,11,11,Hungarian Grand Prix,2016-07-24,Nico Rosberg,ROS,6.0,Mercedes
6902,958,1,131,44,2,1:34.210,1:24.836,1:20.108,2016,11,11,Hungarian Grand Prix,2016-07-24,Lewis Hamilton,HAM,44.0,Mercedes
6903,958,817,9,3,3,1:39.968,1:23.234,1:20.280,2016,11,11,Hungarian Grand Prix,2016-07-24,Daniel Ricciardo,RIC,3.0,Red Bull
6904,958,830,9,33,4,1:40.424,1:22.660,1:20.557,2016,11,11,Hungarian Grand Prix,2016-07-24,Max Verstappen,VER,33.0,Red Bull
6905,958,20,6,5,5,1:35.718,1:24.082,1:20.874,2016,11,11,Hungarian Grand Prix,2016-07-24,Sebastian Vettel,VET,5.0,Ferrari
6906,958,832,5,55,6,1:36.115,1:24.734,1:21.131,2016,11,11,Hungarian Grand Prix,2016-07-24,Carlos Sainz,SAI,55.0,Toro Rosso
6907,958,4,1,14,7,1:35.165,1:23.816,1:21.211,2016,11,11,Hungarian Grand Prix,2016-07-24,Fernando Alonso,ALO,14.0,McLaren
6908,958,18,1,22,8,1:37.983,1:24.456,1:21.597,2016,11,11,Hungarian Grand Prix,2016-07-24,Jenson Button,BUT,22.0,McLaren
6909,958,807,10,27,9,1:41.471,1:23.901,1:21.823,2016,11,11,Hungarian Grand Prix,2016-07-24,Nico Hülkenberg,HUL,27.0,Force India
6910,958,822,3,77,10,1:42.758,1:24.506,1:22.182,2016,11,11,Hungarian Grand Prix,2016-07-24,Valtteri Bottas,BOT,77.0,Williams
6911,958,154,210,8,11,1:35.906,1:24.941,,2016,11,11,Hungarian Grand Prix,2016-07-24,Romain Grosjean,GRO,8.0,Haas F1 Team
6912,958,826,5,26,12,1:36.714,1:25.301,,2016,11,11,Hungarian Grand Prix,2016-07-24,Daniil Kvyat,KVY,26.0,Toro Rosso
6913,958,815,10,11,13,1:41.411,1:25.416,,2016,11,11,Hungarian Grand Prix,2016-07-24,Sergio Pérez,PER,11.0,Force India
6914,958,8,6,7,14,1:36.853,1:25.435,,2016,11,11,Hungarian Grand Prix,2016-07-24,Kimi Räikkönen,RAI,7.0,Ferrari
6915,958,821,210,21,15,1:38.959,1:26.189,,2016,11,11,Hungarian Grand Prix,2016-07-24,Esteban Gutiérrez,GUT,21.0,Haas F1 Team
6916,958,831,15,12,16,1:37.772,1:27.063,,2016,11,11,Hungarian Grand Prix,2016-07-24,Felipe Nasr,NAS,12.0,Sauber
6917,958,835,4,30,17,1:43.965,,,2016,11,11,Hungarian Grand Prix,2016-07-24,Jolyon Palmer,PAL,30.0,Renault
6918,958,13,3,19,18,1:43.999,,,2016,11,11,Hungarian Grand Prix,2016-07-24,Felipe Massa,MAS,19.0,Williams
6919,958,825,4,20,19,1:44.543,,,2016,11,11,Hungarian Grand Prix,2016-07-24,Kevin Magnussen,MAG,20.0,Renault
6920,958,828,15,9,20,1:46.984,,,2016,11,11,Hungarian Grand Prix,2016-07-24,Marcus Ericsson,ERI,9.0,Sauber
6921,958,836,209,94,21,1:47.343,,,2016,11,11,Hungarian Grand Prix,2016-07-24,Pascal Wehrlein,WEH,94.0,Manor Marussia
6922,958,837,209,88,22,1:50.189,,,2016,11,11,Hungarian Grand Prix,2016-07-24,Rio Haryanto,HAR,88.0,Manor Marussia
6923,959,3,131,6,1,1:15.485,1:14.839,1:14.363,2016,12,10,German Grand Prix,2016-07-31,Nico Rosberg,ROS,6.0,Mercedes
6924,959,1,131,44,2,1:15.243,1:14.748,1:14.470,2016,12,10,German Grand Prix,2016-07-31,Lewis Hamilton,HAM,44.0,Mercedes
6925,959,817,9,3,3,1:15.591,1:15.545,1:14.726,2016,12,10,German Grand Prix,2016-07-31,Daniel Ricciardo,RIC,3.0,Red Bull
6926,959,830,9,33,4,1:15.875,1:15.124,1:14.834,2016,12,10,German Grand Prix,2016-07-31,Max Verstappen,VER,33.0,Red Bull
6927,959,8,6,7,5,1:15.752,1:15.242,1:15.142,2016,12,10,German Grand Prix,2016-07-31,Kimi Räikkönen,RAI,7.0,Ferrari
6928,959,20,6,5,6,1:15.927,1:15.630,1:15.315,2016,12,10,German Grand Prix,2016-07-31,Sebastian Vettel,VET,5.0,Ferrari
6929,959,807,10,27,7,1:16.301,1:15.623,1:15.510,2016,12,10,German Grand Prix,2016-07-31,Nico Hülkenberg,HUL,27.0,Force India
6930,959,822,3,77,8,1:15.952,1:15.490,1:15.530,2016,12,10,German Grand Prix,2016-07-31,Valtteri Bottas,BOT,77.0,Williams
6931,959,815,10,11,9,1:16.169,1:15.500,1:15.537,2016,12,10,German Grand Prix,2016-07-31,Sergio Pérez,PER,11.0,Force India
6932,959,13,3,19,10,1:16.503,1:15.699,1:15.615,2016,12,10,German Grand Prix,2016-07-31,Felipe Massa,MAS,19.0,Williams
6933,959,821,210,21,11,1:15.987,1:15.883,,2016,12,10,German Grand Prix,2016-07-31,Esteban Gutiérrez,GUT,21.0,Haas F1 Team
6934,959,18,1,22,12,1:16.172,1:15.909,,2016,12,10,German Grand Prix,2016-07-31,Jenson Button,BUT,22.0,McLaren
6935,959,832,5,55,13,1:16.317,1:15.989,,2016,12,10,German Grand Prix,2016-07-31,Carlos Sainz,SAI,55.0,Toro Rosso
6936,959,4,1,14,14,1:16.338,1:16.041,,2016,12,10,German Grand Prix,2016-07-31,Fernando Alonso,ALO,14.0,McLaren
6937,959,154,210,8,15,1:16.328,1:16.086,,2016,12,10,German Grand Prix,2016-07-31,Romain Grosjean,GRO,8.0,Haas F1 Team
6938,959,835,4,30,16,1:16.636,1:16.665,,2016,12,10,German Grand Prix,2016-07-31,Jolyon Palmer,PAL,30.0,Renault
6939,959,825,4,20,17,1:16.716,,,2016,12,10,German Grand Prix,2016-07-31,Kevin Magnussen,MAG,20.0,Renault
6940,959,836,209,94,18,1:16.717,,,2016,12,10,German Grand Prix,2016-07-31,Pascal Wehrlein,WEH,94.0,Manor Marussia
6941,959,826,5,26,19,1:16.876,,,2016,12,10,German Grand Prix,2016-07-31,Daniil Kvyat,KVY,26.0,Toro Rosso
6942,959,837,209,88,20,1:16.977,,,2016,12,10,German Grand Prix,2016-07-31,Rio Haryanto,HAR,88.0,Manor Marussia
6943,959,831,15,12,21,1:17.123,,,2016,12,10,German Grand Prix,2016-07-31,Felipe Nasr,NAS,12.0,Sauber
6944,959,828,15,9,22,1:17.238,,,2016,12,10,German Grand Prix,2016-07-31,Marcus Ericsson,ERI,9.0,Sauber
6945,960,3,131,6,1,1:48.019,1:46.999,1:46.744,2016,13,13,Belgian Grand Prix,2016-08-28,Nico Rosberg,ROS,6.0,Mercedes
6946,960,830,9,33,2,1:48.407,1:47.163,1:46.893,2016,13,13,Belgian Grand Prix,2016-08-28,Max Verstappen,VER,33.0,Red Bull
6947,960,8,6,7,3,1:47.912,1:47.664,1:46.910,2016,13,13,Belgian Grand Prix,2016-08-28,Kimi Räikkönen,RAI,7.0,Ferrari
6948,960,20,6,5,4,1:47.802,1:47.944,1:47.108,2016,13,13,Belgian Grand Prix,2016-08-28,Sebastian Vettel,VET,5.0,Ferrari
6949,960,817,9,3,5,1:48.407,1:48.027,1:47.216,2016,13,13,Belgian Grand Prix,2016-08-28,Daniel Ricciardo,RIC,3.0,Red Bull
6950,960,815,10,11,6,1:48.106,1:47.485,1:47.407,2016,13,13,Belgian Grand Prix,2016-08-28,Sergio Pérez,PER,11.0,Force India
6951,960,807,10,27,7,1:48.080,1:47.317,1:47.543,2016,13,13,Belgian Grand Prix,2016-08-28,Nico Hülkenberg,HUL,27.0,Force India
6952,960,822,3,77,8,1:48.655,1:47.918,1:47.612,2016,13,13,Belgian Grand Prix,2016-08-28,Valtteri Bottas,BOT,77.0,Williams
6953,960,18,1,22,9,1:48.700,1:48.051,1:48.114,2016,13,13,Belgian Grand Prix,2016-08-28,Jenson Button,BUT,22.0,McLaren
6954,960,13,3,19,10,1:47.738,1:47.667,1:48.263,2016,13,13,Belgian Grand Prix,2016-08-28,Felipe Massa,MAS,19.0,Williams
6955,960,154,210,8,11,1:48.751,1:48.316,,2016,13,13,Belgian Grand Prix,2016-08-28,Romain Grosjean,GRO,8.0,Haas F1 Team
6956,960,825,4,20,12,1:48.800,1:48.485,,2016,13,13,Belgian Grand Prix,2016-08-28,Kevin Magnussen,MAG,20.0,Renault
6957,960,821,210,21,13,1:48.748,1:48.598,,2016,13,13,Belgian Grand Prix,2016-08-28,Esteban Gutiérrez,GUT,21.0,Haas F1 Team
6958,960,835,4,30,14,1:48.901,1:48.888,,2016,13,13,Belgian Grand Prix,2016-08-28,Jolyon Palmer,PAL,30.0,Renault
6959,960,832,5,55,15,1:48.876,1:49.038,,2016,13,13,Belgian Grand Prix,2016-08-28,Carlos Sainz,SAI,55.0,Toro Rosso
6960,960,836,209,94,16,1:48.554,1:49.320,,2016,13,13,Belgian Grand Prix,2016-08-28,Pascal Wehrlein,WEH,94.0,Manor Marussia
6961,960,831,15,12,17,1:48.949,,,2016,13,13,Belgian Grand Prix,2016-08-28,Felipe Nasr,NAS,12.0,Sauber
6962,960,839,209,31,18,1:49.050,,,2016,13,13,Belgian Grand Prix,2016-08-28,Esteban Ocon,OCO,31.0,Manor Marussia
6963,960,826,5,26,19,1:49.058,,,2016,13,13,Belgian Grand Prix,2016-08-28,Daniil Kvyat,KVY,26.0,Toro Rosso
6964,960,828,15,9,20,1:49.071,,,2016,13,13,Belgian Grand Prix,2016-08-28,Marcus Ericsson,ERI,9.0,Sauber
6965,960,1,131,44,21,1:50.033,,,2016,13,13,Belgian Grand Prix,2016-08-28,Lewis Hamilton,HAM,44.0,Mercedes
6966,961,1,131,44,1,1:21.854,1:21.498,1:21.135,2016,14,14,Italian Grand Prix,2016-09-04,Lewis Hamilton,HAM,44.0,Mercedes
6967,961,3,131,6,2,1:22.497,1:21.809,1:21.613,2016,14,14,Italian Grand Prix,2016-09-04,Nico Rosberg,ROS,6.0,Mercedes
6968,961,20,6,5,3,1:23.077,1:22.275,1:21.972,2016,14,14,Italian Grand Prix,2016-09-04,Sebastian Vettel,VET,5.0,Ferrari
6969,961,8,6,7,4,1:23.217,1:22.568,1:22.065,2016,14,14,Italian Grand Prix,2016-09-04,Kimi Räikkönen,RAI,7.0,Ferrari
6970,961,822,3,77,5,1:23.264,1:22.499,1:22.388,2016,14,14,Italian Grand Prix,2016-09-04,Valtteri Bottas,BOT,77.0,Williams
6971,961,817,9,3,6,1:23.158,1:22.638,1:22.389,2016,14,14,Italian Grand Prix,2016-09-04,Daniel Ricciardo,RIC,3.0,Red Bull
6972,961,830,9,33,7,1:23.229,1:22.857,1:22.411,2016,14,14,Italian Grand Prix,2016-09-04,Max Verstappen,VER,33.0,Red Bull
6973,961,815,10,11,8,1:23.439,1:22.922,1:22.814,2016,14,14,Italian Grand Prix,2016-09-04,Sergio Pérez,PER,11.0,Force India
6974,961,807,10,27,9,1:23.259,1:22.951,1:22.836,2016,14,14,Italian Grand Prix,2016-09-04,Nico Hülkenberg,HUL,27.0,Force India
6975,961,821,210,21,10,1:23.386,1:22.856,1:23.184,2016,14,14,Italian Grand Prix,2016-09-04,Esteban Gutiérrez,GUT,21.0,Haas F1 Team
6976,961,13,3,19,11,1:23.489,1:22.967,,2016,14,14,Italian Grand Prix,2016-09-04,Felipe Massa,MAS,19.0,Williams
6977,961,154,210,8,12,1:23.421,1:23.092,,2016,14,14,Italian Grand Prix,2016-09-04,Romain Grosjean,GRO,8.0,Haas F1 Team
6978,961,4,1,14,13,1:23.783,1:23.273,,2016,14,14,Italian Grand Prix,2016-09-04,Fernando Alonso,ALO,14.0,McLaren
6979,961,836,209,94,14,1:23.760,1:23.315,,2016,14,14,Italian Grand Prix,2016-09-04,Pascal Wehrlein,WEH,94.0,Manor Marussia
6980,961,18,1,22,15,1:23.666,1:23.399,,2016,14,14,Italian Grand Prix,2016-09-04,Jenson Button,BUT,22.0,McLaren
6981,961,832,5,55,16,1:23.661,1:23.496,,2016,14,14,Italian Grand Prix,2016-09-04,Carlos Sainz,SAI,55.0,Toro Rosso
6982,961,826,5,26,17,1:23.825,,,2016,14,14,Italian Grand Prix,2016-09-04,Daniil Kvyat,KVY,26.0,Toro Rosso
6983,961,831,15,12,18,1:23.956,,,2016,14,14,Italian Grand Prix,2016-09-04,Felipe Nasr,NAS,12.0,Sauber
6984,961,828,15,9,19,1:24.087,,,2016,14,14,Italian Grand Prix,2016-09-04,Marcus Ericsson,ERI,9.0,Sauber
6985,961,835,4,30,20,1:24.230,,,2016,14,14,Italian Grand Prix,2016-09-04,Jolyon Palmer,PAL,30.0,Renault
6986,961,825,4,20,21,1:24.436,,,2016,14,14,Italian Grand Prix,2016-09-04,Kevin Magnussen,MAG,20.0,Renault
6987,962,3,131,6,1,1:45.316,1:43.020,1:42.584,2016,15,15,Singapore Grand Prix,2016-09-18,Nico Rosberg,ROS,6.0,Mercedes
6988,962,817,9,3,2,1:44.255,1:43.933,1:43.115,2016,15,15,Singapore Grand Prix,2016-09-18,Daniel Ricciardo,RIC,3.0,Red Bull
6989,962,1,131,44,3,1:45.167,1:43.471,1:43.288,2016,15,15,Singapore Grand Prix,2016-09-18,Lewis Hamilton,HAM,44.0,Mercedes
6990,962,830,9,33,4,1:45.036,1:44.112,1:43.328,2016,15,15,Singapore Grand Prix,2016-09-18,Max Verstappen,VER,33.0,Red Bull
6991,962,8,6,7,5,1:44.964,1:44.159,1:43.540,2016,15,15,Singapore Grand Prix,2016-09-18,Kimi Räikkönen,RAI,7.0,Ferrari
6992,962,832,5,55,6,1:45.499,1:44.493,1:44.197,2016,15,15,Singapore Grand Prix,2016-09-18,Carlos Sainz,SAI,55.0,Toro Rosso
6993,962,826,5,26,7,1:45.291,1:44.475,1:44.469,2016,15,15,Singapore Grand Prix,2016-09-18,Daniil Kvyat,KVY,26.0,Toro Rosso
6994,962,807,10,27,8,1:46.081,1:44.737,1:44.479,2016,15,15,Singapore Grand Prix,2016-09-18,Nico Hülkenberg,HUL,27.0,Force India
6995,962,4,1,14,9,1:45.373,1:44.653,1:44.553,2016,15,15,Singapore Grand Prix,2016-09-18,Fernando Alonso,ALO,14.0,McLaren
6996,962,815,10,11,10,1:45.204,1:44.703,1:44.582,2016,15,15,Singapore Grand Prix,2016-09-18,Sergio Pérez,PER,11.0,Force India
6997,962,822,3,77,11,1:46.086,1:44.740,,2016,15,15,Singapore Grand Prix,2016-09-18,Valtteri Bottas,BOT,77.0,Williams
6998,962,13,3,19,12,1:46.056,1:44.991,,2016,15,15,Singapore Grand Prix,2016-09-18,Felipe Massa,MAS,19.0,Williams
6999,962,18,1,22,13,1:45.262,1:45.144,,2016,15,15,Singapore Grand Prix,2016-09-18,Jenson Button,BUT,22.0,McLaren
7000,962,821,210,21,14,1:45.465,1:45.593,,2016,15,15,Singapore Grand Prix,2016-09-18,Esteban Gutiérrez,GUT,21.0,Haas F1 Team
7001,962,154,210,8,15,1:45.609,1:45.723,,2016,15,15,Singapore Grand Prix,2016-09-18,Romain Grosjean,GRO,8.0,Haas F1 Team
7002,962,828,15,9,16,1:46.427,1:47.827,,2016,15,15,Singapore Grand Prix,2016-09-18,Marcus Ericsson,ERI,9.0,Sauber
7003,962,825,4,20,17,1:46.825,,,2016,15,15,Singapore Grand Prix,2016-09-18,Kevin Magnussen,MAG,20.0,Renault
7004,962,831,15,12,18,1:46.860,,,2016,15,15,Singapore Grand Prix,2016-09-18,Felipe Nasr,NAS,12.0,Sauber
7005,962,835,4,30,19,1:46.960,,,2016,15,15,Singapore Grand Prix,2016-09-18,Jolyon Palmer,PAL,30.0,Renault
7006,962,836,209,94,20,1:47.667,,,2016,15,15,Singapore Grand Prix,2016-09-18,Pascal Wehrlein,WEH,94.0,Manor Marussia
7007,962,839,209,31,21,1:48.296,,,2016,15,15,Singapore Grand Prix,2016-09-18,Esteban Ocon,OCO,31.0,Manor Marussia
7008,962,20,6,5,22,1:49.116,,,2016,15,15,Singapore Grand Prix,2016-09-18,Sebastian Vettel,VET,5.0,Ferrari
7009,963,1,131,44,1,1:34.444,1:33.046,1:32.850,2016,16,2,Malaysian Grand Prix,2016-10-02,Lewis Hamilton,HAM,44.0,Mercedes
7010,963,3,131,6,2,1:34.460,1:33.609,1:33.264,2016,16,2,Malaysian Grand Prix,2016-10-02,Nico Rosberg,ROS,6.0,Mercedes
7011,963,830,9,33,3,1:35.443,1:33.775,1:33.420,2016,16,2,Malaysian Grand Prix,2016-10-02,Max Verstappen,VER,33.0,Red Bull
7012,963,817,9,3,4,1:35.079,1:33.888,1:33.467,2016,16,2,Malaysian Grand Prix,2016-10-02,Daniel Ricciardo,RIC,3.0,Red Bull
7013,963,20,6,5,5,1:34.557,1:33.972,1:33.584,2016,16,2,Malaysian Grand Prix,2016-10-02,Sebastian Vettel,VET,5.0,Ferrari
7014,963,8,6,7,6,1:34.556,1:33.903,1:33.632,2016,16,2,Malaysian Grand Prix,2016-10-02,Kimi Räikkönen,RAI,7.0,Ferrari
7015,963,815,10,11,7,1:35.068,1:34.538,1:34.319,2016,16,2,Malaysian Grand Prix,2016-10-02,Sergio Pérez,PER,11.0,Force India
7016,963,807,10,27,8,1:34.827,1:34.441,1:34.489,2016,16,2,Malaysian Grand Prix,2016-10-02,Nico Hülkenberg,HUL,27.0,Force India
7017,963,18,1,22,9,1:35.267,1:34.431,1:34.518,2016,16,2,Malaysian Grand Prix,2016-10-02,Jenson Button,BUT,22.0,McLaren
7018,963,13,3,19,10,1:35.267,1:34.422,1:34.671,2016,16,2,Malaysian Grand Prix,2016-10-02,Felipe Massa,MAS,19.0,Williams
7019,963,822,3,77,11,1:35.166,1:34.577,,2016,16,2,Malaysian Grand Prix,2016-10-02,Valtteri Bottas,BOT,77.0,Williams
7020,963,154,210,8,12,1:35.400,1:35.001,,2016,16,2,Malaysian Grand Prix,2016-10-02,Romain Grosjean,GRO,8.0,Haas F1 Team
7021,963,821,210,21,13,1:35.658,1:35.097,,2016,16,2,Malaysian Grand Prix,2016-10-02,Esteban Gutiérrez,GUT,21.0,Haas F1 Team
7022,963,825,4,20,14,1:35.593,1:35.277,,2016,16,2,Malaysian Grand Prix,2016-10-02,Kevin Magnussen,MAG,20.0,Renault
7023,963,826,5,26,15,1:35.695,1:35.369,,2016,16,2,Malaysian Grand Prix,2016-10-02,Daniil Kvyat,KVY,26.0,Toro Rosso
7024,963,832,5,55,16,1:35.605,1:35.374,,2016,16,2,Malaysian Grand Prix,2016-10-02,Carlos Sainz,SAI,55.0,Toro Rosso
7025,963,828,15,9,17,1:35.816,,,2016,16,2,Malaysian Grand Prix,2016-10-02,Marcus Ericsson,ERI,9.0,Sauber
7026,963,831,15,12,18,1:35.949,,,2016,16,2,Malaysian Grand Prix,2016-10-02,Felipe Nasr,NAS,12.0,Sauber
7027,963,835,4,30,19,1:35.999,,,2016,16,2,Malaysian Grand Prix,2016-10-02,Jolyon Palmer,PAL,30.0,Renault
7028,963,839,209,31,20,1:36.451,,,2016,16,2,Malaysian Grand Prix,2016-10-02,Esteban Ocon,OCO,31.0,Manor Marussia
7029,963,836,209,94,21,1:36.587,,,2016,16,2,Malaysian Grand Prix,2016-10-02,Pascal Wehrlein,WEH,94.0,Manor Marussia
7030,963,4,1,14,22,1:37.155,,,2016,16,2,Malaysian Grand Prix,2016-10-02,Fernando Alonso,ALO,14.0,McLaren
7031,964,3,131,6,1,1:31.858,1:30.714,1:30.647,2016,17,22,Japanese Grand Prix,2016-10-09,Nico Rosberg,ROS,6.0,Mercedes
7032,964,1,131,44,2,1:32.218,1:31.129,1:30.660,2016,17,22,Japanese Grand Prix,2016-10-09,Lewis Hamilton,HAM,44.0,Mercedes
7033,964,8,6,7,3,1:31.674,1:31.406,1:30.949,2016,17,22,Japanese Grand Prix,2016-10-09,Kimi Räikkönen,RAI,7.0,Ferrari
7034,964,20,6,5,4,1:31.659,1:31.227,1:31.028,2016,17,22,Japanese Grand Prix,2016-10-09,Sebastian Vettel,VET,5.0,Ferrari
7035,964,830,9,33,5,1:32.487,1:31.489,1:31.178,2016,17,22,Japanese Grand Prix,2016-10-09,Max Verstappen,VER,33.0,Red Bull
7036,964,817,9,3,6,1:32.538,1:31.719,1:31.240,2016,17,22,Japanese Grand Prix,2016-10-09,Daniel Ricciardo,RIC,3.0,Red Bull
7037,964,815,10,11,7,1:32.682,1:32.237,1:31.961,2016,17,22,Japanese Grand Prix,2016-10-09,Sergio Pérez,PER,11.0,Force India
7038,964,154,210,8,8,1:32.458,1:32.176,1:31.961,2016,17,22,Japanese Grand Prix,2016-10-09,Romain Grosjean,GRO,8.0,Haas F1 Team
7039,964,807,10,27,9,1:32.448,1:32.200,1:32.142,2016,17,22,Japanese Grand Prix,2016-10-09,Nico Hülkenberg,HUL,27.0,Force India
7040,964,821,210,21,10,1:32.620,1:32.155,1:32.547,2016,17,22,Japanese Grand Prix,2016-10-09,Esteban Gutiérrez,GUT,21.0,Haas F1 Team
7041,964,822,3,77,11,1:32.383,1:32.315,,2016,17,22,Japanese Grand Prix,2016-10-09,Valtteri Bottas,BOT,77.0,Williams
7042,964,13,3,19,12,1:32.562,1:32.380,,2016,17,22,Japanese Grand Prix,2016-10-09,Felipe Massa,MAS,19.0,Williams
7043,964,826,5,26,13,1:32.645,1:32.623,,2016,17,22,Japanese Grand Prix,2016-10-09,Daniil Kvyat,KVY,26.0,Toro Rosso
7044,964,832,5,55,14,1:32.789,1:32.685,,2016,17,22,Japanese Grand Prix,2016-10-09,Carlos Sainz,SAI,55.0,Toro Rosso
7045,964,4,1,14,15,1:32.819,1:32.689,,2016,17,22,Japanese Grand Prix,2016-10-09,Fernando Alonso,ALO,14.0,McLaren
7046,964,835,4,30,16,1:32.796,1:32.807,,2016,17,22,Japanese Grand Prix,2016-10-09,Jolyon Palmer,PAL,30.0,Renault
7047,964,18,1,22,17,1:32.851,,,2016,17,22,Japanese Grand Prix,2016-10-09,Jenson Button,BUT,22.0,McLaren
7048,964,825,4,20,18,1:33.023,,,2016,17,22,Japanese Grand Prix,2016-10-09,Kevin Magnussen,MAG,20.0,Renault
7049,964,828,15,9,19,1:33.222,,,2016,17,22,Japanese Grand Prix,2016-10-09,Marcus Ericsson,ERI,9.0,Sauber
7050,964,831,15,12,20,1:33.332,,,2016,17,22,Japanese Grand Prix,2016-10-09,Felipe Nasr,NAS,12.0,Sauber
7051,964,839,209,31,21,1:33.353,,,2016,17,22,Japanese Grand Prix,2016-10-09,Esteban Ocon,OCO,31.0,Manor Marussia
7052,964,836,209,94,22,1:33.561,,,2016,17,22,Japanese Grand Prix,2016-10-09,Pascal Wehrlein,WEH,94.0,Manor Marussia
7053,965,1,131,44,1,1:36.296,1:36.450,1:34.999,2016,18,69,United States Grand Prix,2016-10-23,Lewis Hamilton,HAM,44.0,Mercedes
7054,965,3,131,6,2,1:36.397,1:36.351,1:35.215,2016,18,69,United States Grand Prix,2016-10-23,Nico Rosberg,ROS,6.0,Mercedes
7055,965,817,9,3,3,1:36.759,1:36.255,1:35.509,2016,18,69,United States Grand Prix,2016-10-23,Daniel Ricciardo,RIC,3.0,Red Bull
7056,965,830,9,33,4,1:36.613,1:36.857,1:35.747,2016,18,69,United States Grand Prix,2016-10-23,Max Verstappen,VER,33.0,Red Bull
7057,965,8,6,7,5,1:36.985,1:36.584,1:36.131,2016,18,69,United States Grand Prix,2016-10-23,Kimi Räikkönen,RAI,7.0,Ferrari
7058,965,20,6,5,6,1:37.151,1:36.462,1:36.358,2016,18,69,United States Grand Prix,2016-10-23,Sebastian Vettel,VET,5.0,Ferrari
7059,965,807,10,27,7,1:36.950,1:36.626,1:36.628,2016,18,69,United States Grand Prix,2016-10-23,Nico Hülkenberg,HUL,27.0,Force India
7060,965,822,3,77,8,1:37.456,1:37.202,1:37.116,2016,18,69,United States Grand Prix,2016-10-23,Valtteri Bottas,BOT,77.0,Williams
7061,965,13,3,19,9,1:37.402,1:37.214,1:37.269,2016,18,69,United States Grand Prix,2016-10-23,Felipe Massa,MAS,19.0,Williams
7062,965,832,5,55,10,1:37.744,1:37.175,1:37.326,2016,18,69,United States Grand Prix,2016-10-23,Carlos Sainz,SAI,55.0,Toro Rosso
7063,965,815,10,11,11,1:37.345,1:37.353,,2016,18,69,United States Grand Prix,2016-10-23,Sergio Pérez,PER,11.0,Force India
7064,965,4,1,14,12,1:37.913,1:37.417,,2016,18,69,United States Grand Prix,2016-10-23,Fernando Alonso,ALO,14.0,McLaren
7065,965,826,5,26,13,1:37.844,1:37.480,,2016,18,69,United States Grand Prix,2016-10-23,Daniil Kvyat,KVY,26.0,Toro Rosso
7066,965,821,210,21,14,1:38.053,1:37.773,,2016,18,69,United States Grand Prix,2016-10-23,Esteban Gutiérrez,GUT,21.0,Haas F1 Team
7067,965,835,4,30,15,1:38.084,1:37.935,,2016,18,69,United States Grand Prix,2016-10-23,Jolyon Palmer,PAL,30.0,Renault
7068,965,828,15,9,16,1:38.040,1:39.356,,2016,18,69,United States Grand Prix,2016-10-23,Marcus Ericsson,ERI,9.0,Sauber
7069,965,154,210,8,17,1:38.308,,,2016,18,69,United States Grand Prix,2016-10-23,Romain Grosjean,GRO,8.0,Haas F1 Team
7070,965,825,4,20,18,1:38.317,,,2016,18,69,United States Grand Prix,2016-10-23,Kevin Magnussen,MAG,20.0,Renault
7071,965,18,1,22,19,1:38.327,,,2016,18,69,United States Grand Prix,2016-10-23,Jenson Button,BUT,22.0,McLaren
7072,965,836,209,94,20,1:38.548,,,2016,18,69,United States Grand Prix,2016-10-23,Pascal Wehrlein,WEH,94.0,Manor Marussia
7073,965,831,15,12,21,1:38.583,,,2016,18,69,United States Grand Prix,2016-10-23,Felipe Nasr,NAS,12.0,Sauber
7074,965,839,209,31,22,1:38.806,,,2016,18,69,United States Grand Prix,2016-10-23,Esteban Ocon,OCO,31.0,Manor Marussia
7075,966,1,131,44,1,1:19.447,1:19.137,1:18.704,2016,19,32,Mexican Grand Prix,2016-10-30,Lewis Hamilton,HAM,44.0,Mercedes
7076,966,3,131,6,2,1:19.996,1:19.761,1:18.958,2016,19,32,Mexican Grand Prix,2016-10-30,Nico Rosberg,ROS,6.0,Mercedes
7077,966,830,9,33,3,1:19.874,1:18.972,1:19.054,2016,19,32,Mexican Grand Prix,2016-10-30,Max Verstappen,VER,33.0,Red Bull
7078,966,817,9,3,4,1:19.713,1:19.553,1:19.133,2016,19,32,Mexican Grand Prix,2016-10-30,Daniel Ricciardo,RIC,3.0,Red Bull
7079,966,807,10,27,5,1:20.599,1:19.769,1:19.330,2016,19,32,Mexican Grand Prix,2016-10-30,Nico Hülkenberg,HUL,27.0,Force India
7080,966,8,6,7,6,1:19.554,1:19.936,1:19.376,2016,19,32,Mexican Grand Prix,2016-10-30,Kimi Räikkönen,RAI,7.0,Ferrari
7081,966,20,6,5,7,1:19.865,1:19.385,1:19.381,2016,19,32,Mexican Grand Prix,2016-10-30,Sebastian Vettel,VET,5.0,Ferrari
7082,966,822,3,77,8,1:20.338,1:19.958,1:19.551,2016,19,32,Mexican Grand Prix,2016-10-30,Valtteri Bottas,BOT,77.0,Williams
7083,966,13,3,19,9,1:20.423,1:20.151,1:20.032,2016,19,32,Mexican Grand Prix,2016-10-30,Felipe Massa,MAS,19.0,Williams
7084,966,832,5,55,10,1:20.457,1:20.169,1:20.378,2016,19,32,Mexican Grand Prix,2016-10-30,Carlos Sainz,SAI,55.0,Toro Rosso
7085,966,4,1,14,11,1:20.552,1:20.282,,2016,19,32,Mexican Grand Prix,2016-10-30,Fernando Alonso,ALO,14.0,McLaren
7086,966,815,10,11,12,1:20.308,1:20.287,,2016,19,32,Mexican Grand Prix,2016-10-30,Sergio Pérez,PER,11.0,Force India
7087,966,18,1,22,13,1:21.333,1:20.673,,2016,19,32,Mexican Grand Prix,2016-10-30,Jenson Button,BUT,22.0,McLaren
7088,966,825,4,20,14,1:21.254,1:21.131,,2016,19,32,Mexican Grand Prix,2016-10-30,Kevin Magnussen,MAG,20.0,Renault
7089,966,828,15,9,15,1:21.062,1:21.536,,2016,19,32,Mexican Grand Prix,2016-10-30,Marcus Ericsson,ERI,9.0,Sauber
7090,966,836,209,94,16,1:21.363,1:21.785,,2016,19,32,Mexican Grand Prix,2016-10-30,Pascal Wehrlein,WEH,94.0,Manor Marussia
7091,966,821,210,21,17,1:21.401,,,2016,19,32,Mexican Grand Prix,2016-10-30,Esteban Gutiérrez,GUT,21.0,Haas F1 Team
7092,966,826,5,26,18,1:21.454,,,2016,19,32,Mexican Grand Prix,2016-10-30,Daniil Kvyat,KVY,26.0,Toro Rosso
7093,966,831,15,12,19,1:21.692,,,2016,19,32,Mexican Grand Prix,2016-10-30,Felipe Nasr,NAS,12.0,Sauber
7094,966,839,209,31,20,1:21.881,,,2016,19,32,Mexican Grand Prix,2016-10-30,Esteban Ocon,OCO,31.0,Manor Marussia
7095,966,154,210,8,21,1:21.916,,,2016,19,32,Mexican Grand Prix,2016-10-30,Romain Grosjean,GRO,8.0,Haas F1 Team
7096,967,1,131,44,1,1:11.511,1:11.238,1:10.736,2016,20,18,Brazilian Grand Prix,2016-11-13,Lewis Hamilton,HAM,44.0,Mercedes
7097,967,3,131,6,2,1:11.815,1:11.373,1:10.838,2016,20,18,Brazilian Grand Prix,2016-11-13,Nico Rosberg,ROS,6.0,Mercedes
7098,967,8,6,7,3,1:12.100,1:12.301,1:11.404,2016,20,18,Brazilian Grand Prix,2016-11-13,Kimi Räikkönen,RAI,7.0,Ferrari
7099,967,830,9,33,4,1:11.957,1:11.834,1:11.485,2016,20,18,Brazilian Grand Prix,2016-11-13,Max Verstappen,VER,33.0,Red Bull
7100,967,20,6,5,5,1:12.159,1:12.010,1:11.495,2016,20,18,Brazilian Grand Prix,2016-11-13,Sebastian Vettel,VET,5.0,Ferrari
7101,967,817,9,3,6,1:12.409,1:12.047,1:11.540,2016,20,18,Brazilian Grand Prix,2016-11-13,Daniel Ricciardo,RIC,3.0,Red Bull
7102,967,154,210,8,7,1:12.893,1:12.343,1:11.937,2016,20,18,Brazilian Grand Prix,2016-11-13,Romain Grosjean,GRO,8.0,Haas F1 Team
7103,967,807,10,27,8,1:12.428,1:12.360,1:12.104,2016,20,18,Brazilian Grand Prix,2016-11-13,Nico Hülkenberg,HUL,27.0,Force India
7104,967,815,10,11,9,1:12.684,1:12.331,1:12.165,2016,20,18,Brazilian Grand Prix,2016-11-13,Sergio Pérez,PER,11.0,Force India
7105,967,4,1,14,10,1:12.700,1:12.312,1:12.266,2016,20,18,Brazilian Grand Prix,2016-11-13,Fernando Alonso,ALO,14.0,McLaren
7106,967,822,3,77,11,1:12.680,1:12.420,,2016,20,18,Brazilian Grand Prix,2016-11-13,Valtteri Bottas,BOT,77.0,Williams
7107,967,821,210,21,12,1:13.052,1:12.431,,2016,20,18,Brazilian Grand Prix,2016-11-13,Esteban Gutiérrez,GUT,21.0,Haas F1 Team
7108,967,13,3,19,13,1:12.432,1:12.521,,2016,20,18,Brazilian Grand Prix,2016-11-13,Felipe Massa,MAS,19.0,Williams
7109,967,826,5,26,14,1:13.071,1:12.726,,2016,20,18,Brazilian Grand Prix,2016-11-13,Daniil Kvyat,KVY,26.0,Toro Rosso
7110,967,832,5,55,15,1:12.950,1:12.920,,2016,20,18,Brazilian Grand Prix,2016-11-13,Carlos Sainz,SAI,55.0,Toro Rosso
7111,967,835,4,30,16,1:13.259,1:13.258,,2016,20,18,Brazilian Grand Prix,2016-11-13,Jolyon Palmer,PAL,30.0,Renault
7112,967,18,1,22,17,1:13.276,,,2016,20,18,Brazilian Grand Prix,2016-11-13,Jenson Button,BUT,22.0,McLaren
7113,967,825,4,20,18,1:13.410,,,2016,20,18,Brazilian Grand Prix,2016-11-13,Kevin Magnussen,MAG,20.0,Renault
7114,967,836,209,94,19,1:13.427,,,2016,20,18,Brazilian Grand Prix,2016-11-13,Pascal Wehrlein,WEH,94.0,Manor Marussia
7115,967,839,209,31,20,1:13.432,,,2016,20,18,Brazilian Grand Prix,2016-11-13,Esteban Ocon,OCO,31.0,Manor Marussia
7116,967,828,15,9,21,1:13.623,,,2016,20,18,Brazilian Grand Prix,2016-11-13,Marcus Ericsson,ERI,9.0,Sauber
7117,967,831,15,12,22,1:13.681,,,2016,20,18,Brazilian Grand Prix,2016-11-13,Felipe Nasr,NAS,12.0,Sauber
7118,968,1,131,44,1,1:39.487,1:39.382,1:38.755,2016,21,24,Abu Dhabi Grand Prix,2016-11-27,Lewis Hamilton,HAM,44.0,Mercedes
7119,968,3,131,6,2,1:40.511,1:39.490,1:39.058,2016,21,24,Abu Dhabi Grand Prix,2016-11-27,Nico Rosberg,ROS,6.0,Mercedes
7120,968,817,9,3,3,1:41.002,1:40.429,1:39.589,2016,21,24,Abu Dhabi Grand Prix,2016-11-27,Daniel Ricciardo,RIC,3.0,Red Bull
7121,968,8,6,7,4,1:40.338,1:39.629,1:39.604,2016,21,24,Abu Dhabi Grand Prix,2016-11-27,Kimi Räikkönen,RAI,7.0,Ferrari
7122,968,20,6,5,5,1:40.341,1:40.034,1:39.661,2016,21,24,Abu Dhabi Grand Prix,2016-11-27,Sebastian Vettel,VET,5.0,Ferrari
7123,968,830,9,33,6,1:40.424,1:39.903,1:39.818,2016,21,24,Abu Dhabi Grand Prix,2016-11-27,Max Verstappen,VER,33.0,Red Bull
7124,968,807,10,27,7,1:41.000,1:40.709,1:40.501,2016,21,24,Abu Dhabi Grand Prix,2016-11-27,Nico Hülkenberg,HUL,27.0,Force India
7125,968,815,10,11,8,1:40.864,1:40.743,1:40.519,2016,21,24,Abu Dhabi Grand Prix,2016-11-27,Sergio Pérez,PER,11.0,Force India
7126,968,4,1,14,9,1:41.616,1:41.044,1:41.106,2016,21,24,Abu Dhabi Grand Prix,2016-11-27,Fernando Alonso,ALO,14.0,McLaren
7127,968,13,3,19,10,1:41.157,1:40.858,1:41.213,2016,21,24,Abu Dhabi Grand Prix,2016-11-27,Felipe Massa,MAS,19.0,Williams
7128,968,822,3,77,11,1:41.192,1:41.084,,2016,21,24,Abu Dhabi Grand Prix,2016-11-27,Valtteri Bottas,BOT,77.0,Williams
7129,968,18,1,22,12,1:41.158,1:41.272,,2016,21,24,Abu Dhabi Grand Prix,2016-11-27,Jenson Button,BUT,22.0,McLaren
7130,968,821,210,21,13,1:41.639,1:41.480,,2016,21,24,Abu Dhabi Grand Prix,2016-11-27,Esteban Gutiérrez,GUT,21.0,Haas F1 Team
7131,968,154,210,8,14,1:41.467,1:41.564,,2016,21,24,Abu Dhabi Grand Prix,2016-11-27,Romain Grosjean,GRO,8.0,Haas F1 Team
7132,968,835,4,30,15,1:41.775,1:41.820,,2016,21,24,Abu Dhabi Grand Prix,2016-11-27,Jolyon Palmer,PAL,30.0,Renault
7133,968,836,209,94,16,1:41.886,1:41.995,,2016,21,24,Abu Dhabi Grand Prix,2016-11-27,Pascal Wehrlein,WEH,94.0,Manor Marussia
7134,968,826,5,26,17,1:42.003,,,2016,21,24,Abu Dhabi Grand Prix,2016-11-27,Daniil Kvyat,KVY,26.0,Toro Rosso
7135,968,825,4,20,18,1:42.142,,,2016,21,24,Abu Dhabi Grand Prix,2016-11-27,Kevin Magnussen,MAG,20.0,Renault
7136,968,831,15,12,19,1:42.247,,,2016,21,24,Abu Dhabi Grand Prix,2016-11-27,Felipe Nasr,NAS,12.0,Sauber
7137,968,839,209,31,20,1:42.286,,,2016,21,24,Abu Dhabi Grand Prix,2016-11-27,Esteban Ocon,OCO,31.0,Manor Marussia
7138,968,832,5,55,21,1:42.393,,,2016,21,24,Abu Dhabi Grand Prix,2016-11-27,Carlos Sainz,SAI,55.0,Toro Rosso
7139,968,828,15,9,22,1:42.637,,,2016,21,24,Abu Dhabi Grand Prix,2016-11-27,Marcus Ericsson,ERI,9.0,Sauber
7140,969,1,131,44,1,1:24.191,1:23.251,1:22.188,2017,1,1,Australian Grand Prix,2017-03-26,Lewis Hamilton,HAM,44.0,Mercedes
7141,969,20,6,5,2,1:25.210,1:23.401,1:22.456,2017,1,1,Australian Grand Prix,2017-03-26,Sebastian Vettel,VET,5.0,Ferrari
7142,969,822,131,77,3,1:24.514,1:23.215,1:22.481,2017,1,1,Australian Grand Prix,2017-03-26,Valtteri Bottas,BOT,77.0,Mercedes
7143,969,8,6,7,4,1:24.352,1:23.376,1:23.033,2017,1,1,Australian Grand Prix,2017-03-26,Kimi Räikkönen,RAI,7.0,Ferrari
7144,969,830,9,33,5,1:24.482,1:24.092,1:23.485,2017,1,1,Australian Grand Prix,2017-03-26,Max Verstappen,VER,33.0,Red Bull
7145,969,154,210,8,6,1:25.419,1:24.718,1:24.074,2017,1,1,Australian Grand Prix,2017-03-26,Romain Grosjean,GRO,8.0,Haas F1 Team
7146,969,13,3,19,7,1:25.099,1:24.597,1:24.443,2017,1,1,Australian Grand Prix,2017-03-26,Felipe Massa,MAS,19.0,Williams
7147,969,832,5,55,8,1:25.542,1:24.997,1:24.487,2017,1,1,Australian Grand Prix,2017-03-26,Carlos Sainz,SAI,55.0,Toro Rosso
7148,969,826,5,26,9,1:25.970,1:24.864,1:24.512,2017,1,1,Australian Grand Prix,2017-03-26,Daniil Kvyat,KVY,26.0,Toro Rosso
7149,969,817,9,3,10,1:25.383,1:23.989,,2017,1,1,Australian Grand Prix,2017-03-26,Daniel Ricciardo,RIC,3.0,Red Bull
7150,969,815,10,11,11,1:25.064,1:25.081,,2017,1,1,Australian Grand Prix,2017-03-26,Sergio Pérez,PER,11.0,Force India
7151,969,807,4,27,12,1:24.975,1:25.091,,2017,1,1,Australian Grand Prix,2017-03-26,Nico Hülkenberg,HUL,27.0,Renault
7152,969,4,1,14,13,1:25.872,1:25.425,,2017,1,1,Australian Grand Prix,2017-03-26,Fernando Alonso,ALO,14.0,McLaren
7153,969,839,10,31,14,1:26.009,1:25.568,,2017,1,1,Australian Grand Prix,2017-03-26,Esteban Ocon,OCO,31.0,Force India
7154,969,828,15,9,15,1:26.236,1:26.465,,2017,1,1,Australian Grand Prix,2017-03-26,Marcus Ericsson,ERI,9.0,Sauber
7155,969,841,15,36,16,1:26.419,,,2017,1,1,Australian Grand Prix,2017-03-26,Antonio Giovinazzi,GIO,99.0,Sauber
7156,969,825,210,20,17,1:26.847,,,2017,1,1,Australian Grand Prix,2017-03-26,Kevin Magnussen,MAG,20.0,Haas F1 Team
7157,969,838,1,2,18,1:26.858,,,2017,1,1,Australian Grand Prix,2017-03-26,Stoffel Vandoorne,VAN,2.0,McLaren
7158,969,840,3,18,19,1:27.143,,,2017,1,1,Australian Grand Prix,2017-03-26,Lance Stroll,STR,18.0,Williams
7159,969,835,4,30,20,1:28.244,,,2017,1,1,Australian Grand Prix,2017-03-26,Jolyon Palmer,PAL,30.0,Renault
7160,970,1,131,44,1,1:33.333,1:32.406,1:31.678,2017,2,17,Chinese Grand Prix,2017-04-09,Lewis Hamilton,HAM,44.0,Mercedes
7161,970,20,6,5,2,1:33.078,1:32.391,1:31.864,2017,2,17,Chinese Grand Prix,2017-04-09,Sebastian Vettel,VET,5.0,Ferrari
7162,970,822,131,77,3,1:33.684,1:32.552,1:31.865,2017,2,17,Chinese Grand Prix,2017-04-09,Valtteri Bottas,BOT,77.0,Mercedes
7163,970,8,6,7,4,1:33.341,1:32.181,1:32.140,2017,2,17,Chinese Grand Prix,2017-04-09,Kimi Räikkönen,RAI,7.0,Ferrari
7164,970,817,9,3,5,1:34.041,1:33.546,1:33.033,2017,2,17,Chinese Grand Prix,2017-04-09,Daniel Ricciardo,RIC,3.0,Red Bull
7165,970,13,3,19,6,1:34.205,1:33.759,1:33.507,2017,2,17,Chinese Grand Prix,2017-04-09,Felipe Massa,MAS,19.0,Williams
7166,970,807,4,27,7,1:34.453,1:33.636,1:33.580,2017,2,17,Chinese Grand Prix,2017-04-09,Nico Hülkenberg,HUL,27.0,Renault
7167,970,815,10,11,8,1:34.657,1:33.920,1:33.706,2017,2,17,Chinese Grand Prix,2017-04-09,Sergio Pérez,PER,11.0,Force India
7168,970,826,5,26,9,1:34.440,1:34.034,1:33.719,2017,2,17,Chinese Grand Prix,2017-04-09,Daniil Kvyat,KVY,26.0,Toro Rosso
7169,970,840,3,18,10,1:33.986,1:34.090,1:34.220,2017,2,17,Chinese Grand Prix,2017-04-09,Lance Stroll,STR,18.0,Williams
7170,970,832,5,55,11,1:34.567,1:34.150,,2017,2,17,Chinese Grand Prix,2017-04-09,Carlos Sainz,SAI,55.0,Toro Rosso
7171,970,825,210,20,12,1:34.942,1:34.164,,2017,2,17,Chinese Grand Prix,2017-04-09,Kevin Magnussen,MAG,20.0,Haas F1 Team
7172,970,4,1,14,13,1:34.499,1:34.372,,2017,2,17,Chinese Grand Prix,2017-04-09,Fernando Alonso,ALO,14.0,McLaren
7173,970,828,15,9,14,1:34.892,1:35.046,,2017,2,17,Chinese Grand Prix,2017-04-09,Marcus Ericsson,ERI,9.0,Sauber
7174,970,841,15,36,15,1:34.963,,,2017,2,17,Chinese Grand Prix,2017-04-09,Antonio Giovinazzi,GIO,99.0,Sauber
7175,970,838,1,2,16,1:35.023,,,2017,2,17,Chinese Grand Prix,2017-04-09,Stoffel Vandoorne,VAN,2.0,McLaren
7176,970,154,210,8,17,1:35.223,,,2017,2,17,Chinese Grand Prix,2017-04-09,Romain Grosjean,GRO,8.0,Haas F1 Team
7177,970,835,4,30,18,1:35.279,,,2017,2,17,Chinese Grand Prix,2017-04-09,Jolyon Palmer,PAL,30.0,Renault
7178,970,830,9,33,19,1:35.433,,,2017,2,17,Chinese Grand Prix,2017-04-09,Max Verstappen,VER,33.0,Red Bull
7179,970,839,10,31,20,1:35.496,,,2017,2,17,Chinese Grand Prix,2017-04-09,Esteban Ocon,OCO,31.0,Force India
7180,971,822,131,77,1,1:31.041,1:29.555,1:28.769,2017,3,3,Bahrain Grand Prix,2017-04-16,Valtteri Bottas,BOT,77.0,Mercedes
7181,971,1,131,44,2,1:30.814,1:29.535,1:28.792,2017,3,3,Bahrain Grand Prix,2017-04-16,Lewis Hamilton,HAM,44.0,Mercedes
7182,971,20,6,5,3,1:31.037,1:29.596,1:29.247,2017,3,3,Bahrain Grand Prix,2017-04-16,Sebastian Vettel,VET,5.0,Ferrari
7183,971,817,9,3,4,1:31.667,1:30.497,1:29.545,2017,3,3,Bahrain Grand Prix,2017-04-16,Daniel Ricciardo,RIC,3.0,Red Bull
7184,971,8,6,7,5,1:30.988,1:29.843,1:29.567,2017,3,3,Bahrain Grand Prix,2017-04-16,Kimi Räikkönen,RAI,7.0,Ferrari
7185,971,830,9,33,6,1:30.904,1:30.307,1:29.687,2017,3,3,Bahrain Grand Prix,2017-04-16,Max Verstappen,VER,33.0,Red Bull
7186,971,807,4,27,7,1:31.057,1:30.169,1:29.842,2017,3,3,Bahrain Grand Prix,2017-04-16,Nico Hülkenberg,HUL,27.0,Renault
7187,971,13,3,19,8,1:31.373,1:30.677,1:30.074,2017,3,3,Bahrain Grand Prix,2017-04-16,Felipe Massa,MAS,19.0,Williams
7188,971,154,210,8,9,1:31.691,1:30.857,1:30.763,2017,3,3,Bahrain Grand Prix,2017-04-16,Romain Grosjean,GRO,8.0,Haas F1 Team
7189,971,835,4,30,10,1:31.458,1:30.899,1:31.074,2017,3,3,Bahrain Grand Prix,2017-04-16,Jolyon Palmer,PAL,30.0,Renault
7190,971,826,5,26,11,1:31.531,1:30.923,,2017,3,3,Bahrain Grand Prix,2017-04-16,Daniil Kvyat,KVY,26.0,Toro Rosso
7191,971,840,3,18,12,1:31.748,1:31.168,,2017,3,3,Bahrain Grand Prix,2017-04-16,Lance Stroll,STR,18.0,Williams
7192,971,836,15,94,13,1:31.995,1:31.414,,2017,3,3,Bahrain Grand Prix,2017-04-16,Pascal Wehrlein,WEH,94.0,Sauber
7193,971,839,10,31,14,1:31.774,1:31.684,,2017,3,3,Bahrain Grand Prix,2017-04-16,Esteban Ocon,OCO,31.0,Force India
7194,971,4,1,14,15,1:32.054,,,2017,3,3,Bahrain Grand Prix,2017-04-16,Fernando Alonso,ALO,14.0,McLaren
7195,971,832,5,55,16,1:32.118,,,2017,3,3,Bahrain Grand Prix,2017-04-16,Carlos Sainz,SAI,55.0,Toro Rosso
7196,971,838,1,2,17,1:32.313,,,2017,3,3,Bahrain Grand Prix,2017-04-16,Stoffel Vandoorne,VAN,2.0,McLaren
7197,971,815,10,11,18,1:32.318,,,2017,3,3,Bahrain Grand Prix,2017-04-16,Sergio Pérez,PER,11.0,Force India
7198,971,828,15,9,19,1:32.543,,,2017,3,3,Bahrain Grand Prix,2017-04-16,Marcus Ericsson,ERI,9.0,Sauber
7199,971,825,210,20,20,1:32.900,,,2017,3,3,Bahrain Grand Prix,2017-04-16,Kevin Magnussen,MAG,20.0,Haas F1 Team
7200,972,20,6,5,1,1:34.493,1:34.038,1:33.194,2017,4,71,Russian Grand Prix,2017-04-30,Sebastian Vettel,VET,5.0,Ferrari
7201,972,8,6,7,2,1:34.953,1:33.663,1:33.253,2017,4,71,Russian Grand Prix,2017-04-30,Kimi Räikkönen,RAI,7.0,Ferrari
7202,972,822,131,77,3,1:34.041,1:33.264,1:33.289,2017,4,71,Russian Grand Prix,2017-04-30,Valtteri Bottas,BOT,77.0,Mercedes
7203,972,1,131,44,4,1:34.409,1:33.760,1:33.767,2017,4,71,Russian Grand Prix,2017-04-30,Lewis Hamilton,HAM,44.0,Mercedes
7204,972,817,9,3,5,1:35.560,1:35.483,1:34.905,2017,4,71,Russian Grand Prix,2017-04-30,Daniel Ricciardo,RIC,3.0,Red Bull
7205,972,13,3,19,6,1:35.828,1:35.049,1:35.110,2017,4,71,Russian Grand Prix,2017-04-30,Felipe Massa,MAS,19.0,Williams
7206,972,830,9,33,7,1:35.301,1:35.221,1:35.161,2017,4,71,Russian Grand Prix,2017-04-30,Max Verstappen,VER,33.0,Red Bull
7207,972,807,4,27,8,1:35.507,1:35.328,1:35.285,2017,4,71,Russian Grand Prix,2017-04-30,Nico Hülkenberg,HUL,27.0,Renault
7208,972,815,10,11,9,1:36.185,1:35.513,1:35.337,2017,4,71,Russian Grand Prix,2017-04-30,Sergio Pérez,PER,11.0,Force India
7209,972,839,10,31,10,1:35.372,1:35.729,1:35.430,2017,4,71,Russian Grand Prix,2017-04-30,Esteban Ocon,OCO,31.0,Force India
7210,972,832,5,55,11,1:35.827,1:35.948,,2017,4,71,Russian Grand Prix,2017-04-30,Carlos Sainz,SAI,55.0,Toro Rosso
7211,972,840,3,18,12,1:36.279,1:35.964,,2017,4,71,Russian Grand Prix,2017-04-30,Lance Stroll,STR,18.0,Williams
7212,972,826,5,26,13,1:35.984,1:35.968,,2017,4,71,Russian Grand Prix,2017-04-30,Daniil Kvyat,KVY,26.0,Toro Rosso
7213,972,825,210,20,14,1:36.408,1:36.017,,2017,4,71,Russian Grand Prix,2017-04-30,Kevin Magnussen,MAG,20.0,Haas F1 Team
7214,972,4,1,14,15,1:36.353,1:36.660,,2017,4,71,Russian Grand Prix,2017-04-30,Fernando Alonso,ALO,14.0,McLaren
7215,972,835,4,30,16,1:36.462,,,2017,4,71,Russian Grand Prix,2017-04-30,Jolyon Palmer,PAL,30.0,Renault
7216,972,838,1,2,17,1:37.070,,,2017,4,71,Russian Grand Prix,2017-04-30,Stoffel Vandoorne,VAN,2.0,McLaren
7217,972,836,15,94,18,1:37.332,,,2017,4,71,Russian Grand Prix,2017-04-30,Pascal Wehrlein,WEH,94.0,Sauber
7218,972,828,15,9,19,1:37.507,,,2017,4,71,Russian Grand Prix,2017-04-30,Marcus Ericsson,ERI,9.0,Sauber
7219,972,154,210,8,20,1:37.620,,,2017,4,71,Russian Grand Prix,2017-04-30,Romain Grosjean,GRO,8.0,Haas F1 Team
7220,973,1,131,44,1,1:20.511,1:20.210,1:19.149,2017,5,4,Spanish Grand Prix,2017-05-14,Lewis Hamilton,HAM,44.0,Mercedes
7221,973,20,6,5,2,1:20.939,1:20.295,1:19.200,2017,5,4,Spanish Grand Prix,2017-05-14,Sebastian Vettel,VET,5.0,Ferrari
7222,973,822,131,77,3,1:20.991,1:20.300,1:19.373,2017,5,4,Spanish Grand Prix,2017-05-14,Valtteri Bottas,BOT,77.0,Mercedes
7223,973,8,6,7,4,1:20.742,1:20.621,1:19.439,2017,5,4,Spanish Grand Prix,2017-05-14,Kimi Räikkönen,RAI,7.0,Ferrari
7224,973,830,9,33,5,1:21.430,1:20.722,1:19.706,2017,5,4,Spanish Grand Prix,2017-05-14,Max Verstappen,VER,33.0,Red Bull
7225,973,817,9,3,6,1:21.704,1:20.855,1:20.175,2017,5,4,Spanish Grand Prix,2017-05-14,Daniel Ricciardo,RIC,3.0,Red Bull
7226,973,4,1,14,7,1:22.015,1:21.251,1:21.048,2017,5,4,Spanish Grand Prix,2017-05-14,Fernando Alonso,ALO,14.0,McLaren
7227,973,815,10,11,8,1:21.998,1:21.239,1:21.070,2017,5,4,Spanish Grand Prix,2017-05-14,Sergio Pérez,PER,11.0,Force India
7228,973,13,3,19,9,1:22.138,1:21.222,1:21.232,2017,5,4,Spanish Grand Prix,2017-05-14,Felipe Massa,MAS,19.0,Williams
7229,973,839,10,31,10,1:21.901,1:21.148,1:21.272,2017,5,4,Spanish Grand Prix,2017-05-14,Esteban Ocon,OCO,31.0,Force India
7230,973,825,210,20,11,1:21.945,1:21.329,,2017,5,4,Spanish Grand Prix,2017-05-14,Kevin Magnussen,MAG,20.0,Haas F1 Team
7231,973,832,5,55,12,1:21.941,1:21.371,,2017,5,4,Spanish Grand Prix,2017-05-14,Carlos Sainz,SAI,55.0,Toro Rosso
7232,973,807,4,27,13,1:22.091,1:21.397,,2017,5,4,Spanish Grand Prix,2017-05-14,Nico Hülkenberg,HUL,27.0,Renault
7233,973,154,210,8,14,1:21.822,1:21.517,,2017,5,4,Spanish Grand Prix,2017-05-14,Romain Grosjean,GRO,8.0,Haas F1 Team
7234,973,836,15,94,15,1:22.327,1:21.803,,2017,5,4,Spanish Grand Prix,2017-05-14,Pascal Wehrlein,WEH,94.0,Sauber
7235,973,828,15,9,16,1:22.332,,,2017,5,4,Spanish Grand Prix,2017-05-14,Marcus Ericsson,ERI,9.0,Sauber
7236,973,835,4,30,17,1:22.401,,,2017,5,4,Spanish Grand Prix,2017-05-14,Jolyon Palmer,PAL,30.0,Renault
7237,973,840,3,18,18,1:22.411,,,2017,5,4,Spanish Grand Prix,2017-05-14,Lance Stroll,STR,18.0,Williams
7238,973,838,1,2,19,1:22.532,,,2017,5,4,Spanish Grand Prix,2017-05-14,Stoffel Vandoorne,VAN,2.0,McLaren
7239,973,826,5,26,20,1:22.746,,,2017,5,4,Spanish Grand Prix,2017-05-14,Daniil Kvyat,KVY,26.0,Toro Rosso
7240,974,8,6,7,1,1:13.117,1:12.231,1:12.178,2017,6,6,Monaco Grand Prix,2017-05-28,Kimi Räikkönen,RAI,7.0,Ferrari
7241,974,20,6,5,2,1:13.090,1:12.449,1:12.221,2017,6,6,Monaco Grand Prix,2017-05-28,Sebastian Vettel,VET,5.0,Ferrari
7242,974,822,131,77,3,1:13.325,1:12.901,1:12.223,2017,6,6,Monaco Grand Prix,2017-05-28,Valtteri Bottas,BOT,77.0,Mercedes
7243,974,830,9,33,4,1:13.078,1:12.697,1:12.496,2017,6,6,Monaco Grand Prix,2017-05-28,Max Verstappen,VER,33.0,Red Bull
7244,974,817,9,3,5,1:13.219,1:13.011,1:12.998,2017,6,6,Monaco Grand Prix,2017-05-28,Daniel Ricciardo,RIC,3.0,Red Bull
7245,974,832,5,55,6,1:13.526,1:13.397,1:13.162,2017,6,6,Monaco Grand Prix,2017-05-28,Carlos Sainz,SAI,55.0,Toro Rosso
7246,974,815,10,11,7,1:13.530,1:13.430,1:13.329,2017,6,6,Monaco Grand Prix,2017-05-28,Sergio Pérez,PER,11.0,Force India
7247,974,154,210,8,8,1:13.786,1:13.203,1:13.349,2017,6,6,Monaco Grand Prix,2017-05-28,Romain Grosjean,GRO,8.0,Haas F1 Team
7248,974,18,1,22,9,1:13.723,1:13.453,1:13.613,2017,6,6,Monaco Grand Prix,2017-05-28,Jenson Button,BUT,22.0,McLaren
7249,974,838,1,2,10,1:13.476,1:13.249,,2017,6,6,Monaco Grand Prix,2017-05-28,Stoffel Vandoorne,VAN,2.0,McLaren
7250,974,826,5,26,11,1:13.899,1:13.516,,2017,6,6,Monaco Grand Prix,2017-05-28,Daniil Kvyat,KVY,26.0,Toro Rosso
7251,974,807,4,27,12,1:13.787,1:13.628,,2017,6,6,Monaco Grand Prix,2017-05-28,Nico Hülkenberg,HUL,27.0,Renault
7252,974,825,210,20,13,1:13.531,1:13.959,,2017,6,6,Monaco Grand Prix,2017-05-28,Kevin Magnussen,MAG,20.0,Haas F1 Team
7253,974,1,131,44,14,1:13.640,1:14.106,,2017,6,6,Monaco Grand Prix,2017-05-28,Lewis Hamilton,HAM,44.0,Mercedes
7254,974,13,3,19,15,1:13.796,1:20.529,,2017,6,6,Monaco Grand Prix,2017-05-28,Felipe Massa,MAS,19.0,Williams
7255,974,839,10,31,16,1:14.101,,,2017,6,6,Monaco Grand Prix,2017-05-28,Esteban Ocon,OCO,31.0,Force India
7256,974,835,4,30,17,1:14.696,,,2017,6,6,Monaco Grand Prix,2017-05-28,Jolyon Palmer,PAL,30.0,Renault
7257,974,840,3,18,18,1:14.893,,,2017,6,6,Monaco Grand Prix,2017-05-28,Lance Stroll,STR,18.0,Williams
7258,974,836,15,94,19,1:15.159,,,2017,6,6,Monaco Grand Prix,2017-05-28,Pascal Wehrlein,WEH,94.0,Sauber
7259,974,828,15,9,20,1:15.276,,,2017,6,6,Monaco Grand Prix,2017-05-28,Marcus Ericsson,ERI,9.0,Sauber
7260,975,1,131,44,1,1:12.692,1:12.496,1:11.459,2017,7,7,Canadian Grand Prix,2017-06-11,Lewis Hamilton,HAM,44.0,Mercedes
7261,975,20,6,5,2,1:13.046,1:12.749,1:11.789,2017,7,7,Canadian Grand Prix,2017-06-11,Sebastian Vettel,VET,5.0,Ferrari
7262,975,822,131,77,3,1:12.685,1:12.563,1:12.177,2017,7,7,Canadian Grand Prix,2017-06-11,Valtteri Bottas,BOT,77.0,Mercedes
7263,975,8,6,7,4,1:13.548,1:12.580,1:12.252,2017,7,7,Canadian Grand Prix,2017-06-11,Kimi Räikkönen,RAI,7.0,Ferrari
7264,975,830,9,33,5,1:13.177,1:12.751,1:12.403,2017,7,7,Canadian Grand Prix,2017-06-11,Max Verstappen,VER,33.0,Red Bull
7265,975,817,9,3,6,1:13.543,1:12.810,1:12.557,2017,7,7,Canadian Grand Prix,2017-06-11,Daniel Ricciardo,RIC,3.0,Red Bull
7266,975,13,3,19,7,1:13.435,1:13.012,1:12.858,2017,7,7,Canadian Grand Prix,2017-06-11,Felipe Massa,MAS,19.0,Williams
7267,975,815,10,11,8,1:13.470,1:13.262,1:13.018,2017,7,7,Canadian Grand Prix,2017-06-11,Sergio Pérez,PER,11.0,Force India
7268,975,839,10,31,9,1:13.520,1:13.320,1:13.135,2017,7,7,Canadian Grand Prix,2017-06-11,Esteban Ocon,OCO,31.0,Force India
7269,975,807,4,27,10,1:13.804,1:13.406,1:13.271,2017,7,7,Canadian Grand Prix,2017-06-11,Nico Hülkenberg,HUL,27.0,Renault
7270,975,826,5,26,11,1:13.802,1:13.690,,2017,7,7,Canadian Grand Prix,2017-06-11,Daniil Kvyat,KVY,26.0,Toro Rosso
7271,975,4,1,14,12,1:13.669,1:13.693,,2017,7,7,Canadian Grand Prix,2017-06-11,Fernando Alonso,ALO,14.0,McLaren
7272,975,832,5,55,13,1:14.051,1:13.756,,2017,7,7,Canadian Grand Prix,2017-06-11,Carlos Sainz,SAI,55.0,Toro Rosso
7273,975,154,210,8,14,1:13.780,1:13.839,,2017,7,7,Canadian Grand Prix,2017-06-11,Romain Grosjean,GRO,8.0,Haas F1 Team
7274,975,835,4,30,15,1:13.990,1:14.293,,2017,7,7,Canadian Grand Prix,2017-06-11,Jolyon Palmer,PAL,30.0,Renault
7275,975,838,1,2,16,1:14.182,,,2017,7,7,Canadian Grand Prix,2017-06-11,Stoffel Vandoorne,VAN,2.0,McLaren
7276,975,840,3,18,17,1:14.209,,,2017,7,7,Canadian Grand Prix,2017-06-11,Lance Stroll,STR,18.0,Williams
7277,975,825,210,20,18,1:14.318,,,2017,7,7,Canadian Grand Prix,2017-06-11,Kevin Magnussen,MAG,20.0,Haas F1 Team
7278,975,828,15,9,19,1:14.495,,,2017,7,7,Canadian Grand Prix,2017-06-11,Marcus Ericsson,ERI,9.0,Sauber
7279,975,836,15,94,20,1:14.810,,,2017,7,7,Canadian Grand Prix,2017-06-11,Pascal Wehrlein,WEH,94.0,Sauber
7280,976,1,131,44,1,1:41.983,1:41.275,1:40.593,2017,8,73,Azerbaijan Grand Prix,2017-06-25,Lewis Hamilton,HAM,44.0,Mercedes
7281,976,822,131,77,2,1:43.026,1:41.502,1:41.027,2017,8,73,Azerbaijan Grand Prix,2017-06-25,Valtteri Bottas,BOT,77.0,Mercedes
7282,976,8,6,7,3,1:42.678,1:42.090,1:41.693,2017,8,73,Azerbaijan Grand Prix,2017-06-25,Kimi Räikkönen,RAI,7.0,Ferrari
7283,976,20,6,5,4,1:42.952,1:41.911,1:41.841,2017,8,73,Azerbaijan Grand Prix,2017-06-25,Sebastian Vettel,VET,5.0,Ferrari
7284,976,830,9,33,5,1:42.544,1:41.961,1:41.879,2017,8,73,Azerbaijan Grand Prix,2017-06-25,Max Verstappen,VER,33.0,Red Bull
7285,976,815,10,11,6,1:43.162,1:42.467,1:42.111,2017,8,73,Azerbaijan Grand Prix,2017-06-25,Sergio Pérez,PER,11.0,Force India
7286,976,839,10,31,7,1:43.051,1:42.751,1:42.186,2017,8,73,Azerbaijan Grand Prix,2017-06-25,Esteban Ocon,OCO,31.0,Force India
7287,976,840,3,18,8,1:43.613,1:42.284,1:42.753,2017,8,73,Azerbaijan Grand Prix,2017-06-25,Lance Stroll,STR,18.0,Williams
7288,976,13,3,19,9,1:43.165,1:42.735,1:42.798,2017,8,73,Azerbaijan Grand Prix,2017-06-25,Felipe Massa,MAS,19.0,Williams
7289,976,817,9,3,10,1:42.857,1:42.215,1:43.414,2017,8,73,Azerbaijan Grand Prix,2017-06-25,Daniel Ricciardo,RIC,3.0,Red Bull
7290,976,826,5,26,11,1:42.927,1:43.186,,2017,8,73,Azerbaijan Grand Prix,2017-06-25,Daniil Kvyat,KVY,26.0,Toro Rosso
7291,976,832,5,55,12,1:43.489,1:43.347,,2017,8,73,Azerbaijan Grand Prix,2017-06-25,Carlos Sainz,SAI,55.0,Toro Rosso
7292,976,825,210,20,13,1:44.029,1:43.796,,2017,8,73,Azerbaijan Grand Prix,2017-06-25,Kevin Magnussen,MAG,20.0,Haas F1 Team
7293,976,807,4,27,14,1:43.930,1:44.267,,2017,8,73,Azerbaijan Grand Prix,2017-06-25,Nico Hülkenberg,HUL,27.0,Renault
7294,976,836,15,94,15,1:44.317,1:44.603,,2017,8,73,Azerbaijan Grand Prix,2017-06-25,Pascal Wehrlein,WEH,94.0,Sauber
7295,976,4,1,14,16,1:44.334,,,2017,8,73,Azerbaijan Grand Prix,2017-06-25,Fernando Alonso,ALO,14.0,McLaren
7296,976,154,210,8,17,1:44.468,,,2017,8,73,Azerbaijan Grand Prix,2017-06-25,Romain Grosjean,GRO,8.0,Haas F1 Team
7297,976,828,15,9,18,1:44.795,,,2017,8,73,Azerbaijan Grand Prix,2017-06-25,Marcus Ericsson,ERI,9.0,Sauber
7298,976,838,1,2,19,1:45.030,,,2017,8,73,Azerbaijan Grand Prix,2017-06-25,Stoffel Vandoorne,VAN,2.0,McLaren
7300,977,822,131,77,1,1:05.760,1:04.316,1:04.251,2017,9,70,Austrian Grand Prix,2017-07-09,Valtteri Bottas,BOT,77.0,Mercedes
7301,977,20,6,5,2,1:05.585,1:04.772,1:04.293,2017,9,70,Austrian Grand Prix,2017-07-09,Sebastian Vettel,VET,5.0,Ferrari
7302,977,1,131,44,3,1:05.064,1:04.800,1:04.424,2017,9,70,Austrian Grand Prix,2017-07-09,Lewis Hamilton,HAM,44.0,Mercedes
7303,977,8,6,7,4,1:05.148,1:05.004,1:04.779,2017,9,70,Austrian Grand Prix,2017-07-09,Kimi Räikkönen,RAI,7.0,Ferrari
7304,977,817,9,3,5,1:05.854,1:05.161,1:04.896,2017,9,70,Austrian Grand Prix,2017-07-09,Daniel Ricciardo,RIC,3.0,Red Bull
7305,977,830,9,33,6,1:05.779,1:04.948,1:04.983,2017,9,70,Austrian Grand Prix,2017-07-09,Max Verstappen,VER,33.0,Red Bull
7306,977,154,210,8,7,1:05.902,1:05.319,1:05.480,2017,9,70,Austrian Grand Prix,2017-07-09,Romain Grosjean,GRO,8.0,Haas F1 Team
7307,977,815,10,11,8,1:05.975,1:05.435,1:05.605,2017,9,70,Austrian Grand Prix,2017-07-09,Sergio Pérez,PER,11.0,Force India
7308,977,839,10,31,9,1:06.033,1:05.550,1:05.674,2017,9,70,Austrian Grand Prix,2017-07-09,Esteban Ocon,OCO,31.0,Force India
7309,977,832,5,55,10,1:05.675,1:05.544,1:05.726,2017,9,70,Austrian Grand Prix,2017-07-09,Carlos Sainz,SAI,55.0,Toro Rosso
7310,977,807,4,27,11,1:06.174,1:05.597,,2017,9,70,Austrian Grand Prix,2017-07-09,Nico Hülkenberg,HUL,27.0,Renault
7311,977,4,1,14,12,1:06.158,1:05.602,,2017,9,70,Austrian Grand Prix,2017-07-09,Fernando Alonso,ALO,14.0,McLaren
7312,977,838,1,2,13,1:06.316,1:05.741,,2017,9,70,Austrian Grand Prix,2017-07-09,Stoffel Vandoorne,VAN,2.0,McLaren
7313,977,826,5,26,14,1:05.990,1:05.884,,2017,9,70,Austrian Grand Prix,2017-07-09,Daniil Kvyat,KVY,26.0,Toro Rosso
7314,977,825,210,20,15,1:06.143,,,2017,9,70,Austrian Grand Prix,2017-07-09,Kevin Magnussen,MAG,20.0,Haas F1 Team
7315,977,835,4,30,16,1:06.345,,,2017,9,70,Austrian Grand Prix,2017-07-09,Jolyon Palmer,PAL,30.0,Renault
7316,977,13,3,19,17,1:06.534,,,2017,9,70,Austrian Grand Prix,2017-07-09,Felipe Massa,MAS,19.0,Williams
7317,977,840,3,18,18,1:06.608,,,2017,9,70,Austrian Grand Prix,2017-07-09,Lance Stroll,STR,18.0,Williams
7318,977,828,15,9,19,1:06.857,,,2017,9,70,Austrian Grand Prix,2017-07-09,Marcus Ericsson,ERI,9.0,Sauber
7319,977,836,15,94,20,1:07.011,,,2017,9,70,Austrian Grand Prix,2017-07-09,Pascal Wehrlein,WEH,94.0,Sauber
7320,978,1,131,44,1,1:39.069,1:27.893,1:26.600,2017,10,9,British Grand Prix,2017-07-16,Lewis Hamilton,HAM,44.0,Mercedes
7321,978,8,6,7,2,1:40.455,1:28.992,1:27.147,2017,10,9,British Grand Prix,2017-07-16,Kimi Räikkönen,RAI,7.0,Ferrari
7322,978,20,6,5,3,1:39.962,1:28.978,1:27.356,2017,10,9,British Grand Prix,2017-07-16,Sebastian Vettel,VET,5.0,Ferrari
7323,978,822,131,77,4,1:39.698,1:28.732,1:27.376,2017,10,9,British Grand Prix,2017-07-16,Valtteri Bottas,BOT,77.0,Mercedes
7324,978,830,9,33,5,1:38.912,1:29.431,1:28.130,2017,10,9,British Grand Prix,2017-07-16,Max Verstappen,VER,33.0,Red Bull
7325,978,807,4,27,6,1:39.201,1:29.340,1:28.856,2017,10,9,British Grand Prix,2017-07-16,Nico Hülkenberg,HUL,27.0,Renault
7326,978,815,10,11,7,1:42.009,1:29.824,1:28.902,2017,10,9,British Grand Prix,2017-07-16,Sergio Pérez,PER,11.0,Force India
7327,978,839,10,31,8,1:39.738,1:29.701,1:29.074,2017,10,9,British Grand Prix,2017-07-16,Esteban Ocon,OCO,31.0,Force India
7328,978,838,1,2,9,1:40.011,1:30.105,1:29.418,2017,10,9,British Grand Prix,2017-07-16,Stoffel Vandoorne,VAN,2.0,McLaren
7329,978,154,210,8,10,1:42.042,1:29.966,1:29.549,2017,10,9,British Grand Prix,2017-07-16,Romain Grosjean,GRO,8.0,Haas F1 Team
7330,978,835,4,30,11,1:41.404,1:30.193,,2017,10,9,British Grand Prix,2017-07-16,Jolyon Palmer,PAL,30.0,Renault
7331,978,826,5,26,12,1:41.726,1:30.355,,2017,10,9,British Grand Prix,2017-07-16,Daniil Kvyat,KVY,26.0,Toro Rosso
7332,978,4,1,14,13,1:37.598,1:30.600,,2017,10,9,British Grand Prix,2017-07-16,Fernando Alonso,ALO,14.0,McLaren
7333,978,832,5,55,14,1:41.114,1:31.368,,2017,10,9,British Grand Prix,2017-07-16,Carlos Sainz,SAI,55.0,Toro Rosso
7334,978,13,3,19,15,1:41.874,1:31.482,,2017,10,9,British Grand Prix,2017-07-16,Felipe Massa,MAS,19.0,Williams
7335,978,840,3,18,16,1:42.573,,,2017,10,9,British Grand Prix,2017-07-16,Lance Stroll,STR,18.0,Williams
7336,978,825,210,20,17,1:42.577,,,2017,10,9,British Grand Prix,2017-07-16,Kevin Magnussen,MAG,20.0,Haas F1 Team
7337,978,836,15,94,18,1:42.593,,,2017,10,9,British Grand Prix,2017-07-16,Pascal Wehrlein,WEH,94.0,Sauber
7338,978,828,15,9,19,1:42.633,,,2017,10,9,British Grand Prix,2017-07-16,Marcus Ericsson,ERI,9.0,Sauber
7339,978,817,9,3,20,1:42.966,,,2017,10,9,British Grand Prix,2017-07-16,Daniel Ricciardo,RIC,3.0,Red Bull
7340,979,20,6,5,1,1:17.244,1:16.802,1:16.276,2017,11,11,Hungarian Grand Prix,2017-07-30,Sebastian Vettel,VET,5.0,Ferrari
7341,979,8,6,7,2,1:17.364,1:17.207,1:16.444,2017,11,11,Hungarian Grand Prix,2017-07-30,Kimi Räikkönen,RAI,7.0,Ferrari
7342,979,822,131,77,3,1:18.058,1:17.362,1:16.530,2017,11,11,Hungarian Grand Prix,2017-07-30,Valtteri Bottas,BOT,77.0,Mercedes
7343,979,1,131,44,4,1:17.492,1:16.693,1:16.707,2017,11,11,Hungarian Grand Prix,2017-07-30,Lewis Hamilton,HAM,44.0,Mercedes
7344,979,830,9,33,5,1:17.266,1:17.028,1:16.797,2017,11,11,Hungarian Grand Prix,2017-07-30,Max Verstappen,VER,33.0,Red Bull
7345,979,817,9,3,6,1:17.702,1:17.698,1:16.818,2017,11,11,Hungarian Grand Prix,2017-07-30,Daniel Ricciardo,RIC,3.0,Red Bull
7346,979,807,4,27,7,1:18.137,1:17.655,1:17.468,2017,11,11,Hungarian Grand Prix,2017-07-30,Nico Hülkenberg,HUL,27.0,Renault
7347,979,4,1,14,8,1:18.395,1:17.919,1:17.549,2017,11,11,Hungarian Grand Prix,2017-07-30,Fernando Alonso,ALO,14.0,McLaren
7348,979,838,1,2,9,1:18.479,1:18.000,1:17.894,2017,11,11,Hungarian Grand Prix,2017-07-30,Stoffel Vandoorne,VAN,2.0,McLaren
7349,979,832,5,55,10,1:18.948,1:18.311,1:18.912,2017,11,11,Hungarian Grand Prix,2017-07-30,Carlos Sainz,SAI,55.0,Toro Rosso
7350,979,835,4,30,11,1:18.699,1:18.415,,2017,11,11,Hungarian Grand Prix,2017-07-30,Jolyon Palmer,PAL,30.0,Renault
7351,979,839,10,31,12,1:18.843,1:18.495,,2017,11,11,Hungarian Grand Prix,2017-07-30,Esteban Ocon,OCO,31.0,Force India
7352,979,826,5,26,13,1:18.702,1:18.538,,2017,11,11,Hungarian Grand Prix,2017-07-30,Daniil Kvyat,KVY,26.0,Toro Rosso
7353,979,815,10,11,14,1:19.095,1:18.639,,2017,11,11,Hungarian Grand Prix,2017-07-30,Sergio Pérez,PER,11.0,Force India
7354,979,154,210,8,15,1:19.085,1:18.771,,2017,11,11,Hungarian Grand Prix,2017-07-30,Romain Grosjean,GRO,8.0,Haas F1 Team
7355,979,825,210,20,16,1:19.095,,,2017,11,11,Hungarian Grand Prix,2017-07-30,Kevin Magnussen,MAG,20.0,Haas F1 Team
7356,979,840,3,18,17,1:19.102,,,2017,11,11,Hungarian Grand Prix,2017-07-30,Lance Stroll,STR,18.0,Williams
7357,979,836,15,94,18,1:19.839,,,2017,11,11,Hungarian Grand Prix,2017-07-30,Pascal Wehrlein,WEH,94.0,Sauber
7358,979,814,3,40,19,1:19.868,,,2017,11,11,Hungarian Grand Prix,2017-07-30,Paul di Resta,DIR,40.0,Williams
7359,979,828,15,9,20,1:19.972,,,2017,11,11,Hungarian Grand Prix,2017-07-30,Marcus Ericsson,ERI,9.0,Sauber
7360,980,1,131,44,1,1:44.184,1:42.927,1:42.553,2017,12,13,Belgian Grand Prix,2017-08-27,Lewis Hamilton,HAM,44.0,Mercedes
7361,980,20,6,5,2,1:44.275,1:43.987,1:42.795,2017,12,13,Belgian Grand Prix,2017-08-27,Sebastian Vettel,VET,5.0,Ferrari
7362,980,822,131,77,3,1:44.773,1:43.249,1:43.094,2017,12,13,Belgian Grand Prix,2017-08-27,Valtteri Bottas,BOT,77.0,Mercedes
7363,980,8,6,7,4,1:44.729,1:43.700,1:43.270,2017,12,13,Belgian Grand Prix,2017-08-27,Kimi Räikkönen,RAI,7.0,Ferrari
7364,980,830,9,33,5,1:44.535,1:43.940,1:43.380,2017,12,13,Belgian Grand Prix,2017-08-27,Max Verstappen,VER,33.0,Red Bull
7365,980,817,9,3,6,1:45.114,1:44.224,1:43.863,2017,12,13,Belgian Grand Prix,2017-08-27,Daniel Ricciardo,RIC,3.0,Red Bull
7366,980,807,4,27,7,1:45.280,1:44.988,1:44.982,2017,12,13,Belgian Grand Prix,2017-08-27,Nico Hülkenberg,HUL,27.0,Renault
7367,980,815,10,11,8,1:45.591,1:44.894,1:45.244,2017,12,13,Belgian Grand Prix,2017-08-27,Sergio Pérez,PER,11.0,Force India
7368,980,839,10,31,9,1:45.277,1:45.006,1:45.369,2017,12,13,Belgian Grand Prix,2017-08-27,Esteban Ocon,OCO,31.0,Force India
7369,980,835,4,30,10,1:45.447,1:44.685,,2017,12,13,Belgian Grand Prix,2017-08-27,Jolyon Palmer,PAL,30.0,Renault
7370,980,4,1,14,11,1:45.668,1:45.090,,2017,12,13,Belgian Grand Prix,2017-08-27,Fernando Alonso,ALO,14.0,McLaren
7371,980,154,210,8,12,1:45.728,1:45.133,,2017,12,13,Belgian Grand Prix,2017-08-27,Romain Grosjean,GRO,8.0,Haas F1 Team
7372,980,825,210,20,13,1:45.535,1:45.400,,2017,12,13,Belgian Grand Prix,2017-08-27,Kevin Magnussen,MAG,20.0,Haas F1 Team
7373,980,832,5,55,14,1:45.374,1:45.439,,2017,12,13,Belgian Grand Prix,2017-08-27,Carlos Sainz,SAI,55.0,Toro Rosso
7374,980,838,1,2,15,1:45.441,,,2017,12,13,Belgian Grand Prix,2017-08-27,Stoffel Vandoorne,VAN,2.0,McLaren
7375,980,13,3,19,16,1:45.823,,,2017,12,13,Belgian Grand Prix,2017-08-27,Felipe Massa,MAS,19.0,Williams
7376,980,826,5,26,17,1:46.028,,,2017,12,13,Belgian Grand Prix,2017-08-27,Daniil Kvyat,KVY,26.0,Toro Rosso
7377,980,840,3,18,18,1:46.915,,,2017,12,13,Belgian Grand Prix,2017-08-27,Lance Stroll,STR,18.0,Williams
7378,980,828,15,9,19,1:47.214,,,2017,12,13,Belgian Grand Prix,2017-08-27,Marcus Ericsson,ERI,9.0,Sauber
7379,980,836,15,94,20,1:47.679,,,2017,12,13,Belgian Grand Prix,2017-08-27,Pascal Wehrlein,WEH,94.0,Sauber
7380,981,1,131,44,1,1:36.009,1:34.660,1:35.554,2017,13,14,Italian Grand Prix,2017-09-03,Lewis Hamilton,HAM,44.0,Mercedes
7381,981,830,9,33,2,1:37.344,1:36.113,1:36.702,2017,13,14,Italian Grand Prix,2017-09-03,Max Verstappen,VER,33.0,Red Bull
7382,981,817,9,3,3,1:38.304,1:37.313,1:36.841,2017,13,14,Italian Grand Prix,2017-09-03,Daniel Ricciardo,RIC,3.0,Red Bull
7383,981,840,3,18,4,1:37.653,1:37.002,1:37.032,2017,13,14,Italian Grand Prix,2017-09-03,Lance Stroll,STR,18.0,Williams
7384,981,839,10,31,5,1:38.775,1:37.580,1:37.719,2017,13,14,Italian Grand Prix,2017-09-03,Esteban Ocon,OCO,31.0,Force India
7385,981,822,131,77,6,1:35.716,1:35.396,1:37.833,2017,13,14,Italian Grand Prix,2017-09-03,Valtteri Bottas,BOT,77.0,Mercedes
7386,981,8,6,7,7,1:38.235,1:37.031,1:37.987,2017,13,14,Italian Grand Prix,2017-09-03,Kimi Räikkönen,RAI,7.0,Ferrari
7387,981,20,6,5,8,1:37.198,1:36.223,1:38.064,2017,13,14,Italian Grand Prix,2017-09-03,Sebastian Vettel,VET,5.0,Ferrari
7388,981,13,3,19,9,1:38.338,1:37.456,1:38.251,2017,13,14,Italian Grand Prix,2017-09-03,Felipe Massa,MAS,19.0,Williams
7389,981,838,1,2,10,1:38.767,1:37.471,1:39.157,2017,13,14,Italian Grand Prix,2017-09-03,Stoffel Vandoorne,VAN,2.0,McLaren
7390,981,815,10,11,11,1:38.511,1:37.582,,2017,13,14,Italian Grand Prix,2017-09-03,Sergio Pérez,PER,11.0,Force India
7391,981,807,4,27,12,1:39.242,1:38.059,,2017,13,14,Italian Grand Prix,2017-09-03,Nico Hülkenberg,HUL,27.0,Renault
7392,981,4,1,14,13,1:39.134,1:38.202,,2017,13,14,Italian Grand Prix,2017-09-03,Fernando Alonso,ALO,14.0,McLaren
7393,981,826,5,26,14,1:39.183,1:38.245,,2017,13,14,Italian Grand Prix,2017-09-03,Daniil Kvyat,KVY,26.0,Toro Rosso
7394,981,832,5,55,15,1:39.788,1:38.526,,2017,13,14,Italian Grand Prix,2017-09-03,Carlos Sainz,SAI,55.0,Toro Rosso
7395,981,825,210,20,16,1:40.489,,,2017,13,14,Italian Grand Prix,2017-09-03,Kevin Magnussen,MAG,20.0,Haas F1 Team
7396,981,835,4,30,17,1:40.646,,,2017,13,14,Italian Grand Prix,2017-09-03,Jolyon Palmer,PAL,30.0,Renault
7397,981,828,15,9,18,1:41.732,,,2017,13,14,Italian Grand Prix,2017-09-03,Marcus Ericsson,ERI,9.0,Sauber
7398,981,836,15,94,19,1:41.875,,,2017,13,14,Italian Grand Prix,2017-09-03,Pascal Wehrlein,WEH,94.0,Sauber
7399,981,154,210,8,20,1:43.355,,,2017,13,14,Italian Grand Prix,2017-09-03,Romain Grosjean,GRO,8.0,Haas F1 Team
7400,982,20,6,5,1,1:43.336,1:40.529,1:39.491,2017,14,15,Singapore Grand Prix,2017-09-17,Sebastian Vettel,VET,5.0,Ferrari
7401,982,830,9,33,2,1:42.010,1:40.332,1:39.814,2017,14,15,Singapore Grand Prix,2017-09-17,Max Verstappen,VER,33.0,Red Bull
7402,982,817,9,3,3,1:42.063,1:40.385,1:39.840,2017,14,15,Singapore Grand Prix,2017-09-17,Daniel Ricciardo,RIC,3.0,Red Bull
7403,982,8,6,7,4,1:43.328,1:40.525,1:40.069,2017,14,15,Singapore Grand Prix,2017-09-17,Kimi Räikkönen,RAI,7.0,Ferrari
7404,982,1,131,44,5,1:42.455,1:40.577,1:40.126,2017,14,15,Singapore Grand Prix,2017-09-17,Lewis Hamilton,HAM,44.0,Mercedes
7405,982,822,131,77,6,1:43.137,1:41.409,1:40.810,2017,14,15,Singapore Grand Prix,2017-09-17,Valtteri Bottas,BOT,77.0,Mercedes
7406,982,807,4,27,7,1:42.586,1:41.277,1:41.013,2017,14,15,Singapore Grand Prix,2017-09-17,Nico Hülkenberg,HUL,27.0,Renault
7407,982,4,1,14,8,1:42.086,1:41.442,1:41.179,2017,14,15,Singapore Grand Prix,2017-09-17,Fernando Alonso,ALO,14.0,McLaren
7408,982,838,1,2,9,1:42.222,1:41.227,1:41.398,2017,14,15,Singapore Grand Prix,2017-09-17,Stoffel Vandoorne,VAN,2.0,McLaren
7409,982,832,5,55,10,1:42.176,1:41.826,1:42.056,2017,14,15,Singapore Grand Prix,2017-09-17,Carlos Sainz,SAI,55.0,Toro Rosso
7410,982,835,4,30,11,1:42.472,1:42.107,,2017,14,15,Singapore Grand Prix,2017-09-17,Jolyon Palmer,PAL,30.0,Renault
7411,982,815,10,11,12,1:43.594,1:42.246,,2017,14,15,Singapore Grand Prix,2017-09-17,Sergio Pérez,PER,11.0,Force India
7412,982,826,5,26,13,1:42.544,1:42.338,,2017,14,15,Singapore Grand Prix,2017-09-17,Daniil Kvyat,KVY,26.0,Toro Rosso
7413,982,839,10,31,14,1:43.626,1:42.760,,2017,14,15,Singapore Grand Prix,2017-09-17,Esteban Ocon,OCO,31.0,Force India
7414,982,154,210,8,15,1:43.627,1:43.883,,2017,14,15,Singapore Grand Prix,2017-09-17,Romain Grosjean,GRO,8.0,Haas F1 Team
7415,982,825,210,20,16,1:43.756,,,2017,14,15,Singapore Grand Prix,2017-09-17,Kevin Magnussen,MAG,20.0,Haas F1 Team
7416,982,13,3,19,17,1:44.014,,,2017,14,15,Singapore Grand Prix,2017-09-17,Felipe Massa,MAS,19.0,Williams
7417,982,840,3,18,18,1:44.728,,,2017,14,15,Singapore Grand Prix,2017-09-17,Lance Stroll,STR,18.0,Williams
7418,982,836,15,94,19,1:45.059,,,2017,14,15,Singapore Grand Prix,2017-09-17,Pascal Wehrlein,WEH,94.0,Sauber
7419,982,828,15,9,20,1:45.570,,,2017,14,15,Singapore Grand Prix,2017-09-17,Marcus Ericsson,ERI,9.0,Sauber
7420,983,1,131,44,1,1:31.605,1:30.977,1:30.076,2017,15,2,Malaysian Grand Prix,2017-10-01,Lewis Hamilton,HAM,44.0,Mercedes
7421,983,8,6,7,2,1:32.259,1:30.926,1:30.121,2017,15,2,Malaysian Grand Prix,2017-10-01,Kimi Räikkönen,RAI,7.0,Ferrari
7422,983,830,9,33,3,1:31.920,1:30.931,1:30.541,2017,15,2,Malaysian Grand Prix,2017-10-01,Max Verstappen,VER,33.0,Red Bull
7423,983,817,9,3,4,1:32.416,1:31.061,1:30.595,2017,15,2,Malaysian Grand Prix,2017-10-01,Daniel Ricciardo,RIC,3.0,Red Bull
7424,983,20,6,5,20,,,,2017,15,2,Malaysian Grand Prix,2017-10-01,Sebastian Vettel,VET,5.0,Ferrari
7425,983,839,10,31,6,1:32.527,1:31.651,1:31.478,2017,15,2,Malaysian Grand Prix,2017-10-01,Esteban Ocon,OCO,31.0,Force India
7426,983,838,1,2,7,1:32.838,1:31.848,1:31.582,2017,15,2,Malaysian Grand Prix,2017-10-01,Stoffel Vandoorne,VAN,2.0,McLaren
7427,983,807,4,27,8,1:32.586,1:31.778,1:31.607,2017,15,2,Malaysian Grand Prix,2017-10-01,Nico Hülkenberg,HUL,27.0,Renault
7428,983,815,10,11,9,1:32.768,1:31.484,1:31.658,2017,15,2,Malaysian Grand Prix,2017-10-01,Sergio Pérez,PER,11.0,Force India
7429,983,4,1,14,10,1:33.049,1:32.010,1:31.704,2017,15,2,Malaysian Grand Prix,2017-10-01,Fernando Alonso,ALO,14.0,McLaren
7430,983,13,3,19,11,1:32.267,1:32.034,,2017,15,2,Malaysian Grand Prix,2017-10-01,Felipe Massa,MAS,19.0,Williams
7431,983,835,4,30,12,1:32.576,1:32.100,,2017,15,2,Malaysian Grand Prix,2017-10-01,Jolyon Palmer,PAL,30.0,Renault
7432,983,840,3,18,13,1:33.000,1:32.307,,2017,15,2,Malaysian Grand Prix,2017-10-01,Lance Stroll,STR,18.0,Williams
7433,983,832,5,55,14,1:32.650,1:32.402,,2017,15,2,Malaysian Grand Prix,2017-10-01,Carlos Sainz,SAI,55.0,Toro Rosso
7434,983,842,5,10,15,1:32.547,1:32.558,,2017,15,2,Malaysian Grand Prix,2017-10-01,Pierre Gasly,GAS,10.0,Toro Rosso
7435,983,154,210,8,16,1:33.308,,,2017,15,2,Malaysian Grand Prix,2017-10-01,Romain Grosjean,GRO,8.0,Haas F1 Team
7436,983,825,210,20,17,1:33.434,,,2017,15,2,Malaysian Grand Prix,2017-10-01,Kevin Magnussen,MAG,20.0,Haas F1 Team
7437,983,836,15,94,18,1:33.483,,,2017,15,2,Malaysian Grand Prix,2017-10-01,Pascal Wehrlein,WEH,94.0,Sauber
7438,983,828,15,9,19,1:33.970,,,2017,15,2,Malaysian Grand Prix,2017-10-01,Marcus Ericsson,ERI,9.0,Sauber
7439,983,822,131,77,5,1:32.254,1:30.803,1:30.758,2017,15,2,Malaysian Grand Prix,2017-10-01,Valtteri Bottas,BOT,77.0,Mercedes
7440,984,1,131,44,1,1:29.047,1:27.819,1:27.319,2017,16,22,Japanese Grand Prix,2017-10-08,Lewis Hamilton,HAM,44.0,Mercedes
7441,984,822,131,77,2,1:29.332,1:28.543,1:27.651,2017,16,22,Japanese Grand Prix,2017-10-08,Valtteri Bottas,BOT,77.0,Mercedes
7442,984,20,6,5,3,1:29.352,1:28.225,1:27.791,2017,16,22,Japanese Grand Prix,2017-10-08,Sebastian Vettel,VET,5.0,Ferrari
7443,984,817,9,3,4,1:29.475,1:28.935,1:28.306,2017,16,22,Japanese Grand Prix,2017-10-08,Daniel Ricciardo,RIC,3.0,Red Bull
7444,984,830,9,33,5,1:29.181,1:28.747,1:28.332,2017,16,22,Japanese Grand Prix,2017-10-08,Max Verstappen,VER,33.0,Red Bull
7445,984,8,6,7,6,1:29.163,1:29.079,1:28.498,2017,16,22,Japanese Grand Prix,2017-10-08,Kimi Räikkönen,RAI,7.0,Ferrari
7446,984,839,10,31,7,1:30.115,1:29.199,1:29.111,2017,16,22,Japanese Grand Prix,2017-10-08,Esteban Ocon,OCO,31.0,Force India
7447,984,815,10,11,8,1:29.696,1:29.343,1:29.260,2017,16,22,Japanese Grand Prix,2017-10-08,Sergio Pérez,PER,11.0,Force India
7448,984,13,3,19,9,1:30.352,1:29.687,1:29.480,2017,16,22,Japanese Grand Prix,2017-10-08,Felipe Massa,MAS,19.0,Williams
7449,984,4,1,14,10,1:30.525,1:29.749,1:30.687,2017,16,22,Japanese Grand Prix,2017-10-08,Fernando Alonso,ALO,14.0,McLaren
7450,984,838,1,2,11,1:30.654,1:29.778,,2017,16,22,Japanese Grand Prix,2017-10-08,Stoffel Vandoorne,VAN,2.0,McLaren
7451,984,807,4,27,12,1:30.252,1:29.879,,2017,16,22,Japanese Grand Prix,2017-10-08,Nico Hülkenberg,HUL,27.0,Renault
7452,984,825,210,20,13,1:30.774,1:29.972,,2017,16,22,Japanese Grand Prix,2017-10-08,Kevin Magnussen,MAG,20.0,Haas F1 Team
7453,984,835,4,30,14,1:30.516,1:30.022,,2017,16,22,Japanese Grand Prix,2017-10-08,Jolyon Palmer,PAL,30.0,Renault
7454,984,832,5,55,15,1:30.565,1:30.413,,2017,16,22,Japanese Grand Prix,2017-10-08,Carlos Sainz,SAI,55.0,Toro Rosso
7455,984,154,210,8,16,1:30.849,,,2017,16,22,Japanese Grand Prix,2017-10-08,Romain Grosjean,GRO,8.0,Haas F1 Team
7456,984,842,5,10,17,1:31.317,,,2017,16,22,Japanese Grand Prix,2017-10-08,Pierre Gasly,GAS,10.0,Toro Rosso
7457,984,840,3,18,18,1:31.409,,,2017,16,22,Japanese Grand Prix,2017-10-08,Lance Stroll,STR,18.0,Williams
7458,984,828,15,9,19,1:31.597,,,2017,16,22,Japanese Grand Prix,2017-10-08,Marcus Ericsson,ERI,9.0,Sauber
7459,984,836,15,94,20,1:31.885,,,2017,16,22,Japanese Grand Prix,2017-10-08,Pascal Wehrlein,WEH,94.0,Sauber
7460,985,1,131,44,1,1:34.822,1:33.437,1:33.108,2017,17,69,United States Grand Prix,2017-10-22,Lewis Hamilton,HAM,44.0,Mercedes
7461,985,20,6,5,2,1:35.420,1:34.103,1:33.347,2017,17,69,United States Grand Prix,2017-10-22,Sebastian Vettel,VET,5.0,Ferrari
7462,985,822,131,77,3,1:35.309,1:33.769,1:33.568,2017,17,69,United States Grand Prix,2017-10-22,Valtteri Bottas,BOT,77.0,Mercedes
7463,985,817,9,3,4,1:35.991,1:34.495,1:33.577,2017,17,69,United States Grand Prix,2017-10-22,Daniel Ricciardo,RIC,3.0,Red Bull
7464,985,8,6,7,5,1:35.649,1:33.840,1:33.577,2017,17,69,United States Grand Prix,2017-10-22,Kimi Räikkönen,RAI,7.0,Ferrari
7465,985,830,9,33,6,1:34.899,1:34.716,1:33.658,2017,17,69,United States Grand Prix,2017-10-22,Max Verstappen,VER,33.0,Red Bull
7466,985,839,10,31,7,1:35.849,1:35.113,1:34.647,2017,17,69,United States Grand Prix,2017-10-22,Esteban Ocon,OCO,31.0,Force India
7467,985,832,4,55,8,1:35.517,1:34.899,1:34.852,2017,17,69,United States Grand Prix,2017-10-22,Carlos Sainz,SAI,55.0,Renault
7468,985,4,1,14,9,1:35.712,1:35.046,1:35.007,2017,17,69,United States Grand Prix,2017-10-22,Fernando Alonso,ALO,14.0,McLaren
7469,985,815,10,11,10,1:36.358,1:34.789,1:35.148,2017,17,69,United States Grand Prix,2017-10-22,Sergio Pérez,PER,11.0,Force India
7470,985,13,3,19,11,1:35.603,1:35.155,,2017,17,69,United States Grand Prix,2017-10-22,Felipe Massa,MAS,19.0,Williams
7471,985,826,5,26,12,1:36.073,1:35.529,,2017,17,69,United States Grand Prix,2017-10-22,Daniil Kvyat,KVY,26.0,Toro Rosso
7472,985,838,1,2,13,1:36.286,1:35.641,,2017,17,69,United States Grand Prix,2017-10-22,Stoffel Vandoorne,VAN,2.0,McLaren
7473,985,154,210,8,14,1:36.835,1:35.870,,2017,17,69,United States Grand Prix,2017-10-22,Romain Grosjean,GRO,8.0,Haas F1 Team
7474,985,807,4,27,15,1:35.740,,,2017,17,69,United States Grand Prix,2017-10-22,Nico Hülkenberg,HUL,27.0,Renault
7475,985,828,15,9,16,1:36.842,,,2017,17,69,United States Grand Prix,2017-10-22,Marcus Ericsson,ERI,9.0,Sauber
7476,985,840,3,18,17,1:36.868,,,2017,17,69,United States Grand Prix,2017-10-22,Lance Stroll,STR,18.0,Williams
7477,985,843,5,39,18,1:36.889,,,2017,17,69,United States Grand Prix,2017-10-22,Brendon Hartley,HAR,28.0,Toro Rosso
7478,985,836,15,94,19,1:37.179,,,2017,17,69,United States Grand Prix,2017-10-22,Pascal Wehrlein,WEH,94.0,Sauber
7479,985,825,210,20,20,1:37.394,,,2017,17,69,United States Grand Prix,2017-10-22,Kevin Magnussen,MAG,20.0,Haas F1 Team
7480,986,20,6,5,1,1:17.665,1:16.870,1:16.488,2017,18,32,Mexican Grand Prix,2017-10-29,Sebastian Vettel,VET,5.0,Ferrari
7481,986,830,9,33,2,1:17.630,1:16.524,1:16.574,2017,18,32,Mexican Grand Prix,2017-10-29,Max Verstappen,VER,33.0,Red Bull
7482,986,1,131,44,3,1:17.518,1:17.035,1:16.934,2017,18,32,Mexican Grand Prix,2017-10-29,Lewis Hamilton,HAM,44.0,Mercedes
7483,986,822,131,77,4,1:17.578,1:17.161,1:16.958,2017,18,32,Mexican Grand Prix,2017-10-29,Valtteri Bottas,BOT,77.0,Mercedes
7484,986,8,6,7,5,1:18.148,1:17.534,1:17.238,2017,18,32,Mexican Grand Prix,2017-10-29,Kimi Räikkönen,RAI,7.0,Ferrari
7485,986,839,10,31,6,1:18.336,1:17.827,1:17.437,2017,18,32,Mexican Grand Prix,2017-10-29,Esteban Ocon,OCO,31.0,Force India
7486,986,817,9,3,7,1:18.208,1:17.631,1:17.447,2017,18,32,Mexican Grand Prix,2017-10-29,Daniel Ricciardo,RIC,3.0,Red Bull
7487,986,807,4,27,8,1:18.322,1:17.792,1:17.466,2017,18,32,Mexican Grand Prix,2017-10-29,Nico Hülkenberg,HUL,27.0,Renault
7488,986,832,4,55,9,1:18.405,1:17.753,1:17.794,2017,18,32,Mexican Grand Prix,2017-10-29,Carlos Sainz,SAI,55.0,Renault
7489,986,815,10,11,10,1:18.020,1:17.868,1:17.807,2017,18,32,Mexican Grand Prix,2017-10-29,Sergio Pérez,PER,11.0,Force India
7490,986,13,3,19,11,1:18.570,1:18.099,,2017,18,32,Mexican Grand Prix,2017-10-29,Felipe Massa,MAS,19.0,Williams
7491,986,840,3,18,12,1:18.902,1:19.159,,2017,18,32,Mexican Grand Prix,2017-10-29,Lance Stroll,STR,18.0,Williams
7492,986,843,5,28,13,1:18.683,,,2017,18,32,Mexican Grand Prix,2017-10-29,Brendon Hartley,HAR,28.0,Toro Rosso
7493,986,4,1,14,14,1:17.710,,,2017,18,32,Mexican Grand Prix,2017-10-29,Fernando Alonso,ALO,14.0,McLaren
7494,986,838,1,2,15,1:18.578,,,2017,18,32,Mexican Grand Prix,2017-10-29,Stoffel Vandoorne,VAN,2.0,McLaren
7495,986,828,15,9,16,1:19.176,,,2017,18,32,Mexican Grand Prix,2017-10-29,Marcus Ericsson,ERI,9.0,Sauber
7496,986,836,15,94,17,1:19.333,,,2017,18,32,Mexican Grand Prix,2017-10-29,Pascal Wehrlein,WEH,94.0,Sauber
7497,986,825,210,20,18,1:19.443,,,2017,18,32,Mexican Grand Prix,2017-10-29,Kevin Magnussen,MAG,20.0,Haas F1 Team
7498,986,154,210,8,19,1:19.473,,,2017,18,32,Mexican Grand Prix,2017-10-29,Romain Grosjean,GRO,8.0,Haas F1 Team
7499,987,822,131,77,1,1:09.452,1:08.638,1:08.322,2017,19,18,Brazilian Grand Prix,2017-11-12,Valtteri Bottas,BOT,77.0,Mercedes
7500,987,20,6,5,2,1:09.643,1:08.494,1:08.360,2017,19,18,Brazilian Grand Prix,2017-11-12,Sebastian Vettel,VET,5.0,Ferrari
7501,987,8,6,7,3,1:09.405,1:09.116,1:08.538,2017,19,18,Brazilian Grand Prix,2017-11-12,Kimi Räikkönen,RAI,7.0,Ferrari
7502,987,830,9,33,4,1:09.820,1:09.050,1:08.925,2017,19,18,Brazilian Grand Prix,2017-11-12,Max Verstappen,VER,33.0,Red Bull
7503,987,817,9,3,5,1:09.828,1:09.533,1:09.330,2017,19,18,Brazilian Grand Prix,2017-11-12,Daniel Ricciardo,RIC,3.0,Red Bull
7504,987,815,10,11,6,1:10.145,1:09.760,1:09.598,2017,19,18,Brazilian Grand Prix,2017-11-12,Sergio Pérez,PER,11.0,Force India
7505,987,4,1,14,7,1:10.172,1:09.593,1:09.617,2017,19,18,Brazilian Grand Prix,2017-11-12,Fernando Alonso,ALO,14.0,McLaren
7506,987,807,4,27,8,1:10.078,1:09.726,1:09.703,2017,19,18,Brazilian Grand Prix,2017-11-12,Nico Hülkenberg,HUL,27.0,Renault
7507,987,832,4,55,9,1:10.227,1:09.768,1:09.805,2017,19,18,Brazilian Grand Prix,2017-11-12,Carlos Sainz,SAI,55.0,Renault
7508,987,13,3,19,10,1:09.789,1:09.612,1:09.841,2017,19,18,Brazilian Grand Prix,2017-11-12,Felipe Massa,MAS,19.0,Williams
7509,987,839,10,31,11,1:10.168,1:09.830,,2017,19,18,Brazilian Grand Prix,2017-11-12,Esteban Ocon,OCO,31.0,Force India
7510,987,154,210,8,12,1:10.148,1:09.879,,2017,19,18,Brazilian Grand Prix,2017-11-12,Romain Grosjean,GRO,8.0,Haas F1 Team
7511,987,838,1,2,13,1:10.286,1:10.116,,2017,19,18,Brazilian Grand Prix,2017-11-12,Stoffel Vandoorne,VAN,2.0,McLaren
7512,987,825,210,20,14,1:10.521,1:10.154,,2017,19,18,Brazilian Grand Prix,2017-11-12,Kevin Magnussen,MAG,20.0,Haas F1 Team
7513,987,843,5,28,15,1:10.625,,,2017,19,18,Brazilian Grand Prix,2017-11-12,Brendon Hartley,HAR,28.0,Toro Rosso
7514,987,836,15,94,16,1:10.678,,,2017,19,18,Brazilian Grand Prix,2017-11-12,Pascal Wehrlein,WEH,94.0,Sauber
7515,987,842,5,10,17,1:10.686,,,2017,19,18,Brazilian Grand Prix,2017-11-12,Pierre Gasly,GAS,10.0,Toro Rosso
7516,987,840,3,18,18,1:10.776,,,2017,19,18,Brazilian Grand Prix,2017-11-12,Lance Stroll,STR,18.0,Williams
7517,987,828,15,9,19,1:10.875,,,2017,19,18,Brazilian Grand Prix,2017-11-12,Marcus Ericsson,ERI,9.0,Sauber
7520,988,822,131,77,1,1:37.356,1:36.822,1:36.231,2017,20,24,Abu Dhabi Grand Prix,2017-11-26,Valtteri Bottas,BOT,77.0,Mercedes
7519,987,1,131,44,20,,,,2017,19,18,Brazilian Grand Prix,2017-11-12,Lewis Hamilton,HAM,44.0,Mercedes
7521,988,1,131,44,2,1:37.391,1:36.742,1:36.403,2017,20,24,Abu Dhabi Grand Prix,2017-11-26,Lewis Hamilton,HAM,44.0,Mercedes
7522,988,20,6,5,3,1:37.817,1:37.023,1:36.777,2017,20,24,Abu Dhabi Grand Prix,2017-11-26,Sebastian Vettel,VET,5.0,Ferrari
7523,988,817,9,3,4,1:38.016,1:37.583,1:36.959,2017,20,24,Abu Dhabi Grand Prix,2017-11-26,Daniel Ricciardo,RIC,3.0,Red Bull
7524,988,8,6,7,5,1:37.453,1:37.302,1:36.985,2017,20,24,Abu Dhabi Grand Prix,2017-11-26,Kimi Räikkönen,RAI,7.0,Ferrari
7525,988,830,9,33,6,1:38.021,1:37.777,1:37.328,2017,20,24,Abu Dhabi Grand Prix,2017-11-26,Max Verstappen,VER,33.0,Red Bull
7526,988,807,4,27,7,1:38.781,1:38.138,1:38.282,2017,20,24,Abu Dhabi Grand Prix,2017-11-26,Nico Hülkenberg,HUL,27.0,Renault
7527,988,815,10,11,8,1:38.601,1:38.359,1:38.374,2017,20,24,Abu Dhabi Grand Prix,2017-11-26,Sergio Pérez,PER,11.0,Force India
7528,988,839,10,31,9,1:38.896,1:38.392,1:38.397,2017,20,24,Abu Dhabi Grand Prix,2017-11-26,Esteban Ocon,OCO,31.0,Force India
7529,988,13,3,19,10,1:38.629,1:38.565,1:38.550,2017,20,24,Abu Dhabi Grand Prix,2017-11-26,Felipe Massa,MAS,19.0,Williams
7530,988,4,1,14,11,1:38.820,1:38.636,,2017,20,24,Abu Dhabi Grand Prix,2017-11-26,Fernando Alonso,ALO,14.0,McLaren
7531,988,832,4,55,12,1:38.810,1:38.725,,2017,20,24,Abu Dhabi Grand Prix,2017-11-26,Carlos Sainz,SAI,55.0,Renault
7532,988,838,1,2,13,1:38.777,1:38.808,,2017,20,24,Abu Dhabi Grand Prix,2017-11-26,Stoffel Vandoorne,VAN,2.0,McLaren
7533,988,825,210,20,14,1:39.395,1:39.298,,2017,20,24,Abu Dhabi Grand Prix,2017-11-26,Kevin Magnussen,MAG,20.0,Haas F1 Team
7534,988,840,3,18,15,1:39.503,1:39.646,,2017,20,24,Abu Dhabi Grand Prix,2017-11-26,Lance Stroll,STR,18.0,Williams
7535,988,154,210,8,16,1:39.516,,,2017,20,24,Abu Dhabi Grand Prix,2017-11-26,Romain Grosjean,GRO,8.0,Haas F1 Team
7536,988,842,5,10,17,1:39.724,,,2017,20,24,Abu Dhabi Grand Prix,2017-11-26,Pierre Gasly,GAS,10.0,Toro Rosso
7537,988,836,15,94,18,1:39.930,,,2017,20,24,Abu Dhabi Grand Prix,2017-11-26,Pascal Wehrlein,WEH,94.0,Sauber
7538,988,828,15,9,19,1:39.994,,,2017,20,24,Abu Dhabi Grand Prix,2017-11-26,Marcus Ericsson,ERI,9.0,Sauber
7539,988,843,5,28,20,1:40.471,,,2017,20,24,Abu Dhabi Grand Prix,2017-11-26,Brendon Hartley,HAR,28.0,Toro Rosso
7540,989,1,131,44,1,1:22.824,1:22.051,1:21.164,2018,1,1,Australian Grand Prix,2018-03-25,Lewis Hamilton,HAM,44.0,Mercedes
7541,989,8,6,7,2,1:23.096,1:22.507,1:21.828,2018,1,1,Australian Grand Prix,2018-03-25,Kimi Räikkönen,RAI,7.0,Ferrari
7542,989,20,6,5,3,1:23.348,1:21.944,1:21.838,2018,1,1,Australian Grand Prix,2018-03-25,Sebastian Vettel,VET,5.0,Ferrari
7543,989,830,9,33,4,1:23.483,1:22.416,1:21.879,2018,1,1,Australian Grand Prix,2018-03-25,Max Verstappen,VER,33.0,Red Bull
7544,989,817,9,3,5,1:23.494,1:22.897,1:22.152,2018,1,1,Australian Grand Prix,2018-03-25,Daniel Ricciardo,RIC,3.0,Red Bull
7545,989,825,210,20,6,1:23.909,1:23.300,1:23.187,2018,1,1,Australian Grand Prix,2018-03-25,Kevin Magnussen,MAG,20.0,Haas F1 Team
7546,989,154,210,8,7,1:23.671,1:23.468,1:23.339,2018,1,1,Australian Grand Prix,2018-03-25,Romain Grosjean,GRO,8.0,Haas F1 Team
7547,989,807,4,27,8,1:23.782,1:23.544,1:23.532,2018,1,1,Australian Grand Prix,2018-03-25,Nico Hülkenberg,HUL,27.0,Renault
7548,989,832,4,55,9,1:23.529,1:23.061,1:23.577,2018,1,1,Australian Grand Prix,2018-03-25,Carlos Sainz,SAI,55.0,Renault
7549,989,822,131,77,10,1:23.686,1:22.089,,2018,1,1,Australian Grand Prix,2018-03-25,Valtteri Bottas,BOT,77.0,Mercedes
7550,989,4,1,14,11,1:23.597,1:23.692,,2018,1,1,Australian Grand Prix,2018-03-25,Fernando Alonso,ALO,14.0,McLaren
7551,989,838,1,2,12,1:24.073,1:23.853,,2018,1,1,Australian Grand Prix,2018-03-25,Stoffel Vandoorne,VAN,2.0,McLaren
7552,989,815,10,11,13,1:24.344,1:24.005,,2018,1,1,Australian Grand Prix,2018-03-25,Sergio Pérez,PER,11.0,Force India
7553,989,840,3,18,14,1:24.464,1:24.230,,2018,1,1,Australian Grand Prix,2018-03-25,Lance Stroll,STR,18.0,Williams
7554,989,839,10,31,15,1:24.503,1:24.786,,2018,1,1,Australian Grand Prix,2018-03-25,Esteban Ocon,OCO,31.0,Force India
7555,989,843,5,28,16,1:24.532,,,2018,1,1,Australian Grand Prix,2018-03-25,Brendon Hartley,HAR,28.0,Toro Rosso
7556,989,828,15,9,17,1:24.556,,,2018,1,1,Australian Grand Prix,2018-03-25,Marcus Ericsson,ERI,9.0,Sauber
7557,989,844,15,16,18,1:24.636,,,2018,1,1,Australian Grand Prix,2018-03-25,Charles Leclerc,LEC,16.0,Sauber
7558,989,845,3,35,19,1:24.922,,,2018,1,1,Australian Grand Prix,2018-03-25,Sergey Sirotkin,SIR,35.0,Williams
7559,989,842,5,10,20,1:25.295,,,2018,1,1,Australian Grand Prix,2018-03-25,Pierre Gasly,GAS,10.0,Toro Rosso
7560,990,20,6,5,1,1:29.060,1:28.341,1:27.958,2018,2,3,Bahrain Grand Prix,2018-04-08,Sebastian Vettel,VET,5.0,Ferrari
7561,990,8,6,7,2,1:28.951,1:28.515,1:28.101,2018,2,3,Bahrain Grand Prix,2018-04-08,Kimi Räikkönen,RAI,7.0,Ferrari
7562,990,822,131,77,3,1:29.275,1:28.794,1:28.124,2018,2,3,Bahrain Grand Prix,2018-04-08,Valtteri Bottas,BOT,77.0,Mercedes
7563,990,1,131,44,4,1:29.396,1:28.458,1:28.220,2018,2,3,Bahrain Grand Prix,2018-04-08,Lewis Hamilton,HAM,44.0,Mercedes
7564,990,817,9,3,5,1:29.552,1:28.962,1:28.398,2018,2,3,Bahrain Grand Prix,2018-04-08,Daniel Ricciardo,RIC,3.0,Red Bull
7565,990,842,5,10,6,1:30.121,1:29.836,1:29.329,2018,2,3,Bahrain Grand Prix,2018-04-08,Pierre Gasly,GAS,10.0,Toro Rosso
7566,990,825,210,20,7,1:29.594,1:29.623,1:29.358,2018,2,3,Bahrain Grand Prix,2018-04-08,Kevin Magnussen,MAG,20.0,Haas F1 Team
7567,990,807,4,27,8,1:30.260,1:29.187,1:29.570,2018,2,3,Bahrain Grand Prix,2018-04-08,Nico Hülkenberg,HUL,27.0,Renault
7568,990,839,10,31,9,1:30.338,1:30.009,1:29.874,2018,2,3,Bahrain Grand Prix,2018-04-08,Esteban Ocon,OCO,31.0,Force India
7569,990,832,4,55,10,1:29.893,1:29.802,1:29.986,2018,2,3,Bahrain Grand Prix,2018-04-08,Carlos Sainz,SAI,55.0,Renault
7570,990,843,5,28,11,1:30.412,1:30.105,,2018,2,3,Bahrain Grand Prix,2018-04-08,Brendon Hartley,HAR,28.0,Toro Rosso
7571,990,815,10,11,12,1:30.218,1:30.156,,2018,2,3,Bahrain Grand Prix,2018-04-08,Sergio Pérez,PER,11.0,Force India
7572,990,4,1,14,13,1:30.530,1:30.212,,2018,2,3,Bahrain Grand Prix,2018-04-08,Fernando Alonso,ALO,14.0,McLaren
7573,990,838,1,2,14,1:30.479,1:30.525,,2018,2,3,Bahrain Grand Prix,2018-04-08,Stoffel Vandoorne,VAN,2.0,McLaren
7574,990,830,9,33,15,1:29.374,,,2018,2,3,Bahrain Grand Prix,2018-04-08,Max Verstappen,VER,33.0,Red Bull
7575,990,154,210,8,16,1:30.530,,,2018,2,3,Bahrain Grand Prix,2018-04-08,Romain Grosjean,GRO,8.0,Haas F1 Team
7576,990,828,15,9,17,1:31.063,,,2018,2,3,Bahrain Grand Prix,2018-04-08,Marcus Ericsson,ERI,9.0,Sauber
7577,990,845,3,35,18,1:31.414,,,2018,2,3,Bahrain Grand Prix,2018-04-08,Sergey Sirotkin,SIR,35.0,Williams
7578,990,844,15,16,19,1:31.420,,,2018,2,3,Bahrain Grand Prix,2018-04-08,Charles Leclerc,LEC,16.0,Sauber
7579,990,840,3,18,20,1:31.503,,,2018,2,3,Bahrain Grand Prix,2018-04-08,Lance Stroll,STR,18.0,Williams
7580,991,20,6,5,1,1:32.171,1:32.385,1:31.095,2018,3,17,Chinese Grand Prix,2018-04-15,Sebastian Vettel,VET,5.0,Ferrari
7581,991,8,6,7,2,1:32.474,1:32.286,1:31.182,2018,3,17,Chinese Grand Prix,2018-04-15,Kimi Räikkönen,RAI,7.0,Ferrari
7582,991,822,131,77,3,1:32.921,1:32.063,1:31.625,2018,3,17,Chinese Grand Prix,2018-04-15,Valtteri Bottas,BOT,77.0,Mercedes
7583,991,1,131,44,4,1:33.283,1:31.914,1:31.675,2018,3,17,Chinese Grand Prix,2018-04-15,Lewis Hamilton,HAM,44.0,Mercedes
7584,991,830,9,33,5,1:32.932,1:32.809,1:31.796,2018,3,17,Chinese Grand Prix,2018-04-15,Max Verstappen,VER,33.0,Red Bull
7585,991,817,9,3,6,1:33.877,1:32.688,1:31.948,2018,3,17,Chinese Grand Prix,2018-04-15,Daniel Ricciardo,RIC,3.0,Red Bull
7586,991,807,4,27,7,1:33.545,1:32.494,1:32.532,2018,3,17,Chinese Grand Prix,2018-04-15,Nico Hülkenberg,HUL,27.0,Renault
7587,991,815,10,11,8,1:33.464,1:32.931,1:32.758,2018,3,17,Chinese Grand Prix,2018-04-15,Sergio Pérez,PER,11.0,Force India
7588,991,832,4,55,9,1:33.315,1:32.970,1:32.819,2018,3,17,Chinese Grand Prix,2018-04-15,Carlos Sainz,SAI,55.0,Renault
7589,991,154,210,8,10,1:33.238,1:32.524,1:32.855,2018,3,17,Chinese Grand Prix,2018-04-15,Romain Grosjean,GRO,8.0,Haas F1 Team
7590,991,825,210,20,11,1:33.359,1:32.986,,2018,3,17,Chinese Grand Prix,2018-04-15,Kevin Magnussen,MAG,20.0,Haas F1 Team
7591,991,839,10,31,12,1:33.585,1:33.057,,2018,3,17,Chinese Grand Prix,2018-04-15,Esteban Ocon,OCO,31.0,Force India
7592,991,4,1,14,13,1:33.428,1:33.232,,2018,3,17,Chinese Grand Prix,2018-04-15,Fernando Alonso,ALO,14.0,McLaren
7593,991,838,1,2,14,1:33.824,1:33.505,,2018,3,17,Chinese Grand Prix,2018-04-15,Stoffel Vandoorne,VAN,2.0,McLaren
7594,991,843,5,28,15,1:34.013,1:33.795,,2018,3,17,Chinese Grand Prix,2018-04-15,Brendon Hartley,HAR,28.0,Toro Rosso
7595,991,845,3,35,16,1:34.062,,,2018,3,17,Chinese Grand Prix,2018-04-15,Sergey Sirotkin,SIR,35.0,Williams
7596,991,842,5,10,17,1:34.101,,,2018,3,17,Chinese Grand Prix,2018-04-15,Pierre Gasly,GAS,10.0,Toro Rosso
7597,991,840,3,18,18,1:34.285,,,2018,3,17,Chinese Grand Prix,2018-04-15,Lance Stroll,STR,18.0,Williams
7598,991,844,15,16,19,1:34.454,,,2018,3,17,Chinese Grand Prix,2018-04-15,Charles Leclerc,LEC,16.0,Sauber
7599,991,828,15,9,20,1:34.914,,,2018,3,17,Chinese Grand Prix,2018-04-15,Marcus Ericsson,ERI,9.0,Sauber
7600,992,20,6,5,1,1:42.762,1:43.015,1:41.498,2018,4,73,Azerbaijan Grand Prix,2018-04-29,Sebastian Vettel,VET,5.0,Ferrari
7601,992,1,131,44,2,1:42.693,1:42.676,1:41.677,2018,4,73,Azerbaijan Grand Prix,2018-04-29,Lewis Hamilton,HAM,44.0,Mercedes
7602,992,822,131,77,3,1:43.355,1:42.679,1:41.837,2018,4,73,Azerbaijan Grand Prix,2018-04-29,Valtteri Bottas,BOT,77.0,Mercedes
7603,992,817,9,3,4,1:42.857,1:43.482,1:41.911,2018,4,73,Azerbaijan Grand Prix,2018-04-29,Daniel Ricciardo,RIC,3.0,Red Bull
7604,992,830,9,33,5,1:42.642,1:42.901,1:41.994,2018,4,73,Azerbaijan Grand Prix,2018-04-29,Max Verstappen,VER,33.0,Red Bull
7605,992,8,6,7,6,1:42.538,1:42.510,1:42.490,2018,4,73,Azerbaijan Grand Prix,2018-04-29,Kimi Räikkönen,RAI,7.0,Ferrari
7606,992,839,10,31,7,1:43.021,1:42.967,1:42.523,2018,4,73,Azerbaijan Grand Prix,2018-04-29,Esteban Ocon,OCO,31.0,Force India
7607,992,815,10,11,8,1:43.992,1:43.366,1:42.547,2018,4,73,Azerbaijan Grand Prix,2018-04-29,Sergio Pérez,PER,11.0,Force India
7608,992,807,4,27,9,1:43.746,1:43.232,1:43.066,2018,4,73,Azerbaijan Grand Prix,2018-04-29,Nico Hülkenberg,HUL,27.0,Renault
7609,992,832,4,55,10,1:43.426,1:43.464,1:43.351,2018,4,73,Azerbaijan Grand Prix,2018-04-29,Carlos Sainz,SAI,55.0,Renault
7610,992,840,3,18,11,1:44.359,1:43.585,,2018,4,73,Azerbaijan Grand Prix,2018-04-29,Lance Stroll,STR,18.0,Williams
7611,992,845,3,35,12,1:44.261,1:43.886,,2018,4,73,Azerbaijan Grand Prix,2018-04-29,Sergey Sirotkin,SIR,35.0,Williams
7612,992,4,1,14,13,1:44.010,1:44.019,,2018,4,73,Azerbaijan Grand Prix,2018-04-29,Fernando Alonso,ALO,14.0,McLaren
7613,992,844,15,16,14,1:43.752,1:44.074,,2018,4,73,Azerbaijan Grand Prix,2018-04-29,Charles Leclerc,LEC,16.0,Sauber
7614,992,825,210,20,15,1:43.674,1:44.759,,2018,4,73,Azerbaijan Grand Prix,2018-04-29,Kevin Magnussen,MAG,20.0,Haas F1 Team
7615,992,838,1,2,16,1:44.489,,,2018,4,73,Azerbaijan Grand Prix,2018-04-29,Stoffel Vandoorne,VAN,2.0,McLaren
7616,992,842,5,10,17,1:44.496,,,2018,4,73,Azerbaijan Grand Prix,2018-04-29,Pierre Gasly,GAS,10.0,Toro Rosso
7617,992,828,15,9,18,1:45.541,,,2018,4,73,Azerbaijan Grand Prix,2018-04-29,Marcus Ericsson,ERI,9.0,Sauber
7618,992,843,5,28,19,1:57.354,,,2018,4,73,Azerbaijan Grand Prix,2018-04-29,Brendon Hartley,HAR,28.0,Toro Rosso
7619,992,154,210,8,20,,,,2018,4,73,Azerbaijan Grand Prix,2018-04-29,Romain Grosjean,GRO,8.0,Haas F1 Team
7620,993,1,131,44,1,1:17.633,1:17.166,1:16.173,2018,5,4,Spanish Grand Prix,2018-05-13,Lewis Hamilton,HAM,44.0,Mercedes
7621,993,822,131,77,2,1:17.674,1:17.111,1:16.213,2018,5,4,Spanish Grand Prix,2018-05-13,Valtteri Bottas,BOT,77.0,Mercedes
7622,993,20,6,5,3,1:17.031,1:16.802,1:16.305,2018,5,4,Spanish Grand Prix,2018-05-13,Sebastian Vettel,VET,5.0,Ferrari
7623,993,8,6,7,4,1:17.483,1:17.071,1:16.612,2018,5,4,Spanish Grand Prix,2018-05-13,Kimi Räikkönen,RAI,7.0,Ferrari
7624,993,830,9,33,5,1:17.411,1:17.266,1:16.816,2018,5,4,Spanish Grand Prix,2018-05-13,Max Verstappen,VER,33.0,Red Bull
7625,993,817,9,3,6,1:17.623,1:17.638,1:16.818,2018,5,4,Spanish Grand Prix,2018-05-13,Daniel Ricciardo,RIC,3.0,Red Bull
7626,993,825,210,20,7,1:18.169,1:17.618,1:17.676,2018,5,4,Spanish Grand Prix,2018-05-13,Kevin Magnussen,MAG,20.0,Haas F1 Team
7627,993,4,1,14,8,1:18.276,1:18.100,1:17.721,2018,5,4,Spanish Grand Prix,2018-05-13,Fernando Alonso,ALO,14.0,McLaren
7628,993,832,4,55,9,1:18.480,1:17.803,1:17.790,2018,5,4,Spanish Grand Prix,2018-05-13,Carlos Sainz,SAI,55.0,Renault
7629,993,154,210,8,10,1:18.305,1:17.699,1:17.835,2018,5,4,Spanish Grand Prix,2018-05-13,Romain Grosjean,GRO,8.0,Haas F1 Team
7630,993,838,1,2,11,1:18.885,1:18.323,,2018,5,4,Spanish Grand Prix,2018-05-13,Stoffel Vandoorne,VAN,2.0,McLaren
7631,993,842,5,10,12,1:18.550,1:18.463,,2018,5,4,Spanish Grand Prix,2018-05-13,Pierre Gasly,GAS,10.0,Toro Rosso
7632,993,839,10,31,13,1:18.813,1:18.696,,2018,5,4,Spanish Grand Prix,2018-05-13,Esteban Ocon,OCO,31.0,Force India
7633,993,844,15,16,14,1:18.661,1:18.910,,2018,5,4,Spanish Grand Prix,2018-05-13,Charles Leclerc,LEC,16.0,Sauber
7634,993,815,10,11,15,1:18.740,1:19.098,,2018,5,4,Spanish Grand Prix,2018-05-13,Sergio Pérez,PER,11.0,Force India
7635,993,807,4,27,16,1:18.923,,,2018,5,4,Spanish Grand Prix,2018-05-13,Nico Hülkenberg,HUL,27.0,Renault
7636,993,828,15,9,17,1:19.493,,,2018,5,4,Spanish Grand Prix,2018-05-13,Marcus Ericsson,ERI,9.0,Sauber
7637,993,845,3,35,18,1:19.695,,,2018,5,4,Spanish Grand Prix,2018-05-13,Sergey Sirotkin,SIR,35.0,Williams
7638,993,840,3,18,19,1:20.225,,,2018,5,4,Spanish Grand Prix,2018-05-13,Lance Stroll,STR,18.0,Williams
7639,993,843,5,28,20,,,,2018,5,4,Spanish Grand Prix,2018-05-13,Brendon Hartley,HAR,28.0,Toro Rosso
7640,994,817,9,3,1,1:12.013,1:11.278,1:10.810,2018,6,6,Monaco Grand Prix,2018-05-27,Daniel Ricciardo,RIC,3.0,Red Bull
7641,994,20,6,5,2,1:12.415,1:11.518,1:11.039,2018,6,6,Monaco Grand Prix,2018-05-27,Sebastian Vettel,VET,5.0,Ferrari
7642,994,1,131,44,3,1:12.460,1:11.584,1:11.232,2018,6,6,Monaco Grand Prix,2018-05-27,Lewis Hamilton,HAM,44.0,Mercedes
7643,994,8,6,7,4,1:12.639,1:11.391,1:11.266,2018,6,6,Monaco Grand Prix,2018-05-27,Kimi Räikkönen,RAI,7.0,Ferrari
7644,994,4,1,14,7,1:12.657,1:12.269,1:12.110,2018,6,6,Monaco Grand Prix,2018-05-27,Fernando Alonso,ALO,14.0,McLaren
7645,994,832,4,55,8,1:12.950,1:12.286,1:12.130,2018,6,6,Monaco Grand Prix,2018-05-27,Carlos Sainz,SAI,55.0,Renault
7646,994,815,10,11,9,1:12.848,1:12.194,1:12.154,2018,6,6,Monaco Grand Prix,2018-05-27,Sergio Pérez,PER,11.0,Force India
7647,994,842,5,10,10,1:12.941,1:12.313,1:12.221,2018,6,6,Monaco Grand Prix,2018-05-27,Pierre Gasly,GAS,10.0,Toro Rosso
7648,994,838,1,2,12,1:12.463,1:12.440,,2018,6,6,Monaco Grand Prix,2018-05-27,Stoffel Vandoorne,VAN,2.0,McLaren
7649,994,845,3,35,13,1:12.706,1:12.521,,2018,6,6,Monaco Grand Prix,2018-05-27,Sergey Sirotkin,SIR,35.0,Williams
7650,994,844,15,16,14,1:12.829,1:12.714,,2018,6,6,Monaco Grand Prix,2018-05-27,Charles Leclerc,LEC,16.0,Sauber
7651,994,154,210,8,15,1:12.930,1:12.728,,2018,6,6,Monaco Grand Prix,2018-05-27,Romain Grosjean,GRO,8.0,Haas F1 Team
7652,994,843,5,28,16,1:13.179,,,2018,6,6,Monaco Grand Prix,2018-05-27,Brendon Hartley,HAR,28.0,Toro Rosso
7653,994,828,15,9,17,1:13.265,,,2018,6,6,Monaco Grand Prix,2018-05-27,Marcus Ericsson,ERI,9.0,Sauber
7654,994,840,3,18,18,1:13.323,,,2018,6,6,Monaco Grand Prix,2018-05-27,Lance Stroll,STR,18.0,Williams
7655,994,825,210,20,19,1:13.393,,,2018,6,6,Monaco Grand Prix,2018-05-27,Kevin Magnussen,MAG,20.0,Haas F1 Team
7656,994,830,9,33,20,,,,2018,6,6,Monaco Grand Prix,2018-05-27,Max Verstappen,VER,33.0,Red Bull
7657,994,822,131,77,5,1:12.434,1:12.002,1:11.441,2018,6,6,Monaco Grand Prix,2018-05-27,Valtteri Bottas,BOT,77.0,Mercedes
7658,994,839,10,31,6,1:13.028,1:12.188,1:12.061,2018,6,6,Monaco Grand Prix,2018-05-27,Esteban Ocon,OCO,31.0,Force India
7659,994,807,4,27,11,1:13.065,1:12.411,,2018,6,6,Monaco Grand Prix,2018-05-27,Nico Hülkenberg,HUL,27.0,Renault
7660,995,20,6,5,1,1:11.710,1:11.524,1:10.764,2018,7,7,Canadian Grand Prix,2018-06-10,Sebastian Vettel,VET,5.0,Ferrari
7661,995,822,131,77,2,1:11.950,1:11.514,1:10.857,2018,7,7,Canadian Grand Prix,2018-06-10,Valtteri Bottas,BOT,77.0,Mercedes
7662,995,830,9,33,3,1:12.008,1:11.472,1:10.937,2018,7,7,Canadian Grand Prix,2018-06-10,Max Verstappen,VER,33.0,Red Bull
7663,995,1,131,44,4,1:11.835,1:11.740,1:10.996,2018,7,7,Canadian Grand Prix,2018-06-10,Lewis Hamilton,HAM,44.0,Mercedes
7664,995,8,6,7,5,1:11.725,1:11.620,1:11.095,2018,7,7,Canadian Grand Prix,2018-06-10,Kimi Räikkönen,RAI,7.0,Ferrari
7665,995,817,9,3,6,1:12.459,1:11.434,1:11.116,2018,7,7,Canadian Grand Prix,2018-06-10,Daniel Ricciardo,RIC,3.0,Red Bull
7666,995,807,4,27,7,1:12.795,1:11.916,1:11.973,2018,7,7,Canadian Grand Prix,2018-06-10,Nico Hülkenberg,HUL,27.0,Renault
7667,995,839,10,31,8,1:12.577,1:12.141,1:12.084,2018,7,7,Canadian Grand Prix,2018-06-10,Esteban Ocon,OCO,31.0,Force India
7668,995,832,4,55,9,1:12.689,1:12.097,1:12.168,2018,7,7,Canadian Grand Prix,2018-06-10,Carlos Sainz,SAI,55.0,Renault
7669,995,815,10,11,10,1:12.702,1:12.395,1:12.671,2018,7,7,Canadian Grand Prix,2018-06-10,Sergio Pérez,PER,11.0,Force India
7670,995,843,5,28,12,1:12.587,1:12.635,,2018,7,7,Canadian Grand Prix,2018-06-10,Brendon Hartley,HAR,28.0,Toro Rosso
7671,995,4,1,14,14,1:12.979,1:12.856,,2018,7,7,Canadian Grand Prix,2018-06-10,Fernando Alonso,ALO,14.0,McLaren
7672,995,838,1,2,15,1:12.998,1:12.865,,2018,7,7,Canadian Grand Prix,2018-06-10,Stoffel Vandoorne,VAN,2.0,McLaren
7673,995,842,5,10,16,1:13.047,,,2018,7,7,Canadian Grand Prix,2018-06-10,Pierre Gasly,GAS,10.0,Toro Rosso
7674,995,840,3,18,17,1:13.590,,,2018,7,7,Canadian Grand Prix,2018-06-10,Lance Stroll,STR,18.0,Williams
7675,995,845,3,35,18,1:13.643,,,2018,7,7,Canadian Grand Prix,2018-06-10,Sergey Sirotkin,SIR,35.0,Williams
7676,995,828,15,9,19,1:14.593,,,2018,7,7,Canadian Grand Prix,2018-06-10,Marcus Ericsson,ERI,9.0,Sauber
7677,995,154,210,8,20,,,,2018,7,7,Canadian Grand Prix,2018-06-10,Romain Grosjean,GRO,8.0,Haas F1 Team
7678,995,825,210,20,11,1:12.680,1:12.606,,2018,7,7,Canadian Grand Prix,2018-06-10,Kevin Magnussen,MAG,20.0,Haas F1 Team
7679,995,844,15,16,13,1:12.945,1:12.661,,2018,7,7,Canadian Grand Prix,2018-06-10,Charles Leclerc,LEC,16.0,Sauber
7680,996,1,131,44,1,1:31.271,1:30.645,1:30.029,2018,8,34,French Grand Prix,2018-06-24,Lewis Hamilton,HAM,44.0,Mercedes
7681,996,822,131,77,2,1:31.776,1:31.227,1:30.147,2018,8,34,French Grand Prix,2018-06-24,Valtteri Bottas,BOT,77.0,Mercedes
7682,996,20,6,5,3,1:31.820,1:30.751,1:30.400,2018,8,34,French Grand Prix,2018-06-24,Sebastian Vettel,VET,5.0,Ferrari
7683,996,830,9,33,4,1:31.531,1:30.818,1:30.705,2018,8,34,French Grand Prix,2018-06-24,Max Verstappen,VER,33.0,Red Bull
7684,996,817,9,3,5,1:31.910,1:31.538,1:30.895,2018,8,34,French Grand Prix,2018-06-24,Daniel Ricciardo,RIC,3.0,Red Bull
7685,996,8,6,7,6,1:31.567,1:30.772,1:31.057,2018,8,34,French Grand Prix,2018-06-24,Kimi Räikkönen,RAI,7.0,Ferrari
7686,996,832,4,55,7,1:32.394,1:32.016,1:32.126,2018,8,34,French Grand Prix,2018-06-24,Carlos Sainz,SAI,55.0,Renault
7687,996,844,15,16,8,1:32.538,1:32.055,1:32.635,2018,8,34,French Grand Prix,2018-06-24,Charles Leclerc,LEC,16.0,Sauber
7688,996,825,210,20,9,1:32.169,1:31.510,1:32.930,2018,8,34,French Grand Prix,2018-06-24,Kevin Magnussen,MAG,20.0,Haas F1 Team
7689,996,154,210,8,10,1:32.083,1:31.472,,2018,8,34,French Grand Prix,2018-06-24,Romain Grosjean,GRO,8.0,Haas F1 Team
7690,996,839,10,31,11,1:32.786,1:32.075,,2018,8,34,French Grand Prix,2018-06-24,Esteban Ocon,OCO,31.0,Force India
7691,996,807,4,27,12,1:32.949,1:32.115,,2018,8,34,French Grand Prix,2018-06-24,Nico Hülkenberg,HUL,27.0,Renault
7692,996,815,10,11,13,1:32.692,1:32.454,,2018,8,34,French Grand Prix,2018-06-24,Sergio Pérez,PER,11.0,Force India
7693,996,842,5,10,14,1:32.447,1:32.460,,2018,8,34,French Grand Prix,2018-06-24,Pierre Gasly,GAS,10.0,Toro Rosso
7694,996,828,15,9,15,1:32.804,1:32.820,,2018,8,34,French Grand Prix,2018-06-24,Marcus Ericsson,ERI,9.0,Sauber
7695,996,4,1,14,16,1:32.976,,,2018,8,34,French Grand Prix,2018-06-24,Fernando Alonso,ALO,14.0,McLaren
7696,996,843,5,28,17,1:33.025,,,2018,8,34,French Grand Prix,2018-06-24,Brendon Hartley,HAR,28.0,Toro Rosso
7697,996,838,1,2,18,1:33.162,,,2018,8,34,French Grand Prix,2018-06-24,Stoffel Vandoorne,VAN,2.0,McLaren
7698,996,845,3,35,19,1:33.636,,,2018,8,34,French Grand Prix,2018-06-24,Sergey Sirotkin,SIR,35.0,Williams
7699,996,840,3,18,20,1:33.729,,,2018,8,34,French Grand Prix,2018-06-24,Lance Stroll,STR,18.0,Williams
7700,997,822,131,77,1,1:04.175,1:03.756,1:03.130,2018,9,70,Austrian Grand Prix,2018-07-01,Valtteri Bottas,BOT,77.0,Mercedes
7701,997,1,131,44,2,1:04.080,1:03.577,1:03.149,2018,9,70,Austrian Grand Prix,2018-07-01,Lewis Hamilton,HAM,44.0,Mercedes
7702,997,20,6,5,3,1:04.347,1:03.544,1:03.464,2018,9,70,Austrian Grand Prix,2018-07-01,Sebastian Vettel,VET,5.0,Ferrari
7703,997,8,6,7,4,1:04.234,1:03.975,1:03.660,2018,9,70,Austrian Grand Prix,2018-07-01,Kimi Räikkönen,RAI,7.0,Ferrari
7704,997,830,9,33,5,1:04.273,1:04.001,1:03.840,2018,9,70,Austrian Grand Prix,2018-07-01,Max Verstappen,VER,33.0,Red Bull
7705,997,154,210,8,6,1:04.242,1:04.059,1:03.892,2018,9,70,Austrian Grand Prix,2018-07-01,Romain Grosjean,GRO,8.0,Haas F1 Team
7706,997,817,9,3,7,1:04.723,1:04.403,1:03.996,2018,9,70,Austrian Grand Prix,2018-07-01,Daniel Ricciardo,RIC,3.0,Red Bull
7707,997,825,210,20,8,1:04.460,1:04.291,1:04.051,2018,9,70,Austrian Grand Prix,2018-07-01,Kevin Magnussen,MAG,20.0,Haas F1 Team
7708,997,832,4,55,9,1:04.948,1:04.561,1:04.725,2018,9,70,Austrian Grand Prix,2018-07-01,Carlos Sainz,SAI,55.0,Renault
7709,997,807,4,27,10,1:04.864,1:04.676,1:05.019,2018,9,70,Austrian Grand Prix,2018-07-01,Nico Hülkenberg,HUL,27.0,Renault
7710,997,839,10,31,11,1:05.148,1:04.845,,2018,9,70,Austrian Grand Prix,2018-07-01,Esteban Ocon,OCO,31.0,Force India
7711,997,842,5,10,12,1:05.011,1:04.874,,2018,9,70,Austrian Grand Prix,2018-07-01,Pierre Gasly,GAS,10.0,Toro Rosso
7712,997,844,15,16,13,1:04.967,1:04.979,,2018,9,70,Austrian Grand Prix,2018-07-01,Charles Leclerc,LEC,16.0,Sauber
7713,997,4,1,14,14,1:04.965,1:05.058,,2018,9,70,Austrian Grand Prix,2018-07-01,Fernando Alonso,ALO,14.0,McLaren
7714,997,840,3,18,15,1:05.264,1:05.286,,2018,9,70,Austrian Grand Prix,2018-07-01,Lance Stroll,STR,18.0,Williams
7715,997,838,1,2,16,1:05.271,,,2018,9,70,Austrian Grand Prix,2018-07-01,Stoffel Vandoorne,VAN,2.0,McLaren
7716,997,815,10,11,17,1:05.279,,,2018,9,70,Austrian Grand Prix,2018-07-01,Sergio Pérez,PER,11.0,Force India
7717,997,845,3,35,18,1:05.322,,,2018,9,70,Austrian Grand Prix,2018-07-01,Sergey Sirotkin,SIR,35.0,Williams
7718,997,843,5,28,19,1:05.366,,,2018,9,70,Austrian Grand Prix,2018-07-01,Brendon Hartley,HAR,28.0,Toro Rosso
7719,997,828,15,9,20,1:05.479,,,2018,9,70,Austrian Grand Prix,2018-07-01,Marcus Ericsson,ERI,9.0,Sauber
7720,998,1,131,44,1,1:26.818,1:26.256,1:25.892,2018,10,9,British Grand Prix,2018-07-08,Lewis Hamilton,HAM,44.0,Mercedes
7721,998,20,6,5,2,1:26.585,1:26.372,1:25.936,2018,10,9,British Grand Prix,2018-07-08,Sebastian Vettel,VET,5.0,Ferrari
7722,998,8,6,7,3,1:27.549,1:26.483,1:25.990,2018,10,9,British Grand Prix,2018-07-08,Kimi Räikkönen,RAI,7.0,Ferrari
7723,998,822,131,77,4,1:27.025,1:26.413,1:26.217,2018,10,9,British Grand Prix,2018-07-08,Valtteri Bottas,BOT,77.0,Mercedes
7724,998,830,9,33,5,1:27.309,1:27.013,1:26.602,2018,10,9,British Grand Prix,2018-07-08,Max Verstappen,VER,33.0,Red Bull
7725,998,817,9,3,6,1:27.979,1:27.369,1:27.099,2018,10,9,British Grand Prix,2018-07-08,Daniel Ricciardo,RIC,3.0,Red Bull
7726,998,825,210,20,7,1:28.143,1:27.730,1:27.244,2018,10,9,British Grand Prix,2018-07-08,Kevin Magnussen,MAG,20.0,Haas F1 Team
7727,998,154,210,8,8,1:28.086,1:27.522,1:27.455,2018,10,9,British Grand Prix,2018-07-08,Romain Grosjean,GRO,8.0,Haas F1 Team
7728,998,844,15,16,9,1:27.962,1:27.790,1:27.879,2018,10,9,British Grand Prix,2018-07-08,Charles Leclerc,LEC,16.0,Sauber
7729,998,839,10,31,10,1:28.279,1:27.843,1:28.194,2018,10,9,British Grand Prix,2018-07-08,Esteban Ocon,OCO,31.0,Force India
7730,998,807,4,27,11,1:28.017,1:27.901,,2018,10,9,British Grand Prix,2018-07-08,Nico Hülkenberg,HUL,27.0,Renault
7731,998,815,10,11,12,1:28.210,1:27.928,,2018,10,9,British Grand Prix,2018-07-08,Sergio Pérez,PER,11.0,Force India
7732,998,4,1,14,13,1:28.187,1:28.139,,2018,10,9,British Grand Prix,2018-07-08,Fernando Alonso,ALO,14.0,McLaren
7733,998,842,5,10,14,1:28.399,1:28.343,,2018,10,9,British Grand Prix,2018-07-08,Pierre Gasly,GAS,10.0,Toro Rosso
7734,998,828,15,9,15,1:28.249,1:28.391,,2018,10,9,British Grand Prix,2018-07-08,Marcus Ericsson,ERI,9.0,Sauber
7735,998,832,4,55,16,1:28.456,,,2018,10,9,British Grand Prix,2018-07-08,Carlos Sainz,SAI,55.0,Renault
7736,998,838,1,2,17,1:29.096,,,2018,10,9,British Grand Prix,2018-07-08,Stoffel Vandoorne,VAN,2.0,McLaren
7737,998,845,3,35,18,1:29.252,,,2018,10,9,British Grand Prix,2018-07-08,Sergey Sirotkin,SIR,35.0,Williams
7738,998,840,3,18,19,,,,2018,10,9,British Grand Prix,2018-07-08,Lance Stroll,STR,18.0,Williams
7739,998,843,5,28,20,,,,2018,10,9,British Grand Prix,2018-07-08,Brendon Hartley,HAR,28.0,Toro Rosso
7740,999,20,6,5,1,1:12.538,1:12.505,1:11.212,2018,11,10,German Grand Prix,2018-07-22,Sebastian Vettel,VET,5.0,Ferrari
7741,999,822,131,77,2,1:12.962,1:12.152,1:11.416,2018,11,10,German Grand Prix,2018-07-22,Valtteri Bottas,BOT,77.0,Mercedes
7742,999,8,6,7,3,1:12.505,1:12.336,1:11.547,2018,11,10,German Grand Prix,2018-07-22,Kimi Räikkönen,RAI,7.0,Ferrari
7743,999,830,9,33,4,1:13.127,1:12.188,1:11.822,2018,11,10,German Grand Prix,2018-07-22,Max Verstappen,VER,33.0,Red Bull
7744,999,825,210,20,5,1:13.105,1:12.523,1:12.200,2018,11,10,German Grand Prix,2018-07-22,Kevin Magnussen,MAG,20.0,Haas F1 Team
7745,999,154,210,8,6,1:12.986,1:12.722,1:12.544,2018,11,10,German Grand Prix,2018-07-22,Romain Grosjean,GRO,8.0,Haas F1 Team
7746,999,807,4,27,7,1:13.479,1:12.946,1:12.560,2018,11,10,German Grand Prix,2018-07-22,Nico Hülkenberg,HUL,27.0,Renault
7747,999,832,4,55,8,1:13.324,1:13.032,1:12.692,2018,11,10,German Grand Prix,2018-07-22,Carlos Sainz,SAI,55.0,Renault
7748,999,844,15,16,9,1:13.077,1:12.995,1:12.717,2018,11,10,German Grand Prix,2018-07-22,Charles Leclerc,LEC,16.0,Sauber
7749,999,815,10,11,10,1:13.427,1:13.072,1:12.774,2018,11,10,German Grand Prix,2018-07-22,Sergio Pérez,PER,11.0,Force India
7750,999,4,1,14,11,1:13.614,1:13.657,,2018,11,10,German Grand Prix,2018-07-22,Fernando Alonso,ALO,14.0,McLaren
7751,999,845,3,35,12,1:13.708,1:13.702,,2018,11,10,German Grand Prix,2018-07-22,Sergey Sirotkin,SIR,35.0,Williams
7752,999,828,15,9,13,1:13.562,1:13.736,,2018,11,10,German Grand Prix,2018-07-22,Marcus Ericsson,ERI,9.0,Sauber
7753,999,1,131,44,14,1:13.012,,,2018,11,10,German Grand Prix,2018-07-22,Lewis Hamilton,HAM,44.0,Mercedes
7754,999,817,9,3,15,1:13.318,,,2018,11,10,German Grand Prix,2018-07-22,Daniel Ricciardo,RIC,3.0,Red Bull
7755,999,839,10,31,16,1:13.720,,,2018,11,10,German Grand Prix,2018-07-22,Esteban Ocon,OCO,31.0,Force India
7756,999,842,5,10,17,1:13.749,,,2018,11,10,German Grand Prix,2018-07-22,Pierre Gasly,GAS,10.0,Toro Rosso
7757,999,843,5,28,18,1:14.045,,,2018,11,10,German Grand Prix,2018-07-22,Brendon Hartley,HAR,28.0,Toro Rosso
7758,999,840,3,18,19,1:14.206,,,2018,11,10,German Grand Prix,2018-07-22,Lance Stroll,STR,18.0,Williams
7759,999,838,1,2,20,1:14.401,,,2018,11,10,German Grand Prix,2018-07-22,Stoffel Vandoorne,VAN,2.0,McLaren
7760,1000,8,6,7,3,1:17.526,1:32.762,1:36.186,2018,12,11,Hungarian Grand Prix,2018-07-29,Kimi Räikkönen,RAI,7.0,Ferrari
7761,1000,20,6,5,4,1:16.666,1:28.636,1:36.210,2018,12,11,Hungarian Grand Prix,2018-07-29,Sebastian Vettel,VET,5.0,Ferrari
7762,1000,832,4,55,5,1:17.829,1:30.771,1:36.743,2018,12,11,Hungarian Grand Prix,2018-07-29,Carlos Sainz,SAI,55.0,Renault
7763,1000,842,5,10,6,1:18.577,1:31.286,1:37.591,2018,12,11,Hungarian Grand Prix,2018-07-29,Pierre Gasly,GAS,10.0,Toro Rosso
7764,1000,830,9,33,7,1:16.940,1:31.178,1:38.032,2018,12,11,Hungarian Grand Prix,2018-07-29,Max Verstappen,VER,33.0,Red Bull
7765,1000,843,5,28,8,1:18.429,1:32.590,1:38.128,2018,12,11,Hungarian Grand Prix,2018-07-29,Brendon Hartley,HAR,28.0,Toro Rosso
7766,1000,825,210,20,9,1:18.314,1:32.968,1:39.858,2018,12,11,Hungarian Grand Prix,2018-07-29,Kevin Magnussen,MAG,20.0,Haas F1 Team
7767,1000,154,210,8,10,1:17.901,1:33.650,1:40.593,2018,12,11,Hungarian Grand Prix,2018-07-29,Romain Grosjean,GRO,8.0,Haas F1 Team
7768,1000,4,1,14,11,1:18.208,1:35.214,,2018,12,11,Hungarian Grand Prix,2018-07-29,Fernando Alonso,ALO,14.0,McLaren
7769,1000,817,9,3,12,1:18.540,1:36.442,,2018,12,11,Hungarian Grand Prix,2018-07-29,Daniel Ricciardo,RIC,3.0,Red Bull
7770,1000,807,4,27,13,1:17.905,1:36.506,,2018,12,11,Hungarian Grand Prix,2018-07-29,Nico Hülkenberg,HUL,27.0,Renault
7771,1000,828,15,9,14,1:18.641,1:37.075,,2018,12,11,Hungarian Grand Prix,2018-07-29,Marcus Ericsson,ERI,9.0,Sauber
7772,1000,840,3,18,15,1:18.560,,,2018,12,11,Hungarian Grand Prix,2018-07-29,Lance Stroll,STR,18.0,Williams
7773,1000,838,1,2,16,1:18.782,,,2018,12,11,Hungarian Grand Prix,2018-07-29,Stoffel Vandoorne,VAN,2.0,McLaren
7774,1000,844,15,16,17,1:18.817,,,2018,12,11,Hungarian Grand Prix,2018-07-29,Charles Leclerc,LEC,16.0,Sauber
7775,1000,839,10,31,18,1:19.142,,,2018,12,11,Hungarian Grand Prix,2018-07-29,Esteban Ocon,OCO,31.0,Force India
7776,1000,815,10,11,19,1:19.200,,,2018,12,11,Hungarian Grand Prix,2018-07-29,Sergio Pérez,PER,11.0,Force India
7777,1000,845,3,35,20,1:19.301,,,2018,12,11,Hungarian Grand Prix,2018-07-29,Sergey Sirotkin,SIR,35.0,Williams
7778,1000,1,131,44,1,1:17.419,1:31.242,1:35.658,2018,12,11,Hungarian Grand Prix,2018-07-29,Lewis Hamilton,HAM,44.0,Mercedes
7779,1000,822,131,77,2,1:17.123,1:32.081,1:35.918,2018,12,11,Hungarian Grand Prix,2018-07-29,Valtteri Bottas,BOT,77.0,Mercedes
7780,1001,1,131,44,1,1:42.977,1:41.553,1:58.179,2018,13,13,Belgian Grand Prix,2018-08-26,Lewis Hamilton,HAM,44.0,Mercedes
7781,1001,20,6,5,2,1:43.035,1:41.501,1:58.905,2018,13,13,Belgian Grand Prix,2018-08-26,Sebastian Vettel,VET,5.0,Ferrari
7782,1001,839,10,31,3,1:44.003,1:43.302,2:01.851,2018,13,13,Belgian Grand Prix,2018-08-26,Esteban Ocon,OCO,31.0,Force India
7783,1001,815,10,11,4,1:44.004,1:43.014,2:01.894,2018,13,13,Belgian Grand Prix,2018-08-26,Sergio Pérez,PER,11.0,Force India
7784,1001,154,210,8,5,1:43.597,1:43.042,2:02.122,2018,13,13,Belgian Grand Prix,2018-08-26,Romain Grosjean,GRO,8.0,Haas F1 Team
7785,1001,8,6,7,6,1:42.585,1:41.533,2:02.671,2018,13,13,Belgian Grand Prix,2018-08-26,Kimi Räikkönen,RAI,7.0,Ferrari
7786,1001,830,9,33,7,1:43.199,1:42.554,2:02.769,2018,13,13,Belgian Grand Prix,2018-08-26,Max Verstappen,VER,33.0,Red Bull
7787,1001,817,9,3,8,1:43.604,1:43.126,2:02.939,2018,13,13,Belgian Grand Prix,2018-08-26,Daniel Ricciardo,RIC,3.0,Red Bull
7788,1001,825,210,20,9,1:43.834,1:43.320,2:04.933,2018,13,13,Belgian Grand Prix,2018-08-26,Kevin Magnussen,MAG,20.0,Haas F1 Team
7789,1001,822,131,77,10,1:42.805,1:42.191,,2018,13,13,Belgian Grand Prix,2018-08-26,Valtteri Bottas,BOT,77.0,Mercedes
7790,1001,842,5,10,11,1:44.221,1:43.844,,2018,13,13,Belgian Grand Prix,2018-08-26,Pierre Gasly,GAS,10.0,Toro Rosso
7791,1001,843,5,28,12,1:44.153,1:43.865,,2018,13,13,Belgian Grand Prix,2018-08-26,Brendon Hartley,HAR,28.0,Toro Rosso
7792,1001,844,15,16,13,1:43.654,1:44.062,,2018,13,13,Belgian Grand Prix,2018-08-26,Charles Leclerc,LEC,16.0,Sauber
7793,1001,828,15,9,14,1:43.846,1:44.301,,2018,13,13,Belgian Grand Prix,2018-08-26,Marcus Ericsson,ERI,9.0,Sauber
7794,1001,807,4,27,15,1:44.145,,,2018,13,13,Belgian Grand Prix,2018-08-26,Nico Hülkenberg,HUL,27.0,Renault
7795,1001,832,4,55,16,1:44.489,,,2018,13,13,Belgian Grand Prix,2018-08-26,Carlos Sainz,SAI,55.0,Renault
7796,1001,4,1,14,17,1:44.917,,,2018,13,13,Belgian Grand Prix,2018-08-26,Fernando Alonso,ALO,14.0,McLaren
7797,1001,845,3,35,18,1:44.998,,,2018,13,13,Belgian Grand Prix,2018-08-26,Sergey Sirotkin,SIR,35.0,Williams
7798,1001,840,3,18,19,1:45.134,,,2018,13,13,Belgian Grand Prix,2018-08-26,Lance Stroll,STR,18.0,Williams
7799,1001,838,1,2,20,1:45.307,,,2018,13,13,Belgian Grand Prix,2018-08-26,Stoffel Vandoorne,VAN,2.0,McLaren
7800,1002,8,6,7,1,1:20.722,1:19.846,1:19.119,2018,14,14,Italian Grand Prix,2018-09-02,Kimi Räikkönen,RAI,7.0,Ferrari
7801,1002,20,6,5,2,1:20.542,1:19.629,1:19.280,2018,14,14,Italian Grand Prix,2018-09-02,Sebastian Vettel,VET,5.0,Ferrari
7802,1002,1,131,44,3,1:20.810,1:19.798,1:19.294,2018,14,14,Italian Grand Prix,2018-09-02,Lewis Hamilton,HAM,44.0,Mercedes
7803,1002,822,131,77,4,1:21.381,1:20.427,1:19.656,2018,14,14,Italian Grand Prix,2018-09-02,Valtteri Bottas,BOT,77.0,Mercedes
7804,1002,830,9,33,5,1:21.381,1:20.333,1:20.615,2018,14,14,Italian Grand Prix,2018-09-02,Max Verstappen,VER,33.0,Red Bull
7805,1002,154,210,8,6,1:21.887,1:21.239,1:20.936,2018,14,14,Italian Grand Prix,2018-09-02,Romain Grosjean,GRO,8.0,Haas F1 Team
7806,1002,832,4,55,7,1:21.732,1:21.552,1:21.041,2018,14,14,Italian Grand Prix,2018-09-02,Carlos Sainz,SAI,55.0,Renault
7807,1002,839,10,31,8,1:21.570,1:21.315,1:21.099,2018,14,14,Italian Grand Prix,2018-09-02,Esteban Ocon,OCO,31.0,Force India
7808,1002,842,5,10,9,1:21.834,1:21.667,1:21.350,2018,14,14,Italian Grand Prix,2018-09-02,Pierre Gasly,GAS,10.0,Toro Rosso
7809,1002,840,3,18,10,1:21.838,1:21.494,1:21.627,2018,14,14,Italian Grand Prix,2018-09-02,Lance Stroll,STR,18.0,Williams
7810,1002,825,210,20,11,1:21.783,1:21.669,,2018,14,14,Italian Grand Prix,2018-09-02,Kevin Magnussen,MAG,20.0,Haas F1 Team
7811,1002,845,3,35,12,1:21.813,1:21.732,,2018,14,14,Italian Grand Prix,2018-09-02,Sergey Sirotkin,SIR,35.0,Williams
7812,1002,4,1,14,13,1:21.850,1:22.568,,2018,14,14,Italian Grand Prix,2018-09-02,Fernando Alonso,ALO,14.0,McLaren
7813,1002,807,4,27,14,1:21.801,,,2018,14,14,Italian Grand Prix,2018-09-02,Nico Hülkenberg,HUL,27.0,Renault
7814,1002,817,9,3,15,1:21.280,,,2018,14,14,Italian Grand Prix,2018-09-02,Daniel Ricciardo,RIC,3.0,Red Bull
7815,1002,815,10,11,16,1:21.888,,,2018,14,14,Italian Grand Prix,2018-09-02,Sergio Pérez,PER,11.0,Force India
7816,1002,844,15,16,17,1:21.889,,,2018,14,14,Italian Grand Prix,2018-09-02,Charles Leclerc,LEC,16.0,Sauber
7817,1002,843,5,28,18,1:21.934,,,2018,14,14,Italian Grand Prix,2018-09-02,Brendon Hartley,HAR,28.0,Toro Rosso
7818,1002,828,15,9,19,1:22.048,,,2018,14,14,Italian Grand Prix,2018-09-02,Marcus Ericsson,ERI,9.0,Sauber
7819,1002,838,1,2,20,1:22.085,,,2018,14,14,Italian Grand Prix,2018-09-02,Stoffel Vandoorne,VAN,2.0,McLaren
7820,1003,1,131,44,1,1:39.403,1:37.344,1:36.015,2018,15,15,Singapore Grand Prix,2018-09-16,Lewis Hamilton,HAM,44.0,Mercedes
7821,1003,830,9,33,2,1:38.751,1:37.214,1:36.334,2018,15,15,Singapore Grand Prix,2018-09-16,Max Verstappen,VER,33.0,Red Bull
7822,1003,20,6,5,3,1:38.218,1:37.876,1:36.628,2018,15,15,Singapore Grand Prix,2018-09-16,Sebastian Vettel,VET,5.0,Ferrari
7823,1003,822,131,77,4,1:39.291,1:37.254,1:36.702,2018,15,15,Singapore Grand Prix,2018-09-16,Valtteri Bottas,BOT,77.0,Mercedes
7824,1003,8,6,7,5,1:38.534,1:37.194,1:36.794,2018,15,15,Singapore Grand Prix,2018-09-16,Kimi Räikkönen,RAI,7.0,Ferrari
7825,1003,817,9,3,6,1:38.153,1:37.406,1:36.996,2018,15,15,Singapore Grand Prix,2018-09-16,Daniel Ricciardo,RIC,3.0,Red Bull
7826,1003,815,10,11,7,1:38.814,1:38.342,1:37.985,2018,15,15,Singapore Grand Prix,2018-09-16,Sergio Pérez,PER,11.0,Force India
7827,1003,154,210,8,8,1:38.685,1:38.367,1:38.320,2018,15,15,Singapore Grand Prix,2018-09-16,Romain Grosjean,GRO,8.0,Haas F1 Team
7828,1003,839,10,31,9,1:38.912,1:38.534,1:38.365,2018,15,15,Singapore Grand Prix,2018-09-16,Esteban Ocon,OCO,31.0,Force India
7829,1003,807,4,27,10,1:38.932,1:38.450,1:38.588,2018,15,15,Singapore Grand Prix,2018-09-16,Nico Hülkenberg,HUL,27.0,Renault
7830,1003,4,1,14,11,1:39.022,1:38.641,,2018,15,15,Singapore Grand Prix,2018-09-16,Fernando Alonso,ALO,14.0,McLaren
7831,1003,832,4,55,12,1:39.103,1:38.716,,2018,15,15,Singapore Grand Prix,2018-09-16,Carlos Sainz,SAI,55.0,Renault
7832,1003,844,15,16,13,1:39.206,1:38.747,,2018,15,15,Singapore Grand Prix,2018-09-16,Charles Leclerc,LEC,16.0,Sauber
7833,1003,828,15,9,14,1:39.366,1:39.453,,2018,15,15,Singapore Grand Prix,2018-09-16,Marcus Ericsson,ERI,9.0,Sauber
7834,1003,842,5,10,15,1:39.614,1:39.691,,2018,15,15,Singapore Grand Prix,2018-09-16,Pierre Gasly,GAS,10.0,Toro Rosso
7835,1003,825,210,20,16,1:39.644,,,2018,15,15,Singapore Grand Prix,2018-09-16,Kevin Magnussen,MAG,20.0,Haas F1 Team
7836,1003,843,5,28,17,1:39.809,,,2018,15,15,Singapore Grand Prix,2018-09-16,Brendon Hartley,HAR,28.0,Toro Rosso
7837,1003,838,1,2,18,1:39.864,,,2018,15,15,Singapore Grand Prix,2018-09-16,Stoffel Vandoorne,VAN,2.0,McLaren
7838,1003,845,3,35,19,1:41.263,,,2018,15,15,Singapore Grand Prix,2018-09-16,Sergey Sirotkin,SIR,35.0,Williams
7839,1003,840,3,18,20,1:41.334,,,2018,15,15,Singapore Grand Prix,2018-09-16,Lance Stroll,STR,18.0,Williams
7840,1004,822,131,77,1,1:32.964,1:32.744,1:31.387,2018,16,71,Russian Grand Prix,2018-09-30,Valtteri Bottas,BOT,77.0,Mercedes
7841,1004,1,131,44,2,1:32.410,1:32.595,1:31.532,2018,16,71,Russian Grand Prix,2018-09-30,Lewis Hamilton,HAM,44.0,Mercedes
7842,1004,20,6,5,3,1:33.476,1:33.045,1:31.943,2018,16,71,Russian Grand Prix,2018-09-30,Sebastian Vettel,VET,5.0,Ferrari
7843,1004,8,6,7,4,1:33.341,1:33.065,1:32.237,2018,16,71,Russian Grand Prix,2018-09-30,Kimi Räikkönen,RAI,7.0,Ferrari
7844,1004,825,210,20,5,1:34.078,1:33.747,1:33.181,2018,16,71,Russian Grand Prix,2018-09-30,Kevin Magnussen,MAG,20.0,Haas F1 Team
7845,1004,839,10,31,6,1:34.290,1:33.596,1:33.413,2018,16,71,Russian Grand Prix,2018-09-30,Esteban Ocon,OCO,31.0,Force India
7846,1004,844,15,16,7,1:33.924,1:33.488,1:33.419,2018,16,71,Russian Grand Prix,2018-09-30,Charles Leclerc,LEC,16.0,Sauber
7847,1004,815,10,11,8,1:34.084,1:33.923,1:33.563,2018,16,71,Russian Grand Prix,2018-09-30,Sergio Pérez,PER,11.0,Force India
7848,1004,154,210,8,9,1:34.022,1:33.517,1:33.704,2018,16,71,Russian Grand Prix,2018-09-30,Romain Grosjean,GRO,8.0,Haas F1 Team
7849,1004,828,15,9,10,1:34.170,1:33.995,1:35.196,2018,16,71,Russian Grand Prix,2018-09-30,Marcus Ericsson,ERI,9.0,Sauber
7850,1004,830,9,33,11,1:33.048,,,2018,16,71,Russian Grand Prix,2018-09-30,Max Verstappen,VER,33.0,Red Bull
7851,1004,817,9,3,12,1:33.247,,,2018,16,71,Russian Grand Prix,2018-09-30,Daniel Ricciardo,RIC,3.0,Red Bull
7852,1004,842,5,10,13,1:34.383,,,2018,16,71,Russian Grand Prix,2018-09-30,Pierre Gasly,GAS,10.0,Toro Rosso
7853,1004,832,4,55,14,1:34.626,,,2018,16,71,Russian Grand Prix,2018-09-30,Carlos Sainz,SAI,55.0,Renault
7854,1004,807,4,27,15,1:34.655,,,2018,16,71,Russian Grand Prix,2018-09-30,Nico Hülkenberg,HUL,27.0,Renault
7855,1004,843,5,28,16,1:35.037,,,2018,16,71,Russian Grand Prix,2018-09-30,Brendon Hartley,HAR,28.0,Toro Rosso
7856,1004,4,1,14,17,1:35.504,,,2018,16,71,Russian Grand Prix,2018-09-30,Fernando Alonso,ALO,14.0,McLaren
7857,1004,845,3,35,18,1:35.612,,,2018,16,71,Russian Grand Prix,2018-09-30,Sergey Sirotkin,SIR,35.0,Williams
7858,1004,838,1,2,19,1:35.977,,,2018,16,71,Russian Grand Prix,2018-09-30,Stoffel Vandoorne,VAN,2.0,McLaren
7859,1004,840,3,18,20,1:36.437,,,2018,16,71,Russian Grand Prix,2018-09-30,Lance Stroll,STR,18.0,Williams
7860,1005,1,131,44,1,1:28.702,1:28.017,1:27.760,2018,17,22,Japanese Grand Prix,2018-10-07,Lewis Hamilton,HAM,44.0,Mercedes
7861,1005,822,131,77,2,1:29.297,1:27.987,1:28.059,2018,17,22,Japanese Grand Prix,2018-10-07,Valtteri Bottas,BOT,77.0,Mercedes
7862,1005,830,9,33,3,1:29.480,1:28.849,1:29.057,2018,17,22,Japanese Grand Prix,2018-10-07,Max Verstappen,VER,33.0,Red Bull
7863,1005,8,6,7,4,1:29.631,1:28.595,1:29.521,2018,17,22,Japanese Grand Prix,2018-10-07,Kimi Räikkönen,RAI,7.0,Ferrari
7864,1005,154,210,8,5,1:29.724,1:29.678,1:29.761,2018,17,22,Japanese Grand Prix,2018-10-07,Romain Grosjean,GRO,8.0,Haas F1 Team
7865,1005,843,5,28,6,1:30.248,1:29.848,1:30.023,2018,17,22,Japanese Grand Prix,2018-10-07,Brendon Hartley,HAR,28.0,Toro Rosso
7866,1005,842,5,10,7,1:30.137,1:29.810,1:30.093,2018,17,22,Japanese Grand Prix,2018-10-07,Pierre Gasly,GAS,10.0,Toro Rosso
7867,1005,839,10,31,8,1:29.899,1:29.538,1:30.126,2018,17,22,Japanese Grand Prix,2018-10-07,Esteban Ocon,OCO,31.0,Force India
7868,1005,20,6,5,9,1:29.049,1:28.279,1:32.192,2018,17,22,Japanese Grand Prix,2018-10-07,Sebastian Vettel,VET,5.0,Ferrari
7869,1005,815,10,11,10,1:30.247,1:29.567,1:37.229,2018,17,22,Japanese Grand Prix,2018-10-07,Sergio Pérez,PER,11.0,Force India
7870,1005,844,15,16,11,1:29.706,1:29.864,,2018,17,22,Japanese Grand Prix,2018-10-07,Charles Leclerc,LEC,16.0,Sauber
7871,1005,825,210,20,12,1:30.219,1:30.226,,2018,17,22,Japanese Grand Prix,2018-10-07,Kevin Magnussen,MAG,20.0,Haas F1 Team
7872,1005,832,4,55,13,1:30.236,1:30.490,,2018,17,22,Japanese Grand Prix,2018-10-07,Carlos Sainz,SAI,55.0,Renault
7873,1005,840,3,18,14,1:30.317,1:30.714,,2018,17,22,Japanese Grand Prix,2018-10-07,Lance Stroll,STR,18.0,Williams
7874,1005,817,9,3,15,1:29.806,,,2018,17,22,Japanese Grand Prix,2018-10-07,Daniel Ricciardo,RIC,3.0,Red Bull
7875,1005,807,4,27,16,1:30.361,,,2018,17,22,Japanese Grand Prix,2018-10-07,Nico Hülkenberg,HUL,27.0,Renault
7876,1005,845,3,35,17,1:30.372,,,2018,17,22,Japanese Grand Prix,2018-10-07,Sergey Sirotkin,SIR,35.0,Williams
7877,1005,4,1,14,18,1:30.573,,,2018,17,22,Japanese Grand Prix,2018-10-07,Fernando Alonso,ALO,14.0,McLaren
7878,1005,838,1,2,19,1:31.041,,,2018,17,22,Japanese Grand Prix,2018-10-07,Stoffel Vandoorne,VAN,2.0,McLaren
7879,1005,828,15,9,20,1:31.213,,,2018,17,22,Japanese Grand Prix,2018-10-07,Marcus Ericsson,ERI,9.0,Sauber
7880,1006,1,131,44,1,1:34.130,1:33.480,1:32.237,2018,18,69,United States Grand Prix,2018-10-21,Lewis Hamilton,HAM,44.0,Mercedes
7881,1006,20,6,5,2,1:34.569,1:33.079,1:32.298,2018,18,69,United States Grand Prix,2018-10-21,Sebastian Vettel,VET,5.0,Ferrari
7882,1006,8,6,7,3,1:34.703,1:32.884,1:32.307,2018,18,69,United States Grand Prix,2018-10-21,Kimi Räikkönen,RAI,7.0,Ferrari
7883,1006,822,131,77,4,1:34.518,1:33.702,1:32.616,2018,18,69,United States Grand Prix,2018-10-21,Valtteri Bottas,BOT,77.0,Mercedes
7884,1006,817,9,3,5,1:34.755,1:34.185,1:33.494,2018,18,69,United States Grand Prix,2018-10-21,Daniel Ricciardo,RIC,3.0,Red Bull
7885,1006,839,10,31,6,1:34.876,1:34.522,1:34.145,2018,18,69,United States Grand Prix,2018-10-21,Esteban Ocon,OCO,31.0,Force India
7886,1006,807,4,27,7,1:34.932,1:34.564,1:34.215,2018,18,69,United States Grand Prix,2018-10-21,Nico Hülkenberg,HUL,27.0,Renault
7887,1006,154,210,8,8,1:34.892,1:34.419,1:34.250,2018,18,69,United States Grand Prix,2018-10-21,Romain Grosjean,GRO,8.0,Haas F1 Team
7888,1006,844,15,16,9,1:35.069,1:34.255,1:34.420,2018,18,69,United States Grand Prix,2018-10-21,Charles Leclerc,LEC,16.0,Sauber
7889,1006,815,10,11,10,1:35.193,1:34.525,1:34.594,2018,18,69,United States Grand Prix,2018-10-21,Sergio Pérez,PER,11.0,Force India
7890,1006,832,4,55,11,1:34.891,1:34.566,,2018,18,69,United States Grand Prix,2018-10-21,Carlos Sainz,SAI,55.0,Renault
7891,1006,825,210,20,12,1:34.972,1:34.732,,2018,18,69,United States Grand Prix,2018-10-21,Kevin Magnussen,MAG,20.0,Haas F1 Team
7892,1006,842,5,10,13,1:34.850,,,2018,18,69,United States Grand Prix,2018-10-21,Pierre Gasly,GAS,10.0,Toro Rosso
7893,1006,843,5,28,14,1:35.206,,,2018,18,69,United States Grand Prix,2018-10-21,Brendon Hartley,HAR,28.0,Toro Rosso
7894,1006,830,9,33,15,1:34.766,,,2018,18,69,United States Grand Prix,2018-10-21,Max Verstappen,VER,33.0,Red Bull
7895,1006,4,1,14,16,1:35.294,,,2018,18,69,United States Grand Prix,2018-10-21,Fernando Alonso,ALO,14.0,McLaren
7896,1006,845,3,35,17,1:35.362,,,2018,18,69,United States Grand Prix,2018-10-21,Sergey Sirotkin,SIR,35.0,Williams
7897,1006,840,3,18,18,1:35.480,,,2018,18,69,United States Grand Prix,2018-10-21,Lance Stroll,STR,18.0,Williams
7898,1006,828,15,9,19,1:35.536,,,2018,18,69,United States Grand Prix,2018-10-21,Marcus Ericsson,ERI,9.0,Sauber
7899,1006,838,1,2,20,1:35.735,,,2018,18,69,United States Grand Prix,2018-10-21,Stoffel Vandoorne,VAN,2.0,McLaren
7900,1007,817,9,3,1,1:15.866,1:15.845,1:14.759,2018,19,32,Mexican Grand Prix,2018-10-28,Daniel Ricciardo,RIC,3.0,Red Bull
7901,1007,830,9,33,2,1:15.756,1:15.640,1:14.785,2018,19,32,Mexican Grand Prix,2018-10-28,Max Verstappen,VER,33.0,Red Bull
7902,1007,1,131,44,3,1:15.673,1:15.644,1:14.894,2018,19,32,Mexican Grand Prix,2018-10-28,Lewis Hamilton,HAM,44.0,Mercedes
7903,1007,20,6,5,4,1:16.089,1:15.715,1:14.970,2018,19,32,Mexican Grand Prix,2018-10-28,Sebastian Vettel,VET,5.0,Ferrari
7904,1007,822,131,77,5,1:15.580,1:15.923,1:15.160,2018,19,32,Mexican Grand Prix,2018-10-28,Valtteri Bottas,BOT,77.0,Mercedes
7905,1007,8,6,7,6,1:16.446,1:15.996,1:15.330,2018,19,32,Mexican Grand Prix,2018-10-28,Kimi Räikkönen,RAI,7.0,Ferrari
7906,1007,807,4,27,7,1:16.498,1:16.126,1:15.827,2018,19,32,Mexican Grand Prix,2018-10-28,Nico Hülkenberg,HUL,27.0,Renault
7907,1007,832,4,55,8,1:16.813,1:16.188,1:16.084,2018,19,32,Mexican Grand Prix,2018-10-28,Carlos Sainz,SAI,55.0,Renault
7908,1007,844,15,16,9,1:16.862,1:16.320,1:16.189,2018,19,32,Mexican Grand Prix,2018-10-28,Charles Leclerc,LEC,16.0,Sauber
7909,1007,828,15,9,10,1:16.701,1:16.633,1:16.513,2018,19,32,Mexican Grand Prix,2018-10-28,Marcus Ericsson,ERI,9.0,Sauber
7910,1007,839,10,31,11,1:16.252,1:16.844,,2018,19,32,Mexican Grand Prix,2018-10-28,Esteban Ocon,OCO,31.0,Force India
7911,1007,815,10,11,13,1:16.242,1:17.167,,2018,19,32,Mexican Grand Prix,2018-10-28,Sergio Pérez,PER,11.0,Force India
7912,1007,843,5,28,14,1:16.682,1:17.184,,2018,19,32,Mexican Grand Prix,2018-10-28,Brendon Hartley,HAR,28.0,Toro Rosso
7913,1007,842,5,10,15,1:16.828,,,2018,19,32,Mexican Grand Prix,2018-10-28,Pierre Gasly,GAS,10.0,Toro Rosso
7914,1007,154,210,8,16,1:16.911,,,2018,19,32,Mexican Grand Prix,2018-10-28,Romain Grosjean,GRO,8.0,Haas F1 Team
7915,1007,838,1,2,17,1:16.966,,,2018,19,32,Mexican Grand Prix,2018-10-28,Stoffel Vandoorne,VAN,2.0,McLaren
7916,1007,825,210,20,18,1:17.599,,,2018,19,32,Mexican Grand Prix,2018-10-28,Kevin Magnussen,MAG,20.0,Haas F1 Team
7917,1007,840,3,18,19,1:17.689,,,2018,19,32,Mexican Grand Prix,2018-10-28,Lance Stroll,STR,18.0,Williams
7918,1007,845,3,35,20,1:17.886,,,2018,19,32,Mexican Grand Prix,2018-10-28,Sergey Sirotkin,SIR,35.0,Williams
7919,1007,4,1,14,12,1:16.857,1:16.871,,2018,19,32,Mexican Grand Prix,2018-10-28,Fernando Alonso,ALO,14.0,McLaren
7920,1008,1,131,44,1,1:08.464,1:07.795,1:07.281,2018,20,18,Brazilian Grand Prix,2018-11-11,Lewis Hamilton,HAM,44.0,Mercedes
7921,1008,20,6,5,2,1:08.452,1:07.776,1:07.374,2018,20,18,Brazilian Grand Prix,2018-11-11,Sebastian Vettel,VET,5.0,Ferrari
7922,1008,822,131,77,3,1:08.492,1:07.727,1:07.441,2018,20,18,Brazilian Grand Prix,2018-11-11,Valtteri Bottas,BOT,77.0,Mercedes
7923,1008,8,6,7,4,1:08.452,1:08.028,1:07.456,2018,20,18,Brazilian Grand Prix,2018-11-11,Kimi Räikkönen,RAI,7.0,Ferrari
7924,1008,830,9,33,5,1:08.205,1:08.017,1:07.778,2018,20,18,Brazilian Grand Prix,2018-11-11,Max Verstappen,VER,33.0,Red Bull
7925,1008,817,9,3,6,1:08.544,1:08.055,1:07.780,2018,20,18,Brazilian Grand Prix,2018-11-11,Daniel Ricciardo,RIC,3.0,Red Bull
7926,1008,828,15,9,7,1:08.754,1:08.579,1:08.296,2018,20,18,Brazilian Grand Prix,2018-11-11,Marcus Ericsson,ERI,9.0,Sauber
7927,1008,844,15,16,8,1:08.667,1:08.335,1:08.492,2018,20,18,Brazilian Grand Prix,2018-11-11,Charles Leclerc,LEC,16.0,Sauber
7928,1008,154,210,8,9,1:08.735,1:08.239,1:08.517,2018,20,18,Brazilian Grand Prix,2018-11-11,Romain Grosjean,GRO,8.0,Haas F1 Team
7929,1008,842,5,10,10,1:09.046,1:08.616,1:09.029,2018,20,18,Brazilian Grand Prix,2018-11-11,Pierre Gasly,GAS,10.0,Toro Rosso
7930,1008,825,210,20,11,1:08.474,1:08.659,,2018,20,18,Brazilian Grand Prix,2018-11-11,Kevin Magnussen,MAG,20.0,Haas F1 Team
7931,1008,815,10,11,12,1:09.217,1:08.741,,2018,20,18,Brazilian Grand Prix,2018-11-11,Sergio Pérez,PER,11.0,Force India
7932,1008,839,10,31,13,1:09.264,1:08.770,,2018,20,18,Brazilian Grand Prix,2018-11-11,Esteban Ocon,OCO,31.0,Force India
7933,1008,807,4,27,14,1:09.009,1:08.834,,2018,20,18,Brazilian Grand Prix,2018-11-11,Nico Hülkenberg,HUL,27.0,Renault
7934,1008,845,3,35,15,1:09.259,1:10.381,,2018,20,18,Brazilian Grand Prix,2018-11-11,Sergey Sirotkin,SIR,35.0,Williams
7935,1008,832,4,55,16,1:09.269,,,2018,20,18,Brazilian Grand Prix,2018-11-11,Carlos Sainz,SAI,55.0,Renault
7936,1008,843,5,28,17,1:09.280,,,2018,20,18,Brazilian Grand Prix,2018-11-11,Brendon Hartley,HAR,28.0,Toro Rosso
7937,1008,4,1,14,18,1:09.402,,,2018,20,18,Brazilian Grand Prix,2018-11-11,Fernando Alonso,ALO,14.0,McLaren
7938,1008,840,3,18,19,1:09.441,,,2018,20,18,Brazilian Grand Prix,2018-11-11,Lance Stroll,STR,18.0,Williams
7939,1008,838,1,2,20,1:09.601,,,2018,20,18,Brazilian Grand Prix,2018-11-11,Stoffel Vandoorne,VAN,2.0,McLaren
7940,1009,1,131,44,1,1:36.828,1:35.693,1:34.794,2018,21,24,Abu Dhabi Grand Prix,2018-11-25,Lewis Hamilton,HAM,44.0,Mercedes
7941,1009,822,131,77,2,1:36.789,1:36.392,1:34.956,2018,21,24,Abu Dhabi Grand Prix,2018-11-25,Valtteri Bottas,BOT,77.0,Mercedes
7942,1009,20,6,5,3,1:36.775,1:36.345,1:35.125,2018,21,24,Abu Dhabi Grand Prix,2018-11-25,Sebastian Vettel,VET,5.0,Ferrari
7943,1009,8,6,7,4,1:37.010,1:36.735,1:35.365,2018,21,24,Abu Dhabi Grand Prix,2018-11-25,Kimi Räikkönen,RAI,7.0,Ferrari
7944,1009,817,9,3,5,1:37.117,1:36.964,1:35.401,2018,21,24,Abu Dhabi Grand Prix,2018-11-25,Daniel Ricciardo,RIC,3.0,Red Bull
7945,1009,830,9,33,6,1:37.195,1:36.144,1:35.589,2018,21,24,Abu Dhabi Grand Prix,2018-11-25,Max Verstappen,VER,33.0,Red Bull
7946,1009,154,210,8,7,1:37.575,1:36.732,1:36.192,2018,21,24,Abu Dhabi Grand Prix,2018-11-25,Romain Grosjean,GRO,8.0,Haas F1 Team
7947,1009,844,15,16,8,1:37.124,1:36.580,1:36.237,2018,21,24,Abu Dhabi Grand Prix,2018-11-25,Charles Leclerc,LEC,16.0,Sauber
7948,1009,839,10,31,9,1:36.936,1:36.814,1:36.540,2018,21,24,Abu Dhabi Grand Prix,2018-11-25,Esteban Ocon,OCO,31.0,Force India
7949,1009,807,4,27,10,1:37.569,1:36.630,1:36.542,2018,21,24,Abu Dhabi Grand Prix,2018-11-25,Nico Hülkenberg,HUL,27.0,Renault
7950,1009,832,4,55,11,1:37.757,1:36.982,,2018,21,24,Abu Dhabi Grand Prix,2018-11-25,Carlos Sainz,SAI,55.0,Renault
7951,1009,828,15,9,12,1:37.619,1:37.132,,2018,21,24,Abu Dhabi Grand Prix,2018-11-25,Marcus Ericsson,ERI,9.0,Sauber
7952,1009,825,210,20,13,1:37.934,1:37.309,,2018,21,24,Abu Dhabi Grand Prix,2018-11-25,Kevin Magnussen,MAG,20.0,Haas F1 Team
7953,1009,815,10,11,14,1:37.255,1:37.541,,2018,21,24,Abu Dhabi Grand Prix,2018-11-25,Sergio Pérez,PER,11.0,Force India
7954,1009,4,1,14,15,1:37.890,1:37.743,,2018,21,24,Abu Dhabi Grand Prix,2018-11-25,Fernando Alonso,ALO,14.0,McLaren
7955,1009,843,5,28,16,1:37.994,,,2018,21,24,Abu Dhabi Grand Prix,2018-11-25,Brendon Hartley,HAR,28.0,Toro Rosso
7956,1009,842,5,10,17,1:38.166,,,2018,21,24,Abu Dhabi Grand Prix,2018-11-25,Pierre Gasly,GAS,10.0,Toro Rosso
7957,1009,838,1,2,18,1:38.577,,,2018,21,24,Abu Dhabi Grand Prix,2018-11-25,Stoffel Vandoorne,VAN,2.0,McLaren
7958,1009,845,3,35,19,1:38.635,,,2018,21,24,Abu Dhabi Grand Prix,2018-11-25,Sergey Sirotkin,SIR,35.0,Williams
7959,1009,840,3,18,20,1:38.682,,,2018,21,24,Abu Dhabi Grand Prix,2018-11-25,Lance Stroll,STR,18.0,Williams
7960,1010,1,131,44,1,1:22.043,1:21.014,1:20.486,2019,1,1,Australian Grand Prix,2019-03-17,Lewis Hamilton,HAM,44.0,Mercedes
7961,1010,822,131,77,2,1:22.367,1:21.193,1:20.598,2019,1,1,Australian Grand Prix,2019-03-17,Valtteri Bottas,BOT,77.0,Mercedes
7962,1010,20,6,5,3,1:22.885,1:21.912,1:21.190,2019,1,1,Australian Grand Prix,2019-03-17,Sebastian Vettel,VET,5.0,Ferrari
7963,1010,830,9,33,4,1:22.876,1:21.678,1:21.320,2019,1,1,Australian Grand Prix,2019-03-17,Max Verstappen,VER,33.0,Red Bull
7964,1010,844,6,16,5,1:22.017,1:21.739,1:21.442,2019,1,1,Australian Grand Prix,2019-03-17,Charles Leclerc,LEC,16.0,Ferrari
7965,1010,154,210,8,6,1:22.959,1:21.870,1:21.826,2019,1,1,Australian Grand Prix,2019-03-17,Romain Grosjean,GRO,8.0,Haas F1 Team
7966,1010,825,210,20,7,1:22.519,1:22.221,1:22.099,2019,1,1,Australian Grand Prix,2019-03-17,Kevin Magnussen,MAG,20.0,Haas F1 Team
7967,1010,846,1,4,8,1:22.702,1:22.423,1:22.304,2019,1,1,Australian Grand Prix,2019-03-17,Lando Norris,NOR,4.0,McLaren
7968,1010,8,51,7,9,1:22.966,1:22.349,1:22.314,2019,1,1,Australian Grand Prix,2019-03-17,Kimi Räikkönen,RAI,7.0,Alfa Romeo
7969,1010,815,211,11,10,1:22.908,1:22.532,1:22.781,2019,1,1,Australian Grand Prix,2019-03-17,Sergio Pérez,PER,11.0,Racing Point
7970,1010,807,4,27,11,1:22.540,1:22.562,,2019,1,1,Australian Grand Prix,2019-03-17,Nico Hülkenberg,HUL,27.0,Renault
7971,1010,817,4,3,12,1:22.921,1:22.570,,2019,1,1,Australian Grand Prix,2019-03-17,Daniel Ricciardo,RIC,3.0,Renault
7972,1010,848,5,23,13,1:22.757,1:22.636,,2019,1,1,Australian Grand Prix,2019-03-17,Alexander Albon,ALB,23.0,Toro Rosso
7973,1010,841,51,99,14,1:22.431,1:22.714,,2019,1,1,Australian Grand Prix,2019-03-17,Antonio Giovinazzi,GIO,99.0,Alfa Romeo
7974,1010,826,5,26,15,1:22.511,1:22.774,,2019,1,1,Australian Grand Prix,2019-03-17,Daniil Kvyat,KVY,26.0,Toro Rosso
7975,1010,840,211,18,16,1:23.017,,,2019,1,1,Australian Grand Prix,2019-03-17,Lance Stroll,STR,18.0,Racing Point
7976,1010,842,9,10,17,1:23.020,,,2019,1,1,Australian Grand Prix,2019-03-17,Pierre Gasly,GAS,10.0,Red Bull
7977,1010,832,1,55,18,1:23.084,,,2019,1,1,Australian Grand Prix,2019-03-17,Carlos Sainz,SAI,55.0,McLaren
7978,1010,847,3,63,19,1:24.360,,,2019,1,1,Australian Grand Prix,2019-03-17,George Russell,RUS,63.0,Williams
7979,1010,9,3,88,20,1:26.067,,,2019,1,1,Australian Grand Prix,2019-03-17,Robert Kubica,KUB,88.0,Williams
7980,1011,844,6,16,1,1:28.495,1:28.046,1:27.866,2019,2,3,Bahrain Grand Prix,2019-03-31,Charles Leclerc,LEC,16.0,Ferrari
7981,1011,20,6,5,2,1:28.733,1:28.356,1:28.160,2019,2,3,Bahrain Grand Prix,2019-03-31,Sebastian Vettel,VET,5.0,Ferrari
7982,1011,1,131,44,3,1:29.262,1:28.578,1:28.190,2019,2,3,Bahrain Grand Prix,2019-03-31,Lewis Hamilton,HAM,44.0,Mercedes
7983,1011,822,131,77,4,1:29.498,1:28.830,1:28.256,2019,2,3,Bahrain Grand Prix,2019-03-31,Valtteri Bottas,BOT,77.0,Mercedes
7984,1011,830,9,33,5,1:29.579,1:29.109,1:28.752,2019,2,3,Bahrain Grand Prix,2019-03-31,Max Verstappen,VER,33.0,Red Bull
7985,1011,825,210,20,6,1:29.532,1:29.017,1:28.757,2019,2,3,Bahrain Grand Prix,2019-03-31,Kevin Magnussen,MAG,20.0,Haas F1 Team
7986,1011,832,1,55,7,1:29.528,1:29.055,1:28.813,2019,2,3,Bahrain Grand Prix,2019-03-31,Carlos Sainz,SAI,55.0,McLaren
7987,1011,154,210,8,8,1:29.688,1:29.249,1:29.015,2019,2,3,Bahrain Grand Prix,2019-03-31,Romain Grosjean,GRO,8.0,Haas F1 Team
7988,1011,8,51,7,9,1:29.959,1:29.471,1:29.022,2019,2,3,Bahrain Grand Prix,2019-03-31,Kimi Räikkönen,RAI,7.0,Alfa Romeo
7989,1011,846,1,4,10,1:29.381,1:29.258,1:29.043,2019,2,3,Bahrain Grand Prix,2019-03-31,Lando Norris,NOR,4.0,McLaren
7990,1011,817,4,3,11,1:29.859,1:29.488,,2019,2,3,Bahrain Grand Prix,2019-03-31,Daniel Ricciardo,RIC,3.0,Renault
7991,1011,848,5,23,12,1:29.514,1:29.513,,2019,2,3,Bahrain Grand Prix,2019-03-31,Alexander Albon,ALB,23.0,Toro Rosso
7992,1011,842,9,10,13,1:29.900,1:29.526,,2019,2,3,Bahrain Grand Prix,2019-03-31,Pierre Gasly,GAS,10.0,Red Bull
7993,1011,815,211,11,14,1:29.893,1:29.756,,2019,2,3,Bahrain Grand Prix,2019-03-31,Sergio Pérez,PER,11.0,Racing Point
7994,1011,826,5,26,15,1:29.876,1:29.854,,2019,2,3,Bahrain Grand Prix,2019-03-31,Daniil Kvyat,KVY,26.0,Toro Rosso
7995,1011,841,51,99,16,1:30.026,,,2019,2,3,Bahrain Grand Prix,2019-03-31,Antonio Giovinazzi,GIO,99.0,Alfa Romeo
7996,1011,807,4,27,17,1:30.034,,,2019,2,3,Bahrain Grand Prix,2019-03-31,Nico Hülkenberg,HUL,27.0,Renault
7997,1011,840,211,18,18,1:30.217,,,2019,2,3,Bahrain Grand Prix,2019-03-31,Lance Stroll,STR,18.0,Racing Point
7998,1011,847,3,63,19,1:31.759,,,2019,2,3,Bahrain Grand Prix,2019-03-31,George Russell,RUS,63.0,Williams
7999,1011,9,3,88,20,1:31.799,,,2019,2,3,Bahrain Grand Prix,2019-03-31,Robert Kubica,KUB,88.0,Williams
8000,1012,822,131,77,1,1:32.658,1:31.728,1:31.547,2019,3,17,Chinese Grand Prix,2019-04-14,Valtteri Bottas,BOT,77.0,Mercedes
8001,1012,1,131,44,2,1:33.115,1:31.637,1:31.570,2019,3,17,Chinese Grand Prix,2019-04-14,Lewis Hamilton,HAM,44.0,Mercedes
8002,1012,20,6,5,3,1:33.557,1:32.232,1:31.848,2019,3,17,Chinese Grand Prix,2019-04-14,Sebastian Vettel,VET,5.0,Ferrari
8003,1012,844,6,16,4,1:32.712,1:32.324,1:31.865,2019,3,17,Chinese Grand Prix,2019-04-14,Charles Leclerc,LEC,16.0,Ferrari
8004,1012,830,9,33,5,1:33.274,1:32.369,1:32.089,2019,3,17,Chinese Grand Prix,2019-04-14,Max Verstappen,VER,33.0,Red Bull
8005,1012,842,9,10,6,1:33.863,1:32.948,1:32.930,2019,3,17,Chinese Grand Prix,2019-04-14,Pierre Gasly,GAS,10.0,Red Bull
8006,1012,817,4,3,7,1:33.709,1:33.214,1:32.958,2019,3,17,Chinese Grand Prix,2019-04-14,Daniel Ricciardo,RIC,3.0,Renault
8007,1012,807,4,27,8,1:33.644,1:33.968,1:32.962,2019,3,17,Chinese Grand Prix,2019-04-14,Nico Hülkenberg,HUL,27.0,Renault
8008,1012,825,210,20,9,1:34.036,1:33.150,,2019,3,17,Chinese Grand Prix,2019-04-14,Kevin Magnussen,MAG,20.0,Haas F1 Team
8009,1012,154,210,8,10,1:33.752,1:33.156,,2019,3,17,Chinese Grand Prix,2019-04-14,Romain Grosjean,GRO,8.0,Haas F1 Team
8010,1012,826,5,26,11,1:33.783,1:33.236,,2019,3,17,Chinese Grand Prix,2019-04-14,Daniil Kvyat,KVY,26.0,Toro Rosso
8011,1012,815,211,11,12,1:34.026,1:33.299,,2019,3,17,Chinese Grand Prix,2019-04-14,Sergio Pérez,PER,11.0,Racing Point
8012,1012,8,51,7,13,1:34.125,1:33.419,,2019,3,17,Chinese Grand Prix,2019-04-14,Kimi Räikkönen,RAI,7.0,Alfa Romeo
8013,1012,832,1,55,14,1:33.686,1:33.523,,2019,3,17,Chinese Grand Prix,2019-04-14,Carlos Sainz,SAI,55.0,McLaren
8014,1012,846,1,4,15,1:34.148,1:33.967,,2019,3,17,Chinese Grand Prix,2019-04-14,Lando Norris,NOR,4.0,McLaren
8015,1012,840,211,18,16,1:34.292,,,2019,3,17,Chinese Grand Prix,2019-04-14,Lance Stroll,STR,18.0,Racing Point
8016,1012,847,3,63,17,1:35.253,,,2019,3,17,Chinese Grand Prix,2019-04-14,George Russell,RUS,63.0,Williams
8017,1012,9,3,88,18,1:35.281,,,2019,3,17,Chinese Grand Prix,2019-04-14,Robert Kubica,KUB,88.0,Williams
8018,1013,822,131,77,1,1:42.026,1:41.500,1:40.495,2019,4,73,Azerbaijan Grand Prix,2019-04-28,Valtteri Bottas,BOT,77.0,Mercedes
8019,1013,1,131,44,2,1:41.614,1:41.580,1:40.554,2019,4,73,Azerbaijan Grand Prix,2019-04-28,Lewis Hamilton,HAM,44.0,Mercedes
8020,1013,20,6,5,3,1:42.042,1:41.889,1:40.797,2019,4,73,Azerbaijan Grand Prix,2019-04-28,Sebastian Vettel,VET,5.0,Ferrari
8021,1013,830,9,33,4,1:41.727,1:41.388,1:41.069,2019,4,73,Azerbaijan Grand Prix,2019-04-28,Max Verstappen,VER,33.0,Red Bull
8022,1013,815,211,11,5,1:42.249,1:41.870,1:41.593,2019,4,73,Azerbaijan Grand Prix,2019-04-28,Sergio Pérez,PER,11.0,Racing Point
8023,1013,826,5,26,6,1:42.324,1:42.221,1:41.681,2019,4,73,Azerbaijan Grand Prix,2019-04-28,Daniil Kvyat,KVY,26.0,Toro Rosso
8024,1013,846,1,4,7,1:42.371,1:42.084,1:41.886,2019,4,73,Azerbaijan Grand Prix,2019-04-28,Lando Norris,NOR,4.0,McLaren
8025,1013,841,51,99,8,1:42.140,1:42.381,1:42.424,2019,4,73,Azerbaijan Grand Prix,2019-04-28,Antonio Giovinazzi,GIO,99.0,Alfa Romeo
8026,1013,844,6,16,9,1:41.426,1:41.995,,2019,4,73,Azerbaijan Grand Prix,2019-04-28,Charles Leclerc,LEC,16.0,Ferrari
8027,1013,832,1,55,10,1:41.936,1:42.398,,2019,4,73,Azerbaijan Grand Prix,2019-04-28,Carlos Sainz,SAI,55.0,McLaren
8028,1013,817,4,3,11,1:42.486,1:42.477,,2019,4,73,Azerbaijan Grand Prix,2019-04-28,Daniel Ricciardo,RIC,3.0,Renault
8029,1013,848,5,23,12,1:42.154,1:42.494,,2019,4,73,Azerbaijan Grand Prix,2019-04-28,Alexander Albon,ALB,23.0,Toro Rosso
8030,1013,825,210,20,13,1:42.382,1:42.699,,2019,4,73,Azerbaijan Grand Prix,2019-04-28,Kevin Magnussen,MAG,20.0,Haas F1 Team
8031,1013,840,211,18,14,1:42.630,,,2019,4,73,Azerbaijan Grand Prix,2019-04-28,Lance Stroll,STR,18.0,Racing Point
8032,1013,154,210,8,15,1:43.407,,,2019,4,73,Azerbaijan Grand Prix,2019-04-28,Romain Grosjean,GRO,8.0,Haas F1 Team
8033,1013,807,4,27,16,1:43.427,,,2019,4,73,Azerbaijan Grand Prix,2019-04-28,Nico Hülkenberg,HUL,27.0,Renault
8034,1013,847,3,63,17,1:45.062,,,2019,4,73,Azerbaijan Grand Prix,2019-04-28,George Russell,RUS,63.0,Williams
8035,1013,9,3,88,18,1:45.455,,,2019,4,73,Azerbaijan Grand Prix,2019-04-28,Robert Kubica,KUB,88.0,Williams
8036,1013,8,51,7,19,,,,2019,4,73,Azerbaijan Grand Prix,2019-04-28,Kimi Räikkönen,RAI,7.0,Alfa Romeo
8037,1013,842,9,10,20,,,,2019,4,73,Azerbaijan Grand Prix,2019-04-28,Pierre Gasly,GAS,10.0,Red Bull
8038,1014,822,131,77,1,1:16.979,1:15.924,1:15.406,2019,5,4,Spanish Grand Prix,2019-05-12,Valtteri Bottas,BOT,77.0,Mercedes
8039,1014,1,131,44,2,1:17.292,1:16.038,1:16.040,2019,5,4,Spanish Grand Prix,2019-05-12,Lewis Hamilton,HAM,44.0,Mercedes
8040,1014,20,6,5,3,1:17.425,1:16.667,1:16.272,2019,5,4,Spanish Grand Prix,2019-05-12,Sebastian Vettel,VET,5.0,Ferrari
8041,1014,830,9,33,4,1:17.244,1:16.726,1:16.357,2019,5,4,Spanish Grand Prix,2019-05-12,Max Verstappen,VER,33.0,Red Bull
8042,1014,844,6,16,5,1:17.388,1:16.714,1:16.588,2019,5,4,Spanish Grand Prix,2019-05-12,Charles Leclerc,LEC,16.0,Ferrari
8043,1014,842,9,10,6,1:17.862,1:16.932,1:16.708,2019,5,4,Spanish Grand Prix,2019-05-12,Pierre Gasly,GAS,10.0,Red Bull
8044,1014,154,210,8,7,1:18.042,1:17.066,1:16.911,2019,5,4,Spanish Grand Prix,2019-05-12,Romain Grosjean,GRO,8.0,Haas F1 Team
8045,1014,825,210,20,8,1:17.669,1:17.272,1:16.922,2019,5,4,Spanish Grand Prix,2019-05-12,Kevin Magnussen,MAG,20.0,Haas F1 Team
8046,1014,826,5,26,9,1:17.914,1:17.243,1:17.573,2019,5,4,Spanish Grand Prix,2019-05-12,Daniil Kvyat,KVY,26.0,Toro Rosso
8047,1014,817,4,3,10,1:18.385,1:17.299,1:18.106,2019,5,4,Spanish Grand Prix,2019-05-12,Daniel Ricciardo,RIC,3.0,Renault
8048,1014,846,1,4,11,1:17.611,1:17.338,,2019,5,4,Spanish Grand Prix,2019-05-12,Lando Norris,NOR,4.0,McLaren
8049,1014,848,5,23,12,1:17.796,1:17.445,,2019,5,4,Spanish Grand Prix,2019-05-12,Alexander Albon,ALB,23.0,Toro Rosso
8050,1014,832,1,55,13,1:17.760,1:17.599,,2019,5,4,Spanish Grand Prix,2019-05-12,Carlos Sainz,SAI,55.0,McLaren
8051,1014,8,51,7,14,1:18.132,1:17.788,,2019,5,4,Spanish Grand Prix,2019-05-12,Kimi Räikkönen,RAI,7.0,Alfa Romeo
8052,1014,815,211,11,15,1:18.286,1:17.886,,2019,5,4,Spanish Grand Prix,2019-05-12,Sergio Pérez,PER,11.0,Racing Point
8053,1014,807,4,27,16,1:18.404,,,2019,5,4,Spanish Grand Prix,2019-05-12,Nico Hülkenberg,HUL,27.0,Renault
8054,1014,840,211,18,17,1:18.471,,,2019,5,4,Spanish Grand Prix,2019-05-12,Lance Stroll,STR,18.0,Racing Point
8055,1014,841,51,99,18,1:18.664,,,2019,5,4,Spanish Grand Prix,2019-05-12,Antonio Giovinazzi,GIO,99.0,Alfa Romeo
8056,1014,847,3,63,19,1:19.072,,,2019,5,4,Spanish Grand Prix,2019-05-12,George Russell,RUS,63.0,Williams
8057,1014,9,3,88,20,1:20.254,,,2019,5,4,Spanish Grand Prix,2019-05-12,Robert Kubica,KUB,88.0,Williams
8058,1015,1,131,44,1,1:11.542,1:10.835,1:10.166,2019,6,6,Monaco Grand Prix,2019-05-26,Lewis Hamilton,HAM,44.0,Mercedes
8059,1015,822,131,77,2,1:11.562,1:10.701,1:10.252,2019,6,6,Monaco Grand Prix,2019-05-26,Valtteri Bottas,BOT,77.0,Mercedes
8060,1015,830,9,33,3,1:11.597,1:10.618,1:10.641,2019,6,6,Monaco Grand Prix,2019-05-26,Max Verstappen,VER,33.0,Red Bull
8061,1015,20,6,5,4,1:11.434,1:11.227,1:10.947,2019,6,6,Monaco Grand Prix,2019-05-26,Sebastian Vettel,VET,5.0,Ferrari
8062,1015,842,9,10,5,1:11.740,1:11.457,1:11.041,2019,6,6,Monaco Grand Prix,2019-05-26,Pierre Gasly,GAS,10.0,Red Bull
8063,1015,825,210,20,6,1:11.865,1:11.363,1:11.109,2019,6,6,Monaco Grand Prix,2019-05-26,Kevin Magnussen,MAG,20.0,Haas F1 Team
8064,1015,817,4,3,7,1:11.767,1:11.543,1:11.218,2019,6,6,Monaco Grand Prix,2019-05-26,Daniel Ricciardo,RIC,3.0,Renault
8065,1015,826,5,26,8,1:11.602,1:11.412,1:11.271,2019,6,6,Monaco Grand Prix,2019-05-26,Daniil Kvyat,KVY,26.0,Toro Rosso
8066,1015,832,1,55,9,1:11.872,1:11.608,1:11.417,2019,6,6,Monaco Grand Prix,2019-05-26,Carlos Sainz,SAI,55.0,McLaren
8067,1015,848,5,23,10,1:12.007,1:11.429,1:11.653,2019,6,6,Monaco Grand Prix,2019-05-26,Alexander Albon,ALB,23.0,Toro Rosso
8068,1015,807,4,27,11,1:12.097,1:11.670,,2019,6,6,Monaco Grand Prix,2019-05-26,Nico Hülkenberg,HUL,27.0,Renault
8069,1015,846,1,4,12,1:11.845,1:11.724,,2019,6,6,Monaco Grand Prix,2019-05-26,Lando Norris,NOR,4.0,McLaren
8070,1015,154,210,8,13,1:11.837,1:12.027,,2019,6,6,Monaco Grand Prix,2019-05-26,Romain Grosjean,GRO,8.0,Haas F1 Team
8071,1015,8,51,7,14,1:11.993,1:12.115,,2019,6,6,Monaco Grand Prix,2019-05-26,Kimi Räikkönen,RAI,7.0,Alfa Romeo
8072,1015,841,51,99,15,1:11.976,1:12.185,,2019,6,6,Monaco Grand Prix,2019-05-26,Antonio Giovinazzi,GIO,99.0,Alfa Romeo
8073,1015,844,6,16,16,1:12.149,,,2019,6,6,Monaco Grand Prix,2019-05-26,Charles Leclerc,LEC,16.0,Ferrari
8074,1015,815,211,11,17,1:12.233,,,2019,6,6,Monaco Grand Prix,2019-05-26,Sergio Pérez,PER,11.0,Racing Point
8075,1015,840,211,18,18,1:12.846,,,2019,6,6,Monaco Grand Prix,2019-05-26,Lance Stroll,STR,18.0,Racing Point
8076,1015,847,3,63,19,1:13.477,,,2019,6,6,Monaco Grand Prix,2019-05-26,George Russell,RUS,63.0,Williams
8077,1015,9,3,88,20,1:13.751,,,2019,6,6,Monaco Grand Prix,2019-05-26,Robert Kubica,KUB,88.0,Williams
8078,1016,20,6,5,1,1:11.200,1:11.142,1:10.240,2019,7,7,Canadian Grand Prix,2019-06-09,Sebastian Vettel,VET,5.0,Ferrari
8079,1016,1,131,44,2,1:11.518,1:11.010,1:10.446,2019,7,7,Canadian Grand Prix,2019-06-09,Lewis Hamilton,HAM,44.0,Mercedes
8080,1016,844,6,16,3,1:11.214,1:11.205,1:10.920,2019,7,7,Canadian Grand Prix,2019-06-09,Charles Leclerc,LEC,16.0,Ferrari
8081,1016,817,4,3,4,1:11.837,1:11.532,1:11.071,2019,7,7,Canadian Grand Prix,2019-06-09,Daniel Ricciardo,RIC,3.0,Renault
8082,1016,842,9,10,5,1:12.023,1:11.196,1:11.079,2019,7,7,Canadian Grand Prix,2019-06-09,Pierre Gasly,GAS,10.0,Red Bull
8083,1016,822,131,77,6,1:11.229,1:11.095,1:11.101,2019,7,7,Canadian Grand Prix,2019-06-09,Valtteri Bottas,BOT,77.0,Mercedes
8084,1016,807,4,27,7,1:11.720,1:11.553,1:11.324,2019,7,7,Canadian Grand Prix,2019-06-09,Nico Hülkenberg,HUL,27.0,Renault
8085,1016,846,1,4,8,1:11.780,1:11.735,1:11.863,2019,7,7,Canadian Grand Prix,2019-06-09,Lando Norris,NOR,4.0,McLaren
8086,1016,832,1,55,9,1:11.750,1:11.572,1:13.981,2019,7,7,Canadian Grand Prix,2019-06-09,Carlos Sainz,SAI,55.0,McLaren
8087,1016,825,210,20,10,1:12.107,1:11.786,,2019,7,7,Canadian Grand Prix,2019-06-09,Kevin Magnussen,MAG,20.0,Haas F1 Team
8088,1016,830,9,33,11,1:11.619,1:11.800,,2019,7,7,Canadian Grand Prix,2019-06-09,Max Verstappen,VER,33.0,Red Bull
8089,1016,826,5,26,12,1:11.965,1:11.921,,2019,7,7,Canadian Grand Prix,2019-06-09,Daniil Kvyat,KVY,26.0,Toro Rosso
8090,1016,841,51,99,13,1:12.122,1:12.136,,2019,7,7,Canadian Grand Prix,2019-06-09,Antonio Giovinazzi,GIO,99.0,Alfa Romeo
8091,1016,848,5,23,14,1:12.020,1:12.193,,2019,7,7,Canadian Grand Prix,2019-06-09,Alexander Albon,ALB,23.0,Toro Rosso
8092,1016,154,210,8,15,1:12.109,,,2019,7,7,Canadian Grand Prix,2019-06-09,Romain Grosjean,GRO,8.0,Haas F1 Team
8093,1016,815,211,11,16,1:12.197,,,2019,7,7,Canadian Grand Prix,2019-06-09,Sergio Pérez,PER,11.0,Racing Point
8094,1016,8,51,7,17,1:12.230,,,2019,7,7,Canadian Grand Prix,2019-06-09,Kimi Räikkönen,RAI,7.0,Alfa Romeo
8095,1016,840,211,18,18,1:12.266,,,2019,7,7,Canadian Grand Prix,2019-06-09,Lance Stroll,STR,18.0,Racing Point
8096,1016,847,3,63,19,1:13.617,,,2019,7,7,Canadian Grand Prix,2019-06-09,George Russell,RUS,63.0,Williams
8097,1016,9,3,88,20,1:14.393,,,2019,7,7,Canadian Grand Prix,2019-06-09,Robert Kubica,KUB,88.0,Williams
8098,1017,1,131,44,1,1:30.609,1:29.520,1:28.319,2019,8,34,French Grand Prix,2019-06-23,Lewis Hamilton,HAM,44.0,Mercedes
8099,1017,822,131,77,2,1:30.550,1:29.437,1:28.605,2019,8,34,French Grand Prix,2019-06-23,Valtteri Bottas,BOT,77.0,Mercedes
8100,1017,844,6,16,3,1:30.647,1:29.699,1:28.965,2019,8,34,French Grand Prix,2019-06-23,Charles Leclerc,LEC,16.0,Ferrari
8101,1017,830,9,33,4,1:31.327,1:30.099,1:29.409,2019,8,34,French Grand Prix,2019-06-23,Max Verstappen,VER,33.0,Red Bull
8102,1017,846,1,4,5,1:30.989,1:30.019,1:29.418,2019,8,34,French Grand Prix,2019-06-23,Lando Norris,NOR,4.0,McLaren
8103,1017,832,1,55,6,1:31.073,1:30.319,1:29.522,2019,8,34,French Grand Prix,2019-06-23,Carlos Sainz,SAI,55.0,McLaren
8104,1017,20,6,5,7,1:31.075,1:29.506,1:29.799,2019,8,34,French Grand Prix,2019-06-23,Sebastian Vettel,VET,5.0,Ferrari
8105,1017,817,4,3,8,1:30.954,1:30.369,1:29.918,2019,8,34,French Grand Prix,2019-06-23,Daniel Ricciardo,RIC,3.0,Renault
8106,1017,842,9,10,9,1:31.152,1:30.421,1:30.184,2019,8,34,French Grand Prix,2019-06-23,Pierre Gasly,GAS,10.0,Red Bull
8107,1017,841,51,99,10,1:31.180,1:30.408,1:33.420,2019,8,34,French Grand Prix,2019-06-23,Antonio Giovinazzi,GIO,99.0,Alfa Romeo
8108,1017,848,5,23,11,1:31.445,1:30.461,,2019,8,34,French Grand Prix,2019-06-23,Alexander Albon,ALB,23.0,Toro Rosso
8109,1017,8,51,7,12,1:30.972,1:30.533,,2019,8,34,French Grand Prix,2019-06-23,Kimi Räikkönen,RAI,7.0,Alfa Romeo
8110,1017,807,4,27,13,1:30.865,1:30.544,,2019,8,34,French Grand Prix,2019-06-23,Nico Hülkenberg,HUL,27.0,Renault
8111,1017,815,211,11,14,1:30.964,1:30.738,,2019,8,34,French Grand Prix,2019-06-23,Sergio Pérez,PER,11.0,Racing Point
8112,1017,825,210,20,15,1:31.166,1:31.440,,2019,8,34,French Grand Prix,2019-06-23,Kevin Magnussen,MAG,20.0,Haas F1 Team
8113,1017,826,5,26,16,1:31.564,,,2019,8,34,French Grand Prix,2019-06-23,Daniil Kvyat,KVY,26.0,Toro Rosso
8114,1017,154,210,8,17,1:31.626,,,2019,8,34,French Grand Prix,2019-06-23,Romain Grosjean,GRO,8.0,Haas F1 Team
8115,1017,840,211,18,18,1:31.726,,,2019,8,34,French Grand Prix,2019-06-23,Lance Stroll,STR,18.0,Racing Point
8116,1017,847,3,63,19,1:32.789,,,2019,8,34,French Grand Prix,2019-06-23,George Russell,RUS,63.0,Williams
8117,1017,9,3,88,20,1:33.205,,,2019,8,34,French Grand Prix,2019-06-23,Robert Kubica,KUB,88.0,Williams
8118,1018,844,6,16,1,1:04.138,1:03.378,1:03.003,2019,9,70,Austrian Grand Prix,2019-06-30,Charles Leclerc,LEC,16.0,Ferrari
8119,1018,1,131,44,2,1:03.818,1:03.803,1:03.262,2019,9,70,Austrian Grand Prix,2019-06-30,Lewis Hamilton,HAM,44.0,Mercedes
8120,1018,830,9,33,3,1:03.807,1:03.835,1:03.439,2019,9,70,Austrian Grand Prix,2019-06-30,Max Verstappen,VER,33.0,Red Bull
8121,1018,822,131,77,4,1:04.084,1:03.863,1:03.537,2019,9,70,Austrian Grand Prix,2019-06-30,Valtteri Bottas,BOT,77.0,Mercedes
8122,1018,825,210,20,5,1:04.778,1:04.466,1:04.072,2019,9,70,Austrian Grand Prix,2019-06-30,Kevin Magnussen,MAG,20.0,Haas F1 Team
8123,1018,846,1,4,6,1:04.361,1:04.211,1:04.099,2019,9,70,Austrian Grand Prix,2019-06-30,Lando Norris,NOR,4.0,McLaren
8124,1018,8,51,7,7,1:04.615,1:04.056,1:04.166,2019,9,70,Austrian Grand Prix,2019-06-30,Kimi Räikkönen,RAI,7.0,Alfa Romeo
8125,1018,841,51,99,8,1:04.450,1:04.194,1:04.179,2019,9,70,Austrian Grand Prix,2019-06-30,Antonio Giovinazzi,GIO,99.0,Alfa Romeo
8126,1018,842,9,10,9,1:04.412,1:03.988,1:04.199,2019,9,70,Austrian Grand Prix,2019-06-30,Pierre Gasly,GAS,10.0,Red Bull
8127,1018,20,6,5,10,1:04.430,1:03.667,,2019,9,70,Austrian Grand Prix,2019-06-30,Sebastian Vettel,VET,5.0,Ferrari
8128,1018,154,210,8,11,1:04.552,1:04.490,,2019,9,70,Austrian Grand Prix,2019-06-30,Romain Grosjean,GRO,8.0,Haas F1 Team
8129,1018,807,4,27,12,1:04.733,1:04.516,,2019,9,70,Austrian Grand Prix,2019-06-30,Nico Hülkenberg,HUL,27.0,Renault
8130,1018,848,5,23,13,1:04.708,1:04.665,,2019,9,70,Austrian Grand Prix,2019-06-30,Alexander Albon,ALB,23.0,Toro Rosso
8131,1018,817,4,3,14,1:04.647,1:04.790,,2019,9,70,Austrian Grand Prix,2019-06-30,Daniel Ricciardo,RIC,3.0,Renault
8132,1018,832,1,55,15,1:04.453,1:13.601,,2019,9,70,Austrian Grand Prix,2019-06-30,Carlos Sainz,SAI,55.0,McLaren
8133,1018,815,211,11,16,1:04.789,,,2019,9,70,Austrian Grand Prix,2019-06-30,Sergio Pérez,PER,11.0,Racing Point
8134,1018,840,211,18,17,1:04.832,,,2019,9,70,Austrian Grand Prix,2019-06-30,Lance Stroll,STR,18.0,Racing Point
8135,1018,826,5,26,18,1:05.324,,,2019,9,70,Austrian Grand Prix,2019-06-30,Daniil Kvyat,KVY,26.0,Toro Rosso
8136,1018,847,3,63,19,1:05.904,,,2019,9,70,Austrian Grand Prix,2019-06-30,George Russell,RUS,63.0,Williams
8137,1018,9,3,88,20,1:06.206,,,2019,9,70,Austrian Grand Prix,2019-06-30,Robert Kubica,KUB,88.0,Williams
8138,1019,822,131,77,1,1:25.750,1:25.672,1:25.093,2019,10,9,British Grand Prix,2019-07-14,Valtteri Bottas,BOT,77.0,Mercedes
8139,1019,1,131,44,2,1:25.513,1:25.840,1:25.099,2019,10,9,British Grand Prix,2019-07-14,Lewis Hamilton,HAM,44.0,Mercedes
8140,1019,844,6,16,3,1:25.533,1:25.546,1:25.172,2019,10,9,British Grand Prix,2019-07-14,Charles Leclerc,LEC,16.0,Ferrari
8141,1019,830,9,33,4,1:25.700,1:25.848,1:25.276,2019,10,9,British Grand Prix,2019-07-14,Max Verstappen,VER,33.0,Red Bull
8142,1019,842,9,10,5,1:26.273,1:26.038,1:25.590,2019,10,9,British Grand Prix,2019-07-14,Pierre Gasly,GAS,10.0,Red Bull
8143,1019,20,6,5,6,1:25.898,1:26.023,1:25.787,2019,10,9,British Grand Prix,2019-07-14,Sebastian Vettel,VET,5.0,Ferrari
8144,1019,817,4,3,7,1:26.428,1:26.283,1:26.182,2019,10,9,British Grand Prix,2019-07-14,Daniel Ricciardo,RIC,3.0,Renault
8145,1019,846,1,4,8,1:26.079,1:26.385,1:26.224,2019,10,9,British Grand Prix,2019-07-14,Lando Norris,NOR,4.0,McLaren
8146,1019,848,5,23,9,1:26.482,1:26.403,1:26.345,2019,10,9,British Grand Prix,2019-07-14,Alexander Albon,ALB,23.0,Toro Rosso
8147,1019,807,4,27,10,1:26.568,1:26.397,1:26.386,2019,10,9,British Grand Prix,2019-07-14,Nico Hülkenberg,HUL,27.0,Renault
8148,1019,841,51,99,11,1:26.449,1:26.519,,2019,10,9,British Grand Prix,2019-07-14,Antonio Giovinazzi,GIO,99.0,Alfa Romeo
8149,1019,8,51,7,12,1:26.558,1:26.546,,2019,10,9,British Grand Prix,2019-07-14,Kimi Räikkönen,RAI,7.0,Alfa Romeo
8150,1019,832,1,55,13,1:26.203,1:26.578,,2019,10,9,British Grand Prix,2019-07-14,Carlos Sainz,SAI,55.0,McLaren
8151,1019,154,210,8,14,1:26.347,1:26.757,,2019,10,9,British Grand Prix,2019-07-14,Romain Grosjean,GRO,8.0,Haas F1 Team
8152,1019,815,211,11,15,1:26.649,1:26.928,,2019,10,9,British Grand Prix,2019-07-14,Sergio Pérez,PER,11.0,Racing Point
8153,1019,825,210,20,16,1:26.662,,,2019,10,9,British Grand Prix,2019-07-14,Kevin Magnussen,MAG,20.0,Haas F1 Team
8154,1019,826,5,26,17,1:26.721,,,2019,10,9,British Grand Prix,2019-07-14,Daniil Kvyat,KVY,26.0,Toro Rosso
8155,1019,840,211,18,18,1:26.762,,,2019,10,9,British Grand Prix,2019-07-14,Lance Stroll,STR,18.0,Racing Point
8156,1019,847,3,63,19,1:27.789,,,2019,10,9,British Grand Prix,2019-07-14,George Russell,RUS,63.0,Williams
8157,1019,9,3,88,20,1:28.257,,,2019,10,9,British Grand Prix,2019-07-14,Robert Kubica,KUB,88.0,Williams
8158,1020,1,131,44,1,1:12.852,1:12.149,1:11.767,2019,11,10,German Grand Prix,2019-07-28,Lewis Hamilton,HAM,44.0,Mercedes
8159,1020,830,9,33,2,1:12.593,1:12.427,1:12.113,2019,11,10,German Grand Prix,2019-07-28,Max Verstappen,VER,33.0,Red Bull
8160,1020,822,131,77,3,1:13.075,1:12.424,1:12.129,2019,11,10,German Grand Prix,2019-07-28,Valtteri Bottas,BOT,77.0,Mercedes
8161,1020,842,9,10,4,1:12.991,1:12.385,1:12.522,2019,11,10,German Grand Prix,2019-07-28,Pierre Gasly,GAS,10.0,Red Bull
8162,1020,8,51,7,5,1:13.066,1:12.519,1:12.538,2019,11,10,German Grand Prix,2019-07-28,Kimi Räikkönen,RAI,7.0,Alfa Romeo
8163,1020,154,210,8,6,1:13.146,1:12.769,1:12.851,2019,11,10,German Grand Prix,2019-07-28,Romain Grosjean,GRO,8.0,Haas F1 Team
8164,1020,832,1,55,7,1:13.221,1:12.632,1:12.897,2019,11,10,German Grand Prix,2019-07-28,Carlos Sainz,SAI,55.0,McLaren
8165,1020,815,211,11,8,1:13.194,1:12.776,1:13.065,2019,11,10,German Grand Prix,2019-07-28,Sergio Pérez,PER,11.0,Racing Point
8166,1020,807,4,27,9,1:13.186,1:12.766,1:13.126,2019,11,10,German Grand Prix,2019-07-28,Nico Hülkenberg,HUL,27.0,Renault
8167,1020,844,6,16,10,1:12.229,1:12.344,,2019,11,10,German Grand Prix,2019-07-28,Charles Leclerc,LEC,16.0,Ferrari
8168,1020,841,51,99,11,1:13.170,1:12.786,,2019,11,10,German Grand Prix,2019-07-28,Antonio Giovinazzi,GIO,99.0,Alfa Romeo
8169,1020,825,210,20,12,1:13.103,1:12.789,,2019,11,10,German Grand Prix,2019-07-28,Kevin Magnussen,MAG,20.0,Haas F1 Team
8170,1020,817,4,3,13,1:13.131,1:12.799,,2019,11,10,German Grand Prix,2019-07-28,Daniel Ricciardo,RIC,3.0,Renault
8171,1020,826,5,26,14,1:13.278,1:13.135,,2019,11,10,German Grand Prix,2019-07-28,Daniil Kvyat,KVY,26.0,Toro Rosso
8172,1020,840,211,18,15,1:13.256,1:13.450,,2019,11,10,German Grand Prix,2019-07-28,Lance Stroll,STR,18.0,Racing Point
8173,1020,846,1,4,16,1:13.333,,,2019,11,10,German Grand Prix,2019-07-28,Lando Norris,NOR,4.0,McLaren
8174,1020,848,5,23,17,1:13.461,,,2019,11,10,German Grand Prix,2019-07-28,Alexander Albon,ALB,23.0,Toro Rosso
8175,1020,847,3,63,18,1:14.721,,,2019,11,10,German Grand Prix,2019-07-28,George Russell,RUS,63.0,Williams
8176,1020,9,3,88,19,1:14.839,,,2019,11,10,German Grand Prix,2019-07-28,Robert Kubica,KUB,88.0,Williams
8177,1020,20,6,5,20,,,,2019,11,10,German Grand Prix,2019-07-28,Sebastian Vettel,VET,5.0,Ferrari
8178,1021,830,9,33,1,1:15.817,1:15.573,1:14.572,2019,12,11,Hungarian Grand Prix,2019-08-04,Max Verstappen,VER,33.0,Red Bull
8179,1021,822,131,77,2,1:16.078,1:15.669,1:14.590,2019,12,11,Hungarian Grand Prix,2019-08-04,Valtteri Bottas,BOT,77.0,Mercedes
8180,1021,1,131,44,3,1:16.068,1:15.548,1:14.769,2019,12,11,Hungarian Grand Prix,2019-08-04,Lewis Hamilton,HAM,44.0,Mercedes
8181,1021,844,6,16,4,1:16.337,1:15.792,1:15.043,2019,12,11,Hungarian Grand Prix,2019-08-04,Charles Leclerc,LEC,16.0,Ferrari
8182,1021,20,6,5,5,1:16.452,1:15.885,1:15.071,2019,12,11,Hungarian Grand Prix,2019-08-04,Sebastian Vettel,VET,5.0,Ferrari
8183,1021,842,9,10,6,1:16.716,1:16.393,1:15.450,2019,12,11,Hungarian Grand Prix,2019-08-04,Pierre Gasly,GAS,10.0,Red Bull
8184,1021,846,1,4,7,1:16.697,1:16.060,1:15.800,2019,12,11,Hungarian Grand Prix,2019-08-04,Lando Norris,NOR,4.0,McLaren
8185,1021,832,1,55,8,1:16.493,1:16.308,1:15.852,2019,12,11,Hungarian Grand Prix,2019-08-04,Carlos Sainz,SAI,55.0,McLaren
8186,1021,154,210,8,9,1:16.978,1:16.319,1:16.013,2019,12,11,Hungarian Grand Prix,2019-08-04,Romain Grosjean,GRO,8.0,Haas F1 Team
8187,1021,8,51,7,10,1:16.506,1:16.518,1:16.041,2019,12,11,Hungarian Grand Prix,2019-08-04,Kimi Räikkönen,RAI,7.0,Alfa Romeo
8188,1021,807,4,27,11,1:16.790,1:16.565,,2019,12,11,Hungarian Grand Prix,2019-08-04,Nico Hülkenberg,HUL,27.0,Renault
8189,1021,848,5,23,12,1:16.912,1:16.687,,2019,12,11,Hungarian Grand Prix,2019-08-04,Alexander Albon,ALB,23.0,Toro Rosso
8190,1021,826,5,26,13,1:16.750,1:16.692,,2019,12,11,Hungarian Grand Prix,2019-08-04,Daniil Kvyat,KVY,26.0,Toro Rosso
8191,1021,841,51,99,14,1:16.894,1:16.804,,2019,12,11,Hungarian Grand Prix,2019-08-04,Antonio Giovinazzi,GIO,99.0,Alfa Romeo
8192,1021,825,210,20,15,1:16.122,1:17.081,,2019,12,11,Hungarian Grand Prix,2019-08-04,Kevin Magnussen,MAG,20.0,Haas F1 Team
8193,1021,847,3,63,16,1:17.031,,,2019,12,11,Hungarian Grand Prix,2019-08-04,George Russell,RUS,63.0,Williams
8194,1021,815,211,11,17,1:17.109,,,2019,12,11,Hungarian Grand Prix,2019-08-04,Sergio Pérez,PER,11.0,Racing Point
8195,1021,817,4,3,18,1:17.257,,,2019,12,11,Hungarian Grand Prix,2019-08-04,Daniel Ricciardo,RIC,3.0,Renault
8196,1021,840,211,18,19,1:17.542,,,2019,12,11,Hungarian Grand Prix,2019-08-04,Lance Stroll,STR,18.0,Racing Point
8197,1021,9,3,88,20,1:18.324,,,2019,12,11,Hungarian Grand Prix,2019-08-04,Robert Kubica,KUB,88.0,Williams
8198,1022,844,6,16,1,1:43.587,1:42.938,1:42.519,2019,13,13,Belgian Grand Prix,2019-09-01,Charles Leclerc,LEC,16.0,Ferrari
8199,1022,20,6,5,2,1:44.109,1:43.037,1:43.267,2019,13,13,Belgian Grand Prix,2019-09-01,Sebastian Vettel,VET,5.0,Ferrari
8200,1022,1,131,44,3,1:45.260,1:43.592,1:43.282,2019,13,13,Belgian Grand Prix,2019-09-01,Lewis Hamilton,HAM,44.0,Mercedes
8201,1022,822,131,77,4,1:45.141,1:43.980,1:43.415,2019,13,13,Belgian Grand Prix,2019-09-01,Valtteri Bottas,BOT,77.0,Mercedes
8202,1022,830,9,33,5,1:44.622,1:44.132,1:43.690,2019,13,13,Belgian Grand Prix,2019-09-01,Max Verstappen,VER,33.0,Red Bull
8203,1022,817,4,3,6,1:45.560,1:44.103,1:44.257,2019,13,13,Belgian Grand Prix,2019-09-01,Daniel Ricciardo,RIC,3.0,Renault
8204,1022,807,4,27,7,1:45.899,1:44.549,1:44.542,2019,13,13,Belgian Grand Prix,2019-09-01,Nico Hülkenberg,HUL,27.0,Renault
8205,1022,8,51,7,8,1:45.842,1:44.140,1:44.557,2019,13,13,Belgian Grand Prix,2019-09-01,Kimi Räikkönen,RAI,7.0,Alfa Romeo
8206,1022,815,211,11,9,1:45.732,1:44.707,1:44.706,2019,13,13,Belgian Grand Prix,2019-09-01,Sergio Pérez,PER,11.0,Racing Point
8207,1022,825,210,20,10,1:45.839,1:44.738,1:45.086,2019,13,13,Belgian Grand Prix,2019-09-01,Kevin Magnussen,MAG,20.0,Haas F1 Team
8208,1022,154,210,8,11,1:45.694,1:44.797,,2019,13,13,Belgian Grand Prix,2019-09-01,Romain Grosjean,GRO,8.0,Haas F1 Team
8209,1022,846,1,4,12,1:46.154,1:44.847,,2019,13,13,Belgian Grand Prix,2019-09-01,Lando Norris,NOR,4.0,McLaren
8210,1022,840,211,18,13,1:46.000,1:45.047,,2019,13,13,Belgian Grand Prix,2019-09-01,Lance Stroll,STR,18.0,Racing Point
8211,1022,848,9,23,14,1:45.528,1:45.799,,2019,13,13,Belgian Grand Prix,2019-09-01,Alexander Albon,ALB,23.0,Red Bull
8212,1022,841,51,99,15,1:45.637,,,2019,13,13,Belgian Grand Prix,2019-09-01,Antonio Giovinazzi,GIO,99.0,Alfa Romeo
8213,1022,842,5,10,16,1:46.435,,,2019,13,13,Belgian Grand Prix,2019-09-01,Pierre Gasly,GAS,10.0,Toro Rosso
8214,1022,832,1,55,17,1:46.507,,,2019,13,13,Belgian Grand Prix,2019-09-01,Carlos Sainz,SAI,55.0,McLaren
8215,1022,826,5,26,18,1:46.518,,,2019,13,13,Belgian Grand Prix,2019-09-01,Daniil Kvyat,KVY,26.0,Toro Rosso
8216,1022,847,3,63,19,1:47.548,,,2019,13,13,Belgian Grand Prix,2019-09-01,George Russell,RUS,63.0,Williams
8217,1022,9,3,88,20,,,,2019,13,13,Belgian Grand Prix,2019-09-01,Robert Kubica,KUB,88.0,Williams
8218,1023,844,6,16,1,1:20.126,1:19.553,1:19.307,2019,14,14,Italian Grand Prix,2019-09-08,Charles Leclerc,LEC,16.0,Ferrari
8219,1023,1,131,44,2,1:20.272,1:19.464,1:19.346,2019,14,14,Italian Grand Prix,2019-09-08,Lewis Hamilton,HAM,44.0,Mercedes
8220,1023,822,131,77,3,1:20.156,1:20.018,1:19.354,2019,14,14,Italian Grand Prix,2019-09-08,Valtteri Bottas,BOT,77.0,Mercedes
8221,1023,20,6,5,4,1:20.378,1:19.715,1:19.457,2019,14,14,Italian Grand Prix,2019-09-08,Sebastian Vettel,VET,5.0,Ferrari
8222,1023,817,4,3,5,1:20.374,1:19.833,1:19.839,2019,14,14,Italian Grand Prix,2019-09-08,Daniel Ricciardo,RIC,3.0,Renault
8223,1023,807,4,27,6,1:20.155,1:20.275,1:20.049,2019,14,14,Italian Grand Prix,2019-09-08,Nico Hülkenberg,HUL,27.0,Renault
8224,1023,832,1,55,7,1:20.413,1:20.202,1:20.455,2019,14,14,Italian Grand Prix,2019-09-08,Carlos Sainz,SAI,55.0,McLaren
8225,1023,848,9,23,8,1:20.382,1:20.021,,2019,14,14,Italian Grand Prix,2019-09-08,Alexander Albon,ALB,23.0,Red Bull
8226,1023,840,211,18,9,1:20.643,1:20.498,,2019,14,14,Italian Grand Prix,2019-09-08,Lance Stroll,STR,18.0,Racing Point
8227,1023,8,51,7,10,1:20.634,1:20.515,,2019,14,14,Italian Grand Prix,2019-09-08,Kimi Räikkönen,RAI,7.0,Alfa Romeo
8228,1023,841,51,99,11,1:20.657,1:20.517,,2019,14,14,Italian Grand Prix,2019-09-08,Antonio Giovinazzi,GIO,99.0,Alfa Romeo
8229,1023,825,210,20,12,1:20.616,1:20.615,,2019,14,14,Italian Grand Prix,2019-09-08,Kevin Magnussen,MAG,20.0,Haas F1 Team
8230,1023,826,5,26,13,1:20.723,1:20.630,,2019,14,14,Italian Grand Prix,2019-09-08,Daniil Kvyat,KVY,26.0,Toro Rosso
8231,1023,846,1,4,14,1:20.646,1:21.068,,2019,14,14,Italian Grand Prix,2019-09-08,Lando Norris,NOR,4.0,McLaren
8232,1023,842,5,10,15,1:20.508,1:21.125,,2019,14,14,Italian Grand Prix,2019-09-08,Pierre Gasly,GAS,10.0,Toro Rosso
8233,1023,154,210,8,16,1:20.784,,,2019,14,14,Italian Grand Prix,2019-09-08,Romain Grosjean,GRO,8.0,Haas F1 Team
8234,1023,815,211,11,17,1:21.291,,,2019,14,14,Italian Grand Prix,2019-09-08,Sergio Pérez,PER,11.0,Racing Point
8235,1023,847,3,63,18,1:21.800,,,2019,14,14,Italian Grand Prix,2019-09-08,George Russell,RUS,63.0,Williams
8236,1023,9,3,88,19,1:22.356,,,2019,14,14,Italian Grand Prix,2019-09-08,Robert Kubica,KUB,88.0,Williams
8237,1023,830,9,33,20,,,,2019,14,14,Italian Grand Prix,2019-09-08,Max Verstappen,VER,33.0,Red Bull
8238,1024,844,6,16,1,1:38.014,1:36.650,1:36.217,2019,15,15,Singapore Grand Prix,2019-09-22,Charles Leclerc,LEC,16.0,Ferrari
8239,1024,1,131,44,2,1:37.565,1:36.933,1:36.408,2019,15,15,Singapore Grand Prix,2019-09-22,Lewis Hamilton,HAM,44.0,Mercedes
8240,1024,20,6,5,3,1:38.374,1:36.720,1:36.437,2019,15,15,Singapore Grand Prix,2019-09-22,Sebastian Vettel,VET,5.0,Ferrari
8241,1024,830,9,33,4,1:38.540,1:37.089,1:36.813,2019,15,15,Singapore Grand Prix,2019-09-22,Max Verstappen,VER,33.0,Red Bull
8242,1024,822,131,77,5,1:37.317,1:37.142,1:37.146,2019,15,15,Singapore Grand Prix,2019-09-22,Valtteri Bottas,BOT,77.0,Mercedes
8243,1024,848,9,23,6,1:39.106,1:37.865,1:37.411,2019,15,15,Singapore Grand Prix,2019-09-22,Alexander Albon,ALB,23.0,Red Bull
8244,1024,832,1,55,7,1:38.882,1:37.982,1:37.818,2019,15,15,Singapore Grand Prix,2019-09-22,Carlos Sainz,SAI,55.0,McLaren
8245,1024,807,4,27,8,1:39.001,1:38.580,1:38.264,2019,15,15,Singapore Grand Prix,2019-09-22,Nico Hülkenberg,HUL,27.0,Renault
8246,1024,846,1,4,9,1:38.606,1:37.572,1:38.329,2019,15,15,Singapore Grand Prix,2019-09-22,Lando Norris,NOR,4.0,McLaren
8247,1024,815,211,11,10,1:39.909,1:38.520,,2019,15,15,Singapore Grand Prix,2019-09-22,Sergio Pérez,PER,11.0,Racing Point
8248,1024,841,51,99,11,1:39.272,1:38.697,,2019,15,15,Singapore Grand Prix,2019-09-22,Antonio Giovinazzi,GIO,99.0,Alfa Romeo
8249,1024,842,5,10,12,1:39.085,1:38.699,,2019,15,15,Singapore Grand Prix,2019-09-22,Pierre Gasly,GAS,10.0,Toro Rosso
8250,1024,8,51,7,13,1:39.454,1:38.858,,2019,15,15,Singapore Grand Prix,2019-09-22,Kimi Räikkönen,RAI,7.0,Alfa Romeo
8251,1024,825,210,20,14,1:39.942,1:39.650,,2019,15,15,Singapore Grand Prix,2019-09-22,Kevin Magnussen,MAG,20.0,Haas F1 Team
8252,1024,826,5,26,15,1:39.957,,,2019,15,15,Singapore Grand Prix,2019-09-22,Daniil Kvyat,KVY,26.0,Toro Rosso
8253,1024,840,211,18,16,1:39.979,,,2019,15,15,Singapore Grand Prix,2019-09-22,Lance Stroll,STR,18.0,Racing Point
8254,1024,154,210,8,17,1:40.277,,,2019,15,15,Singapore Grand Prix,2019-09-22,Romain Grosjean,GRO,8.0,Haas F1 Team
8255,1024,847,3,63,18,1:40.867,,,2019,15,15,Singapore Grand Prix,2019-09-22,George Russell,RUS,63.0,Williams
8256,1024,9,3,88,19,1:41.186,,,2019,15,15,Singapore Grand Prix,2019-09-22,Robert Kubica,KUB,88.0,Williams
8257,1024,817,4,3,20,,,,2019,15,15,Singapore Grand Prix,2019-09-22,Daniel Ricciardo,RIC,3.0,Renault
8258,1025,844,6,16,1,1:33.613,1:32.434,1:31.628,2019,16,71,Russian Grand Prix,2019-09-29,Charles Leclerc,LEC,16.0,Ferrari
8259,1025,1,131,44,2,1:33.230,1:33.134,1:32.030,2019,16,71,Russian Grand Prix,2019-09-29,Lewis Hamilton,HAM,44.0,Mercedes
8260,1025,20,6,5,3,1:33.032,1:32.536,1:32.053,2019,16,71,Russian Grand Prix,2019-09-29,Sebastian Vettel,VET,5.0,Ferrari
8261,1025,830,9,33,4,1:33.368,1:32.634,1:32.310,2019,16,71,Russian Grand Prix,2019-09-29,Max Verstappen,VER,33.0,Red Bull
8262,1025,822,131,77,5,1:33.413,1:33.281,1:32.632,2019,16,71,Russian Grand Prix,2019-09-29,Valtteri Bottas,BOT,77.0,Mercedes
8263,1025,832,1,55,6,1:34.184,1:33.807,1:33.222,2019,16,71,Russian Grand Prix,2019-09-29,Carlos Sainz,SAI,55.0,McLaren
8264,1025,807,4,27,7,1:34.236,1:33.898,1:33.289,2019,16,71,Russian Grand Prix,2019-09-29,Nico Hülkenberg,HUL,27.0,Renault
8265,1025,846,1,4,8,1:34.201,1:33.725,1:33.301,2019,16,71,Russian Grand Prix,2019-09-29,Lando Norris,NOR,4.0,McLaren
8266,1025,154,210,8,9,1:34.283,1:33.643,1:33.517,2019,16,71,Russian Grand Prix,2019-09-29,Romain Grosjean,GRO,8.0,Haas F1 Team
8267,1025,817,4,3,10,1:34.138,1:33.862,1:33.661,2019,16,71,Russian Grand Prix,2019-09-29,Daniel Ricciardo,RIC,3.0,Renault
8268,1025,842,5,10,11,1:34.456,1:33.950,,2019,16,71,Russian Grand Prix,2019-09-29,Pierre Gasly,GAS,10.0,Toro Rosso
8269,1025,815,211,11,12,1:34.336,1:33.958,,2019,16,71,Russian Grand Prix,2019-09-29,Sergio Pérez,PER,11.0,Racing Point
8270,1025,841,51,99,13,1:34.755,1:34.037,,2019,16,71,Russian Grand Prix,2019-09-29,Antonio Giovinazzi,GIO,99.0,Alfa Romeo
8271,1025,825,210,20,14,1:33.889,1:34.082,,2019,16,71,Russian Grand Prix,2019-09-29,Kevin Magnussen,MAG,20.0,Haas F1 Team
8272,1025,840,211,18,15,1:34.287,1:34.233,,2019,16,71,Russian Grand Prix,2019-09-29,Lance Stroll,STR,18.0,Racing Point
8273,1025,8,51,7,16,1:34.840,,,2019,16,71,Russian Grand Prix,2019-09-29,Kimi Räikkönen,RAI,7.0,Alfa Romeo
8274,1025,847,3,63,17,1:35.356,,,2019,16,71,Russian Grand Prix,2019-09-29,George Russell,RUS,63.0,Williams
8275,1025,9,3,88,18,1:36.474,,,2019,16,71,Russian Grand Prix,2019-09-29,Robert Kubica,KUB,88.0,Williams
8276,1025,848,9,23,19,1:39.197,,,2019,16,71,Russian Grand Prix,2019-09-29,Alexander Albon,ALB,23.0,Red Bull
8277,1025,826,5,26,20,1:39.544,,,2019,16,71,Russian Grand Prix,2019-09-29,Daniil Kvyat,KVY,26.0,Toro Rosso
8278,1026,20,6,5,1,1:28.988,1:28.174,1:27.064,2019,17,22,Japanese Grand Prix,2019-10-13,Sebastian Vettel,VET,5.0,Ferrari
8279,1026,844,6,16,2,1:28.405,1:28.179,1:27.253,2019,17,22,Japanese Grand Prix,2019-10-13,Charles Leclerc,LEC,16.0,Ferrari
8280,1026,822,131,77,3,1:28.896,1:27.688,1:27.293,2019,17,22,Japanese Grand Prix,2019-10-13,Valtteri Bottas,BOT,77.0,Mercedes
8281,1026,1,131,44,4,1:28.735,1:27.826,1:27.302,2019,17,22,Japanese Grand Prix,2019-10-13,Lewis Hamilton,HAM,44.0,Mercedes
8282,1026,830,9,33,5,1:28.754,1:28.499,1:27.851,2019,17,22,Japanese Grand Prix,2019-10-13,Max Verstappen,VER,33.0,Red Bull
8283,1026,848,9,23,6,1:29.351,1:28.156,1:27.851,2019,17,22,Japanese Grand Prix,2019-10-13,Alexander Albon,ALB,23.0,Red Bull
8284,1026,832,1,55,7,1:29.018,1:28.577,1:28.304,2019,17,22,Japanese Grand Prix,2019-10-13,Carlos Sainz,SAI,55.0,McLaren
8285,1026,846,1,4,8,1:28.873,1:28.571,1:28.464,2019,17,22,Japanese Grand Prix,2019-10-13,Lando Norris,NOR,4.0,McLaren
8286,1026,842,5,10,9,1:29.411,1:28.779,1:28.836,2019,17,22,Japanese Grand Prix,2019-10-13,Pierre Gasly,GAS,10.0,Toro Rosso
8287,1026,154,210,8,10,1:29.572,1:29.144,1:29.341,2019,17,22,Japanese Grand Prix,2019-10-13,Romain Grosjean,GRO,8.0,Haas F1 Team
8288,1026,841,51,99,11,1:29.604,1:29.254,,2019,17,22,Japanese Grand Prix,2019-10-13,Antonio Giovinazzi,GIO,99.0,Alfa Romeo
8289,1026,840,211,18,12,1:29.594,1:29.345,,2019,17,22,Japanese Grand Prix,2019-10-13,Lance Stroll,STR,18.0,Racing Point
8290,1026,8,51,7,13,1:29.636,1:29.358,,2019,17,22,Japanese Grand Prix,2019-10-13,Kimi Räikkönen,RAI,7.0,Alfa Romeo
8291,1026,826,5,26,14,1:29.723,1:29.563,,2019,17,22,Japanese Grand Prix,2019-10-13,Daniil Kvyat,KVY,26.0,Toro Rosso
8292,1026,807,4,27,15,1:29.619,1:30.112,,2019,17,22,Japanese Grand Prix,2019-10-13,Nico Hülkenberg,HUL,27.0,Renault
8293,1026,817,4,3,16,1:29.822,,,2019,17,22,Japanese Grand Prix,2019-10-13,Daniel Ricciardo,RIC,3.0,Renault
8294,1026,815,211,11,17,1:30.344,,,2019,17,22,Japanese Grand Prix,2019-10-13,Sergio Pérez,PER,11.0,Racing Point
8295,1026,847,3,63,18,1:30.364,,,2019,17,22,Japanese Grand Prix,2019-10-13,George Russell,RUS,63.0,Williams
8296,1026,825,210,20,19,,,,2019,17,22,Japanese Grand Prix,2019-10-13,Kevin Magnussen,MAG,20.0,Haas F1 Team
8297,1026,9,3,88,20,,,,2019,17,22,Japanese Grand Prix,2019-10-13,Robert Kubica,KUB,88.0,Williams
8298,1027,830,9,33,1,1:15.949,1:16.136,1:14.758,2019,18,32,Mexican Grand Prix,2019-10-27,Max Verstappen,VER,33.0,Red Bull
8299,1027,844,6,16,2,1:16.364,1:16.219,1:15.024,2019,18,32,Mexican Grand Prix,2019-10-27,Charles Leclerc,LEC,16.0,Ferrari
8300,1027,20,6,5,3,1:16.696,1:15.914,1:15.170,2019,18,32,Mexican Grand Prix,2019-10-27,Sebastian Vettel,VET,5.0,Ferrari
8301,1027,1,131,44,4,1:16.424,1:15.721,1:15.262,2019,18,32,Mexican Grand Prix,2019-10-27,Lewis Hamilton,HAM,44.0,Mercedes
8302,1027,848,9,23,5,1:16.175,1:16.574,1:15.336,2019,18,32,Mexican Grand Prix,2019-10-27,Alexander Albon,ALB,23.0,Red Bull
8303,1027,822,131,77,6,1:17.062,1:15.852,1:15.338,2019,18,32,Mexican Grand Prix,2019-10-27,Valtteri Bottas,BOT,77.0,Mercedes
8304,1027,832,1,55,7,1:17.044,1:16.267,1:16.014,2019,18,32,Mexican Grand Prix,2019-10-27,Carlos Sainz,SAI,55.0,McLaren
8305,1027,846,1,4,8,1:17.092,1:16.447,1:16.322,2019,18,32,Mexican Grand Prix,2019-10-27,Lando Norris,NOR,4.0,McLaren
8306,1027,826,5,26,9,1:17.041,1:16.657,1:16.469,2019,18,32,Mexican Grand Prix,2019-10-27,Daniil Kvyat,KVY,26.0,Toro Rosso
8307,1027,842,5,10,10,1:17.065,1:16.679,1:16.586,2019,18,32,Mexican Grand Prix,2019-10-27,Pierre Gasly,GAS,10.0,Toro Rosso
8308,1027,815,211,11,11,1:17.465,1:16.687,,2019,18,32,Mexican Grand Prix,2019-10-27,Sergio Pérez,PER,11.0,Racing Point
8309,1027,807,4,27,12,1:17.608,1:16.885,,2019,18,32,Mexican Grand Prix,2019-10-27,Nico Hülkenberg,HUL,27.0,Renault
8310,1027,817,4,3,13,1:17.270,1:16.933,,2019,18,32,Mexican Grand Prix,2019-10-27,Daniel Ricciardo,RIC,3.0,Renault
8311,1027,8,51,7,14,1:17.225,1:16.967,,2019,18,32,Mexican Grand Prix,2019-10-27,Kimi Räikkönen,RAI,7.0,Alfa Romeo
8312,1027,841,51,99,15,1:17.794,1:17.269,,2019,18,32,Mexican Grand Prix,2019-10-27,Antonio Giovinazzi,GIO,99.0,Alfa Romeo
8313,1027,840,211,18,16,1:18.065,,,2019,18,32,Mexican Grand Prix,2019-10-27,Lance Stroll,STR,18.0,Racing Point
8314,1027,825,210,20,17,1:18.436,,,2019,18,32,Mexican Grand Prix,2019-10-27,Kevin Magnussen,MAG,20.0,Haas F1 Team
8315,1027,154,210,8,18,1:18.599,,,2019,18,32,Mexican Grand Prix,2019-10-27,Romain Grosjean,GRO,8.0,Haas F1 Team
8316,1027,847,3,63,19,1:18.823,,,2019,18,32,Mexican Grand Prix,2019-10-27,George Russell,RUS,63.0,Williams
8317,1027,9,3,88,20,1:20.179,,,2019,18,32,Mexican Grand Prix,2019-10-27,Robert Kubica,KUB,88.0,Williams
8318,1028,822,131,77,1,1:33.750,1:33.160,1:32.029,2019,19,69,United States Grand Prix,2019-11-03,Valtteri Bottas,BOT,77.0,Mercedes
8319,1028,20,6,5,2,1:33.766,1:33.782,1:32.041,2019,19,69,United States Grand Prix,2019-11-03,Sebastian Vettel,VET,5.0,Ferrari
8320,1028,830,9,33,3,1:33.549,1:33.120,1:32.096,2019,19,69,United States Grand Prix,2019-11-03,Max Verstappen,VER,33.0,Red Bull
8321,1028,844,6,16,4,1:33.988,1:32.760,1:32.137,2019,19,69,United States Grand Prix,2019-11-03,Charles Leclerc,LEC,16.0,Ferrari
8322,1028,1,131,44,5,1:33.454,1:33.045,1:32.321,2019,19,69,United States Grand Prix,2019-11-03,Lewis Hamilton,HAM,44.0,Mercedes
8323,1028,848,9,23,6,1:33.984,1:32.898,1:32.548,2019,19,69,United States Grand Prix,2019-11-03,Alexander Albon,ALB,23.0,Red Bull
8324,1028,832,1,55,7,1:33.916,1:33.422,1:32.847,2019,19,69,United States Grand Prix,2019-11-03,Carlos Sainz,SAI,55.0,McLaren
8325,1028,846,1,4,8,1:33.353,1:33.316,1:33.175,2019,19,69,United States Grand Prix,2019-11-03,Lando Norris,NOR,4.0,McLaren
8326,1028,817,4,3,9,1:33.835,1:33.608,1:33.488,2019,19,69,United States Grand Prix,2019-11-03,Daniel Ricciardo,RIC,3.0,Renault
8327,1028,842,5,10,10,1:33.556,1:33.715,1:33.601,2019,19,69,United States Grand Prix,2019-11-03,Pierre Gasly,GAS,10.0,Toro Rosso
8328,1028,807,4,27,11,1:34.092,1:33.815,,2019,19,69,United States Grand Prix,2019-11-03,Nico Hülkenberg,HUL,27.0,Renault
8329,1028,825,210,20,12,1:33.812,1:33.979,,2019,19,69,United States Grand Prix,2019-11-03,Kevin Magnussen,MAG,20.0,Haas F1 Team
8330,1028,826,5,26,13,1:34.138,1:33.989,,2019,19,69,United States Grand Prix,2019-11-03,Daniil Kvyat,KVY,26.0,Toro Rosso
8331,1028,840,211,18,14,1:33.921,1:34.100,,2019,19,69,United States Grand Prix,2019-11-03,Lance Stroll,STR,18.0,Racing Point
8332,1028,154,210,8,15,1:34.161,1:34.158,,2019,19,69,United States Grand Prix,2019-11-03,Romain Grosjean,GRO,8.0,Haas F1 Team
8333,1028,841,51,99,16,1:34.226,,,2019,19,69,United States Grand Prix,2019-11-03,Antonio Giovinazzi,GIO,99.0,Alfa Romeo
8334,1028,8,51,7,17,1:34.369,,,2019,19,69,United States Grand Prix,2019-11-03,Kimi Räikkönen,RAI,7.0,Alfa Romeo
8335,1028,847,3,63,18,1:35.372,,,2019,19,69,United States Grand Prix,2019-11-03,George Russell,RUS,63.0,Williams
8336,1028,815,211,11,19,1:35.808,,,2019,19,69,United States Grand Prix,2019-11-03,Sergio Pérez,PER,11.0,Racing Point
8337,1028,9,3,88,20,1:35.889,,,2019,19,69,United States Grand Prix,2019-11-03,Robert Kubica,KUB,88.0,Williams
8338,1029,830,9,33,1,1:08.242,1:07.503,1:07.508,2019,20,18,Brazilian Grand Prix,2019-11-17,Max Verstappen,VER,33.0,Red Bull
8339,1029,20,6,5,2,1:08.556,1:08.050,1:07.631,2019,20,18,Brazilian Grand Prix,2019-11-17,Sebastian Vettel,VET,5.0,Ferrari
8340,1029,1,131,44,3,1:08.614,1:08.088,1:07.699,2019,20,18,Brazilian Grand Prix,2019-11-17,Lewis Hamilton,HAM,44.0,Mercedes
8341,1029,844,6,16,4,1:08.496,1:07.888,1:07.728,2019,20,18,Brazilian Grand Prix,2019-11-17,Charles Leclerc,LEC,16.0,Ferrari
8342,1029,822,131,77,5,1:08.545,1:08.232,1:07.874,2019,20,18,Brazilian Grand Prix,2019-11-17,Valtteri Bottas,BOT,77.0,Mercedes
8343,1029,848,9,23,6,1:08.503,1:08.117,1:07.935,2019,20,18,Brazilian Grand Prix,2019-11-17,Alexander Albon,ALB,23.0,Red Bull
8344,1029,842,5,10,7,1:08.909,1:08.770,1:08.837,2019,20,18,Brazilian Grand Prix,2019-11-17,Pierre Gasly,GAS,10.0,Toro Rosso
8345,1029,154,210,8,8,1:09.197,1:08.705,1:08.854,2019,20,18,Brazilian Grand Prix,2019-11-17,Romain Grosjean,GRO,8.0,Haas F1 Team
8346,1029,8,51,7,9,1:09.276,1:08.858,1:08.984,2019,20,18,Brazilian Grand Prix,2019-11-17,Kimi Räikkönen,RAI,7.0,Alfa Romeo
8347,1029,825,210,20,10,1:08.875,1:08.803,1:09.037,2019,20,18,Brazilian Grand Prix,2019-11-17,Kevin Magnussen,MAG,20.0,Haas F1 Team
8348,1029,846,1,4,11,1:08.891,1:08.868,,2019,20,18,Brazilian Grand Prix,2019-11-17,Lando Norris,NOR,4.0,McLaren
8349,1029,817,4,3,12,1:09.086,1:08.903,,2019,20,18,Brazilian Grand Prix,2019-11-17,Daniel Ricciardo,RIC,3.0,Renault
8350,1029,841,51,99,13,1:09.175,1:08.919,,2019,20,18,Brazilian Grand Prix,2019-11-17,Antonio Giovinazzi,GIO,99.0,Alfa Romeo
8351,1029,807,4,27,14,1:09.050,1:08.921,,2019,20,18,Brazilian Grand Prix,2019-11-17,Nico Hülkenberg,HUL,27.0,Renault
8352,1029,815,211,11,15,1:09.288,1:09.035,,2019,20,18,Brazilian Grand Prix,2019-11-17,Sergio Pérez,PER,11.0,Racing Point
8353,1029,826,5,26,16,1:09.320,,,2019,20,18,Brazilian Grand Prix,2019-11-17,Daniil Kvyat,KVY,26.0,Toro Rosso
8354,1029,840,211,18,17,1:09.536,,,2019,20,18,Brazilian Grand Prix,2019-11-17,Lance Stroll,STR,18.0,Racing Point
8355,1029,847,3,63,18,1:10.126,,,2019,20,18,Brazilian Grand Prix,2019-11-17,George Russell,RUS,63.0,Williams
8356,1029,9,3,88,19,1:10.614,,,2019,20,18,Brazilian Grand Prix,2019-11-17,Robert Kubica,KUB,88.0,Williams
8357,1029,832,1,55,20,,,,2019,20,18,Brazilian Grand Prix,2019-11-17,Carlos Sainz,SAI,55.0,McLaren
8358,1030,1,131,44,1,1:35.851,1:35.634,1:34.779,2019,21,24,Abu Dhabi Grand Prix,2019-12-01,Lewis Hamilton,HAM,44.0,Mercedes
8359,1030,822,131,77,2,1:36.200,1:35.674,1:34.973,2019,21,24,Abu Dhabi Grand Prix,2019-12-01,Valtteri Bottas,BOT,77.0,Mercedes
8360,1030,830,9,33,3,1:36.390,1:36.275,1:35.139,2019,21,24,Abu Dhabi Grand Prix,2019-12-01,Max Verstappen,VER,33.0,Red Bull
8361,1030,844,6,16,4,1:36.478,1:35.543,1:35.219,2019,21,24,Abu Dhabi Grand Prix,2019-12-01,Charles Leclerc,LEC,16.0,Ferrari
8362,1030,20,6,5,5,1:36.963,1:35.786,1:35.339,2019,21,24,Abu Dhabi Grand Prix,2019-12-01,Sebastian Vettel,VET,5.0,Ferrari
8363,1030,848,9,23,6,1:36.102,1:36.718,1:35.682,2019,21,24,Abu Dhabi Grand Prix,2019-12-01,Alexander Albon,ALB,23.0,Red Bull
8364,1030,846,1,4,7,1:37.545,1:36.764,1:36.436,2019,21,24,Abu Dhabi Grand Prix,2019-12-01,Lando Norris,NOR,4.0,McLaren
8365,1030,817,4,3,8,1:37.106,1:36.785,1:36.456,2019,21,24,Abu Dhabi Grand Prix,2019-12-01,Daniel Ricciardo,RIC,3.0,Renault
8366,1030,832,1,55,9,1:37.358,1:36.308,1:36.459,2019,21,24,Abu Dhabi Grand Prix,2019-12-01,Carlos Sainz,SAI,55.0,McLaren
8367,1030,807,4,27,10,1:37.506,1:36.859,1:36.710,2019,21,24,Abu Dhabi Grand Prix,2019-12-01,Nico Hülkenberg,HUL,27.0,Renault
8368,1030,815,211,11,11,1:36.961,1:37.055,,2019,21,24,Abu Dhabi Grand Prix,2019-12-01,Sergio Pérez,PER,11.0,Racing Point
8369,1030,842,5,10,12,1:37.198,1:37.089,,2019,21,24,Abu Dhabi Grand Prix,2019-12-01,Pierre Gasly,GAS,10.0,Toro Rosso
8370,1030,840,211,18,13,1:37.528,1:37.103,,2019,21,24,Abu Dhabi Grand Prix,2019-12-01,Lance Stroll,STR,18.0,Racing Point
8371,1030,826,5,26,14,1:37.683,1:37.141,,2019,21,24,Abu Dhabi Grand Prix,2019-12-01,Daniil Kvyat,KVY,26.0,Toro Rosso
8372,1030,825,210,20,15,1:37.710,1:37.254,,2019,21,24,Abu Dhabi Grand Prix,2019-12-01,Kevin Magnussen,MAG,20.0,Haas F1 Team
8373,1030,154,210,8,16,1:38.051,,,2019,21,24,Abu Dhabi Grand Prix,2019-12-01,Romain Grosjean,GRO,8.0,Haas F1 Team
8374,1030,841,51,99,17,1:38.114,,,2019,21,24,Abu Dhabi Grand Prix,2019-12-01,Antonio Giovinazzi,GIO,99.0,Alfa Romeo
8375,1030,8,51,7,18,1:38.383,,,2019,21,24,Abu Dhabi Grand Prix,2019-12-01,Kimi Räikkönen,RAI,7.0,Alfa Romeo
8376,1030,847,3,63,19,1:38.717,,,2019,21,24,Abu Dhabi Grand Prix,2019-12-01,George Russell,RUS,63.0,Williams
8377,1030,9,3,88,20,1:39.236,,,2019,21,24,Abu Dhabi Grand Prix,2019-12-01,Robert Kubica,KUB,88.0,Williams
8378,1031,822,131,77,1,1:04.111,1:03.015,1:02.939,2020,1,70,Austrian Grand Prix,2020-07-05,Valtteri Bottas,BOT,77.0,Mercedes
8379,1031,1,131,44,2,1:04.198,1:03.096,1:02.951,2020,1,70,Austrian Grand Prix,2020-07-05,Lewis Hamilton,HAM,44.0,Mercedes
8380,1031,830,9,33,3,1:04.024,1:04.000,1:03.477,2020,1,70,Austrian Grand Prix,2020-07-05,Max Verstappen,VER,33.0,Red Bull
8381,1031,846,1,4,4,1:04.606,1:03.819,1:03.626,2020,1,70,Austrian Grand Prix,2020-07-05,Lando Norris,NOR,4.0,McLaren
8382,1031,848,9,23,5,1:04.661,1:03.746,1:03.868,2020,1,70,Austrian Grand Prix,2020-07-05,Alexander Albon,ALB,23.0,Red Bull
8383,1031,815,211,11,6,1:04.543,1:03.860,1:03.868,2020,1,70,Austrian Grand Prix,2020-07-05,Sergio Pérez,PER,11.0,Racing Point
8384,1031,844,6,16,7,1:04.500,1:04.041,1:03.923,2020,1,70,Austrian Grand Prix,2020-07-05,Charles Leclerc,LEC,16.0,Ferrari
8385,1031,832,1,55,8,1:04.537,1:03.971,1:03.971,2020,1,70,Austrian Grand Prix,2020-07-05,Carlos Sainz,SAI,55.0,McLaren
8386,1031,840,211,18,9,1:04.309,1:03.955,1:04.029,2020,1,70,Austrian Grand Prix,2020-07-05,Lance Stroll,STR,18.0,Racing Point
8387,1031,817,4,3,10,1:04.556,1:04.023,1:04.239,2020,1,70,Austrian Grand Prix,2020-07-05,Daniel Ricciardo,RIC,3.0,Renault
8388,1031,20,6,5,11,1:04.554,1:04.206,,2020,1,70,Austrian Grand Prix,2020-07-05,Sebastian Vettel,VET,5.0,Ferrari
8389,1031,842,213,10,12,1:04.603,1:04.305,,2020,1,70,Austrian Grand Prix,2020-07-05,Pierre Gasly,GAS,10.0,AlphaTauri
8390,1031,826,213,26,13,1:05.031,1:04.431,,2020,1,70,Austrian Grand Prix,2020-07-05,Daniil Kvyat,KVY,26.0,AlphaTauri
8391,1031,839,4,31,14,1:04.933,1:04.643,,2020,1,70,Austrian Grand Prix,2020-07-05,Esteban Ocon,OCO,31.0,Renault
8392,1031,154,210,8,15,1:05.094,1:04.691,,2020,1,70,Austrian Grand Prix,2020-07-05,Romain Grosjean,GRO,8.0,Haas F1 Team
8393,1031,825,210,20,16,1:05.164,,,2020,1,70,Austrian Grand Prix,2020-07-05,Kevin Magnussen,MAG,20.0,Haas F1 Team
8394,1031,847,3,63,17,1:05.167,,,2020,1,70,Austrian Grand Prix,2020-07-05,George Russell,RUS,63.0,Williams
8395,1031,841,51,99,18,1:05.175,,,2020,1,70,Austrian Grand Prix,2020-07-05,Antonio Giovinazzi,GIO,99.0,Alfa Romeo
8396,1031,8,51,7,19,1:05.224,,,2020,1,70,Austrian Grand Prix,2020-07-05,Kimi Räikkönen,RAI,7.0,Alfa Romeo
8397,1031,849,3,6,20,1:05.757,,,2020,1,70,Austrian Grand Prix,2020-07-05,Nicholas Latifi,LAT,6.0,Williams
8398,1032,1,131,44,1,1:18.188,1:17.825,1:19.273,2020,2,70,Styrian Grand Prix,2020-07-12,Lewis Hamilton,HAM,44.0,Mercedes
8399,1032,830,9,33,2,1:18.297,1:17.938,1:20.489,2020,2,70,Styrian Grand Prix,2020-07-12,Max Verstappen,VER,33.0,Red Bull
8400,1032,832,1,55,3,1:18.590,1:18.836,1:20.671,2020,2,70,Styrian Grand Prix,2020-07-12,Carlos Sainz,SAI,55.0,McLaren
8401,1032,822,131,77,4,1:18.791,1:18.657,1:20.701,2020,2,70,Styrian Grand Prix,2020-07-12,Valtteri Bottas,BOT,77.0,Mercedes
8402,1032,839,4,31,5,1:19.687,1:18.764,1:20.922,2020,2,70,Styrian Grand Prix,2020-07-12,Esteban Ocon,OCO,31.0,Renault
8403,1032,846,1,4,6,1:18.504,1:18.448,1:20.925,2020,2,70,Styrian Grand Prix,2020-07-12,Lando Norris,NOR,4.0,McLaren
8404,1032,848,9,23,7,1:20.882,1:19.014,1:21.011,2020,2,70,Styrian Grand Prix,2020-07-12,Alexander Albon,ALB,23.0,Red Bull
8405,1032,842,213,10,8,1:20.192,1:18.744,1:21.028,2020,2,70,Styrian Grand Prix,2020-07-12,Pierre Gasly,GAS,10.0,AlphaTauri
8406,1032,817,4,3,9,1:19.662,1:19.229,1:21.192,2020,2,70,Styrian Grand Prix,2020-07-12,Daniel Ricciardo,RIC,3.0,Renault
8407,1032,20,6,5,10,1:20.243,1:19.545,1:21.651,2020,2,70,Styrian Grand Prix,2020-07-12,Sebastian Vettel,VET,5.0,Ferrari
8408,1032,844,6,16,11,1:20.871,1:19.628,,2020,2,70,Styrian Grand Prix,2020-07-12,Charles Leclerc,LEC,16.0,Ferrari
8409,1032,847,3,63,12,1:20.382,1:19.636,,2020,2,70,Styrian Grand Prix,2020-07-12,George Russell,RUS,63.0,Williams
8410,1032,840,211,18,13,1:19.697,1:19.645,,2020,2,70,Styrian Grand Prix,2020-07-12,Lance Stroll,STR,18.0,Racing Point
8411,1032,826,213,26,14,1:19.824,1:19.717,,2020,2,70,Styrian Grand Prix,2020-07-12,Daniil Kvyat,KVY,26.0,AlphaTauri
8412,1032,825,210,20,15,1:21.140,1:20.211,,2020,2,70,Styrian Grand Prix,2020-07-12,Kevin Magnussen,MAG,20.0,Haas F1 Team
8413,1032,8,51,7,16,1:21.140,,,2020,2,70,Styrian Grand Prix,2020-07-12,Kimi Räikkönen,RAI,7.0,Alfa Romeo
8414,1032,815,211,11,17,1:21.607,,,2020,2,70,Styrian Grand Prix,2020-07-12,Sergio Pérez,PER,11.0,Racing Point
8415,1032,849,3,6,18,1:21.759,,,2020,2,70,Styrian Grand Prix,2020-07-12,Nicholas Latifi,LAT,6.0,Williams
8416,1032,841,51,99,19,1:21.831,,,2020,2,70,Styrian Grand Prix,2020-07-12,Antonio Giovinazzi,GIO,99.0,Alfa Romeo
8417,1032,154,210,8,20,,,,2020,2,70,Styrian Grand Prix,2020-07-12,Romain Grosjean,GRO,8.0,Haas F1 Team
8418,1033,822,131,77,2,1:15.474,1:14.530,1:13.554,2020,3,11,Hungarian Grand Prix,2020-07-19,Valtteri Bottas,BOT,77.0,Mercedes
8419,1033,840,211,18,3,1:14.895,1:15.176,1:14.377,2020,3,11,Hungarian Grand Prix,2020-07-19,Lance Stroll,STR,18.0,Racing Point
8420,1033,815,211,11,4,1:14.681,1:15.394,1:14.545,2020,3,11,Hungarian Grand Prix,2020-07-19,Sergio Pérez,PER,11.0,Racing Point
8421,1033,20,6,5,5,1:15.455,1:15.131,1:14.774,2020,3,11,Hungarian Grand Prix,2020-07-19,Sebastian Vettel,VET,5.0,Ferrari
8422,1033,844,6,16,6,1:15.793,1:15.006,1:14.817,2020,3,11,Hungarian Grand Prix,2020-07-19,Charles Leclerc,LEC,16.0,Ferrari
8423,1033,830,9,33,7,1:15.495,1:14.976,1:14.849,2020,3,11,Hungarian Grand Prix,2020-07-19,Max Verstappen,VER,33.0,Red Bull
8424,1033,846,1,4,8,1:15.444,1:15.085,1:14.966,2020,3,11,Hungarian Grand Prix,2020-07-19,Lando Norris,NOR,4.0,McLaren
8425,1033,832,1,55,9,1:15.281,1:15.267,1:15.027,2020,3,11,Hungarian Grand Prix,2020-07-19,Carlos Sainz,SAI,55.0,McLaren
8426,1033,842,213,10,10,1:15.767,1:15.508,,2020,3,11,Hungarian Grand Prix,2020-07-19,Pierre Gasly,GAS,10.0,AlphaTauri
8427,1033,817,4,3,11,1:15.848,1:15.661,,2020,3,11,Hungarian Grand Prix,2020-07-19,Daniel Ricciardo,RIC,3.0,Renault
8428,1033,847,3,63,12,1:15.585,1:15.698,,2020,3,11,Hungarian Grand Prix,2020-07-19,George Russell,RUS,63.0,Williams
8429,1033,848,9,23,13,1:15.722,1:15.715,,2020,3,11,Hungarian Grand Prix,2020-07-19,Alexander Albon,ALB,23.0,Red Bull
8430,1033,839,4,31,14,1:15.719,1:15.742,,2020,3,11,Hungarian Grand Prix,2020-07-19,Esteban Ocon,OCO,31.0,Renault
8431,1033,849,3,6,15,1:16.105,1:16.544,,2020,3,11,Hungarian Grand Prix,2020-07-19,Nicholas Latifi,LAT,6.0,Williams
8432,1033,825,210,20,16,1:16.152,,,2020,3,11,Hungarian Grand Prix,2020-07-19,Kevin Magnussen,MAG,20.0,Haas F1 Team
8433,1033,826,213,26,17,1:16.204,,,2020,3,11,Hungarian Grand Prix,2020-07-19,Daniil Kvyat,KVY,26.0,AlphaTauri
8434,1033,154,210,8,18,1:16.407,,,2020,3,11,Hungarian Grand Prix,2020-07-19,Romain Grosjean,GRO,8.0,Haas F1 Team
8435,1033,841,51,99,19,1:16.506,,,2020,3,11,Hungarian Grand Prix,2020-07-19,Antonio Giovinazzi,GIO,99.0,Alfa Romeo
8436,1033,8,51,7,20,1:16.614,,,2020,3,11,Hungarian Grand Prix,2020-07-19,Kimi Räikkönen,RAI,7.0,Alfa Romeo
8437,1033,1,131,44,1,1:14.907,1:14.261,1:13.447,2020,3,11,Hungarian Grand Prix,2020-07-19,Lewis Hamilton,HAM,44.0,Mercedes
8438,1034,1,131,44,1,1:25.900,1:25.347,1:24.303,2020,4,9,British Grand Prix,2020-08-02,Lewis Hamilton,HAM,44.0,Mercedes
8439,1034,822,131,77,2,1:25.801,1:25.015,1:24.616,2020,4,9,British Grand Prix,2020-08-02,Valtteri Bottas,BOT,77.0,Mercedes
8440,1034,830,9,33,3,1:26.115,1:26.144,1:25.325,2020,4,9,British Grand Prix,2020-08-02,Max Verstappen,VER,33.0,Red Bull
8441,1034,844,6,16,4,1:26.550,1:26.203,1:25.427,2020,4,9,British Grand Prix,2020-08-02,Charles Leclerc,LEC,16.0,Ferrari
8442,1034,846,1,4,5,1:26.855,1:26.420,1:25.782,2020,4,9,British Grand Prix,2020-08-02,Lando Norris,NOR,4.0,McLaren
8443,1034,840,211,18,6,1:26.243,1:26.501,1:25.839,2020,4,9,British Grand Prix,2020-08-02,Lance Stroll,STR,18.0,Racing Point
8444,1034,832,1,55,7,1:26.715,1:26.149,1:25.965,2020,4,9,British Grand Prix,2020-08-02,Carlos Sainz,SAI,55.0,McLaren
8445,1034,817,4,3,8,1:26.677,1:26.339,1:26.009,2020,4,9,British Grand Prix,2020-08-02,Daniel Ricciardo,RIC,3.0,Renault
8446,1034,839,4,31,9,1:26.396,1:26.252,1:26.209,2020,4,9,British Grand Prix,2020-08-02,Esteban Ocon,OCO,31.0,Renault
8447,1034,20,6,5,10,1:26.469,1:26.455,1:26.339,2020,4,9,British Grand Prix,2020-08-02,Sebastian Vettel,VET,5.0,Ferrari
8448,1034,842,213,10,11,1:26.343,1:26.501,,2020,4,9,British Grand Prix,2020-08-02,Pierre Gasly,GAS,10.0,AlphaTauri
8449,1034,848,9,23,12,1:26.565,1:26.545,,2020,4,9,British Grand Prix,2020-08-02,Alexander Albon,ALB,23.0,Red Bull
8450,1034,807,211,27,13,1:26.327,1:26.566,,2020,4,9,British Grand Prix,2020-08-02,Nico Hülkenberg,HUL,27.0,Racing Point
8451,1034,826,213,26,14,1:26.774,1:26.744,,2020,4,9,British Grand Prix,2020-08-02,Daniil Kvyat,KVY,26.0,AlphaTauri
8452,1034,847,3,63,15,1:26.732,1:27.092,,2020,4,9,British Grand Prix,2020-08-02,George Russell,RUS,63.0,Williams
8453,1034,825,210,20,16,1:27.158,,,2020,4,9,British Grand Prix,2020-08-02,Kevin Magnussen,MAG,20.0,Haas F1 Team
8454,1034,841,51,99,17,1:27.164,,,2020,4,9,British Grand Prix,2020-08-02,Antonio Giovinazzi,GIO,99.0,Alfa Romeo
8455,1034,8,51,7,18,1:27.366,,,2020,4,9,British Grand Prix,2020-08-02,Kimi Räikkönen,RAI,7.0,Alfa Romeo
8456,1034,154,210,8,19,1:27.643,,,2020,4,9,British Grand Prix,2020-08-02,Romain Grosjean,GRO,8.0,Haas F1 Team
8457,1034,849,3,6,20,1:27.705,,,2020,4,9,British Grand Prix,2020-08-02,Nicholas Latifi,LAT,6.0,Williams
8458,1035,822,131,77,1,1:26.738,1:25.785,1:25.154,2020,5,9,70th Anniversary Grand Prix,2020-08-09,Valtteri Bottas,BOT,77.0,Mercedes
8459,1035,1,131,44,2,1:26.818,1:26.266,1:25.217,2020,5,9,70th Anniversary Grand Prix,2020-08-09,Lewis Hamilton,HAM,44.0,Mercedes
8460,1035,807,211,27,3,1:27.279,1:26.261,1:26.082,2020,5,9,70th Anniversary Grand Prix,2020-08-09,Nico Hülkenberg,HUL,27.0,Racing Point
8461,1035,830,9,33,4,1:27.154,1:26.779,1:26.176,2020,5,9,70th Anniversary Grand Prix,2020-08-09,Max Verstappen,VER,33.0,Red Bull
8462,1035,817,4,3,5,1:27.442,1:26.636,1:26.297,2020,5,9,70th Anniversary Grand Prix,2020-08-09,Daniel Ricciardo,RIC,3.0,Renault
8463,1035,840,211,18,6,1:27.187,1:26.674,1:26.428,2020,5,9,70th Anniversary Grand Prix,2020-08-09,Lance Stroll,STR,18.0,Racing Point
8464,1035,842,213,10,7,1:27.154,1:26.523,1:26.534,2020,5,9,70th Anniversary Grand Prix,2020-08-09,Pierre Gasly,GAS,10.0,AlphaTauri
8465,1035,844,6,16,8,1:27.427,1:26.709,1:26.614,2020,5,9,70th Anniversary Grand Prix,2020-08-09,Charles Leclerc,LEC,16.0,Ferrari
8466,1035,848,9,23,9,1:27.153,1:26.642,1:26.669,2020,5,9,70th Anniversary Grand Prix,2020-08-09,Alexander Albon,ALB,23.0,Red Bull
8467,1035,846,1,4,10,1:27.217,1:26.885,1:26.778,2020,5,9,70th Anniversary Grand Prix,2020-08-09,Lando Norris,NOR,4.0,McLaren
8468,1035,839,4,31,11,1:27.278,1:27.011,,2020,5,9,70th Anniversary Grand Prix,2020-08-09,Esteban Ocon,OCO,31.0,Renault
8469,1035,20,6,5,12,1:27.612,1:27.078,,2020,5,9,70th Anniversary Grand Prix,2020-08-09,Sebastian Vettel,VET,5.0,Ferrari
8470,1035,832,1,55,13,1:27.450,1:27.083,,2020,5,9,70th Anniversary Grand Prix,2020-08-09,Carlos Sainz,SAI,55.0,McLaren
8471,1035,154,210,8,14,1:27.519,1:27.254,,2020,5,9,70th Anniversary Grand Prix,2020-08-09,Romain Grosjean,GRO,8.0,Haas F1 Team
8472,1035,847,3,63,15,1:27.757,1:27.455,,2020,5,9,70th Anniversary Grand Prix,2020-08-09,George Russell,RUS,63.0,Williams
8473,1035,826,213,26,16,1:27.882,,,2020,5,9,70th Anniversary Grand Prix,2020-08-09,Daniil Kvyat,KVY,26.0,AlphaTauri
8474,1035,825,210,20,17,1:28.236,,,2020,5,9,70th Anniversary Grand Prix,2020-08-09,Kevin Magnussen,MAG,20.0,Haas F1 Team
8475,1035,849,3,6,18,1:28.430,,,2020,5,9,70th Anniversary Grand Prix,2020-08-09,Nicholas Latifi,LAT,6.0,Williams
8476,1035,841,51,99,19,1:28.433,,,2020,5,9,70th Anniversary Grand Prix,2020-08-09,Antonio Giovinazzi,GIO,99.0,Alfa Romeo
8477,1035,8,51,7,20,1:28.493,,,2020,5,9,70th Anniversary Grand Prix,2020-08-09,Kimi Räikkönen,RAI,7.0,Alfa Romeo
8478,1036,1,131,44,1,1:16.872,1:16.013,1:15.584,2020,6,4,Spanish Grand Prix,2020-08-16,Lewis Hamilton,HAM,44.0,Mercedes
8479,1036,822,131,77,2,1:17.243,1:16.152,1:15.643,2020,6,4,Spanish Grand Prix,2020-08-16,Valtteri Bottas,BOT,77.0,Mercedes
8480,1036,830,9,33,3,1:17.213,1:16.518,1:16.292,2020,6,4,Spanish Grand Prix,2020-08-16,Max Verstappen,VER,33.0,Red Bull
8481,1036,815,211,11,4,1:17.117,1:16.936,1:16.482,2020,6,4,Spanish Grand Prix,2020-08-16,Sergio Pérez,PER,11.0,Racing Point
8482,1036,840,211,18,5,1:17.316,1:16.666,1:16.589,2020,6,4,Spanish Grand Prix,2020-08-16,Lance Stroll,STR,18.0,Racing Point
8483,1036,848,9,23,6,1:17.419,1:17.163,1:17.029,2020,6,4,Spanish Grand Prix,2020-08-16,Alexander Albon,ALB,23.0,Red Bull
8484,1036,832,1,55,7,1:17.438,1:16.876,1:17.044,2020,6,4,Spanish Grand Prix,2020-08-16,Carlos Sainz,SAI,55.0,McLaren
8485,1036,846,1,4,8,1:17.577,1:17.166,1:17.084,2020,6,4,Spanish Grand Prix,2020-08-16,Lando Norris,NOR,4.0,McLaren
8486,1036,844,6,16,9,1:17.256,1:16.953,1:17.087,2020,6,4,Spanish Grand Prix,2020-08-16,Charles Leclerc,LEC,16.0,Ferrari
8487,1036,842,213,10,10,1:17.356,1:16.800,1:17.136,2020,6,4,Spanish Grand Prix,2020-08-16,Pierre Gasly,GAS,10.0,AlphaTauri
8488,1036,20,6,5,11,1:17.573,1:17.168,,2020,6,4,Spanish Grand Prix,2020-08-16,Sebastian Vettel,VET,5.0,Ferrari
8489,1036,826,213,26,12,1:17.676,1:17.192,,2020,6,4,Spanish Grand Prix,2020-08-16,Daniil Kvyat,KVY,26.0,AlphaTauri
8490,1036,817,4,3,13,1:17.667,1:17.198,,2020,6,4,Spanish Grand Prix,2020-08-16,Daniel Ricciardo,RIC,3.0,Renault
8491,1036,8,51,7,14,1:17.797,1:17.386,,2020,6,4,Spanish Grand Prix,2020-08-16,Kimi Räikkönen,RAI,7.0,Alfa Romeo
8492,1036,839,4,31,15,1:17.765,1:17.567,,2020,6,4,Spanish Grand Prix,2020-08-16,Esteban Ocon,OCO,31.0,Renault
8493,1036,825,210,20,16,1:17.908,,,2020,6,4,Spanish Grand Prix,2020-08-16,Kevin Magnussen,MAG,20.0,Haas F1 Team
8494,1036,154,210,8,17,1:18.089,,,2020,6,4,Spanish Grand Prix,2020-08-16,Romain Grosjean,GRO,8.0,Haas F1 Team
8495,1036,847,3,63,18,1:18.099,,,2020,6,4,Spanish Grand Prix,2020-08-16,George Russell,RUS,63.0,Williams
8496,1036,849,3,6,19,1:18.532,,,2020,6,4,Spanish Grand Prix,2020-08-16,Nicholas Latifi,LAT,6.0,Williams
8497,1036,841,51,99,20,1:18.697,,,2020,6,4,Spanish Grand Prix,2020-08-16,Antonio Giovinazzi,GIO,99.0,Alfa Romeo
8498,1037,1,131,44,1,1:42.323,1:42.014,1:41.252,2020,7,13,Belgian Grand Prix,2020-08-30,Lewis Hamilton,HAM,44.0,Mercedes
8499,1037,822,131,77,2,1:42.534,1:42.126,1:41.763,2020,7,13,Belgian Grand Prix,2020-08-30,Valtteri Bottas,BOT,77.0,Mercedes
8500,1037,830,9,33,3,1:43.197,1:42.473,1:41.778,2020,7,13,Belgian Grand Prix,2020-08-30,Max Verstappen,VER,33.0,Red Bull
8501,1037,817,4,3,4,1:43.309,1:42.487,1:42.061,2020,7,13,Belgian Grand Prix,2020-08-30,Daniel Ricciardo,RIC,3.0,Renault
8502,1037,848,9,23,5,1:43.418,1:42.193,1:42.264,2020,7,13,Belgian Grand Prix,2020-08-30,Alexander Albon,ALB,23.0,Red Bull
8503,1037,839,4,31,6,1:43.505,1:42.534,1:42.396,2020,7,13,Belgian Grand Prix,2020-08-30,Esteban Ocon,OCO,31.0,Renault
8504,1037,832,1,55,7,1:43.322,1:42.478,1:42.438,2020,7,13,Belgian Grand Prix,2020-08-30,Carlos Sainz,SAI,55.0,McLaren
8505,1037,815,211,11,8,1:43.349,1:42.670,1:42.532,2020,7,13,Belgian Grand Prix,2020-08-30,Sergio Pérez,PER,11.0,Racing Point
8506,1037,840,211,18,9,1:43.265,1:42.491,1:42.603,2020,7,13,Belgian Grand Prix,2020-08-30,Lance Stroll,STR,18.0,Racing Point
8507,1037,846,1,4,10,1:43.514,1:42.722,1:42.657,2020,7,13,Belgian Grand Prix,2020-08-30,Lando Norris,NOR,4.0,McLaren
8508,1037,826,213,26,11,1:43.267,1:42.730,,2020,7,13,Belgian Grand Prix,2020-08-30,Daniil Kvyat,KVY,26.0,AlphaTauri
8509,1037,842,213,10,12,1:43.262,1:42.745,,2020,7,13,Belgian Grand Prix,2020-08-30,Pierre Gasly,GAS,10.0,AlphaTauri
8510,1037,844,6,16,13,1:43.656,1:42.996,,2020,7,13,Belgian Grand Prix,2020-08-30,Charles Leclerc,LEC,16.0,Ferrari
8511,1037,20,6,5,14,1:43.567,1:43.261,,2020,7,13,Belgian Grand Prix,2020-08-30,Sebastian Vettel,VET,5.0,Ferrari
8512,1037,847,3,63,15,1:43.630,1:43.468,,2020,7,13,Belgian Grand Prix,2020-08-30,George Russell,RUS,63.0,Williams
8513,1037,8,51,7,16,1:43.743,,,2020,7,13,Belgian Grand Prix,2020-08-30,Kimi Räikkönen,RAI,7.0,Alfa Romeo
8514,1037,154,210,8,17,1:43.838,,,2020,7,13,Belgian Grand Prix,2020-08-30,Romain Grosjean,GRO,8.0,Haas F1 Team
8515,1037,841,51,99,18,1:43.950,,,2020,7,13,Belgian Grand Prix,2020-08-30,Antonio Giovinazzi,GIO,99.0,Alfa Romeo
8516,1037,849,3,6,19,1:44.138,,,2020,7,13,Belgian Grand Prix,2020-08-30,Nicholas Latifi,LAT,6.0,Williams
8517,1037,825,210,20,20,1:44.314,,,2020,7,13,Belgian Grand Prix,2020-08-30,Kevin Magnussen,MAG,20.0,Haas F1 Team
8518,1038,1,131,44,1,1:19.514,1:19.092,1:18.887,2020,8,14,Italian Grand Prix,2020-09-06,Lewis Hamilton,HAM,44.0,Mercedes
8519,1038,822,131,77,2,1:19.786,1:18.952,1:18.956,2020,8,14,Italian Grand Prix,2020-09-06,Valtteri Bottas,BOT,77.0,Mercedes
8520,1038,832,1,55,3,1:20.099,1:19.705,1:19.695,2020,8,14,Italian Grand Prix,2020-09-06,Carlos Sainz,SAI,55.0,McLaren
8521,1038,815,211,11,4,1:20.048,1:19.718,1:19.720,2020,8,14,Italian Grand Prix,2020-09-06,Sergio Pérez,PER,11.0,Racing Point
8522,1038,830,9,33,5,1:20.193,1:19.780,1:19.795,2020,8,14,Italian Grand Prix,2020-09-06,Max Verstappen,VER,33.0,Red Bull
8523,1038,846,1,4,6,1:20.344,1:19.962,1:19.820,2020,8,14,Italian Grand Prix,2020-09-06,Lando Norris,NOR,4.0,McLaren
8524,1038,817,4,3,7,1:20.548,1:20.031,1:19.864,2020,8,14,Italian Grand Prix,2020-09-06,Daniel Ricciardo,RIC,3.0,Renault
8525,1038,840,211,18,8,1:20.400,1:19.924,1:20.049,2020,8,14,Italian Grand Prix,2020-09-06,Lance Stroll,STR,18.0,Racing Point
8526,1038,848,9,23,9,1:21.104,1:20.064,1:20.090,2020,8,14,Italian Grand Prix,2020-09-06,Alexander Albon,ALB,23.0,Red Bull
8527,1038,842,213,10,10,1:20.145,1:19.909,1:20.177,2020,8,14,Italian Grand Prix,2020-09-06,Pierre Gasly,GAS,10.0,AlphaTauri
8528,1038,826,213,26,11,1:20.307,1:20.169,,2020,8,14,Italian Grand Prix,2020-09-06,Daniil Kvyat,KVY,26.0,AlphaTauri
8529,1038,839,4,31,12,1:20.747,1:20.234,,2020,8,14,Italian Grand Prix,2020-09-06,Esteban Ocon,OCO,31.0,Renault
8530,1038,844,6,16,13,1:20.443,1:20.273,,2020,8,14,Italian Grand Prix,2020-09-06,Charles Leclerc,LEC,16.0,Ferrari
8531,1038,8,51,7,14,1:21.010,1:20.926,,2020,8,14,Italian Grand Prix,2020-09-06,Kimi Räikkönen,RAI,7.0,Alfa Romeo
8532,1038,825,210,20,15,1:20.869,1:21.573,,2020,8,14,Italian Grand Prix,2020-09-06,Kevin Magnussen,MAG,20.0,Haas F1 Team
8533,1038,154,210,8,16,1:21.139,,,2020,8,14,Italian Grand Prix,2020-09-06,Romain Grosjean,GRO,8.0,Haas F1 Team
8534,1038,20,6,5,17,1:21.151,,,2020,8,14,Italian Grand Prix,2020-09-06,Sebastian Vettel,VET,5.0,Ferrari
8535,1038,841,51,99,18,1:21.206,,,2020,8,14,Italian Grand Prix,2020-09-06,Antonio Giovinazzi,GIO,99.0,Alfa Romeo
8536,1038,847,3,63,19,1:21.587,,,2020,8,14,Italian Grand Prix,2020-09-06,George Russell,RUS,63.0,Williams
8537,1038,849,3,6,20,1:21.717,,,2020,8,14,Italian Grand Prix,2020-09-06,Nicholas Latifi,LAT,6.0,Williams
8538,1039,1,131,44,1,1:15.778,1:15.309,1:15.144,2020,9,76,Tuscan Grand Prix,2020-09-13,Lewis Hamilton,HAM,44.0,Mercedes
8539,1039,822,131,77,2,1:15.749,1:15.322,1:15.203,2020,9,76,Tuscan Grand Prix,2020-09-13,Valtteri Bottas,BOT,77.0,Mercedes
8540,1039,830,9,33,3,1:16.335,1:15.471,1:15.509,2020,9,76,Tuscan Grand Prix,2020-09-13,Max Verstappen,VER,33.0,Red Bull
8541,1039,848,9,23,4,1:16.527,1:15.914,1:15.954,2020,9,76,Tuscan Grand Prix,2020-09-13,Alexander Albon,ALB,23.0,Red Bull
8542,1039,844,6,16,5,1:16.698,1:16.324,1:16.270,2020,9,76,Tuscan Grand Prix,2020-09-13,Charles Leclerc,LEC,16.0,Ferrari
8543,1039,815,211,11,6,1:16.596,1:16.489,1:16.311,2020,9,76,Tuscan Grand Prix,2020-09-13,Sergio Pérez,PER,11.0,Racing Point
8544,1039,840,211,18,7,1:16.701,1:16.271,1:16.356,2020,9,76,Tuscan Grand Prix,2020-09-13,Lance Stroll,STR,18.0,Racing Point
8545,1039,817,4,3,8,1:16.981,1:16.243,1:16.543,2020,9,76,Tuscan Grand Prix,2020-09-13,Daniel Ricciardo,RIC,3.0,Renault
8546,1039,832,1,55,9,1:16.993,1:16.522,1:17.870,2020,9,76,Tuscan Grand Prix,2020-09-13,Carlos Sainz,SAI,55.0,McLaren
8547,1039,839,4,31,10,1:16.825,1:16.297,,2020,9,76,Tuscan Grand Prix,2020-09-13,Esteban Ocon,OCO,31.0,Renault
8548,1039,846,1,4,11,1:16.895,1:16.640,,2020,9,76,Tuscan Grand Prix,2020-09-13,Lando Norris,NOR,4.0,McLaren
8549,1039,826,213,26,12,1:16.928,1:16.854,,2020,9,76,Tuscan Grand Prix,2020-09-13,Daniil Kvyat,KVY,26.0,AlphaTauri
8550,1039,8,51,7,13,1:17.059,1:16.854,,2020,9,76,Tuscan Grand Prix,2020-09-13,Kimi Räikkönen,RAI,7.0,Alfa Romeo
8551,1039,20,6,5,14,1:17.072,1:16.858,,2020,9,76,Tuscan Grand Prix,2020-09-13,Sebastian Vettel,VET,5.0,Ferrari
8552,1039,154,210,8,15,1:17.069,1:17.254,,2020,9,76,Tuscan Grand Prix,2020-09-13,Romain Grosjean,GRO,8.0,Haas F1 Team
8553,1039,842,213,10,16,1:17.125,,,2020,9,76,Tuscan Grand Prix,2020-09-13,Pierre Gasly,GAS,10.0,AlphaTauri
8554,1039,841,51,99,17,1:17.220,,,2020,9,76,Tuscan Grand Prix,2020-09-13,Antonio Giovinazzi,GIO,99.0,Alfa Romeo
8555,1039,847,3,63,18,1:17.232,,,2020,9,76,Tuscan Grand Prix,2020-09-13,George Russell,RUS,63.0,Williams
8556,1039,849,3,6,19,1:17.320,,,2020,9,76,Tuscan Grand Prix,2020-09-13,Nicholas Latifi,LAT,6.0,Williams
8557,1039,825,210,20,20,1:17.348,,,2020,9,76,Tuscan Grand Prix,2020-09-13,Kevin Magnussen,MAG,20.0,Haas F1 Team
8558,1040,1,131,44,1,1:32.983,1:32.835,1:31.304,2020,10,71,Russian Grand Prix,2020-09-27,Lewis Hamilton,HAM,44.0,Mercedes
8559,1040,830,9,33,2,1:33.630,1:33.157,1:31.867,2020,10,71,Russian Grand Prix,2020-09-27,Max Verstappen,VER,33.0,Red Bull
8560,1040,822,131,77,3,1:32.656,1:32.405,1:31.956,2020,10,71,Russian Grand Prix,2020-09-27,Valtteri Bottas,BOT,77.0,Mercedes
8561,1040,815,211,11,4,1:33.704,1:33.038,1:32.317,2020,10,71,Russian Grand Prix,2020-09-27,Sergio Pérez,PER,11.0,Racing Point
8562,1040,817,4,3,5,1:33.650,1:32.218,1:32.364,2020,10,71,Russian Grand Prix,2020-09-27,Daniel Ricciardo,RIC,3.0,Renault
8563,1040,832,1,55,6,1:33.967,1:32.757,1:32.550,2020,10,71,Russian Grand Prix,2020-09-27,Carlos Sainz,SAI,55.0,McLaren
8564,1040,839,4,31,7,1:33.557,1:33.196,1:32.624,2020,10,71,Russian Grand Prix,2020-09-27,Esteban Ocon,OCO,31.0,Renault
8565,1040,846,1,4,8,1:33.804,1:33.081,1:32.847,2020,10,71,Russian Grand Prix,2020-09-27,Lando Norris,NOR,4.0,McLaren
8566,1040,842,213,10,9,1:33.734,1:33.139,1:33.000,2020,10,71,Russian Grand Prix,2020-09-27,Pierre Gasly,GAS,10.0,AlphaTauri
8567,1040,848,9,23,10,1:33.919,1:33.153,1:33.008,2020,10,71,Russian Grand Prix,2020-09-27,Alexander Albon,ALB,23.0,Red Bull
8568,1040,844,6,16,11,1:34.071,1:33.239,,2020,10,71,Russian Grand Prix,2020-09-27,Charles Leclerc,LEC,16.0,Ferrari
8569,1040,826,213,26,12,1:33.511,1:33.249,,2020,10,71,Russian Grand Prix,2020-09-27,Daniil Kvyat,KVY,26.0,AlphaTauri
8570,1040,840,211,18,13,1:33.852,1:33.364,,2020,10,71,Russian Grand Prix,2020-09-27,Lance Stroll,STR,18.0,Racing Point
8571,1040,847,3,63,14,1:34.020,1:33.583,,2020,10,71,Russian Grand Prix,2020-09-27,George Russell,RUS,63.0,Williams
8572,1040,20,6,5,15,1:34.134,1:33.609,,2020,10,71,Russian Grand Prix,2020-09-27,Sebastian Vettel,VET,5.0,Ferrari
8573,1040,154,210,8,16,1:34.592,,,2020,10,71,Russian Grand Prix,2020-09-27,Romain Grosjean,GRO,8.0,Haas F1 Team
8574,1040,841,51,99,17,1:34.594,,,2020,10,71,Russian Grand Prix,2020-09-27,Antonio Giovinazzi,GIO,99.0,Alfa Romeo
8575,1040,825,210,20,18,1:34.681,,,2020,10,71,Russian Grand Prix,2020-09-27,Kevin Magnussen,MAG,20.0,Haas F1 Team
8576,1040,849,3,6,19,1:35.066,,,2020,10,71,Russian Grand Prix,2020-09-27,Nicholas Latifi,LAT,6.0,Williams
8577,1040,8,51,7,20,1:35.267,,,2020,10,71,Russian Grand Prix,2020-09-27,Kimi Räikkönen,RAI,7.0,Alfa Romeo
8578,1041,822,131,77,1,1:26.573,1:25.971,1:25.269,2020,11,20,Eifel Grand Prix,2020-10-11,Valtteri Bottas,BOT,77.0,Mercedes
8579,1041,1,131,44,2,1:26.620,1:25.390,1:25.525,2020,11,20,Eifel Grand Prix,2020-10-11,Lewis Hamilton,HAM,44.0,Mercedes
8580,1041,830,9,33,3,1:26.319,1:25.467,1:25.562,2020,11,20,Eifel Grand Prix,2020-10-11,Max Verstappen,VER,33.0,Red Bull
8581,1041,844,6,16,4,1:26.857,1:26.240,1:26.035,2020,11,20,Eifel Grand Prix,2020-10-11,Charles Leclerc,LEC,16.0,Ferrari
8582,1041,848,9,23,5,1:27.126,1:26.285,1:26.047,2020,11,20,Eifel Grand Prix,2020-10-11,Alexander Albon,ALB,23.0,Red Bull
8583,1041,817,4,3,6,1:26.836,1:26.096,1:26.223,2020,11,20,Eifel Grand Prix,2020-10-11,Daniel Ricciardo,RIC,3.0,Renault
8584,1041,839,4,31,7,1:27.086,1:26.364,1:26.242,2020,11,20,Eifel Grand Prix,2020-10-11,Esteban Ocon,OCO,31.0,Renault
8585,1041,846,1,4,8,1:26.829,1:26.316,1:26.458,2020,11,20,Eifel Grand Prix,2020-10-11,Lando Norris,NOR,4.0,McLaren
8586,1041,815,211,11,9,1:27.120,1:26.330,1:26.704,2020,11,20,Eifel Grand Prix,2020-10-11,Sergio Pérez,PER,11.0,Racing Point
8587,1041,832,1,55,10,1:27.378,1:26.361,1:26.709,2020,11,20,Eifel Grand Prix,2020-10-11,Carlos Sainz,SAI,55.0,McLaren
8588,1041,20,6,5,11,1:27.107,1:26.738,,2020,11,20,Eifel Grand Prix,2020-10-11,Sebastian Vettel,VET,5.0,Ferrari
8589,1041,842,213,10,12,1:27.072,1:26.776,,2020,11,20,Eifel Grand Prix,2020-10-11,Pierre Gasly,GAS,10.0,AlphaTauri
8590,1041,826,213,26,13,1:27.285,1:26.848,,2020,11,20,Eifel Grand Prix,2020-10-11,Daniil Kvyat,KVY,26.0,AlphaTauri
8591,1041,841,51,99,14,1:27.532,1:26.936,,2020,11,20,Eifel Grand Prix,2020-10-11,Antonio Giovinazzi,GIO,99.0,Alfa Romeo
8592,1041,825,210,20,15,1:27.231,1:27.125,,2020,11,20,Eifel Grand Prix,2020-10-11,Kevin Magnussen,MAG,20.0,Haas F1 Team
8593,1041,154,210,8,16,1:27.552,,,2020,11,20,Eifel Grand Prix,2020-10-11,Romain Grosjean,GRO,8.0,Haas F1 Team
8594,1041,847,3,63,17,1:27.564,,,2020,11,20,Eifel Grand Prix,2020-10-11,George Russell,RUS,63.0,Williams
8595,1041,849,3,6,18,1:27.812,,,2020,11,20,Eifel Grand Prix,2020-10-11,Nicholas Latifi,LAT,6.0,Williams
8596,1041,8,51,7,19,1:27.817,,,2020,11,20,Eifel Grand Prix,2020-10-11,Kimi Räikkönen,RAI,7.0,Alfa Romeo
8597,1041,807,211,27,20,1:28.021,,,2020,11,20,Eifel Grand Prix,2020-10-11,Nico Hülkenberg,HUL,27.0,Racing Point
8626,1042,840,211,18,12,1:17.667,1:17.626,,2020,12,75,Portuguese Grand Prix,2020-10-25,Lance Stroll,STR,18.0,Racing Point
8625,1042,839,4,31,11,1:17.775,1:17.614,,2020,12,75,Portuguese Grand Prix,2020-10-25,Esteban Ocon,OCO,31.0,Renault
8624,1042,817,4,3,10,1:17.621,1:17.481,,2020,12,75,Portuguese Grand Prix,2020-10-25,Daniel Ricciardo,RIC,3.0,Renault
8623,1042,842,213,10,9,1:17.209,1:17.367,1:17.803,2020,12,75,Portuguese Grand Prix,2020-10-25,Pierre Gasly,GAS,10.0,AlphaTauri
8622,1042,846,1,4,8,1:17.547,1:17.321,1:17.525,2020,12,75,Portuguese Grand Prix,2020-10-25,Lando Norris,NOR,4.0,McLaren
8621,1042,832,1,55,7,1:17.627,1:17.183,1:17.520,2020,12,75,Portuguese Grand Prix,2020-10-25,Carlos Sainz,SAI,55.0,McLaren
8620,1042,848,9,23,6,1:17.435,1:17.411,1:17.437,2020,12,75,Portuguese Grand Prix,2020-10-25,Alexander Albon,ALB,23.0,Red Bull
8619,1042,815,211,11,5,1:17.370,1:17.129,1:17.223,2020,12,75,Portuguese Grand Prix,2020-10-25,Sergio Pérez,PER,11.0,Racing Point
8618,1042,844,6,16,4,1:17.421,1:17.367,1:17.090,2020,12,75,Portuguese Grand Prix,2020-10-25,Charles Leclerc,LEC,16.0,Ferrari
8617,1042,830,9,33,3,1:16.879,1:17.038,1:16.904,2020,12,75,Portuguese Grand Prix,2020-10-25,Max Verstappen,VER,33.0,Red Bull
8616,1042,822,131,77,2,1:16.945,1:16.466,1:16.754,2020,12,75,Portuguese Grand Prix,2020-10-25,Valtteri Bottas,BOT,77.0,Mercedes
8615,1042,1,131,44,1,1:16.828,1:16.824,1:16.652,2020,12,75,Portuguese Grand Prix,2020-10-25,Lewis Hamilton,HAM,44.0,Mercedes
8627,1042,826,213,26,13,1:17.841,1:17.728,,2020,12,75,Portuguese Grand Prix,2020-10-25,Daniil Kvyat,KVY,26.0,AlphaTauri
8628,1042,847,3,63,14,1:17.931,1:17.788,,2020,12,75,Portuguese Grand Prix,2020-10-25,George Russell,RUS,63.0,Williams
8629,1042,20,6,5,15,1:17.446,1:17.919,,2020,12,75,Portuguese Grand Prix,2020-10-25,Sebastian Vettel,VET,5.0,Ferrari
8630,1042,8,51,7,16,1:18.201,,,2020,12,75,Portuguese Grand Prix,2020-10-25,Kimi Räikkönen,RAI,7.0,Alfa Romeo
8631,1042,841,51,99,17,1:18.323,,,2020,12,75,Portuguese Grand Prix,2020-10-25,Antonio Giovinazzi,GIO,99.0,Alfa Romeo
8632,1042,154,210,8,18,1:18.364,,,2020,12,75,Portuguese Grand Prix,2020-10-25,Romain Grosjean,GRO,8.0,Haas F1 Team
8633,1042,825,210,20,19,1:18.508,,,2020,12,75,Portuguese Grand Prix,2020-10-25,Kevin Magnussen,MAG,20.0,Haas F1 Team
8634,1042,849,3,6,20,1:18.777,,,2020,12,75,Portuguese Grand Prix,2020-10-25,Nicholas Latifi,LAT,6.0,Williams
8635,1043,822,131,77,1,1:14.221,1:14.585,1:13.609,2020,13,21,Emilia Romagna Grand Prix,2020-11-01,Valtteri Bottas,BOT,77.0,Mercedes
8636,1043,1,131,44,2,1:14.229,1:14.643,1:13.706,2020,13,21,Emilia Romagna Grand Prix,2020-11-01,Lewis Hamilton,HAM,44.0,Mercedes
8637,1043,830,9,33,3,1:15.034,1:14.974,1:14.176,2020,13,21,Emilia Romagna Grand Prix,2020-11-01,Max Verstappen,VER,33.0,Red Bull
8638,1043,842,213,10,4,1:15.183,1:14.681,1:14.502,2020,13,21,Emilia Romagna Grand Prix,2020-11-01,Pierre Gasly,GAS,10.0,AlphaTauri
8639,1043,817,4,3,5,1:15.474,1:14.953,1:14.520,2020,13,21,Emilia Romagna Grand Prix,2020-11-01,Daniel Ricciardo,RIC,3.0,Renault
8640,1043,848,9,23,6,1:15.402,1:14.745,1:14.572,2020,13,21,Emilia Romagna Grand Prix,2020-11-01,Alexander Albon,ALB,23.0,Red Bull
8641,1043,844,6,16,7,1:15.123,1:15.017,1:14.616,2020,13,21,Emilia Romagna Grand Prix,2020-11-01,Charles Leclerc,LEC,16.0,Ferrari
8642,1043,826,213,26,8,1:15.412,1:15.022,1:14.696,2020,13,21,Emilia Romagna Grand Prix,2020-11-01,Daniil Kvyat,KVY,26.0,AlphaTauri
8643,1043,846,1,4,9,1:15.274,1:15.051,1:14.814,2020,13,21,Emilia Romagna Grand Prix,2020-11-01,Lando Norris,NOR,4.0,McLaren
8644,1043,832,1,55,10,1:15.528,1:15.027,1:14.911,2020,13,21,Emilia Romagna Grand Prix,2020-11-01,Carlos Sainz,SAI,55.0,McLaren
8645,1043,815,211,11,11,1:15.407,1:15.061,,2020,13,21,Emilia Romagna Grand Prix,2020-11-01,Sergio Pérez,PER,11.0,Racing Point
8646,1043,839,4,31,12,1:15.352,1:15.201,,2020,13,21,Emilia Romagna Grand Prix,2020-11-01,Esteban Ocon,OCO,31.0,Renault
8647,1043,847,3,63,13,1:15.760,1:15.323,,2020,13,21,Emilia Romagna Grand Prix,2020-11-01,George Russell,RUS,63.0,Williams
8648,1043,20,6,5,14,1:15.571,1:15.385,,2020,13,21,Emilia Romagna Grand Prix,2020-11-01,Sebastian Vettel,VET,5.0,Ferrari
8649,1043,840,211,18,15,1:15.822,1:15.494,,2020,13,21,Emilia Romagna Grand Prix,2020-11-01,Lance Stroll,STR,18.0,Racing Point
8650,1043,154,210,8,16,1:15.918,,,2020,13,21,Emilia Romagna Grand Prix,2020-11-01,Romain Grosjean,GRO,8.0,Haas F1 Team
8651,1043,825,210,20,17,1:15.939,,,2020,13,21,Emilia Romagna Grand Prix,2020-11-01,Kevin Magnussen,MAG,20.0,Haas F1 Team
8652,1043,8,51,7,18,1:15.953,,,2020,13,21,Emilia Romagna Grand Prix,2020-11-01,Kimi Räikkönen,RAI,7.0,Alfa Romeo
8653,1043,849,3,6,19,1:15.987,,,2020,13,21,Emilia Romagna Grand Prix,2020-11-01,Nicholas Latifi,LAT,6.0,Williams
8654,1043,841,51,99,20,1:16.208,,,2020,13,21,Emilia Romagna Grand Prix,2020-11-01,Antonio Giovinazzi,GIO,99.0,Alfa Romeo
8655,1044,840,211,18,1,2:07.467,1:53.372,1:47.765,2020,14,5,Turkish Grand Prix,2020-11-15,Lance Stroll,STR,18.0,Racing Point
8656,1044,830,9,33,2,1:57.485,1:50.293,1:48.055,2020,14,5,Turkish Grand Prix,2020-11-15,Max Verstappen,VER,33.0,Red Bull
8657,1044,815,211,11,3,2:07.614,1:54.097,1:49.321,2020,14,5,Turkish Grand Prix,2020-11-15,Sergio Pérez,PER,11.0,Racing Point
8658,1044,848,9,23,4,1:59.431,1:52.282,1:50.448,2020,14,5,Turkish Grand Prix,2020-11-15,Alexander Albon,ALB,23.0,Red Bull
8659,1044,817,4,3,5,2:05.598,1:54.278,1:51.595,2020,14,5,Turkish Grand Prix,2020-11-15,Daniel Ricciardo,RIC,3.0,Renault
8660,1044,1,131,44,6,2:07.599,1:52.709,1:52.560,2020,14,5,Turkish Grand Prix,2020-11-15,Lewis Hamilton,HAM,44.0,Mercedes
8661,1044,839,4,31,7,2:06.115,1:53.657,1:52.622,2020,14,5,Turkish Grand Prix,2020-11-15,Esteban Ocon,OCO,31.0,Renault
8662,1044,8,51,7,8,2:01.249,1:53.793,1:52.745,2020,14,5,Turkish Grand Prix,2020-11-15,Kimi Räikkönen,RAI,7.0,Alfa Romeo
8663,1044,822,131,77,9,2:07.001,1:53.767,1:53.258,2020,14,5,Turkish Grand Prix,2020-11-15,Valtteri Bottas,BOT,77.0,Mercedes
8664,1044,841,51,99,10,2:07.341,1:53.431,1:57.226,2020,14,5,Turkish Grand Prix,2020-11-15,Antonio Giovinazzi,GIO,99.0,Alfa Romeo
8665,1044,846,1,4,11,2:07.167,1:54.945,,2020,14,5,Turkish Grand Prix,2020-11-15,Lando Norris,NOR,4.0,McLaren
8666,1044,20,6,5,12,2:03.356,1:55.169,,2020,14,5,Turkish Grand Prix,2020-11-15,Sebastian Vettel,VET,5.0,Ferrari
8667,1044,832,1,55,13,2:07.489,1:55.410,,2020,14,5,Turkish Grand Prix,2020-11-15,Carlos Sainz,SAI,55.0,McLaren
8668,1044,844,6,16,14,2:04.464,1:56.696,,2020,14,5,Turkish Grand Prix,2020-11-15,Charles Leclerc,LEC,16.0,Ferrari
8669,1044,842,213,10,15,2:05.579,1:58.556,,2020,14,5,Turkish Grand Prix,2020-11-15,Pierre Gasly,GAS,10.0,AlphaTauri
8670,1044,825,210,20,16,2:08.007,,,2020,14,5,Turkish Grand Prix,2020-11-15,Kevin Magnussen,MAG,20.0,Haas F1 Team
8671,1044,826,213,26,17,2:09.070,,,2020,14,5,Turkish Grand Prix,2020-11-15,Daniil Kvyat,KVY,26.0,AlphaTauri
8672,1044,847,3,63,18,2:10.017,,,2020,14,5,Turkish Grand Prix,2020-11-15,George Russell,RUS,63.0,Williams
8673,1044,154,210,8,19,2:12.909,,,2020,14,5,Turkish Grand Prix,2020-11-15,Romain Grosjean,GRO,8.0,Haas F1 Team
8674,1044,849,3,6,20,2:21.611,,,2020,14,5,Turkish Grand Prix,2020-11-15,Nicholas Latifi,LAT,6.0,Williams
8675,1045,1,131,44,1,1:28.343,1:27.586,1:27.264,2020,15,3,Bahrain Grand Prix,2020-11-29,Lewis Hamilton,HAM,44.0,Mercedes
8676,1045,822,131,77,2,1:28.767,1:28.063,1:27.553,2020,15,3,Bahrain Grand Prix,2020-11-29,Valtteri Bottas,BOT,77.0,Mercedes
8677,1045,830,9,33,3,1:28.885,1:28.025,1:27.678,2020,15,3,Bahrain Grand Prix,2020-11-29,Max Verstappen,VER,33.0,Red Bull
8678,1045,848,9,23,4,1:28.732,1:28.749,1:28.274,2020,15,3,Bahrain Grand Prix,2020-11-29,Alexander Albon,ALB,23.0,Red Bull
8679,1045,815,211,11,5,1:29.178,1:28.894,1:28.322,2020,15,3,Bahrain Grand Prix,2020-11-29,Sergio Pérez,PER,11.0,Racing Point
8680,1045,817,4,3,6,1:29.005,1:28.648,1:28.417,2020,15,3,Bahrain Grand Prix,2020-11-29,Daniel Ricciardo,RIC,3.0,Renault
8681,1045,839,4,31,7,1:29.203,1:28.937,1:28.419,2020,15,3,Bahrain Grand Prix,2020-11-29,Esteban Ocon,OCO,31.0,Renault
8682,1045,842,213,10,8,1:28.971,1:29.008,1:28.448,2020,15,3,Bahrain Grand Prix,2020-11-29,Pierre Gasly,GAS,10.0,AlphaTauri
8683,1045,846,1,4,9,1:29.464,1:28.877,1:28.542,2020,15,3,Bahrain Grand Prix,2020-11-29,Lando Norris,NOR,4.0,McLaren
8684,1045,826,213,26,10,1:29.158,1:28.944,1:28.618,2020,15,3,Bahrain Grand Prix,2020-11-29,Daniil Kvyat,KVY,26.0,AlphaTauri
8685,1045,20,6,5,11,1:29.142,1:29.149,,2020,15,3,Bahrain Grand Prix,2020-11-29,Sebastian Vettel,VET,5.0,Ferrari
8686,1045,844,6,16,12,1:29.137,1:29.165,,2020,15,3,Bahrain Grand Prix,2020-11-29,Charles Leclerc,LEC,16.0,Ferrari
8687,1045,840,211,18,13,1:28.679,1:29.557,,2020,15,3,Bahrain Grand Prix,2020-11-29,Lance Stroll,STR,18.0,Racing Point
8688,1045,847,3,63,14,1:29.294,1:31.218,,2020,15,3,Bahrain Grand Prix,2020-11-29,George Russell,RUS,63.0,Williams
8689,1045,832,1,55,15,1:28.975,,,2020,15,3,Bahrain Grand Prix,2020-11-29,Carlos Sainz,SAI,55.0,McLaren
8690,1045,841,51,99,16,1:29.491,,,2020,15,3,Bahrain Grand Prix,2020-11-29,Antonio Giovinazzi,GIO,99.0,Alfa Romeo
8691,1045,8,51,7,17,1:29.810,,,2020,15,3,Bahrain Grand Prix,2020-11-29,Kimi Räikkönen,RAI,7.0,Alfa Romeo
8692,1045,825,210,20,18,1:30.111,,,2020,15,3,Bahrain Grand Prix,2020-11-29,Kevin Magnussen,MAG,20.0,Haas F1 Team
8693,1045,154,210,8,19,1:30.138,,,2020,15,3,Bahrain Grand Prix,2020-11-29,Romain Grosjean,GRO,8.0,Haas F1 Team
8694,1045,849,3,6,20,1:30.182,,,2020,15,3,Bahrain Grand Prix,2020-11-29,Nicholas Latifi,LAT,6.0,Williams
8695,1046,822,131,77,1,0:53.904,0:53.803,0:53.377,2020,16,3,Sakhir Grand Prix,2020-12-06,Valtteri Bottas,BOT,77.0,Mercedes
8696,1046,847,131,63,2,0:54.160,0:53.819,0:53.403,2020,16,3,Sakhir Grand Prix,2020-12-06,George Russell,RUS,63.0,Mercedes
8697,1046,830,9,33,3,0:54.037,0:53.647,0:53.433,2020,16,3,Sakhir Grand Prix,2020-12-06,Max Verstappen,VER,33.0,Red Bull
8698,1046,844,6,16,4,0:54.249,0:53.825,0:53.613,2020,16,3,Sakhir Grand Prix,2020-12-06,Charles Leclerc,LEC,16.0,Ferrari
8699,1046,815,211,11,5,0:54.236,0:53.787,0:53.790,2020,16,3,Sakhir Grand Prix,2020-12-06,Sergio Pérez,PER,11.0,Racing Point
8700,1046,826,213,26,6,0:54.346,0:53.856,0:53.906,2020,16,3,Sakhir Grand Prix,2020-12-06,Daniil Kvyat,KVY,26.0,AlphaTauri
8701,1046,817,4,3,7,0:54.388,0:53.871,0:53.957,2020,16,3,Sakhir Grand Prix,2020-12-06,Daniel Ricciardo,RIC,3.0,Renault
8702,1046,832,1,55,8,0:54.450,0:53.818,0:54.010,2020,16,3,Sakhir Grand Prix,2020-12-06,Carlos Sainz,SAI,55.0,McLaren
8703,1046,842,213,10,9,0:54.207,0:53.941,0:54.154,2020,16,3,Sakhir Grand Prix,2020-12-06,Pierre Gasly,GAS,10.0,AlphaTauri
8704,1046,840,211,18,10,0:54.595,0:53.840,0:54.200,2020,16,3,Sakhir Grand Prix,2020-12-06,Lance Stroll,STR,18.0,Racing Point
8705,1046,839,4,31,11,0:54.309,0:53.995,,2020,16,3,Sakhir Grand Prix,2020-12-06,Esteban Ocon,OCO,31.0,Renault
8706,1046,848,9,23,12,0:54.620,0:54.026,,2020,16,3,Sakhir Grand Prix,2020-12-06,Alexander Albon,ALB,23.0,Red Bull
8707,1046,20,6,5,13,0:54.301,0:54.175,,2020,16,3,Sakhir Grand Prix,2020-12-06,Sebastian Vettel,VET,5.0,Ferrari
8708,1046,841,51,99,14,0:54.523,0:54.377,,2020,16,3,Sakhir Grand Prix,2020-12-06,Antonio Giovinazzi,GIO,99.0,Alfa Romeo
8709,1046,846,1,4,15,0:54.194,0:54.693,,2020,16,3,Sakhir Grand Prix,2020-12-06,Lando Norris,NOR,4.0,McLaren
8710,1046,825,210,20,16,0:54.705,,,2020,16,3,Sakhir Grand Prix,2020-12-06,Kevin Magnussen,MAG,20.0,Haas F1 Team
8711,1046,849,3,6,17,0:54.796,,,2020,16,3,Sakhir Grand Prix,2020-12-06,Nicholas Latifi,LAT,6.0,Williams
8712,1046,851,3,89,18,0:54.892,,,2020,16,3,Sakhir Grand Prix,2020-12-06,Jack Aitken,AIT,89.0,Williams
8713,1046,8,51,7,19,0:54.963,,,2020,16,3,Sakhir Grand Prix,2020-12-06,Kimi Räikkönen,RAI,7.0,Alfa Romeo
8714,1046,850,210,51,20,0:55.426,,,2020,16,3,Sakhir Grand Prix,2020-12-06,Pietro Fittipaldi,FIT,51.0,Haas F1 Team
8715,1047,830,9,33,1,1:35.993,1:35.641,1:35.246,2020,17,24,Abu Dhabi Grand Prix,2020-12-13,Max Verstappen,VER,33.0,Red Bull
8716,1047,822,131,77,2,1:35.699,1:35.527,1:35.271,2020,17,24,Abu Dhabi Grand Prix,2020-12-13,Valtteri Bottas,BOT,77.0,Mercedes
8717,1047,1,131,44,3,1:35.528,1:35.466,1:35.332,2020,17,24,Abu Dhabi Grand Prix,2020-12-13,Lewis Hamilton,HAM,44.0,Mercedes
8718,1047,846,1,4,4,1:36.016,1:35.849,1:35.497,2020,17,24,Abu Dhabi Grand Prix,2020-12-13,Lando Norris,NOR,4.0,McLaren
8719,1047,848,9,23,5,1:36.106,1:35.654,1:35.571,2020,17,24,Abu Dhabi Grand Prix,2020-12-13,Alexander Albon,ALB,23.0,Red Bull
8720,1047,832,1,55,6,1:36.517,1:36.192,1:35.815,2020,17,24,Abu Dhabi Grand Prix,2020-12-13,Carlos Sainz,SAI,55.0,McLaren
8721,1047,826,213,26,7,1:36.459,1:36.214,1:35.963,2020,17,24,Abu Dhabi Grand Prix,2020-12-13,Daniil Kvyat,KVY,26.0,AlphaTauri
8722,1047,840,211,18,8,1:36.502,1:36.143,1:36.046,2020,17,24,Abu Dhabi Grand Prix,2020-12-13,Lance Stroll,STR,18.0,Racing Point
8723,1047,844,6,16,9,1:35.881,1:35.932,1:36.065,2020,17,24,Abu Dhabi Grand Prix,2020-12-13,Charles Leclerc,LEC,16.0,Ferrari
8724,1047,842,213,10,10,1:36.545,1:36.282,1:36.242,2020,17,24,Abu Dhabi Grand Prix,2020-12-13,Pierre Gasly,GAS,10.0,AlphaTauri
8725,1047,839,4,31,11,1:36.783,1:36.359,,2020,17,24,Abu Dhabi Grand Prix,2020-12-13,Esteban Ocon,OCO,31.0,Renault
8726,1047,817,4,3,12,1:36.704,1:36.406,,2020,17,24,Abu Dhabi Grand Prix,2020-12-13,Daniel Ricciardo,RIC,3.0,Renault
8727,1047,20,6,5,13,1:36.655,1:36.631,,2020,17,24,Abu Dhabi Grand Prix,2020-12-13,Sebastian Vettel,VET,5.0,Ferrari
8728,1047,841,51,99,14,1:37.075,1:38.248,,2020,17,24,Abu Dhabi Grand Prix,2020-12-13,Antonio Giovinazzi,GIO,99.0,Alfa Romeo
8729,1047,815,211,11,15,1:36.034,,,2020,17,24,Abu Dhabi Grand Prix,2020-12-13,Sergio Pérez,PER,11.0,Racing Point
8730,1047,8,51,7,16,1:37.555,,,2020,17,24,Abu Dhabi Grand Prix,2020-12-13,Kimi Räikkönen,RAI,7.0,Alfa Romeo
8731,1047,825,210,20,17,1:37.863,,,2020,17,24,Abu Dhabi Grand Prix,2020-12-13,Kevin Magnussen,MAG,20.0,Haas F1 Team
8732,1047,847,3,63,18,1:38.045,,,2020,17,24,Abu Dhabi Grand Prix,2020-12-13,George Russell,RUS,63.0,Williams
8733,1047,850,210,51,19,1:38.173,,,2020,17,24,Abu Dhabi Grand Prix,2020-12-13,Pietro Fittipaldi,FIT,51.0,Haas F1 Team
8734,1047,849,3,6,20,1:38.443,,,2020,17,24,Abu Dhabi Grand Prix,2020-12-13,Nicholas Latifi,LAT,6.0,Williams
8735,1052,830,9,33,1,1:30.499,1:30.318,1:28.997,2021,1,3,Bahrain Grand Prix,2021-03-28,Max Verstappen,VER,33.0,Red Bull
8736,1052,1,131,44,2,1:30.617,1:30.085,1:29.385,2021,1,3,Bahrain Grand Prix,2021-03-28,Lewis Hamilton,HAM,44.0,Mercedes
8737,1052,822,131,77,3,1:31.200,1:30.186,1:29.586,2021,1,3,Bahrain Grand Prix,2021-03-28,Valtteri Bottas,BOT,77.0,Mercedes
8738,1052,844,6,16,4,1:30.691,1:30.010,1:29.678,2021,1,3,Bahrain Grand Prix,2021-03-28,Charles Leclerc,LEC,16.0,Ferrari
8739,1052,842,213,10,5,1:30.848,1:30.513,1:29.809,2021,1,3,Bahrain Grand Prix,2021-03-28,Pierre Gasly,GAS,10.0,AlphaTauri
8740,1052,817,1,3,6,1:30.795,1:30.222,1:29.927,2021,1,3,Bahrain Grand Prix,2021-03-28,Daniel Ricciardo,RIC,3.0,McLaren
8741,1052,846,1,4,7,1:30.902,1:30.099,1:29.974,2021,1,3,Bahrain Grand Prix,2021-03-28,Lando Norris,NOR,4.0,McLaren
8742,1052,832,6,55,8,1:31.653,1:30.009,1:30.215,2021,1,3,Bahrain Grand Prix,2021-03-28,Carlos Sainz,SAI,55.0,Ferrari
8743,1052,4,214,14,9,1:30.863,1:30.595,1:30.249,2021,1,3,Bahrain Grand Prix,2021-03-28,Fernando Alonso,ALO,14.0,Alpine F1 Team
8744,1052,840,117,18,10,1:31.261,1:30.624,1:30.601,2021,1,3,Bahrain Grand Prix,2021-03-28,Lance Stroll,STR,18.0,Aston Martin
8745,1052,815,9,11,11,1:31.165,1:30.659,,2021,1,3,Bahrain Grand Prix,2021-03-28,Sergio Pérez,PER,11.0,Red Bull
8746,1052,841,51,99,12,1:30.998,1:30.708,,2021,1,3,Bahrain Grand Prix,2021-03-28,Antonio Giovinazzi,GIO,99.0,Alfa Romeo
8747,1052,852,213,22,13,1:30.607,1:31.203,,2021,1,3,Bahrain Grand Prix,2021-03-28,Yuki Tsunoda,TSU,22.0,AlphaTauri
8748,1052,8,51,7,14,1:31.547,1:31.238,,2021,1,3,Bahrain Grand Prix,2021-03-28,Kimi Räikkönen,RAI,7.0,Alfa Romeo
8749,1052,847,3,63,15,1:31.316,1:33.430,,2021,1,3,Bahrain Grand Prix,2021-03-28,George Russell,RUS,63.0,Williams
8750,1052,839,214,31,16,1:31.724,,,2021,1,3,Bahrain Grand Prix,2021-03-28,Esteban Ocon,OCO,31.0,Alpine F1 Team
8751,1052,849,3,6,17,1:31.936,,,2021,1,3,Bahrain Grand Prix,2021-03-28,Nicholas Latifi,LAT,6.0,Williams
8752,1052,20,117,5,18,1:32.056,,,2021,1,3,Bahrain Grand Prix,2021-03-28,Sebastian Vettel,VET,5.0,Aston Martin
8753,1052,854,210,47,19,1:32.449,,,2021,1,3,Bahrain Grand Prix,2021-03-28,Mick Schumacher,MSC,47.0,Haas F1 Team
8754,1052,853,210,9,20,1:33.273,,,2021,1,3,Bahrain Grand Prix,2021-03-28,Nikita Mazepin,MAZ,9.0,Haas F1 Team
8755,1053,1,131,44,1,1:14.823,1:14.817,1:14.411,2021,2,21,Emilia Romagna Grand Prix,2021-04-18,Lewis Hamilton,HAM,44.0,Mercedes
8756,1053,815,9,11,2,1:15.395,1:14.716,1:14.446,2021,2,21,Emilia Romagna Grand Prix,2021-04-18,Sergio Pérez,PER,11.0,Red Bull
8757,1053,830,9,33,3,1:15.109,1:14.884,1:14.498,2021,2,21,Emilia Romagna Grand Prix,2021-04-18,Max Verstappen,VER,33.0,Red Bull
8758,1053,844,6,16,4,1:15.413,1:14.808,1:14.740,2021,2,21,Emilia Romagna Grand Prix,2021-04-18,Charles Leclerc,LEC,16.0,Ferrari
8759,1053,842,213,10,5,1:15.548,1:14.927,1:14.790,2021,2,21,Emilia Romagna Grand Prix,2021-04-18,Pierre Gasly,GAS,10.0,AlphaTauri
8760,1053,817,1,3,6,1:15.669,1:15.033,1:14.826,2021,2,21,Emilia Romagna Grand Prix,2021-04-18,Daniel Ricciardo,RIC,3.0,McLaren
8761,1053,846,1,4,7,1:15.009,1:14.718,1:14.875,2021,2,21,Emilia Romagna Grand Prix,2021-04-18,Lando Norris,NOR,4.0,McLaren
8762,1053,822,131,77,8,1:14.672,1:14.905,1:14.898,2021,2,21,Emilia Romagna Grand Prix,2021-04-18,Valtteri Bottas,BOT,77.0,Mercedes
8763,1053,839,214,31,9,1:15.385,1:15.117,1:15.210,2021,2,21,Emilia Romagna Grand Prix,2021-04-18,Esteban Ocon,OCO,31.0,Alpine F1 Team
8764,1053,840,117,18,10,1:15.522,1:15.138,,2021,2,21,Emilia Romagna Grand Prix,2021-04-18,Lance Stroll,STR,18.0,Aston Martin
8765,1053,832,6,55,11,1:15.406,1:15.199,,2021,2,21,Emilia Romagna Grand Prix,2021-04-18,Carlos Sainz,SAI,55.0,Ferrari
8766,1053,847,3,63,12,1:15.826,1:15.261,,2021,2,21,Emilia Romagna Grand Prix,2021-04-18,George Russell,RUS,63.0,Williams
8767,1053,20,117,5,13,1:15.459,1:15.394,,2021,2,21,Emilia Romagna Grand Prix,2021-04-18,Sebastian Vettel,VET,5.0,Aston Martin
8768,1053,849,3,6,14,1:15.653,1:15.593,,2021,2,21,Emilia Romagna Grand Prix,2021-04-18,Nicholas Latifi,LAT,6.0,Williams
8769,1053,4,214,14,15,1:15.832,1:15.593,,2021,2,21,Emilia Romagna Grand Prix,2021-04-18,Fernando Alonso,ALO,14.0,Alpine F1 Team
8770,1053,8,51,7,16,1:15.974,,,2021,2,21,Emilia Romagna Grand Prix,2021-04-18,Kimi Räikkönen,RAI,7.0,Alfa Romeo
8771,1053,841,51,99,17,1:16.122,,,2021,2,21,Emilia Romagna Grand Prix,2021-04-18,Antonio Giovinazzi,GIO,99.0,Alfa Romeo
8772,1053,854,210,47,18,1:16.279,,,2021,2,21,Emilia Romagna Grand Prix,2021-04-18,Mick Schumacher,MSC,47.0,Haas F1 Team
8773,1053,853,210,9,19,1:16.797,,,2021,2,21,Emilia Romagna Grand Prix,2021-04-18,Nikita Mazepin,MAZ,9.0,Haas F1 Team
8774,1053,852,213,22,20,,,,2021,2,21,Emilia Romagna Grand Prix,2021-04-18,Yuki Tsunoda,TSU,22.0,AlphaTauri
8775,1054,822,131,77,1,1:18.722,1:18.458,1:18.348,2021,3,75,Portuguese Grand Prix,2021-05-02,Valtteri Bottas,BOT,77.0,Mercedes
8776,1054,1,131,44,2,1:18.857,1:17.968,1:18.355,2021,3,75,Portuguese Grand Prix,2021-05-02,Lewis Hamilton,HAM,44.0,Mercedes
8777,1054,830,9,33,3,1:19.485,1:18.650,1:18.746,2021,3,75,Portuguese Grand Prix,2021-05-02,Max Verstappen,VER,33.0,Red Bull
8778,1054,815,9,11,4,1:19.337,1:18.845,1:18.890,2021,3,75,Portuguese Grand Prix,2021-05-02,Sergio Pérez,PER,11.0,Red Bull
8779,1054,832,6,55,5,1:19.309,1:18.813,1:19.039,2021,3,75,Portuguese Grand Prix,2021-05-02,Carlos Sainz,SAI,55.0,Ferrari
8780,1054,839,214,31,6,1:19.092,1:18.586,1:19.042,2021,3,75,Portuguese Grand Prix,2021-05-02,Esteban Ocon,OCO,31.0,Alpine F1 Team
8781,1054,846,1,4,7,1:18.794,1:18.481,1:19.116,2021,3,75,Portuguese Grand Prix,2021-05-02,Lando Norris,NOR,4.0,McLaren
8782,1054,844,6,16,8,1:19.373,1:18.769,1:19.306,2021,3,75,Portuguese Grand Prix,2021-05-02,Charles Leclerc,LEC,16.0,Ferrari
8783,1054,842,213,10,9,1:19.464,1:19.052,1:19.475,2021,3,75,Portuguese Grand Prix,2021-05-02,Pierre Gasly,GAS,10.0,AlphaTauri
8784,1054,20,117,5,10,1:19.403,1:18.970,1:19.659,2021,3,75,Portuguese Grand Prix,2021-05-02,Sebastian Vettel,VET,5.0,Aston Martin
8785,1054,847,3,63,11,1:19.797,1:19.109,,2021,3,75,Portuguese Grand Prix,2021-05-02,George Russell,RUS,63.0,Williams
8786,1054,841,51,99,12,1:19.410,1:19.216,,2021,3,75,Portuguese Grand Prix,2021-05-02,Antonio Giovinazzi,GIO,99.0,Alfa Romeo
8787,1054,4,214,14,13,1:19.728,1:19.456,,2021,3,75,Portuguese Grand Prix,2021-05-02,Fernando Alonso,ALO,14.0,Alpine F1 Team
8788,1054,852,213,22,14,1:19.684,1:19.463,,2021,3,75,Portuguese Grand Prix,2021-05-02,Yuki Tsunoda,TSU,22.0,AlphaTauri
8789,1054,8,51,7,15,1:19.748,1:19.812,,2021,3,75,Portuguese Grand Prix,2021-05-02,Kimi Räikkönen,RAI,7.0,Alfa Romeo
8790,1054,817,1,3,16,1:19.839,,,2021,3,75,Portuguese Grand Prix,2021-05-02,Daniel Ricciardo,RIC,3.0,McLaren
8791,1054,840,117,18,17,1:19.913,,,2021,3,75,Portuguese Grand Prix,2021-05-02,Lance Stroll,STR,18.0,Aston Martin
8792,1054,849,3,6,18,1:20.285,,,2021,3,75,Portuguese Grand Prix,2021-05-02,Nicholas Latifi,LAT,6.0,Williams
8793,1054,854,210,47,19,1:20.452,,,2021,3,75,Portuguese Grand Prix,2021-05-02,Mick Schumacher,MSC,47.0,Haas F1 Team
8794,1054,853,210,9,20,1:20.912,,,2021,3,75,Portuguese Grand Prix,2021-05-02,Nikita Mazepin,MAZ,9.0,Haas F1 Team
8795,1055,1,131,44,1,1:18.245,1:17.166,1:16.741,2021,4,4,Spanish Grand Prix,2021-05-09,Lewis Hamilton,HAM,44.0,Mercedes
8796,1055,830,9,33,2,1:18.090,1:16.922,1:16.777,2021,4,4,Spanish Grand Prix,2021-05-09,Max Verstappen,VER,33.0,Red Bull
8797,1055,822,131,77,3,1:18.005,1:17.142,1:16.873,2021,4,4,Spanish Grand Prix,2021-05-09,Valtteri Bottas,BOT,77.0,Mercedes
8798,1055,844,6,16,4,1:18.041,1:17.717,1:17.510,2021,4,4,Spanish Grand Prix,2021-05-09,Charles Leclerc,LEC,16.0,Ferrari
8799,1055,839,214,31,5,1:18.281,1:17.743,1:17.580,2021,4,4,Spanish Grand Prix,2021-05-09,Esteban Ocon,OCO,31.0,Alpine F1 Team
8800,1055,832,6,55,6,1:18.205,1:17.656,1:17.620,2021,4,4,Spanish Grand Prix,2021-05-09,Carlos Sainz,SAI,55.0,Ferrari
8801,1055,817,1,3,7,1:18.264,1:17.719,1:17.622,2021,4,4,Spanish Grand Prix,2021-05-09,Daniel Ricciardo,RIC,3.0,McLaren
8802,1055,815,9,11,8,1:18.203,1:17.669,1:17.701,2021,4,4,Spanish Grand Prix,2021-05-09,Sergio Pérez,PER,11.0,Red Bull
8803,1055,846,1,4,9,1:17.821,1:17.696,1:18.010,2021,4,4,Spanish Grand Prix,2021-05-09,Lando Norris,NOR,4.0,McLaren
8804,1055,4,214,14,10,1:18.281,1:17.966,1:18.147,2021,4,4,Spanish Grand Prix,2021-05-09,Fernando Alonso,ALO,14.0,Alpine F1 Team
8805,1055,840,117,18,11,1:18.241,1:17.974,,2021,4,4,Spanish Grand Prix,2021-05-09,Lance Stroll,STR,18.0,Aston Martin
8806,1055,842,213,10,12,1:18.190,1:17.982,,2021,4,4,Spanish Grand Prix,2021-05-09,Pierre Gasly,GAS,10.0,AlphaTauri
8807,1055,20,117,5,13,1:18.289,1:18.079,,2021,4,4,Spanish Grand Prix,2021-05-09,Sebastian Vettel,VET,5.0,Aston Martin
8808,1055,841,51,99,14,1:18.549,1:18.356,,2021,4,4,Spanish Grand Prix,2021-05-09,Antonio Giovinazzi,GIO,99.0,Alfa Romeo
8809,1055,847,3,63,15,1:18.445,1:19.154,,2021,4,4,Spanish Grand Prix,2021-05-09,George Russell,RUS,63.0,Williams
8810,1055,852,213,22,16,1:18.556,,,2021,4,4,Spanish Grand Prix,2021-05-09,Yuki Tsunoda,TSU,22.0,AlphaTauri
8811,1055,8,51,7,17,1:18.917,,,2021,4,4,Spanish Grand Prix,2021-05-09,Kimi Räikkönen,RAI,7.0,Alfa Romeo
8812,1055,854,210,47,18,1:19.117,,,2021,4,4,Spanish Grand Prix,2021-05-09,Mick Schumacher,MSC,47.0,Haas F1 Team
8813,1055,849,3,6,19,1:19.219,,,2021,4,4,Spanish Grand Prix,2021-05-09,Nicholas Latifi,LAT,6.0,Williams
8814,1055,853,210,9,20,1:19.807,,,2021,4,4,Spanish Grand Prix,2021-05-09,Nikita Mazepin,MAZ,9.0,Haas F1 Team
8815,1056,844,6,16,1,1:11.113,1:10.597,1:10.346,2021,5,6,Monaco Grand Prix,2021-05-23,Charles Leclerc,LEC,16.0,Ferrari
8816,1056,830,9,33,2,1:11.124,1:10.650,1:10.576,2021,5,6,Monaco Grand Prix,2021-05-23,Max Verstappen,VER,33.0,Red Bull
8817,1056,822,131,77,3,1:10.938,1:10.695,1:10.601,2021,5,6,Monaco Grand Prix,2021-05-23,Valtteri Bottas,BOT,77.0,Mercedes
8818,1056,832,6,55,4,1:11.324,1:10.806,1:10.611,2021,5,6,Monaco Grand Prix,2021-05-23,Carlos Sainz,SAI,55.0,Ferrari
8819,1056,846,1,4,5,1:11.321,1:11.031,1:10.620,2021,5,6,Monaco Grand Prix,2021-05-23,Lando Norris,NOR,4.0,McLaren
8820,1056,842,213,10,6,1:11.560,1:11.179,1:10.900,2021,5,6,Monaco Grand Prix,2021-05-23,Pierre Gasly,GAS,10.0,AlphaTauri
8821,1056,1,131,44,7,1:11.622,1:11.116,1:11.095,2021,5,6,Monaco Grand Prix,2021-05-23,Lewis Hamilton,HAM,44.0,Mercedes
8822,1056,20,117,5,8,1:12.078,1:11.309,1:11.419,2021,5,6,Monaco Grand Prix,2021-05-23,Sebastian Vettel,VET,5.0,Aston Martin
8823,1056,815,9,11,9,1:11.644,1:11.019,1:11.573,2021,5,6,Monaco Grand Prix,2021-05-23,Sergio Pérez,PER,11.0,Red Bull
8824,1056,841,51,99,10,1:11.658,1:11.409,1:11.779,2021,5,6,Monaco Grand Prix,2021-05-23,Antonio Giovinazzi,GIO,99.0,Alfa Romeo
8825,1056,839,214,31,11,1:11.740,1:11.486,,2021,5,6,Monaco Grand Prix,2021-05-23,Esteban Ocon,OCO,31.0,Alpine F1 Team
8826,1056,817,1,3,12,1:11.747,1:11.598,,2021,5,6,Monaco Grand Prix,2021-05-23,Daniel Ricciardo,RIC,3.0,McLaren
8827,1056,840,117,18,13,1:11.979,1:11.600,,2021,5,6,Monaco Grand Prix,2021-05-23,Lance Stroll,STR,18.0,Aston Martin
8828,1056,8,51,7,14,1:11.899,1:11.642,,2021,5,6,Monaco Grand Prix,2021-05-23,Kimi Räikkönen,RAI,7.0,Alfa Romeo
8829,1056,847,3,63,15,1:12.016,1:11.830,,2021,5,6,Monaco Grand Prix,2021-05-23,George Russell,RUS,63.0,Williams
8830,1056,852,213,22,16,1:12.096,,,2021,5,6,Monaco Grand Prix,2021-05-23,Yuki Tsunoda,TSU,22.0,AlphaTauri
8831,1056,4,214,14,17,1:12.205,,,2021,5,6,Monaco Grand Prix,2021-05-23,Fernando Alonso,ALO,14.0,Alpine F1 Team
8832,1056,849,3,6,18,1:12.366,,,2021,5,6,Monaco Grand Prix,2021-05-23,Nicholas Latifi,LAT,6.0,Williams
8833,1056,853,210,9,19,1:12.958,,,2021,5,6,Monaco Grand Prix,2021-05-23,Nikita Mazepin,MAZ,9.0,Haas F1 Team
8834,1057,844,6,16,1,1:42.241,1:41.659,1:41.218,2021,6,73,Azerbaijan Grand Prix,2021-06-06,Charles Leclerc,LEC,16.0,Ferrari
8835,1057,1,131,44,2,1:41.545,1:41.634,1:41.450,2021,6,73,Azerbaijan Grand Prix,2021-06-06,Lewis Hamilton,HAM,44.0,Mercedes
8836,1057,830,9,33,3,1:41.760,1:41.625,1:41.563,2021,6,73,Azerbaijan Grand Prix,2021-06-06,Max Verstappen,VER,33.0,Red Bull
8837,1057,842,213,10,4,1:42.288,1:41.932,1:41.565,2021,6,73,Azerbaijan Grand Prix,2021-06-06,Pierre Gasly,GAS,10.0,AlphaTauri
8838,1057,832,6,55,5,1:42.121,1:41.740,1:41.576,2021,6,73,Azerbaijan Grand Prix,2021-06-06,Carlos Sainz,SAI,55.0,Ferrari
8839,1057,846,1,4,6,1:42.167,1:41.813,1:41.747,2021,6,73,Azerbaijan Grand Prix,2021-06-06,Lando Norris,NOR,4.0,McLaren
8840,1057,815,9,11,7,1:41.968,1:41.630,1:41.917,2021,6,73,Azerbaijan Grand Prix,2021-06-06,Sergio Pérez,PER,11.0,Red Bull
8841,1057,852,213,22,8,1:42.521,1:41.654,1:42.211,2021,6,73,Azerbaijan Grand Prix,2021-06-06,Yuki Tsunoda,TSU,22.0,AlphaTauri
8842,1057,4,214,14,9,1:42.934,1:42.195,1:42.327,2021,6,73,Azerbaijan Grand Prix,2021-06-06,Fernando Alonso,ALO,14.0,Alpine F1 Team
8843,1057,822,131,77,10,1:42.701,1:42.106,1:42.659,2021,6,73,Azerbaijan Grand Prix,2021-06-06,Valtteri Bottas,BOT,77.0,Mercedes
8844,1057,20,117,5,11,1:42.460,1:42.224,,2021,6,73,Azerbaijan Grand Prix,2021-06-06,Sebastian Vettel,VET,5.0,Aston Martin
8845,1057,839,214,31,12,1:42.426,1:42.273,,2021,6,73,Azerbaijan Grand Prix,2021-06-06,Esteban Ocon,OCO,31.0,Alpine F1 Team
8846,1057,817,1,3,13,1:42.304,1:42.558,,2021,6,73,Azerbaijan Grand Prix,2021-06-06,Daniel Ricciardo,RIC,3.0,McLaren
8847,1057,8,51,7,14,1:42.923,1:42.587,,2021,6,73,Azerbaijan Grand Prix,2021-06-06,Kimi Räikkönen,RAI,7.0,Alfa Romeo
8848,1057,847,3,63,15,1:42.728,1:42.758,,2021,6,73,Azerbaijan Grand Prix,2021-06-06,George Russell,RUS,63.0,Williams
8849,1057,849,3,6,16,1:43.128,,,2021,6,73,Azerbaijan Grand Prix,2021-06-06,Nicholas Latifi,LAT,6.0,Williams
8850,1057,854,210,47,17,1:44.158,,,2021,6,73,Azerbaijan Grand Prix,2021-06-06,Mick Schumacher,MSC,47.0,Haas F1 Team
8851,1057,853,210,9,18,1:44.238,,,2021,6,73,Azerbaijan Grand Prix,2021-06-06,Nikita Mazepin,MAZ,9.0,Haas F1 Team
8852,1057,840,117,18,19,,,,2021,6,73,Azerbaijan Grand Prix,2021-06-06,Lance Stroll,STR,18.0,Aston Martin
8853,1057,841,51,99,20,,,,2021,6,73,Azerbaijan Grand Prix,2021-06-06,Antonio Giovinazzi,GIO,99.0,Alfa Romeo
8854,1059,830,9,33,1,1:31.001,1:31.080,1:29.990,2021,7,34,French Grand Prix,2021-06-20,Max Verstappen,VER,33.0,Red Bull
8855,1059,1,131,44,2,1:31.237,1:30.788,1:30.248,2021,7,34,French Grand Prix,2021-06-20,Lewis Hamilton,HAM,44.0,Mercedes
8856,1059,822,131,77,3,1:31.669,1:30.735,1:30.376,2021,7,34,French Grand Prix,2021-06-20,Valtteri Bottas,BOT,77.0,Mercedes
8857,1059,815,9,11,4,1:31.560,1:30.971,1:30.445,2021,7,34,French Grand Prix,2021-06-20,Sergio Pérez,PER,11.0,Red Bull
8858,1059,832,6,55,5,1:32.079,1:31.146,1:30.840,2021,7,34,French Grand Prix,2021-06-20,Carlos Sainz,SAI,55.0,Ferrari
8859,1059,842,213,10,6,1:31.898,1:31.353,1:30.868,2021,7,34,French Grand Prix,2021-06-20,Pierre Gasly,GAS,10.0,AlphaTauri
8860,1059,844,6,16,7,1:32.209,1:31.567,1:30.987,2021,7,34,French Grand Prix,2021-06-20,Charles Leclerc,LEC,16.0,Ferrari
8861,1059,846,1,4,8,1:31.733,1:31.542,1:31.252,2021,7,34,French Grand Prix,2021-06-20,Lando Norris,NOR,4.0,McLaren
8862,1059,4,214,14,9,1:32.158,1:31.549,1:31.340,2021,7,34,French Grand Prix,2021-06-20,Fernando Alonso,ALO,14.0,Alpine F1 Team
8863,1059,817,1,3,10,1:32.181,1:31.615,1:31.382,2021,7,34,French Grand Prix,2021-06-20,Daniel Ricciardo,RIC,3.0,McLaren
8864,1059,839,214,31,11,1:32.139,1:31.736,,2021,7,34,French Grand Prix,2021-06-20,Esteban Ocon,OCO,31.0,Alpine F1 Team
8865,1059,20,117,5,12,1:32.132,1:31.767,,2021,7,34,French Grand Prix,2021-06-20,Sebastian Vettel,VET,5.0,Aston Martin
8866,1059,841,51,99,13,1:32.722,1:31.813,,2021,7,34,French Grand Prix,2021-06-20,Antonio Giovinazzi,GIO,99.0,Alfa Romeo
8867,1059,847,3,63,14,1:33.060,1:32.065,,2021,7,34,French Grand Prix,2021-06-20,George Russell,RUS,63.0,Williams
8868,1059,854,210,47,15,1:32.942,,,2021,7,34,French Grand Prix,2021-06-20,Mick Schumacher,MSC,47.0,Haas F1 Team
8869,1059,849,3,6,16,1:33.062,,,2021,7,34,French Grand Prix,2021-06-20,Nicholas Latifi,LAT,6.0,Williams
8870,1059,8,51,7,17,1:33.354,,,2021,7,34,French Grand Prix,2021-06-20,Kimi Räikkönen,RAI,7.0,Alfa Romeo
8871,1059,853,210,9,18,1:33.554,,,2021,7,34,French Grand Prix,2021-06-20,Nikita Mazepin,MAZ,9.0,Haas F1 Team
8872,1059,840,117,18,19,,,,2021,7,34,French Grand Prix,2021-06-20,Lance Stroll,STR,18.0,Aston Martin
8873,1059,852,213,22,20,,,,2021,7,34,French Grand Prix,2021-06-20,Yuki Tsunoda,TSU,22.0,AlphaTauri
8874,1058,830,9,33,1,1:04.489,1:04.433,1:03.841,2021,8,70,Styrian Grand Prix,2021-06-27,Max Verstappen,VER,33.0,Red Bull
8875,1058,822,131,77,2,1:04.537,1:04.443,1:04.035,2021,8,70,Styrian Grand Prix,2021-06-27,Valtteri Bottas,BOT,77.0,Mercedes
8876,1058,1,131,44,3,1:04.672,1:04.512,1:04.067,2021,8,70,Styrian Grand Prix,2021-06-27,Lewis Hamilton,HAM,44.0,Mercedes
8877,1058,846,1,4,4,1:04.584,1:04.298,1:04.120,2021,8,70,Styrian Grand Prix,2021-06-27,Lando Norris,NOR,4.0,McLaren
8878,1058,815,9,11,5,1:04.638,1:04.197,1:04.168,2021,8,70,Styrian Grand Prix,2021-06-27,Sergio Pérez,PER,11.0,Red Bull
8879,1058,842,213,10,6,1:04.765,1:04.429,1:04.236,2021,8,70,Styrian Grand Prix,2021-06-27,Pierre Gasly,GAS,10.0,AlphaTauri
8880,1058,844,6,16,7,1:04.745,1:04.646,1:04.472,2021,8,70,Styrian Grand Prix,2021-06-27,Charles Leclerc,LEC,16.0,Ferrari
8881,1058,852,213,22,8,1:04.608,1:04.631,1:04.514,2021,8,70,Styrian Grand Prix,2021-06-27,Yuki Tsunoda,TSU,22.0,AlphaTauri
8882,1058,4,214,14,9,1:04.971,1:04.582,1:04.574,2021,8,70,Styrian Grand Prix,2021-06-27,Fernando Alonso,ALO,14.0,Alpine F1 Team
8883,1058,840,117,18,10,1:04.821,1:04.663,1:04.708,2021,8,70,Styrian Grand Prix,2021-06-27,Lance Stroll,STR,18.0,Aston Martin
8884,1058,847,3,63,11,1:05.033,1:04.671,,2021,8,70,Styrian Grand Prix,2021-06-27,George Russell,RUS,63.0,Williams
8885,1058,832,6,55,12,1:04.859,1:04.800,,2021,8,70,Styrian Grand Prix,2021-06-27,Carlos Sainz,SAI,55.0,Ferrari
8886,1058,817,1,3,13,1:05.142,1:04.808,,2021,8,70,Styrian Grand Prix,2021-06-27,Daniel Ricciardo,RIC,3.0,McLaren
8887,1058,20,117,5,14,1:05.051,1:04.875,,2021,8,70,Styrian Grand Prix,2021-06-27,Sebastian Vettel,VET,5.0,Aston Martin
8888,1058,841,51,99,15,1:05.092,1:04.913,,2021,8,70,Styrian Grand Prix,2021-06-27,Antonio Giovinazzi,GIO,99.0,Alfa Romeo
8889,1058,849,3,6,16,1:05.175,,,2021,8,70,Styrian Grand Prix,2021-06-27,Nicholas Latifi,LAT,6.0,Williams
8890,1058,839,214,31,17,1:05.217,,,2021,8,70,Styrian Grand Prix,2021-06-27,Esteban Ocon,OCO,31.0,Alpine F1 Team
8891,1058,8,51,7,18,1:05.429,,,2021,8,70,Styrian Grand Prix,2021-06-27,Kimi Räikkönen,RAI,7.0,Alfa Romeo
8892,1058,854,210,47,19,1:06.041,,,2021,8,70,Styrian Grand Prix,2021-06-27,Mick Schumacher,MSC,47.0,Haas F1 Team
8893,1058,853,210,9,20,1:06.192,,,2021,8,70,Styrian Grand Prix,2021-06-27,Nikita Mazepin,MAZ,9.0,Haas F1 Team
8894,1060,830,9,33,1,1:04.249,1:03.927,1:03.720,2021,9,70,Austrian Grand Prix,2021-07-04,Max Verstappen,VER,33.0,Red Bull
8895,1060,846,1,4,2,1:04.345,1:04.415,1:03.768,2021,9,70,Austrian Grand Prix,2021-07-04,Lando Norris,NOR,4.0,McLaren
8896,1060,815,9,11,3,1:04.833,1:04.483,1:03.990,2021,9,70,Austrian Grand Prix,2021-07-04,Sergio Pérez,PER,11.0,Red Bull
8897,1060,1,131,44,4,1:04.506,1:04.258,1:04.014,2021,9,70,Austrian Grand Prix,2021-07-04,Lewis Hamilton,HAM,44.0,Mercedes
8898,1060,822,131,77,5,1:04.563,1:04.376,1:04.049,2021,9,70,Austrian Grand Prix,2021-07-04,Valtteri Bottas,BOT,77.0,Mercedes
8899,1060,842,213,10,6,1:04.841,1:04.412,1:04.107,2021,9,70,Austrian Grand Prix,2021-07-04,Pierre Gasly,GAS,10.0,AlphaTauri
8900,1060,852,213,22,7,1:04.967,1:04.518,1:04.273,2021,9,70,Austrian Grand Prix,2021-07-04,Yuki Tsunoda,TSU,22.0,AlphaTauri
8901,1060,20,117,5,8,1:04.846,1:04.493,1:04.570,2021,9,70,Austrian Grand Prix,2021-07-04,Sebastian Vettel,VET,5.0,Aston Martin
8902,1060,847,3,63,9,1:04.907,1:04.553,1:04.591,2021,9,70,Austrian Grand Prix,2021-07-04,George Russell,RUS,63.0,Williams
8903,1060,840,117,18,10,1:04.927,1:04.547,1:04.618,2021,9,70,Austrian Grand Prix,2021-07-04,Lance Stroll,STR,18.0,Aston Martin
8904,1060,832,6,55,11,1:04.596,1:04.559,,2021,9,70,Austrian Grand Prix,2021-07-04,Carlos Sainz,SAI,55.0,Ferrari
8905,1060,844,6,16,12,1:04.906,1:04.600,,2021,9,70,Austrian Grand Prix,2021-07-04,Charles Leclerc,LEC,16.0,Ferrari
8906,1060,817,1,3,13,1:04.977,1:04.719,,2021,9,70,Austrian Grand Prix,2021-07-04,Daniel Ricciardo,RIC,3.0,McLaren
8907,1060,4,214,14,14,1:04.472,1:04.856,,2021,9,70,Austrian Grand Prix,2021-07-04,Fernando Alonso,ALO,14.0,Alpine F1 Team
8908,1060,841,51,99,15,1:04.782,1:05.083,,2021,9,70,Austrian Grand Prix,2021-07-04,Antonio Giovinazzi,GIO,99.0,Alfa Romeo
8909,1060,8,51,7,16,1:05.009,,,2021,9,70,Austrian Grand Prix,2021-07-04,Kimi Räikkönen,RAI,7.0,Alfa Romeo
8910,1060,839,214,31,17,1:05.051,,,2021,9,70,Austrian Grand Prix,2021-07-04,Esteban Ocon,OCO,31.0,Alpine F1 Team
8911,1060,849,3,6,18,1:05.195,,,2021,9,70,Austrian Grand Prix,2021-07-04,Nicholas Latifi,LAT,6.0,Williams
8912,1060,854,210,47,19,1:05.427,,,2021,9,70,Austrian Grand Prix,2021-07-04,Mick Schumacher,MSC,47.0,Haas F1 Team
8913,1060,853,210,9,20,1:05.951,,,2021,9,70,Austrian Grand Prix,2021-07-04,Nikita Mazepin,MAZ,9.0,Haas F1 Team
8914,1061,1,131,44,1,1:26.786,1:26.023,1:26.134,2021,10,9,British Grand Prix,2021-07-18,Lewis Hamilton,HAM,44.0,Mercedes
8915,1061,830,9,33,2,1:26.751,1:26.315,1:26.209,2021,10,9,British Grand Prix,2021-07-18,Max Verstappen,VER,33.0,Red Bull
8916,1061,822,131,77,3,1:27.487,1:26.764,1:26.328,2021,10,9,British Grand Prix,2021-07-18,Valtteri Bottas,BOT,77.0,Mercedes
8917,1061,844,6,16,4,1:27.051,1:26.919,1:26.828,2021,10,9,British Grand Prix,2021-07-18,Charles Leclerc,LEC,16.0,Ferrari
8918,1061,815,9,11,5,1:27.121,1:27.073,1:26.844,2021,10,9,British Grand Prix,2021-07-18,Sergio Pérez,PER,11.0,Red Bull
8919,1061,846,1,4,6,1:27.444,1:27.220,1:26.897,2021,10,9,British Grand Prix,2021-07-18,Lando Norris,NOR,4.0,McLaren
8920,1061,817,1,3,7,1:27.323,1:27.125,1:26.899,2021,10,9,British Grand Prix,2021-07-18,Daniel Ricciardo,RIC,3.0,McLaren
8921,1061,847,3,63,8,1:27.671,1:27.080,1:26.971,2021,10,9,British Grand Prix,2021-07-18,George Russell,RUS,63.0,Williams
8922,1061,832,6,55,9,1:27.337,1:26.848,1:27.007,2021,10,9,British Grand Prix,2021-07-18,Carlos Sainz,SAI,55.0,Ferrari
8923,1061,20,117,5,10,1:27.493,1:27.103,1:27.179,2021,10,9,British Grand Prix,2021-07-18,Sebastian Vettel,VET,5.0,Aston Martin
8924,1061,4,214,14,11,1:27.580,1:27.245,,2021,10,9,British Grand Prix,2021-07-18,Fernando Alonso,ALO,14.0,Alpine F1 Team
8925,1061,842,213,10,12,1:27.600,1:27.273,,2021,10,9,British Grand Prix,2021-07-18,Pierre Gasly,GAS,10.0,AlphaTauri
8926,1061,839,214,31,13,1:27.415,1:27.340,,2021,10,9,British Grand Prix,2021-07-18,Esteban Ocon,OCO,31.0,Alpine F1 Team
8927,1061,841,51,99,14,1:27.595,1:27.617,,2021,10,9,British Grand Prix,2021-07-18,Antonio Giovinazzi,GIO,99.0,Alfa Romeo
8928,1061,840,117,18,15,1:28.017,1:27.665,,2021,10,9,British Grand Prix,2021-07-18,Lance Stroll,STR,18.0,Aston Martin
8929,1061,852,213,22,16,1:28.043,,,2021,10,9,British Grand Prix,2021-07-18,Yuki Tsunoda,TSU,22.0,AlphaTauri
8930,1061,8,51,7,17,1:28.062,,,2021,10,9,British Grand Prix,2021-07-18,Kimi Räikkönen,RAI,7.0,Alfa Romeo
8931,1061,849,3,6,18,1:28.254,,,2021,10,9,British Grand Prix,2021-07-18,Nicholas Latifi,LAT,6.0,Williams
8932,1061,854,210,47,19,1:28.738,,,2021,10,9,British Grand Prix,2021-07-18,Mick Schumacher,MSC,47.0,Haas F1 Team
8933,1061,853,210,9,20,1:29.051,,,2021,10,9,British Grand Prix,2021-07-18,Nikita Mazepin,MAZ,9.0,Haas F1 Team
8934,1062,1,131,44,1,1:16.424,1:16.553,1:15.419,2021,11,11,Hungarian Grand Prix,2021-08-01,Lewis Hamilton,HAM,44.0,Mercedes
8935,1062,822,131,77,2,1:16.569,1:16.702,1:15.734,2021,11,11,Hungarian Grand Prix,2021-08-01,Valtteri Bottas,BOT,77.0,Mercedes
8936,1062,830,9,33,3,1:16.214,1:15.650,1:15.840,2021,11,11,Hungarian Grand Prix,2021-08-01,Max Verstappen,VER,33.0,Red Bull
8937,1062,815,9,11,4,1:17.233,1:16.443,1:16.421,2021,11,11,Hungarian Grand Prix,2021-08-01,Sergio Pérez,PER,11.0,Red Bull
8938,1062,842,213,10,5,1:16.874,1:16.394,1:16.483,2021,11,11,Hungarian Grand Prix,2021-08-01,Pierre Gasly,GAS,10.0,AlphaTauri
8939,1062,846,1,4,6,1:17.081,1:16.385,1:16.489,2021,11,11,Hungarian Grand Prix,2021-08-01,Lando Norris,NOR,4.0,McLaren
8940,1062,844,6,16,7,1:17.084,1:16.574,1:16.496,2021,11,11,Hungarian Grand Prix,2021-08-01,Charles Leclerc,LEC,16.0,Ferrari
8941,1062,839,214,31,8,1:17.367,1:16.766,1:16.653,2021,11,11,Hungarian Grand Prix,2021-08-01,Esteban Ocon,OCO,31.0,Alpine F1 Team
8942,1062,4,214,14,9,1:17.123,1:16.541,1:16.715,2021,11,11,Hungarian Grand Prix,2021-08-01,Fernando Alonso,ALO,14.0,Alpine F1 Team
8943,1062,20,117,5,10,1:17.105,1:16.794,1:16.750,2021,11,11,Hungarian Grand Prix,2021-08-01,Sebastian Vettel,VET,5.0,Aston Martin
8944,1062,817,1,3,11,1:17.664,1:16.871,,2021,11,11,Hungarian Grand Prix,2021-08-01,Daniel Ricciardo,RIC,3.0,McLaren
8945,1062,840,117,18,12,1:17.038,1:16.893,,2021,11,11,Hungarian Grand Prix,2021-08-01,Lance Stroll,STR,18.0,Aston Martin
8946,1062,8,51,7,13,1:17.553,1:17.564,,2021,11,11,Hungarian Grand Prix,2021-08-01,Kimi Räikkönen,RAI,7.0,Alfa Romeo
8947,1062,841,51,99,14,1:17.776,1:17.583,,2021,11,11,Hungarian Grand Prix,2021-08-01,Antonio Giovinazzi,GIO,99.0,Alfa Romeo
8948,1062,832,6,55,15,1:16.649,,,2021,11,11,Hungarian Grand Prix,2021-08-01,Carlos Sainz,SAI,55.0,Ferrari
8949,1062,852,213,22,16,1:17.919,,,2021,11,11,Hungarian Grand Prix,2021-08-01,Yuki Tsunoda,TSU,22.0,AlphaTauri
8950,1062,847,3,63,17,1:17.944,,,2021,11,11,Hungarian Grand Prix,2021-08-01,George Russell,RUS,63.0,Williams
8951,1062,849,3,6,18,1:18.036,,,2021,11,11,Hungarian Grand Prix,2021-08-01,Nicholas Latifi,LAT,6.0,Williams
8952,1062,853,210,9,19,1:18.922,,,2021,11,11,Hungarian Grand Prix,2021-08-01,Nikita Mazepin,MAZ,9.0,Haas F1 Team
8953,1062,854,210,47,20,,,,2021,11,11,Hungarian Grand Prix,2021-08-01,Mick Schumacher,MSC,47.0,Haas F1 Team
8954,1063,830,9,33,1,1:58.717,1:56.559,1:59.765,2021,12,13,Belgian Grand Prix,2021-08-29,Max Verstappen,VER,33.0,Red Bull
8955,1063,847,3,63,2,1:59.864,1:56.950,2:00.086,2021,12,13,Belgian Grand Prix,2021-08-29,George Russell,RUS,63.0,Williams
8956,1063,1,131,44,3,1:59.218,1:56.229,2:00.099,2021,12,13,Belgian Grand Prix,2021-08-29,Lewis Hamilton,HAM,44.0,Mercedes
8957,1063,817,1,3,4,2:01.583,1:57.127,2:00.864,2021,12,13,Belgian Grand Prix,2021-08-29,Daniel Ricciardo,RIC,3.0,McLaren
8958,1063,20,117,5,5,2:00.175,1:56.814,2:00.935,2021,12,13,Belgian Grand Prix,2021-08-29,Sebastian Vettel,VET,5.0,Aston Martin
8959,1063,842,213,10,6,2:00.387,1:56.440,2:01.164,2021,12,13,Belgian Grand Prix,2021-08-29,Pierre Gasly,GAS,10.0,AlphaTauri
8960,1063,815,9,11,7,1:59.334,1:56.886,2:02.112,2021,12,13,Belgian Grand Prix,2021-08-29,Sergio Pérez,PER,11.0,Red Bull
8961,1063,822,131,77,8,1:59.870,1:56.295,2:02.502,2021,12,13,Belgian Grand Prix,2021-08-29,Valtteri Bottas,BOT,77.0,Mercedes
8962,1063,839,214,31,9,2:01.824,1:57.354,2:03.513,2021,12,13,Belgian Grand Prix,2021-08-29,Esteban Ocon,OCO,31.0,Alpine F1 Team
8963,1063,846,1,4,10,1:58.301,1:56.025,,2021,12,13,Belgian Grand Prix,2021-08-29,Lando Norris,NOR,4.0,McLaren
8964,1063,844,6,16,11,2:00.728,1:57.721,,2021,12,13,Belgian Grand Prix,2021-08-29,Charles Leclerc,LEC,16.0,Ferrari
8965,1063,849,3,6,12,2:00.966,1:58.056,,2021,12,13,Belgian Grand Prix,2021-08-29,Nicholas Latifi,LAT,6.0,Williams
8966,1063,832,6,55,13,2:01.184,1:58.137,,2021,12,13,Belgian Grand Prix,2021-08-29,Carlos Sainz,SAI,55.0,Ferrari
8967,1063,4,214,14,14,2:01.653,1:58.205,,2021,12,13,Belgian Grand Prix,2021-08-29,Fernando Alonso,ALO,14.0,Alpine F1 Team
8968,1063,840,117,18,15,2:01.597,1:58.231,,2021,12,13,Belgian Grand Prix,2021-08-29,Lance Stroll,STR,18.0,Aston Martin
8969,1063,841,51,99,16,2:02.306,,,2021,12,13,Belgian Grand Prix,2021-08-29,Antonio Giovinazzi,GIO,99.0,Alfa Romeo
8970,1063,852,213,22,17,2:02.413,,,2021,12,13,Belgian Grand Prix,2021-08-29,Yuki Tsunoda,TSU,22.0,AlphaTauri
8971,1063,854,210,47,18,2:03.973,,,2021,12,13,Belgian Grand Prix,2021-08-29,Mick Schumacher,MSC,47.0,Haas F1 Team
8972,1063,8,51,7,19,2:04.452,,,2021,12,13,Belgian Grand Prix,2021-08-29,Kimi Räikkönen,RAI,7.0,Alfa Romeo
8973,1063,853,210,9,20,2:04.939,,,2021,12,13,Belgian Grand Prix,2021-08-29,Nikita Mazepin,MAZ,9.0,Haas F1 Team
8974,1064,830,9,33,1,1:10.036,1:09.071,1:08.885,2021,13,39,Dutch Grand Prix,2021-09-05,Max Verstappen,VER,33.0,Red Bull
8975,1064,1,131,44,2,1:10.114,1:09.726,1:08.923,2021,13,39,Dutch Grand Prix,2021-09-05,Lewis Hamilton,HAM,44.0,Mercedes
8976,1064,822,131,77,3,1:10.219,1:09.769,1:09.222,2021,13,39,Dutch Grand Prix,2021-09-05,Valtteri Bottas,BOT,77.0,Mercedes
8977,1064,842,213,10,4,1:10.274,1:09.541,1:09.478,2021,13,39,Dutch Grand Prix,2021-09-05,Pierre Gasly,GAS,10.0,AlphaTauri
8978,1064,844,6,16,5,1:09.829,1:09.437,1:09.527,2021,13,39,Dutch Grand Prix,2021-09-05,Charles Leclerc,LEC,16.0,Ferrari
8979,1064,832,6,55,6,1:10.022,1:09.870,1:09.537,2021,13,39,Dutch Grand Prix,2021-09-05,Carlos Sainz,SAI,55.0,Ferrari
8980,1064,841,51,99,7,1:10.050,1:10.033,1:09.590,2021,13,39,Dutch Grand Prix,2021-09-05,Antonio Giovinazzi,GIO,99.0,Alfa Romeo
8981,1064,839,214,31,8,1:10.179,1:09.919,1:09.933,2021,13,39,Dutch Grand Prix,2021-09-05,Esteban Ocon,OCO,31.0,Alpine F1 Team
8982,1064,4,214,14,9,1:10.435,1:10.020,1:09.956,2021,13,39,Dutch Grand Prix,2021-09-05,Fernando Alonso,ALO,14.0,Alpine F1 Team
8983,1064,817,1,3,10,1:10.255,1:09.865,1:10.166,2021,13,39,Dutch Grand Prix,2021-09-05,Daniel Ricciardo,RIC,3.0,McLaren
8984,1064,847,3,63,11,1:10.382,1:10.332,,2021,13,39,Dutch Grand Prix,2021-09-05,George Russell,RUS,63.0,Williams
8985,1064,840,117,18,12,1:10.438,1:10.367,,2021,13,39,Dutch Grand Prix,2021-09-05,Lance Stroll,STR,18.0,Aston Martin
8986,1064,846,1,4,13,1:10.489,1:10.406,,2021,13,39,Dutch Grand Prix,2021-09-05,Lando Norris,NOR,4.0,McLaren
8987,1064,849,3,6,14,1:10.093,1:11.161,,2021,13,39,Dutch Grand Prix,2021-09-05,Nicholas Latifi,LAT,6.0,Williams
8988,1064,852,213,22,15,1:10.462,1:11.314,,2021,13,39,Dutch Grand Prix,2021-09-05,Yuki Tsunoda,TSU,22.0,AlphaTauri
8989,1064,815,9,11,16,1:10.530,,,2021,13,39,Dutch Grand Prix,2021-09-05,Sergio Pérez,PER,11.0,Red Bull
8990,1064,20,117,5,17,1:10.731,,,2021,13,39,Dutch Grand Prix,2021-09-05,Sebastian Vettel,VET,5.0,Aston Martin
8991,1064,9,51,88,18,1:11.301,,,2021,13,39,Dutch Grand Prix,2021-09-05,Robert Kubica,KUB,88.0,Alfa Romeo
8992,1064,854,210,47,19,1:11.387,,,2021,13,39,Dutch Grand Prix,2021-09-05,Mick Schumacher,MSC,47.0,Haas F1 Team
8993,1064,853,210,9,20,1:11.875,,,2021,13,39,Dutch Grand Prix,2021-09-05,Nikita Mazepin,MAZ,9.0,Haas F1 Team
8994,1065,822,131,77,1,1:20.685,1:20.032,1:19.555,2021,14,14,Italian Grand Prix,2021-09-12,Valtteri Bottas,BOT,77.0,Mercedes
8995,1065,1,131,44,2,1:20.543,1:19.936,1:19.651,2021,14,14,Italian Grand Prix,2021-09-12,Lewis Hamilton,HAM,44.0,Mercedes
8996,1065,830,9,33,3,1:21.035,1:20.229,1:19.966,2021,14,14,Italian Grand Prix,2021-09-12,Max Verstappen,VER,33.0,Red Bull
8997,1065,846,1,4,4,1:20.916,1:20.059,1:19.989,2021,14,14,Italian Grand Prix,2021-09-12,Lando Norris,NOR,4.0,McLaren
8998,1065,817,1,3,5,1:21.292,1:20.435,1:19.995,2021,14,14,Italian Grand Prix,2021-09-12,Daniel Ricciardo,RIC,3.0,McLaren
8999,1065,842,213,10,6,1:21.440,1:20.556,1:20.260,2021,14,14,Italian Grand Prix,2021-09-12,Pierre Gasly,GAS,10.0,AlphaTauri
9000,1065,832,6,55,7,1:21.118,1:20.750,1:20.462,2021,14,14,Italian Grand Prix,2021-09-12,Carlos Sainz,SAI,55.0,Ferrari
9001,1065,844,6,16,8,1:21.219,1:20.767,1:20.510,2021,14,14,Italian Grand Prix,2021-09-12,Charles Leclerc,LEC,16.0,Ferrari
9002,1065,815,9,11,9,1:21.308,1:20.882,1:20.611,2021,14,14,Italian Grand Prix,2021-09-12,Sergio Pérez,PER,11.0,Red Bull
9003,1065,841,51,99,10,1:21.197,1:20.726,1:20.808,2021,14,14,Italian Grand Prix,2021-09-12,Antonio Giovinazzi,GIO,99.0,Alfa Romeo
9004,1065,20,117,5,11,1:21.394,1:20.913,,2021,14,14,Italian Grand Prix,2021-09-12,Sebastian Vettel,VET,5.0,Aston Martin
9005,1065,840,117,18,12,1:21.415,1:21.020,,2021,14,14,Italian Grand Prix,2021-09-12,Lance Stroll,STR,18.0,Aston Martin
9006,1065,4,214,14,13,1:21.487,1:21.069,,2021,14,14,Italian Grand Prix,2021-09-12,Fernando Alonso,ALO,14.0,Alpine F1 Team
9007,1065,839,214,31,14,1:21.500,1:21.103,,2021,14,14,Italian Grand Prix,2021-09-12,Esteban Ocon,OCO,31.0,Alpine F1 Team
9008,1065,847,3,63,15,1:21.890,1:21.392,,2021,14,14,Italian Grand Prix,2021-09-12,George Russell,RUS,63.0,Williams
9009,1065,849,3,6,16,1:21.925,,,2021,14,14,Italian Grand Prix,2021-09-12,Nicholas Latifi,LAT,6.0,Williams
9010,1065,852,213,22,17,1:21.973,,,2021,14,14,Italian Grand Prix,2021-09-12,Yuki Tsunoda,TSU,22.0,AlphaTauri
9011,1065,854,210,47,18,1:22.248,,,2021,14,14,Italian Grand Prix,2021-09-12,Mick Schumacher,MSC,47.0,Haas F1 Team
9012,1065,9,51,88,19,1:22.530,,,2021,14,14,Italian Grand Prix,2021-09-12,Robert Kubica,KUB,88.0,Alfa Romeo
9013,1065,853,210,9,20,1:22.716,,,2021,14,14,Italian Grand Prix,2021-09-12,Nikita Mazepin,MAZ,9.0,Haas F1 Team
9014,1066,846,1,4,1,1:47.238,1:45.827,1:41.993,2021,15,71,Russian Grand Prix,2021-09-26,Lando Norris,NOR,4.0,McLaren
9015,1066,832,6,55,2,1:47.924,1:46.521,1:42.510,2021,15,71,Russian Grand Prix,2021-09-26,Carlos Sainz,SAI,55.0,Ferrari
9016,1066,847,3,63,3,1:48.303,1:46.435,1:42.983,2021,15,71,Russian Grand Prix,2021-09-26,George Russell,RUS,63.0,Williams
9017,1066,1,131,44,4,1:45.992,1:45.129,1:44.050,2021,15,71,Russian Grand Prix,2021-09-26,Lewis Hamilton,HAM,44.0,Mercedes
9018,1066,817,1,3,5,1:48.345,1:46.361,1:44.156,2021,15,71,Russian Grand Prix,2021-09-26,Daniel Ricciardo,RIC,3.0,McLaren
9019,1066,4,214,14,6,1:47.877,1:45.514,1:44.204,2021,15,71,Russian Grand Prix,2021-09-26,Fernando Alonso,ALO,14.0,Alpine F1 Team
9020,1066,822,131,77,7,1:46.396,1:45.306,1:44.710,2021,15,71,Russian Grand Prix,2021-09-26,Valtteri Bottas,BOT,77.0,Mercedes
9021,1066,840,117,18,8,1:48.322,1:46.360,1:44.956,2021,15,71,Russian Grand Prix,2021-09-26,Lance Stroll,STR,18.0,Aston Martin
9022,1066,815,9,11,9,1:46.455,1:45.834,1:45.337,2021,15,71,Russian Grand Prix,2021-09-26,Sergio Pérez,PER,11.0,Red Bull
9023,1066,839,214,31,10,1:48.099,1:46.070,1:45.865,2021,15,71,Russian Grand Prix,2021-09-26,Esteban Ocon,OCO,31.0,Alpine F1 Team
9024,1066,20,117,5,11,1:47.205,1:46.573,,2021,15,71,Russian Grand Prix,2021-09-26,Sebastian Vettel,VET,5.0,Aston Martin
9025,1066,842,213,10,12,1:47.828,1:46.641,,2021,15,71,Russian Grand Prix,2021-09-26,Pierre Gasly,GAS,10.0,AlphaTauri
9026,1066,852,213,22,13,1:48.854,1:46.751,,2021,15,71,Russian Grand Prix,2021-09-26,Yuki Tsunoda,TSU,22.0,AlphaTauri
9027,1066,849,3,6,14,1:48.252,,,2021,15,71,Russian Grand Prix,2021-09-26,Nicholas Latifi,LAT,6.0,Williams
9028,1066,844,6,16,15,1:48.470,,,2021,15,71,Russian Grand Prix,2021-09-26,Charles Leclerc,LEC,16.0,Ferrari
9029,1066,8,51,7,16,1:49.586,,,2021,15,71,Russian Grand Prix,2021-09-26,Kimi Räikkönen,RAI,7.0,Alfa Romeo
9030,1066,854,210,47,17,1:49.830,,,2021,15,71,Russian Grand Prix,2021-09-26,Mick Schumacher,MSC,47.0,Haas F1 Team
9031,1066,841,51,99,18,1:51.023,,,2021,15,71,Russian Grand Prix,2021-09-26,Antonio Giovinazzi,GIO,99.0,Alfa Romeo
9032,1066,853,210,9,19,1:53.764,,,2021,15,71,Russian Grand Prix,2021-09-26,Nikita Mazepin,MAZ,9.0,Haas F1 Team
9033,1066,830,9,33,20,,,,2021,15,71,Russian Grand Prix,2021-09-26,Max Verstappen,VER,33.0,Red Bull
9036,1067,1,131,44,1,1:24.585,1:23.082,1:22.868,2021,16,5,Turkish Grand Prix,2021-10-10,Lewis Hamilton,HAM,44.0,Mercedes
9037,1067,822,131,77,2,1:25.047,1:23.579,1:22.998,2021,16,5,Turkish Grand Prix,2021-10-10,Valtteri Bottas,BOT,77.0,Mercedes
9038,1067,830,9,33,3,1:24.592,1:23.732,1:23.196,2021,16,5,Turkish Grand Prix,2021-10-10,Max Verstappen,VER,33.0,Red Bull
9039,1067,844,6,16,4,1:24.869,1:24.015,1:23.265,2021,16,5,Turkish Grand Prix,2021-10-10,Charles Leclerc,LEC,16.0,Ferrari
9040,1067,842,213,10,5,1:24.704,1:23.817,1:23.326,2021,16,5,Turkish Grand Prix,2021-10-10,Pierre Gasly,GAS,10.0,AlphaTauri
9041,1067,4,214,14,6,1:25.174,1:23.914,1:23.477,2021,16,5,Turkish Grand Prix,2021-10-10,Fernando Alonso,ALO,14.0,Alpine F1 Team
9042,1067,815,9,11,7,1:24.963,1:23.961,1:23.706,2021,16,5,Turkish Grand Prix,2021-10-10,Sergio Pérez,PER,11.0,Red Bull
9043,1067,846,1,4,8,1:25.138,1:24.642,1:23.954,2021,16,5,Turkish Grand Prix,2021-10-10,Lando Norris,NOR,4.0,McLaren
9044,1067,840,117,18,9,1:25.511,1:24.601,1:24.305,2021,16,5,Turkish Grand Prix,2021-10-10,Lance Stroll,STR,18.0,Aston Martin
9045,1067,852,213,22,10,1:25.409,1:24.054,1:24.368,2021,16,5,Turkish Grand Prix,2021-10-10,Yuki Tsunoda,TSU,22.0,AlphaTauri
9046,1067,20,117,5,11,1:25.787,1:24.795,,2021,16,5,Turkish Grand Prix,2021-10-10,Sebastian Vettel,VET,5.0,Aston Martin
9047,1067,839,214,31,12,1:25.422,1:24.842,,2021,16,5,Turkish Grand Prix,2021-10-10,Esteban Ocon,OCO,31.0,Alpine F1 Team
9048,1067,847,3,63,13,1:25.417,1:25.007,,2021,16,5,Turkish Grand Prix,2021-10-10,George Russell,RUS,63.0,Williams
9049,1067,854,210,47,14,1:25.555,1:25.200,,2021,16,5,Turkish Grand Prix,2021-10-10,Mick Schumacher,MSC,47.0,Haas F1 Team
9050,1067,832,6,55,15,1:25.177,,,2021,16,5,Turkish Grand Prix,2021-10-10,Carlos Sainz,SAI,55.0,Ferrari
9051,1067,817,1,3,16,1:25.881,,,2021,16,5,Turkish Grand Prix,2021-10-10,Daniel Ricciardo,RIC,3.0,McLaren
9052,1067,849,3,6,17,1:26.086,,,2021,16,5,Turkish Grand Prix,2021-10-10,Nicholas Latifi,LAT,6.0,Williams
9053,1067,841,51,99,18,1:26.430,,,2021,16,5,Turkish Grand Prix,2021-10-10,Antonio Giovinazzi,GIO,99.0,Alfa Romeo
9054,1067,8,51,7,19,1:27.525,,,2021,16,5,Turkish Grand Prix,2021-10-10,Kimi Räikkönen,RAI,7.0,Alfa Romeo
9055,1067,853,210,9,20,1:28.449,,,2021,16,5,Turkish Grand Prix,2021-10-10,Nikita Mazepin,MAZ,9.0,Haas F1 Team
9056,1069,830,9,33,1,1:34.352,1:33.464,1:32.910,2021,17,69,United States Grand Prix,2021-10-24,Max Verstappen,VER,33.0,Red Bull
9057,1069,1,131,44,2,1:34.579,1:33.797,1:33.119,2021,17,69,United States Grand Prix,2021-10-24,Lewis Hamilton,HAM,44.0,Mercedes
9058,1069,815,9,11,3,1:34.369,1:34.178,1:33.134,2021,17,69,United States Grand Prix,2021-10-24,Sergio Pérez,PER,11.0,Red Bull
9059,1069,822,131,77,4,1:34.590,1:33.959,1:33.475,2021,17,69,United States Grand Prix,2021-10-24,Valtteri Bottas,BOT,77.0,Mercedes
9060,1069,844,6,16,5,1:34.153,1:33.928,1:33.606,2021,17,69,United States Grand Prix,2021-10-24,Charles Leclerc,LEC,16.0,Ferrari
9061,1069,832,6,55,6,1:34.558,1:34.126,1:33.792,2021,17,69,United States Grand Prix,2021-10-24,Carlos Sainz,SAI,55.0,Ferrari
9062,1069,817,1,3,7,1:34.407,1:34.643,1:33.808,2021,17,69,United States Grand Prix,2021-10-24,Daniel Ricciardo,RIC,3.0,McLaren
9063,1069,846,1,4,8,1:34.551,1:33.880,1:33.887,2021,17,69,United States Grand Prix,2021-10-24,Lando Norris,NOR,4.0,McLaren
9064,1069,842,213,10,9,1:34.567,1:34.583,1:34.118,2021,17,69,United States Grand Prix,2021-10-24,Pierre Gasly,GAS,10.0,AlphaTauri
9065,1069,852,213,22,10,1:35.360,1:35.137,1:34.918,2021,17,69,United States Grand Prix,2021-10-24,Yuki Tsunoda,TSU,22.0,AlphaTauri
9066,1069,839,214,31,11,1:35.747,1:35.377,,2021,17,69,United States Grand Prix,2021-10-24,Esteban Ocon,OCO,31.0,Alpine F1 Team
9067,1069,20,117,5,12,1:35.281,1:35.500,,2021,17,69,United States Grand Prix,2021-10-24,Sebastian Vettel,VET,5.0,Aston Martin
9068,1069,841,51,99,13,1:35.920,1:35.794,,2021,17,69,United States Grand Prix,2021-10-24,Antonio Giovinazzi,GIO,99.0,Alfa Romeo
9069,1069,4,214,14,14,1:35.756,1:44.549,,2021,17,69,United States Grand Prix,2021-10-24,Fernando Alonso,ALO,14.0,Alpine F1 Team
9070,1069,847,3,63,15,1:35.746,,,2021,17,69,United States Grand Prix,2021-10-24,George Russell,RUS,63.0,Williams
9071,1069,840,117,18,16,1:35.983,,,2021,17,69,United States Grand Prix,2021-10-24,Lance Stroll,STR,18.0,Aston Martin
9072,1069,849,3,6,17,1:35.995,,,2021,17,69,United States Grand Prix,2021-10-24,Nicholas Latifi,LAT,6.0,Williams
9073,1069,8,51,7,18,1:36.311,,,2021,17,69,United States Grand Prix,2021-10-24,Kimi Räikkönen,RAI,7.0,Alfa Romeo
9074,1069,854,210,47,19,1:36.499,,,2021,17,69,United States Grand Prix,2021-10-24,Mick Schumacher,MSC,47.0,Haas F1 Team
9075,1069,853,210,9,20,1:36.796,,,2021,17,69,United States Grand Prix,2021-10-24,Nikita Mazepin,MAZ,9.0,Haas F1 Team
9076,1070,822,131,77,1,1:16.727,1:16.864,1:15.875,2021,18,32,Mexico City Grand Prix,2021-11-07,Valtteri Bottas,BOT,77.0,Mercedes
9077,1070,1,131,44,2,1:17.207,1:16.474,1:16.020,2021,18,32,Mexico City Grand Prix,2021-11-07,Lewis Hamilton,HAM,44.0,Mercedes
9078,1070,830,9,33,3,1:16.788,1:16.483,1:16.225,2021,18,32,Mexico City Grand Prix,2021-11-07,Max Verstappen,VER,33.0,Red Bull
9079,1070,815,9,11,4,1:17.003,1:17.055,1:16.342,2021,18,32,Mexico City Grand Prix,2021-11-07,Sergio Pérez,PER,11.0,Red Bull
9080,1070,842,213,10,5,1:16.908,1:16.955,1:16.456,2021,18,32,Mexico City Grand Prix,2021-11-07,Pierre Gasly,GAS,10.0,AlphaTauri
9081,1070,832,6,55,6,1:17.517,1:17.248,1:16.761,2021,18,32,Mexico City Grand Prix,2021-11-07,Carlos Sainz,SAI,55.0,Ferrari
9082,1070,817,1,3,7,1:17.719,1:17.092,1:16.763,2021,18,32,Mexico City Grand Prix,2021-11-07,Daniel Ricciardo,RIC,3.0,McLaren
9083,1070,844,6,16,8,1:16.748,1:17.034,1:16.837,2021,18,32,Mexico City Grand Prix,2021-11-07,Charles Leclerc,LEC,16.0,Ferrari
9084,1070,852,213,22,9,1:17.330,1:16.701,1:17.158,2021,18,32,Mexico City Grand Prix,2021-11-07,Yuki Tsunoda,TSU,22.0,AlphaTauri
9085,1070,846,1,4,10,1:17.569,1:17.473,1:36.830,2021,18,32,Mexico City Grand Prix,2021-11-07,Lando Norris,NOR,4.0,McLaren
9086,1070,20,117,5,11,1:17.502,1:17.746,,2021,18,32,Mexico City Grand Prix,2021-11-07,Sebastian Vettel,VET,5.0,Aston Martin
9087,1070,8,51,7,12,1:17.606,1:17.958,,2021,18,32,Mexico City Grand Prix,2021-11-07,Kimi Räikkönen,RAI,7.0,Alfa Romeo
9088,1070,847,3,63,13,1:17.958,1:18.172,,2021,18,32,Mexico City Grand Prix,2021-11-07,George Russell,RUS,63.0,Williams
9089,1070,841,51,99,14,1:17.897,1:18.290,,2021,18,32,Mexico City Grand Prix,2021-11-07,Antonio Giovinazzi,GIO,99.0,Alfa Romeo
9090,1070,839,214,31,15,1:18.126,1:18.405,,2021,18,32,Mexico City Grand Prix,2021-11-07,Esteban Ocon,OCO,31.0,Alpine F1 Team
9091,1070,4,214,14,16,1:18.452,,,2021,18,32,Mexico City Grand Prix,2021-11-07,Fernando Alonso,ALO,14.0,Alpine F1 Team
9092,1070,849,3,6,17,1:18.756,,,2021,18,32,Mexico City Grand Prix,2021-11-07,Nicholas Latifi,LAT,6.0,Williams
9093,1070,854,210,47,18,1:18.858,,,2021,18,32,Mexico City Grand Prix,2021-11-07,Mick Schumacher,MSC,47.0,Haas F1 Team
9094,1070,853,210,9,19,1:19.303,,,2021,18,32,Mexico City Grand Prix,2021-11-07,Nikita Mazepin,MAZ,9.0,Haas F1 Team
9095,1070,840,117,18,20,1:20.873,,,2021,18,32,Mexico City Grand Prix,2021-11-07,Lance Stroll,STR,18.0,Aston Martin
9096,1071,1,131,44,1,1:08.733,1:08.068,1:07.934,2021,19,18,São Paulo Grand Prix,2021-11-14,Lewis Hamilton,HAM,44.0,Mercedes
9097,1071,830,9,33,2,1:09.329,1:08.499,1:08.372,2021,19,18,São Paulo Grand Prix,2021-11-14,Max Verstappen,VER,33.0,Red Bull
9098,1071,822,131,77,3,1:09.040,1:08.426,1:08.469,2021,19,18,São Paulo Grand Prix,2021-11-14,Valtteri Bottas,BOT,77.0,Mercedes
9099,1071,815,9,11,4,1:09.172,1:08.973,1:08.483,2021,19,18,São Paulo Grand Prix,2021-11-14,Sergio Pérez,PER,11.0,Red Bull
9100,1071,842,213,10,5,1:09.347,1:08.903,1:08.777,2021,19,18,São Paulo Grand Prix,2021-11-14,Pierre Gasly,GAS,10.0,AlphaTauri
9101,1071,832,6,55,6,1:09.046,1:09.031,1:08.826,2021,19,18,São Paulo Grand Prix,2021-11-14,Carlos Sainz,SAI,55.0,Ferrari
9102,1071,844,6,16,7,1:09.155,1:08.859,1:08.960,2021,19,18,São Paulo Grand Prix,2021-11-14,Charles Leclerc,LEC,16.0,Ferrari
9103,1071,846,1,4,8,1:09.365,1:09.030,1:08.980,2021,19,18,São Paulo Grand Prix,2021-11-14,Lando Norris,NOR,4.0,McLaren
9104,1071,817,1,3,9,1:09.374,1:09.093,1:09.039,2021,19,18,São Paulo Grand Prix,2021-11-14,Daniel Ricciardo,RIC,3.0,McLaren
9105,1071,4,214,14,10,1:09.391,1:09.137,1:09.113,2021,19,18,São Paulo Grand Prix,2021-11-14,Fernando Alonso,ALO,14.0,Alpine F1 Team
9106,1071,839,214,31,11,1:09.430,1:09.189,,2021,19,18,São Paulo Grand Prix,2021-11-14,Esteban Ocon,OCO,31.0,Alpine F1 Team
9107,1071,20,117,5,12,1:09.451,1:09.399,,2021,19,18,São Paulo Grand Prix,2021-11-14,Sebastian Vettel,VET,5.0,Aston Martin
9108,1071,852,213,22,13,1:09.350,1:09.483,,2021,19,18,São Paulo Grand Prix,2021-11-14,Yuki Tsunoda,TSU,22.0,AlphaTauri
9109,1071,8,51,7,14,1:09.598,1:09.503,,2021,19,18,São Paulo Grand Prix,2021-11-14,Kimi Räikkönen,RAI,7.0,Alfa Romeo
9110,1071,841,51,99,15,1:09.342,1:10.227,,2021,19,18,São Paulo Grand Prix,2021-11-14,Antonio Giovinazzi,GIO,99.0,Alfa Romeo
9111,1071,840,117,18,16,1:09.663,,,2021,19,18,São Paulo Grand Prix,2021-11-14,Lance Stroll,STR,18.0,Aston Martin
9112,1071,849,3,6,17,1:09.897,,,2021,19,18,São Paulo Grand Prix,2021-11-14,Nicholas Latifi,LAT,6.0,Williams
9113,1071,847,3,63,18,1:09.953,,,2021,19,18,São Paulo Grand Prix,2021-11-14,George Russell,RUS,63.0,Williams
9114,1071,854,210,47,19,1:10.329,,,2021,19,18,São Paulo Grand Prix,2021-11-14,Mick Schumacher,MSC,47.0,Haas F1 Team
9115,1071,853,210,9,20,1:10.589,,,2021,19,18,São Paulo Grand Prix,2021-11-14,Nikita Mazepin,MAZ,9.0,Haas F1 Team
9116,1051,1,131,44,1,1:21.901,1:21.682,1:20.827,2021,20,78,Qatar Grand Prix,2021-11-21,Lewis Hamilton,HAM,44.0,Mercedes
9117,1051,830,9,33,2,1:21.996,1:21.984,1:21.282,2021,20,78,Qatar Grand Prix,2021-11-21,Max Verstappen,VER,33.0,Red Bull
9118,1051,822,131,77,3,1:22.016,1:21.991,1:21.478,2021,20,78,Qatar Grand Prix,2021-11-21,Valtteri Bottas,BOT,77.0,Mercedes
9119,1051,842,213,10,4,1:22.535,1:21.728,1:21.640,2021,20,78,Qatar Grand Prix,2021-11-21,Pierre Gasly,GAS,10.0,AlphaTauri
9120,1051,4,214,14,5,1:22.422,1:21.894,1:21.670,2021,20,78,Qatar Grand Prix,2021-11-21,Fernando Alonso,ALO,14.0,Alpine F1 Team
9121,1051,846,1,4,6,1:22.839,1:22.216,1:21.731,2021,20,78,Qatar Grand Prix,2021-11-21,Lando Norris,NOR,4.0,McLaren
9122,1051,832,6,55,7,1:22.304,1:22.241,1:21.840,2021,20,78,Qatar Grand Prix,2021-11-21,Carlos Sainz,SAI,55.0,Ferrari
9123,1051,852,213,22,8,1:22.458,1:22.058,1:21.881,2021,20,78,Qatar Grand Prix,2021-11-21,Yuki Tsunoda,TSU,22.0,AlphaTauri
9124,1051,839,214,31,9,1:22.565,1:22.012,1:22.028,2021,20,78,Qatar Grand Prix,2021-11-21,Esteban Ocon,OCO,31.0,Alpine F1 Team
9125,1051,20,117,5,10,1:22.549,1:22.146,1:22.785,2021,20,78,Qatar Grand Prix,2021-11-21,Sebastian Vettel,VET,5.0,Aston Martin
9126,1051,815,9,11,11,1:22.398,1:22.346,,2021,20,78,Qatar Grand Prix,2021-11-21,Sergio Pérez,PER,11.0,Red Bull
9127,1051,840,117,18,12,1:22.551,1:22.460,,2021,20,78,Qatar Grand Prix,2021-11-21,Lance Stroll,STR,18.0,Aston Martin
9128,1051,844,6,16,13,1:22.742,1:22.463,,2021,20,78,Qatar Grand Prix,2021-11-21,Charles Leclerc,LEC,16.0,Ferrari
9129,1051,817,1,3,14,1:22.688,1:22.597,,2021,20,78,Qatar Grand Prix,2021-11-21,Daniel Ricciardo,RIC,3.0,McLaren
9130,1051,847,3,63,15,1:22.863,1:22.756,,2021,20,78,Qatar Grand Prix,2021-11-21,George Russell,RUS,63.0,Williams
9131,1051,8,51,7,16,1:23.156,,,2021,20,78,Qatar Grand Prix,2021-11-21,Kimi Räikkönen,RAI,7.0,Alfa Romeo
9132,1051,849,3,6,17,1:23.213,,,2021,20,78,Qatar Grand Prix,2021-11-21,Nicholas Latifi,LAT,6.0,Williams
9133,1051,841,51,99,18,1:23.262,,,2021,20,78,Qatar Grand Prix,2021-11-21,Antonio Giovinazzi,GIO,99.0,Alfa Romeo
9134,1051,854,210,47,19,1:23.407,,,2021,20,78,Qatar Grand Prix,2021-11-21,Mick Schumacher,MSC,47.0,Haas F1 Team
9135,1051,853,210,9,20,1:25.859,,,2021,20,78,Qatar Grand Prix,2021-11-21,Nikita Mazepin,MAZ,9.0,Haas F1 Team
9136,1072,1,131,44,1,1:28.466,1:27.712,1:27.511,2021,21,77,Saudi Arabian Grand Prix,2021-12-05,Lewis Hamilton,HAM,44.0,Mercedes
9137,1072,822,131,77,2,1:28.057,1:28.054,1:27.622,2021,21,77,Saudi Arabian Grand Prix,2021-12-05,Valtteri Bottas,BOT,77.0,Mercedes
9138,1072,830,9,33,3,1:28.285,1:27.953,1:27.653,2021,21,77,Saudi Arabian Grand Prix,2021-12-05,Max Verstappen,VER,33.0,Red Bull
9139,1072,844,6,16,4,1:28.310,1:28.459,1:28.054,2021,21,77,Saudi Arabian Grand Prix,2021-12-05,Charles Leclerc,LEC,16.0,Ferrari
9140,1072,815,9,11,5,1:28.021,1:27.946,1:28.123,2021,21,77,Saudi Arabian Grand Prix,2021-12-05,Sergio Pérez,PER,11.0,Red Bull
9141,1072,842,213,10,6,1:28.401,1:28.314,1:28.125,2021,21,77,Saudi Arabian Grand Prix,2021-12-05,Pierre Gasly,GAS,10.0,AlphaTauri
9142,1072,846,1,4,7,1:28.338,1:28.344,1:28.180,2021,21,77,Saudi Arabian Grand Prix,2021-12-05,Lando Norris,NOR,4.0,McLaren
9143,1072,852,213,22,8,1:28.503,1:28.222,1:28.442,2021,21,77,Saudi Arabian Grand Prix,2021-12-05,Yuki Tsunoda,TSU,22.0,AlphaTauri
9144,1072,839,214,31,9,1:28.752,1:28.574,1:28.647,2021,21,77,Saudi Arabian Grand Prix,2021-12-05,Esteban Ocon,OCO,31.0,Alpine F1 Team
9145,1072,841,51,99,10,1:28.899,1:28.616,1:28.754,2021,21,77,Saudi Arabian Grand Prix,2021-12-05,Antonio Giovinazzi,GIO,99.0,Alfa Romeo
9146,1072,817,1,3,11,1:28.216,1:28.668,,2021,21,77,Saudi Arabian Grand Prix,2021-12-05,Daniel Ricciardo,RIC,3.0,McLaren
9147,1072,8,51,7,12,1:28.856,1:28.885,,2021,21,77,Saudi Arabian Grand Prix,2021-12-05,Kimi Räikkönen,RAI,7.0,Alfa Romeo
9148,1072,4,214,14,13,1:28.944,1:28.920,,2021,21,77,Saudi Arabian Grand Prix,2021-12-05,Fernando Alonso,ALO,14.0,Alpine F1 Team
9149,1072,847,3,63,14,1:28.926,1:29.054,,2021,21,77,Saudi Arabian Grand Prix,2021-12-05,George Russell,RUS,63.0,Williams
9150,1072,832,6,55,15,1:28.237,1:53.652,,2021,21,77,Saudi Arabian Grand Prix,2021-12-05,Carlos Sainz,SAI,55.0,Ferrari
9151,1072,849,3,6,16,1:29.177,,,2021,21,77,Saudi Arabian Grand Prix,2021-12-05,Nicholas Latifi,LAT,6.0,Williams
9152,1072,20,117,5,17,1:29.198,,,2021,21,77,Saudi Arabian Grand Prix,2021-12-05,Sebastian Vettel,VET,5.0,Aston Martin
9153,1072,840,117,18,18,1:29.368,,,2021,21,77,Saudi Arabian Grand Prix,2021-12-05,Lance Stroll,STR,18.0,Aston Martin
9154,1072,854,210,47,19,1:29.464,,,2021,21,77,Saudi Arabian Grand Prix,2021-12-05,Mick Schumacher,MSC,47.0,Haas F1 Team
9155,1072,853,210,9,20,1:30.473,,,2021,21,77,Saudi Arabian Grand Prix,2021-12-05,Nikita Mazepin,MAZ,9.0,Haas F1 Team
9156,1073,830,9,33,1,1:23.322,1:22.800,1:22.109,2021,22,24,Abu Dhabi Grand Prix,2021-12-12,Max Verstappen,VER,33.0,Red Bull
9157,1073,1,131,44,2,1:22.845,1:23.145,1:22.480,2021,22,24,Abu Dhabi Grand Prix,2021-12-12,Lewis Hamilton,HAM,44.0,Mercedes
9158,1073,846,1,4,3,1:23.553,1:23.256,1:22.931,2021,22,24,Abu Dhabi Grand Prix,2021-12-12,Lando Norris,NOR,4.0,McLaren
9159,1073,815,9,11,4,1:23.350,1:23.135,1:22.947,2021,22,24,Abu Dhabi Grand Prix,2021-12-12,Sergio Pérez,PER,11.0,Red Bull
9160,1073,832,6,55,5,1:23.624,1:23.174,1:22.992,2021,22,24,Abu Dhabi Grand Prix,2021-12-12,Carlos Sainz,SAI,55.0,Ferrari
9161,1073,822,131,77,6,1:23.117,1:23.246,1:23.036,2021,22,24,Abu Dhabi Grand Prix,2021-12-12,Valtteri Bottas,BOT,77.0,Mercedes
9162,1073,844,6,16,7,1:23.467,1:23.202,1:23.122,2021,22,24,Abu Dhabi Grand Prix,2021-12-12,Charles Leclerc,LEC,16.0,Ferrari
9163,1073,852,213,22,8,1:23.428,1:23.404,1:23.220,2021,22,24,Abu Dhabi Grand Prix,2021-12-12,Yuki Tsunoda,TSU,22.0,AlphaTauri
9164,1073,839,214,31,9,1:23.764,1:23.420,1:23.389,2021,22,24,Abu Dhabi Grand Prix,2021-12-12,Esteban Ocon,OCO,31.0,Alpine F1 Team
9165,1073,817,1,3,10,1:23.829,1:23.448,1:23.409,2021,22,24,Abu Dhabi Grand Prix,2021-12-12,Daniel Ricciardo,RIC,3.0,McLaren
9166,1073,4,214,14,11,1:23.846,1:23.460,,2021,22,24,Abu Dhabi Grand Prix,2021-12-12,Fernando Alonso,ALO,14.0,Alpine F1 Team
9167,1073,842,213,10,12,1:23.489,1:24.043,,2021,22,24,Abu Dhabi Grand Prix,2021-12-12,Pierre Gasly,GAS,10.0,AlphaTauri
9168,1073,840,117,18,13,1:24.061,1:24.066,,2021,22,24,Abu Dhabi Grand Prix,2021-12-12,Lance Stroll,STR,18.0,Aston Martin
9169,1073,841,51,99,14,1:24.118,1:24.251,,2021,22,24,Abu Dhabi Grand Prix,2021-12-12,Antonio Giovinazzi,GIO,99.0,Alfa Romeo
9170,1073,20,117,5,15,1:24.225,1:24.305,,2021,22,24,Abu Dhabi Grand Prix,2021-12-12,Sebastian Vettel,VET,5.0,Aston Martin
9171,1073,849,3,6,16,1:24.338,,,2021,22,24,Abu Dhabi Grand Prix,2021-12-12,Nicholas Latifi,LAT,6.0,Williams
9172,1073,847,3,63,17,1:24.423,,,2021,22,24,Abu Dhabi Grand Prix,2021-12-12,George Russell,RUS,63.0,Williams
9173,1073,8,51,7,18,1:24.779,,,2021,22,24,Abu Dhabi Grand Prix,2021-12-12,Kimi Räikkönen,RAI,7.0,Alfa Romeo
9174,1073,854,210,47,19,1:24.906,,,2021,22,24,Abu Dhabi Grand Prix,2021-12-12,Mick Schumacher,MSC,47.0,Haas F1 Team
9175,1073,853,210,9,20,1:25.685,,,2021,22,24,Abu Dhabi Grand Prix,2021-12-12,Nikita Mazepin,MAZ,9.0,Haas F1 Team
9176,1074,844,6,16,1,1:31.471,1:30.932,1:30.558,2022,1,3,Bahrain Grand Prix,2022-03-20,Charles Leclerc,LEC,16.0,Ferrari
9177,1074,830,9,1,2,1:31.785,1:30.757,1:30.681,2022,1,3,Bahrain Grand Prix,2022-03-20,Max Verstappen,VER,33.0,Red Bull
9178,1074,832,6,55,3,1:31.567,1:30.787,1:30.687,2022,1,3,Bahrain Grand Prix,2022-03-20,Carlos Sainz,SAI,55.0,Ferrari
9179,1074,815,9,11,4,1:32.311,1:31.008,1:30.921,2022,1,3,Bahrain Grand Prix,2022-03-20,Sergio Pérez,PER,11.0,Red Bull
9180,1074,1,131,44,5,1:32.285,1:31.048,1:31.238,2022,1,3,Bahrain Grand Prix,2022-03-20,Lewis Hamilton,HAM,44.0,Mercedes
9181,1074,822,51,77,6,1:31.919,1:31.717,1:31.560,2022,1,3,Bahrain Grand Prix,2022-03-20,Valtteri Bottas,BOT,77.0,Alfa Romeo
9182,1074,825,210,20,7,1:31.955,1:31.461,1:31.808,2022,1,3,Bahrain Grand Prix,2022-03-20,Kevin Magnussen,MAG,20.0,Haas F1 Team
9183,1074,4,214,14,8,1:32.346,1:31.621,1:32.195,2022,1,3,Bahrain Grand Prix,2022-03-20,Fernando Alonso,ALO,14.0,Alpine F1 Team
9184,1074,847,131,63,9,1:32.269,1:31.252,1:32.216,2022,1,3,Bahrain Grand Prix,2022-03-20,George Russell,RUS,63.0,Mercedes
9185,1074,842,213,10,10,1:32.096,1:31.635,1:32.338,2022,1,3,Bahrain Grand Prix,2022-03-20,Pierre Gasly,GAS,10.0,AlphaTauri
9186,1074,839,214,31,11,1:32.041,1:31.782,,2022,1,3,Bahrain Grand Prix,2022-03-20,Esteban Ocon,OCO,31.0,Alpine F1 Team
9187,1074,854,210,47,12,1:32.380,1:31.998,,2022,1,3,Bahrain Grand Prix,2022-03-20,Mick Schumacher,MSC,47.0,Haas F1 Team
9188,1074,846,1,4,13,1:32.239,1:32.008,,2022,1,3,Bahrain Grand Prix,2022-03-20,Lando Norris,NOR,4.0,McLaren
9189,1074,848,3,23,14,1:32.726,1:32.664,,2022,1,3,Bahrain Grand Prix,2022-03-20,Alexander Albon,ALB,23.0,Williams
9190,1074,855,51,24,15,1:32.493,1:33.543,,2022,1,3,Bahrain Grand Prix,2022-03-20,Guanyu Zhou,ZHO,24.0,Alfa Romeo
9191,1074,852,213,22,16,1:32.750,,,2022,1,3,Bahrain Grand Prix,2022-03-20,Yuki Tsunoda,TSU,22.0,AlphaTauri
9192,1074,807,117,27,17,1:32.777,,,2022,1,3,Bahrain Grand Prix,2022-03-20,Nico Hülkenberg,HUL,27.0,Aston Martin
9193,1074,817,1,3,18,1:32.945,,,2022,1,3,Bahrain Grand Prix,2022-03-20,Daniel Ricciardo,RIC,3.0,McLaren
9194,1074,840,117,18,19,1:33.032,,,2022,1,3,Bahrain Grand Prix,2022-03-20,Lance Stroll,STR,18.0,Aston Martin
9195,1074,849,3,6,20,1:33.634,,,2022,1,3,Bahrain Grand Prix,2022-03-20,Nicholas Latifi,LAT,6.0,Williams
9225,1075,855,51,24,13,1:29.978,1:29.819,,2022,2,77,Saudi Arabian Grand Prix,2022-03-27,Guanyu Zhou,ZHO,24.0,Alfa Romeo
9224,1075,817,1,3,12,1:30.009,1:29.773,,2022,2,77,Saudi Arabian Grand Prix,2022-03-27,Daniel Ricciardo,RIC,3.0,McLaren
9223,1075,846,1,4,11,1:29.957,1:29.651,,2022,2,77,Saudi Arabian Grand Prix,2022-03-27,Lando Norris,NOR,4.0,McLaren
9222,1075,825,210,20,10,1:29.831,1:29.546,1:29.588,2022,2,77,Saudi Arabian Grand Prix,2022-03-27,Kevin Magnussen,MAG,20.0,Haas F1 Team
9221,1075,842,213,10,9,1:29.891,1:29.418,1:29.254,2022,2,77,Saudi Arabian Grand Prix,2022-03-27,Pierre Gasly,GAS,10.0,AlphaTauri
9220,1075,822,51,77,8,1:29.683,1:29.404,1:29.183,2022,2,77,Saudi Arabian Grand Prix,2022-03-27,Valtteri Bottas,BOT,77.0,Alfa Romeo
9219,1075,4,214,14,7,1:29.978,1:29.295,1:29.147,2022,2,77,Saudi Arabian Grand Prix,2022-03-27,Fernando Alonso,ALO,14.0,Alpine F1 Team
9218,1075,847,131,63,6,1:29.680,1:29.618,1:29.104,2022,2,77,Saudi Arabian Grand Prix,2022-03-27,George Russell,RUS,63.0,Mercedes
9217,1075,839,214,31,5,1:30.093,1:29.584,1:29.068,2022,2,77,Saudi Arabian Grand Prix,2022-03-27,Esteban Ocon,OCO,31.0,Alpine F1 Team
9216,1075,830,9,1,4,1:28.928,1:28.945,1:28.461,2022,2,77,Saudi Arabian Grand Prix,2022-03-27,Max Verstappen,VER,33.0,Red Bull
9215,1075,832,6,55,3,1:28.855,1:28.686,1:28.402,2022,2,77,Saudi Arabian Grand Prix,2022-03-27,Carlos Sainz,SAI,55.0,Ferrari
9214,1075,844,6,16,2,1:29.039,1:28.780,1:28.225,2022,2,77,Saudi Arabian Grand Prix,2022-03-27,Charles Leclerc,LEC,16.0,Ferrari
9213,1075,815,9,11,1,1:29.705,1:28.924,1:28.200,2022,2,77,Saudi Arabian Grand Prix,2022-03-27,Sergio Pérez,PER,11.0,Red Bull
9226,1075,854,210,47,14,1:30.167,1:29.920,,2022,2,77,Saudi Arabian Grand Prix,2022-03-27,Mick Schumacher,MSC,47.0,Haas F1 Team
9227,1075,840,117,18,15,1:30.256,1:31.009,,2022,2,77,Saudi Arabian Grand Prix,2022-03-27,Lance Stroll,STR,18.0,Aston Martin
9228,1075,1,131,44,16,1:30.343,,,2022,2,77,Saudi Arabian Grand Prix,2022-03-27,Lewis Hamilton,HAM,44.0,Mercedes
9229,1075,848,3,23,17,1:30.492,,,2022,2,77,Saudi Arabian Grand Prix,2022-03-27,Alexander Albon,ALB,23.0,Williams
9230,1075,807,117,27,18,1:30.543,,,2022,2,77,Saudi Arabian Grand Prix,2022-03-27,Nico Hülkenberg,HUL,27.0,Aston Martin
9231,1075,849,3,6,19,1:31.817,,,2022,2,77,Saudi Arabian Grand Prix,2022-03-27,Nicholas Latifi,LAT,6.0,Williams
9232,1075,852,213,22,20,,,,2022,2,77,Saudi Arabian Grand Prix,2022-03-27,Yuki Tsunoda,TSU,22.0,AlphaTauri
9233,1076,844,6,16,1,1:18.881,1:18.606,1:17.868,2022,3,1,Australian Grand Prix,2022-04-10,Charles Leclerc,LEC,16.0,Ferrari
9234,1076,830,9,1,2,1:18.580,1:18.611,1:18.154,2022,3,1,Australian Grand Prix,2022-04-10,Max Verstappen,VER,33.0,Red Bull
9235,1076,815,9,11,3,1:18.834,1:18.340,1:18.240,2022,3,1,Australian Grand Prix,2022-04-10,Sergio Pérez,PER,11.0,Red Bull
9236,1076,846,1,4,4,1:19.280,1:19.066,1:18.703,2022,3,1,Australian Grand Prix,2022-04-10,Lando Norris,NOR,4.0,McLaren
9237,1076,1,131,44,5,1:19.401,1:19.106,1:18.825,2022,3,1,Australian Grand Prix,2022-04-10,Lewis Hamilton,HAM,44.0,Mercedes
9238,1076,847,131,63,6,1:19.405,1:19.076,1:18.933,2022,3,1,Australian Grand Prix,2022-04-10,George Russell,RUS,63.0,Mercedes
9239,1076,817,1,3,7,1:19.665,1:19.130,1:19.032,2022,3,1,Australian Grand Prix,2022-04-10,Daniel Ricciardo,RIC,3.0,McLaren
9240,1076,839,214,31,8,1:19.605,1:19.136,1:19.061,2022,3,1,Australian Grand Prix,2022-04-10,Esteban Ocon,OCO,31.0,Alpine F1 Team
9241,1076,832,6,55,9,1:18.983,1:18.469,1:19.408,2022,3,1,Australian Grand Prix,2022-04-10,Carlos Sainz,SAI,55.0,Ferrari
9242,1076,4,214,14,10,1:19.192,1:18.815,,2022,3,1,Australian Grand Prix,2022-04-10,Fernando Alonso,ALO,14.0,Alpine F1 Team
9243,1076,842,213,10,11,1:19.580,1:19.226,,2022,3,1,Australian Grand Prix,2022-04-10,Pierre Gasly,GAS,10.0,AlphaTauri
9244,1076,822,51,77,12,1:19.251,1:19.410,,2022,3,1,Australian Grand Prix,2022-04-10,Valtteri Bottas,BOT,77.0,Alfa Romeo
9245,1076,852,213,22,13,1:19.742,1:19.424,,2022,3,1,Australian Grand Prix,2022-04-10,Yuki Tsunoda,TSU,22.0,AlphaTauri
9246,1076,855,51,24,14,1:19.910,1:20.155,,2022,3,1,Australian Grand Prix,2022-04-10,Guanyu Zhou,ZHO,24.0,Alfa Romeo
9247,1076,854,210,47,15,1:20.104,1:20.465,,2022,3,1,Australian Grand Prix,2022-04-10,Mick Schumacher,MSC,47.0,Haas F1 Team
9248,1076,848,3,23,16,1:20.135,,,2022,3,1,Australian Grand Prix,2022-04-10,Alexander Albon,ALB,23.0,Williams
9249,1076,825,210,20,17,1:20.254,,,2022,3,1,Australian Grand Prix,2022-04-10,Kevin Magnussen,MAG,20.0,Haas F1 Team
9250,1076,20,117,5,18,1:21.149,,,2022,3,1,Australian Grand Prix,2022-04-10,Sebastian Vettel,VET,5.0,Aston Martin
9251,1076,849,3,6,19,1:21.372,,,2022,3,1,Australian Grand Prix,2022-04-10,Nicholas Latifi,LAT,6.0,Williams
9252,1076,840,117,18,20,,,,2022,3,1,Australian Grand Prix,2022-04-10,Lance Stroll,STR,18.0,Aston Martin
9253,1077,830,9,1,1,1:19.295,1:18.793,1:27.999,2022,4,21,Emilia Romagna Grand Prix,2022-04-24,Max Verstappen,VER,33.0,Red Bull
9254,1077,844,6,16,2,1:18.796,1:19.584,1:28.778,2022,4,21,Emilia Romagna Grand Prix,2022-04-24,Charles Leclerc,LEC,16.0,Ferrari
9255,1077,846,1,4,3,1:20.168,1:19.294,1:29.131,2022,4,21,Emilia Romagna Grand Prix,2022-04-24,Lando Norris,NOR,4.0,McLaren
9256,1077,825,210,20,4,1:20.147,1:19.902,1:29.164,2022,4,21,Emilia Romagna Grand Prix,2022-04-24,Kevin Magnussen,MAG,20.0,Haas F1 Team
9257,1077,4,214,14,5,1:20.198,1:19.595,1:29.202,2022,4,21,Emilia Romagna Grand Prix,2022-04-24,Fernando Alonso,ALO,14.0,Alpine F1 Team
9258,1077,817,1,3,6,1:19.980,1:20.031,1:29.742,2022,4,21,Emilia Romagna Grand Prix,2022-04-24,Daniel Ricciardo,RIC,3.0,McLaren
9259,1077,815,9,11,7,1:19.773,1:19.296,1:29.808,2022,4,21,Emilia Romagna Grand Prix,2022-04-24,Sergio Pérez,PER,11.0,Red Bull
9260,1077,822,51,77,8,1:20.419,1:20.192,1:30.439,2022,4,21,Emilia Romagna Grand Prix,2022-04-24,Valtteri Bottas,BOT,77.0,Alfa Romeo
9261,1077,20,117,5,9,1:20.364,1:19.957,1:31.062,2022,4,21,Emilia Romagna Grand Prix,2022-04-24,Sebastian Vettel,VET,5.0,Aston Martin
9262,1077,832,6,55,10,1:19.305,1:18.990,,2022,4,21,Emilia Romagna Grand Prix,2022-04-24,Carlos Sainz,SAI,55.0,Ferrari
9263,1077,847,131,63,11,1:20.383,1:20.757,,2022,4,21,Emilia Romagna Grand Prix,2022-04-24,George Russell,RUS,63.0,Mercedes
9264,1077,854,210,47,12,1:20.422,1:20.916,,2022,4,21,Emilia Romagna Grand Prix,2022-04-24,Mick Schumacher,MSC,47.0,Haas F1 Team
9265,1077,1,131,44,13,1:20.470,1:21.138,,2022,4,21,Emilia Romagna Grand Prix,2022-04-24,Lewis Hamilton,HAM,44.0,Mercedes
9266,1077,855,51,24,14,1:19.730,1:21.434,,2022,4,21,Emilia Romagna Grand Prix,2022-04-24,Guanyu Zhou,ZHO,24.0,Alfa Romeo
9267,1077,840,117,18,15,1:20.342,1:28.119,,2022,4,21,Emilia Romagna Grand Prix,2022-04-24,Lance Stroll,STR,18.0,Aston Martin
9268,1077,852,213,22,16,1:20.474,,,2022,4,21,Emilia Romagna Grand Prix,2022-04-24,Yuki Tsunoda,TSU,22.0,AlphaTauri
9269,1077,842,213,10,17,1:20.732,,,2022,4,21,Emilia Romagna Grand Prix,2022-04-24,Pierre Gasly,GAS,10.0,AlphaTauri
9270,1077,849,3,6,18,1:21.971,,,2022,4,21,Emilia Romagna Grand Prix,2022-04-24,Nicholas Latifi,LAT,6.0,Williams
9271,1077,839,214,31,19,1:22.338,,,2022,4,21,Emilia Romagna Grand Prix,2022-04-24,Esteban Ocon,OCO,31.0,Alpine F1 Team
9272,1077,848,3,23,20,,,,2022,4,21,Emilia Romagna Grand Prix,2022-04-24,Alexander Albon,ALB,23.0,Williams
9273,1078,844,6,16,1,1:29.474,1:29.130,1:28.796,2022,5,79,Miami Grand Prix,2022-05-08,Charles Leclerc,LEC,16.0,Ferrari
9274,1078,832,6,55,2,1:30.079,1:29.729,1:28.986,2022,5,79,Miami Grand Prix,2022-05-08,Carlos Sainz,SAI,55.0,Ferrari
9275,1078,830,9,1,3,1:29.836,1:29.202,1:28.991,2022,5,79,Miami Grand Prix,2022-05-08,Max Verstappen,VER,33.0,Red Bull
9276,1078,815,9,11,4,1:30.055,1:29.673,1:29.036,2022,5,79,Miami Grand Prix,2022-05-08,Sergio Pérez,PER,11.0,Red Bull
9277,1078,822,51,77,5,1:30.845,1:29.751,1:29.475,2022,5,79,Miami Grand Prix,2022-05-08,Valtteri Bottas,BOT,77.0,Alfa Romeo
9278,1078,1,131,44,6,1:30.388,1:29.797,1:29.625,2022,5,79,Miami Grand Prix,2022-05-08,Lewis Hamilton,HAM,44.0,Mercedes
9279,1078,842,213,10,7,1:30.779,1:30.128,1:29.690,2022,5,79,Miami Grand Prix,2022-05-08,Pierre Gasly,GAS,10.0,AlphaTauri
9280,1078,846,1,4,8,1:30.761,1:29.634,1:29.750,2022,5,79,Miami Grand Prix,2022-05-08,Lando Norris,NOR,4.0,McLaren
9281,1078,852,213,22,9,1:30.485,1:30.031,1:29.932,2022,5,79,Miami Grand Prix,2022-05-08,Yuki Tsunoda,TSU,22.0,AlphaTauri
9282,1078,840,117,18,10,1:30.441,1:29.996,1:30.676,2022,5,79,Miami Grand Prix,2022-05-08,Lance Stroll,STR,18.0,Aston Martin
9283,1078,4,214,14,11,1:30.407,1:30.160,,2022,5,79,Miami Grand Prix,2022-05-08,Fernando Alonso,ALO,14.0,Alpine F1 Team
9284,1078,847,131,63,12,1:30.490,1:30.173,,2022,5,79,Miami Grand Prix,2022-05-08,George Russell,RUS,63.0,Mercedes
9285,1078,20,117,5,13,1:30.677,1:30.214,,2022,5,79,Miami Grand Prix,2022-05-08,Sebastian Vettel,VET,5.0,Aston Martin
9286,1078,817,1,3,14,1:30.583,1:30.310,,2022,5,79,Miami Grand Prix,2022-05-08,Daniel Ricciardo,RIC,3.0,McLaren
9287,1078,854,210,47,15,1:30.645,1:30.423,,2022,5,79,Miami Grand Prix,2022-05-08,Mick Schumacher,MSC,47.0,Haas F1 Team
9288,1078,825,210,20,16,1:30.975,,,2022,5,79,Miami Grand Prix,2022-05-08,Kevin Magnussen,MAG,20.0,Haas F1 Team
9289,1078,855,51,24,17,1:31.020,,,2022,5,79,Miami Grand Prix,2022-05-08,Guanyu Zhou,ZHO,24.0,Alfa Romeo
9290,1078,848,3,23,18,1:31.266,,,2022,5,79,Miami Grand Prix,2022-05-08,Alexander Albon,ALB,23.0,Williams
9291,1078,849,3,6,19,1:31.325,,,2022,5,79,Miami Grand Prix,2022-05-08,Nicholas Latifi,LAT,6.0,Williams
9292,1078,839,214,31,20,,,,2022,5,79,Miami Grand Prix,2022-05-08,Esteban Ocon,OCO,31.0,Alpine F1 Team
9293,1079,844,6,16,1,1:19.861,1:19.969,1:18.750,2022,6,4,Spanish Grand Prix,2022-05-22,Charles Leclerc,LEC,16.0,Ferrari
9294,1079,830,9,1,2,1:20.091,1:19.219,1:19.073,2022,6,4,Spanish Grand Prix,2022-05-22,Max Verstappen,VER,33.0,Red Bull
9295,1079,832,6,55,3,1:19.892,1:19.453,1:19.166,2022,6,4,Spanish Grand Prix,2022-05-22,Carlos Sainz,SAI,55.0,Ferrari
9296,1079,847,131,63,4,1:20.218,1:19.470,1:19.393,2022,6,4,Spanish Grand Prix,2022-05-22,George Russell,RUS,63.0,Mercedes
9297,1079,815,9,11,5,1:20.447,1:19.830,1:19.420,2022,6,4,Spanish Grand Prix,2022-05-22,Sergio Pérez,PER,11.0,Red Bull
9298,1079,1,131,44,6,1:20.252,1:19.794,1:19.512,2022,6,4,Spanish Grand Prix,2022-05-22,Lewis Hamilton,HAM,44.0,Mercedes
9299,1079,822,51,77,7,1:20.355,1:20.053,1:19.608,2022,6,4,Spanish Grand Prix,2022-05-22,Valtteri Bottas,BOT,77.0,Alfa Romeo
9300,1079,825,210,20,8,1:20.227,1:19.810,1:19.682,2022,6,4,Spanish Grand Prix,2022-05-22,Kevin Magnussen,MAG,20.0,Haas F1 Team
9301,1079,817,1,3,9,1:20.549,1:20.287,1:20.297,2022,6,4,Spanish Grand Prix,2022-05-22,Daniel Ricciardo,RIC,3.0,McLaren
9302,1079,854,210,47,10,1:20.683,1:20.436,1:20.368,2022,6,4,Spanish Grand Prix,2022-05-22,Mick Schumacher,MSC,47.0,Haas F1 Team
9303,1079,846,1,4,11,1:20.838,1:20.471,,2022,6,4,Spanish Grand Prix,2022-05-22,Lando Norris,NOR,4.0,McLaren
9304,1079,839,214,31,12,1:20.880,1:20.638,,2022,6,4,Spanish Grand Prix,2022-05-22,Esteban Ocon,OCO,31.0,Alpine F1 Team
9305,1079,852,213,22,13,1:20.707,1:20.639,,2022,6,4,Spanish Grand Prix,2022-05-22,Yuki Tsunoda,TSU,22.0,AlphaTauri
9306,1079,842,213,10,14,1:20.719,1:20.861,,2022,6,4,Spanish Grand Prix,2022-05-22,Pierre Gasly,GAS,10.0,AlphaTauri
9307,1079,855,51,24,15,1:20.476,1:21.094,,2022,6,4,Spanish Grand Prix,2022-05-22,Guanyu Zhou,ZHO,24.0,Alfa Romeo
9308,1079,20,117,5,16,1:20.954,,,2022,6,4,Spanish Grand Prix,2022-05-22,Sebastian Vettel,VET,5.0,Aston Martin
9309,1079,4,214,14,17,1:21.043,,,2022,6,4,Spanish Grand Prix,2022-05-22,Fernando Alonso,ALO,14.0,Alpine F1 Team
9310,1079,840,117,18,18,1:21.418,,,2022,6,4,Spanish Grand Prix,2022-05-22,Lance Stroll,STR,18.0,Aston Martin
9311,1079,848,3,23,19,1:21.645,,,2022,6,4,Spanish Grand Prix,2022-05-22,Alexander Albon,ALB,23.0,Williams
9312,1079,849,3,6,20,1:21.915,,,2022,6,4,Spanish Grand Prix,2022-05-22,Nicholas Latifi,LAT,6.0,Williams
9313,1080,844,6,16,1,1:12.569,1:11.864,1:11.376,2022,7,6,Monaco Grand Prix,2022-05-29,Charles Leclerc,LEC,16.0,Ferrari
9314,1080,832,6,55,2,1:12.616,1:12.074,1:11.601,2022,7,6,Monaco Grand Prix,2022-05-29,Carlos Sainz,SAI,55.0,Ferrari
9315,1080,815,9,11,3,1:13.004,1:11.954,1:11.629,2022,7,6,Monaco Grand Prix,2022-05-29,Sergio Pérez,PER,11.0,Red Bull
9316,1080,830,9,1,4,1:12.993,1:12.117,1:11.666,2022,7,6,Monaco Grand Prix,2022-05-29,Max Verstappen,VER,33.0,Red Bull
9317,1080,846,1,4,5,1:12.927,1:12.266,1:11.849,2022,7,6,Monaco Grand Prix,2022-05-29,Lando Norris,NOR,4.0,McLaren
9318,1080,847,131,63,6,1:12.787,1:12.617,1:12.112,2022,7,6,Monaco Grand Prix,2022-05-29,George Russell,RUS,63.0,Mercedes
9319,1080,4,214,14,7,1:13.394,1:12.688,1:12.247,2022,7,6,Monaco Grand Prix,2022-05-29,Fernando Alonso,ALO,14.0,Alpine F1 Team
9320,1080,1,131,44,8,1:13.444,1:12.595,1:12.560,2022,7,6,Monaco Grand Prix,2022-05-29,Lewis Hamilton,HAM,44.0,Mercedes
9321,1080,20,117,5,9,1:13.313,1:12.613,1:12.732,2022,7,6,Monaco Grand Prix,2022-05-29,Sebastian Vettel,VET,5.0,Aston Martin
9322,1080,839,214,31,10,1:12.848,1:12.528,1:13.047,2022,7,6,Monaco Grand Prix,2022-05-29,Esteban Ocon,OCO,31.0,Alpine F1 Team
9323,1080,852,213,22,11,1:13.110,1:12.797,,2022,7,6,Monaco Grand Prix,2022-05-29,Yuki Tsunoda,TSU,22.0,AlphaTauri
9324,1080,822,51,77,12,1:13.541,1:12.909,,2022,7,6,Monaco Grand Prix,2022-05-29,Valtteri Bottas,BOT,77.0,Alfa Romeo
9325,1080,825,210,20,13,1:13.069,1:12.921,,2022,7,6,Monaco Grand Prix,2022-05-29,Kevin Magnussen,MAG,20.0,Haas F1 Team
9326,1080,817,1,3,14,1:13.338,1:12.964,,2022,7,6,Monaco Grand Prix,2022-05-29,Daniel Ricciardo,RIC,3.0,McLaren
9327,1080,854,210,47,15,1:13.469,1:13.081,,2022,7,6,Monaco Grand Prix,2022-05-29,Mick Schumacher,MSC,47.0,Haas F1 Team
9328,1080,848,3,23,16,1:13.611,,,2022,7,6,Monaco Grand Prix,2022-05-29,Alexander Albon,ALB,23.0,Williams
9329,1080,842,213,10,17,1:13.660,,,2022,7,6,Monaco Grand Prix,2022-05-29,Pierre Gasly,GAS,10.0,AlphaTauri
9330,1080,840,117,18,18,1:13.678,,,2022,7,6,Monaco Grand Prix,2022-05-29,Lance Stroll,STR,18.0,Aston Martin
9331,1080,849,3,6,19,1:14.403,,,2022,7,6,Monaco Grand Prix,2022-05-29,Nicholas Latifi,LAT,6.0,Williams
9332,1080,855,51,24,20,1:15.606,,,2022,7,6,Monaco Grand Prix,2022-05-29,Guanyu Zhou,ZHO,24.0,Alfa Romeo
9333,1081,844,6,16,1,1:42.865,1:42.046,1:41.359,2022,8,73,Azerbaijan Grand Prix,2022-06-12,Charles Leclerc,LEC,16.0,Ferrari
9334,1081,815,9,11,2,1:42.733,1:41.955,1:41.641,2022,8,73,Azerbaijan Grand Prix,2022-06-12,Sergio Pérez,PER,11.0,Red Bull
9335,1081,830,9,1,3,1:42.722,1:42.227,1:41.706,2022,8,73,Azerbaijan Grand Prix,2022-06-12,Max Verstappen,VER,33.0,Red Bull
9336,1081,832,6,55,4,1:42.957,1:42.088,1:41.814,2022,8,73,Azerbaijan Grand Prix,2022-06-12,Carlos Sainz,SAI,55.0,Ferrari
9337,1081,847,131,63,5,1:43.754,1:43.281,1:42.712,2022,8,73,Azerbaijan Grand Prix,2022-06-12,George Russell,RUS,63.0,Mercedes
9338,1081,842,213,10,6,1:43.268,1:43.129,1:42.845,2022,8,73,Azerbaijan Grand Prix,2022-06-12,Pierre Gasly,GAS,10.0,AlphaTauri
9339,1081,1,131,44,7,1:43.939,1:43.182,1:42.924,2022,8,73,Azerbaijan Grand Prix,2022-06-12,Lewis Hamilton,HAM,44.0,Mercedes
9340,1081,852,213,22,8,1:43.595,1:43.376,1:43.056,2022,8,73,Azerbaijan Grand Prix,2022-06-12,Yuki Tsunoda,TSU,22.0,AlphaTauri
9341,1081,20,117,5,9,1:43.279,1:43.268,1:43.091,2022,8,73,Azerbaijan Grand Prix,2022-06-12,Sebastian Vettel,VET,5.0,Aston Martin
9342,1081,4,214,14,10,1:44.083,1:43.360,1:43.173,2022,8,73,Azerbaijan Grand Prix,2022-06-12,Fernando Alonso,ALO,14.0,Alpine F1 Team
9343,1081,846,1,4,11,1:44.237,1:43.398,,2022,8,73,Azerbaijan Grand Prix,2022-06-12,Lando Norris,NOR,4.0,McLaren
9344,1081,817,1,3,12,1:44.437,1:43.574,,2022,8,73,Azerbaijan Grand Prix,2022-06-12,Daniel Ricciardo,RIC,3.0,McLaren
9345,1081,839,214,31,13,1:43.903,1:43.585,,2022,8,73,Azerbaijan Grand Prix,2022-06-12,Esteban Ocon,OCO,31.0,Alpine F1 Team
9346,1081,855,51,24,14,1:43.777,1:43.790,,2022,8,73,Azerbaijan Grand Prix,2022-06-12,Guanyu Zhou,ZHO,24.0,Alfa Romeo
9347,1081,822,51,77,15,1:44.478,1:44.444,,2022,8,73,Azerbaijan Grand Prix,2022-06-12,Valtteri Bottas,BOT,77.0,Alfa Romeo
9348,1081,825,210,20,16,1:44.643,,,2022,8,73,Azerbaijan Grand Prix,2022-06-12,Kevin Magnussen,MAG,20.0,Haas F1 Team
9349,1081,848,3,23,17,1:44.719,,,2022,8,73,Azerbaijan Grand Prix,2022-06-12,Alexander Albon,ALB,23.0,Williams
9350,1081,849,3,6,18,1:45.367,,,2022,8,73,Azerbaijan Grand Prix,2022-06-12,Nicholas Latifi,LAT,6.0,Williams
9351,1081,840,117,18,19,1:45.371,,,2022,8,73,Azerbaijan Grand Prix,2022-06-12,Lance Stroll,STR,18.0,Aston Martin
9352,1081,854,210,47,20,1:45.775,,,2022,8,73,Azerbaijan Grand Prix,2022-06-12,Mick Schumacher,MSC,47.0,Haas F1 Team
9353,1082,830,9,1,1,1:32.219,1:23.746,1:21.299,2022,9,7,Canadian Grand Prix,2022-06-19,Max Verstappen,VER,33.0,Red Bull
9354,1082,4,214,14,2,1:32.277,1:24.848,1:21.944,2022,9,7,Canadian Grand Prix,2022-06-19,Fernando Alonso,ALO,14.0,Alpine F1 Team
9355,1082,832,6,55,3,1:32.781,1:25.197,1:22.096,2022,9,7,Canadian Grand Prix,2022-06-19,Carlos Sainz,SAI,55.0,Ferrari
9356,1082,1,131,44,4,1:33.841,1:25.543,1:22.891,2022,9,7,Canadian Grand Prix,2022-06-19,Lewis Hamilton,HAM,44.0,Mercedes
9357,1082,825,210,20,5,1:32.957,1:26.254,1:22.960,2022,9,7,Canadian Grand Prix,2022-06-19,Kevin Magnussen,MAG,20.0,Haas F1 Team
9358,1082,854,210,47,6,1:33.707,1:25.684,1:23.356,2022,9,7,Canadian Grand Prix,2022-06-19,Mick Schumacher,MSC,47.0,Haas F1 Team
9359,1082,839,214,31,7,1:33.012,1:26.135,1:23.529,2022,9,7,Canadian Grand Prix,2022-06-19,Esteban Ocon,OCO,31.0,Alpine F1 Team
9360,1082,847,131,63,8,1:33.160,1:24.950,1:23.557,2022,9,7,Canadian Grand Prix,2022-06-19,George Russell,RUS,63.0,Mercedes
9361,1082,817,1,3,9,1:33.636,1:26.375,1:23.749,2022,9,7,Canadian Grand Prix,2022-06-19,Daniel Ricciardo,RIC,3.0,McLaren
9362,1082,855,51,24,10,1:33.692,1:26.116,1:24.030,2022,9,7,Canadian Grand Prix,2022-06-19,Guanyu Zhou,ZHO,24.0,Alfa Romeo
9363,1082,822,51,77,11,1:33.689,1:26.788,,2022,9,7,Canadian Grand Prix,2022-06-19,Valtteri Bottas,BOT,77.0,Alfa Romeo
9364,1082,848,3,23,12,1:34.047,1:26.858,,2022,9,7,Canadian Grand Prix,2022-06-19,Alexander Albon,ALB,23.0,Williams
9365,1082,815,9,11,13,1:33.929,1:33.127,,2022,9,7,Canadian Grand Prix,2022-06-19,Sergio Pérez,PER,11.0,Red Bull
9366,1082,846,1,4,14,1:34.066,,,2022,9,7,Canadian Grand Prix,2022-06-19,Lando Norris,NOR,4.0,McLaren
9367,1082,844,6,16,15,1:33.008,,,2022,9,7,Canadian Grand Prix,2022-06-19,Charles Leclerc,LEC,16.0,Ferrari
9368,1082,842,213,10,16,1:34.492,,,2022,9,7,Canadian Grand Prix,2022-06-19,Pierre Gasly,GAS,10.0,AlphaTauri
9369,1082,20,117,5,17,1:34.512,,,2022,9,7,Canadian Grand Prix,2022-06-19,Sebastian Vettel,VET,5.0,Aston Martin
9370,1082,840,117,18,18,1:35.532,,,2022,9,7,Canadian Grand Prix,2022-06-19,Lance Stroll,STR,18.0,Aston Martin
9371,1082,849,3,6,19,1:35.660,,,2022,9,7,Canadian Grand Prix,2022-06-19,Nicholas Latifi,LAT,6.0,Williams
9372,1082,852,213,22,20,1:36.575,,,2022,9,7,Canadian Grand Prix,2022-06-19,Yuki Tsunoda,TSU,22.0,AlphaTauri
9373,1083,832,6,55,1,1:40.190,1:41.602,1:40.983,2022,10,9,British Grand Prix,2022-07-03,Carlos Sainz,SAI,55.0,Ferrari
9374,1083,830,9,1,2,1:39.129,1:40.655,1:41.055,2022,10,9,British Grand Prix,2022-07-03,Max Verstappen,VER,33.0,Red Bull
9375,1083,844,6,16,3,1:39.846,1:41.247,1:41.298,2022,10,9,British Grand Prix,2022-07-03,Charles Leclerc,LEC,16.0,Ferrari
9376,1083,815,9,11,4,1:40.521,1:42.513,1:41.616,2022,10,9,British Grand Prix,2022-07-03,Sergio Pérez,PER,11.0,Red Bull
9377,1083,1,131,44,5,1:40.428,1:41.062,1:41.995,2022,10,9,British Grand Prix,2022-07-03,Lewis Hamilton,HAM,44.0,Mercedes
9378,1083,846,1,4,6,1:41.515,1:41.821,1:42.084,2022,10,9,British Grand Prix,2022-07-03,Lando Norris,NOR,4.0,McLaren
9379,1083,4,214,14,7,1:41.598,1:42.209,1:42.116,2022,10,9,British Grand Prix,2022-07-03,Fernando Alonso,ALO,14.0,Alpine F1 Team
9380,1083,847,131,63,8,1:40.028,1:41.725,1:42.161,2022,10,9,British Grand Prix,2022-07-03,George Russell,RUS,63.0,Mercedes
9381,1083,855,51,24,9,1:40.791,1:42.640,1:42.719,2022,10,9,British Grand Prix,2022-07-03,Guanyu Zhou,ZHO,24.0,Alfa Romeo
9382,1083,849,3,6,10,1:41.998,1:43.273,2:03.095,2022,10,9,British Grand Prix,2022-07-03,Nicholas Latifi,LAT,6.0,Williams
9383,1083,842,213,10,11,1:41.680,1:43.702,,2022,10,9,British Grand Prix,2022-07-03,Pierre Gasly,GAS,10.0,AlphaTauri
9384,1083,822,51,77,12,1:41.396,1:44.232,,2022,10,9,British Grand Prix,2022-07-03,Valtteri Bottas,BOT,77.0,Alfa Romeo
9385,1083,852,213,22,13,1:41.893,1:44.311,,2022,10,9,British Grand Prix,2022-07-03,Yuki Tsunoda,TSU,22.0,AlphaTauri
9386,1083,817,1,3,14,1:41.933,1:44.355,,2022,10,9,British Grand Prix,2022-07-03,Daniel Ricciardo,RIC,3.0,McLaren
9387,1083,839,214,31,15,1:41.730,1:45.190,,2022,10,9,British Grand Prix,2022-07-03,Esteban Ocon,OCO,31.0,Alpine F1 Team
9388,1083,848,3,23,16,1:42.078,,,2022,10,9,British Grand Prix,2022-07-03,Alexander Albon,ALB,23.0,Williams
9389,1083,825,210,20,17,1:42.159,,,2022,10,9,British Grand Prix,2022-07-03,Kevin Magnussen,MAG,20.0,Haas F1 Team
9390,1083,20,117,5,18,1:42.666,,,2022,10,9,British Grand Prix,2022-07-03,Sebastian Vettel,VET,5.0,Aston Martin
9391,1083,854,210,47,19,1:42.708,,,2022,10,9,British Grand Prix,2022-07-03,Mick Schumacher,MSC,47.0,Haas F1 Team
9392,1083,840,117,18,20,1:43.430,,,2022,10,9,British Grand Prix,2022-07-03,Lance Stroll,STR,18.0,Aston Martin
9393,1084,830,9,1,1,1:05.852,1:05.374,1:04.984,2022,11,70,Austrian Grand Prix,2022-07-10,Max Verstappen,VER,33.0,Red Bull
9394,1084,844,6,16,2,1:05.419,1:05.287,1:05.013,2022,11,70,Austrian Grand Prix,2022-07-10,Charles Leclerc,LEC,16.0,Ferrari
9395,1084,832,6,55,3,1:05.660,1:05.576,1:05.066,2022,11,70,Austrian Grand Prix,2022-07-10,Carlos Sainz,SAI,55.0,Ferrari
9396,1084,847,131,63,4,1:06.235,1:05.697,1:05.431,2022,11,70,Austrian Grand Prix,2022-07-10,George Russell,RUS,63.0,Mercedes
9397,1084,839,214,31,5,1:06.468,1:05.993,1:05.726,2022,11,70,Austrian Grand Prix,2022-07-10,Esteban Ocon,OCO,31.0,Alpine F1 Team
9398,1084,825,210,20,6,1:06.366,1:05.894,1:05.879,2022,11,70,Austrian Grand Prix,2022-07-10,Kevin Magnussen,MAG,20.0,Haas F1 Team
9399,1084,854,210,47,7,1:06.405,1:06.151,1:06.011,2022,11,70,Austrian Grand Prix,2022-07-10,Mick Schumacher,MSC,47.0,Haas F1 Team
9400,1084,4,214,14,8,1:06.016,1:06.082,1:06.103,2022,11,70,Austrian Grand Prix,2022-07-10,Fernando Alonso,ALO,14.0,Alpine F1 Team
9401,1084,1,131,44,9,1:06.079,1:05.475,1:13.151,2022,11,70,Austrian Grand Prix,2022-07-10,Lewis Hamilton,HAM,44.0,Mercedes
9402,1084,842,213,10,10,1:06.589,1:06.160,,2022,11,70,Austrian Grand Prix,2022-07-10,Pierre Gasly,GAS,10.0,AlphaTauri
9403,1084,848,3,23,11,1:06.516,1:06.230,,2022,11,70,Austrian Grand Prix,2022-07-10,Alexander Albon,ALB,23.0,Williams
9404,1084,822,51,77,12,1:06.442,1:06.319,,2022,11,70,Austrian Grand Prix,2022-07-10,Valtteri Bottas,BOT,77.0,Alfa Romeo
9405,1084,815,9,11,13,1:06.143,1:06.458,,2022,11,70,Austrian Grand Prix,2022-07-10,Sergio Pérez,PER,11.0,Red Bull
9406,1084,852,213,22,14,1:06.463,1:06.851,,2022,11,70,Austrian Grand Prix,2022-07-10,Yuki Tsunoda,TSU,22.0,AlphaTauri
9407,1084,846,1,4,15,1:06.330,1:25.847,,2022,11,70,Austrian Grand Prix,2022-07-10,Lando Norris,NOR,4.0,McLaren
9408,1084,817,1,3,16,1:06.613,,,2022,11,70,Austrian Grand Prix,2022-07-10,Daniel Ricciardo,RIC,3.0,McLaren
9409,1084,840,117,18,17,1:06.847,,,2022,11,70,Austrian Grand Prix,2022-07-10,Lance Stroll,STR,18.0,Aston Martin
9410,1084,855,51,24,18,1:06.901,,,2022,11,70,Austrian Grand Prix,2022-07-10,Guanyu Zhou,ZHO,24.0,Alfa Romeo
9411,1084,849,3,6,19,1:07.003,,,2022,11,70,Austrian Grand Prix,2022-07-10,Nicholas Latifi,LAT,6.0,Williams
9412,1084,20,117,5,20,1:07.083,,,2022,11,70,Austrian Grand Prix,2022-07-10,Sebastian Vettel,VET,5.0,Aston Martin
9413,1085,844,6,16,1,1:31.727,1:31.216,1:30.872,2022,12,34,French Grand Prix,2022-07-24,Charles Leclerc,LEC,16.0,Ferrari
9414,1085,830,9,1,2,1:31.891,1:31.990,1:31.176,2022,12,34,French Grand Prix,2022-07-24,Max Verstappen,VER,33.0,Red Bull
9415,1085,815,9,11,3,1:32.354,1:32.120,1:31.335,2022,12,34,French Grand Prix,2022-07-24,Sergio Pérez,PER,11.0,Red Bull
9416,1085,1,131,44,4,1:33.041,1:32.274,1:31.765,2022,12,34,French Grand Prix,2022-07-24,Lewis Hamilton,HAM,44.0,Mercedes
9417,1085,846,1,4,5,1:32.672,1:32.777,1:32.032,2022,12,34,French Grand Prix,2022-07-24,Lando Norris,NOR,4.0,McLaren
9418,1085,847,131,63,6,1:33.109,1:32.633,1:32.131,2022,12,34,French Grand Prix,2022-07-24,George Russell,RUS,63.0,Mercedes
9419,1085,4,214,14,7,1:32.819,1:32.631,1:32.552,2022,12,34,French Grand Prix,2022-07-24,Fernando Alonso,ALO,14.0,Alpine F1 Team
9420,1085,852,213,22,8,1:33.394,1:32.836,1:32.780,2022,12,34,French Grand Prix,2022-07-24,Yuki Tsunoda,TSU,22.0,AlphaTauri
9421,1085,832,6,55,9,1:32.297,1:31.081,,2022,12,34,French Grand Prix,2022-07-24,Carlos Sainz,SAI,55.0,Ferrari
9422,1085,825,210,20,10,1:32.756,1:32.649,,2022,12,34,French Grand Prix,2022-07-24,Kevin Magnussen,MAG,20.0,Haas F1 Team
9423,1085,817,1,3,11,1:33.404,1:32.922,,2022,12,34,French Grand Prix,2022-07-24,Daniel Ricciardo,RIC,3.0,McLaren
9424,1085,839,214,31,12,1:33.346,1:33.048,,2022,12,34,French Grand Prix,2022-07-24,Esteban Ocon,OCO,31.0,Alpine F1 Team
9425,1085,822,51,77,13,1:33.034,1:33.052,,2022,12,34,French Grand Prix,2022-07-24,Valtteri Bottas,BOT,77.0,Alfa Romeo
9426,1085,20,117,5,14,1:33.285,1:33.276,,2022,12,34,French Grand Prix,2022-07-24,Sebastian Vettel,VET,5.0,Aston Martin
9427,1085,848,3,23,15,1:33.423,1:33.307,,2022,12,34,French Grand Prix,2022-07-24,Alexander Albon,ALB,23.0,Williams
9428,1085,842,213,10,16,1:33.439,,,2022,12,34,French Grand Prix,2022-07-24,Pierre Gasly,GAS,10.0,AlphaTauri
9429,1085,840,117,18,17,1:33.439,,,2022,12,34,French Grand Prix,2022-07-24,Lance Stroll,STR,18.0,Aston Martin
9430,1085,855,51,24,18,1:33.674,,,2022,12,34,French Grand Prix,2022-07-24,Guanyu Zhou,ZHO,24.0,Alfa Romeo
9431,1085,854,210,47,19,1:33.701,,,2022,12,34,French Grand Prix,2022-07-24,Mick Schumacher,MSC,47.0,Haas F1 Team
9432,1085,849,3,6,20,1:33.794,,,2022,12,34,French Grand Prix,2022-07-24,Nicholas Latifi,LAT,6.0,Williams
9433,1086,847,131,63,1,1:18.407,1:18.154,1:17.377,2022,13,11,Hungarian Grand Prix,2022-07-31,George Russell,RUS,63.0,Mercedes
9434,1086,832,6,55,2,1:18.434,1:17.946,1:17.421,2022,13,11,Hungarian Grand Prix,2022-07-31,Carlos Sainz,SAI,55.0,Ferrari
9435,1086,844,6,16,3,1:18.806,1:17.768,1:17.567,2022,13,11,Hungarian Grand Prix,2022-07-31,Charles Leclerc,LEC,16.0,Ferrari
9436,1086,846,1,4,4,1:18.653,1:18.121,1:17.769,2022,13,11,Hungarian Grand Prix,2022-07-31,Lando Norris,NOR,4.0,McLaren
9437,1086,839,214,31,5,1:18.866,1:18.216,1:18.018,2022,13,11,Hungarian Grand Prix,2022-07-31,Esteban Ocon,OCO,31.0,Alpine F1 Team
9438,1086,4,214,14,6,1:18.716,1:17.904,1:18.078,2022,13,11,Hungarian Grand Prix,2022-07-31,Fernando Alonso,ALO,14.0,Alpine F1 Team
9439,1086,1,131,44,7,1:18.374,1:18.035,1:18.142,2022,13,11,Hungarian Grand Prix,2022-07-31,Lewis Hamilton,HAM,44.0,Mercedes
9440,1086,822,51,77,8,1:18.935,1:18.445,1:18.157,2022,13,11,Hungarian Grand Prix,2022-07-31,Valtteri Bottas,BOT,77.0,Alfa Romeo
9441,1086,817,1,3,9,1:18.775,1:18.198,1:18.379,2022,13,11,Hungarian Grand Prix,2022-07-31,Daniel Ricciardo,RIC,3.0,McLaren
9442,1086,830,9,1,10,1:18.509,1:17.703,1:18.823,2022,13,11,Hungarian Grand Prix,2022-07-31,Max Verstappen,VER,33.0,Red Bull
9443,1086,815,9,11,11,1:19.118,1:18.516,,2022,13,11,Hungarian Grand Prix,2022-07-31,Sergio Pérez,PER,11.0,Red Bull
9444,1086,855,51,24,12,1:18.973,1:18.573,,2022,13,11,Hungarian Grand Prix,2022-07-31,Guanyu Zhou,ZHO,24.0,Alfa Romeo
9445,1086,825,210,20,13,1:18.993,1:18.825,,2022,13,11,Hungarian Grand Prix,2022-07-31,Kevin Magnussen,MAG,20.0,Haas F1 Team
9446,1086,840,117,18,14,1:19.205,1:19.137,,2022,13,11,Hungarian Grand Prix,2022-07-31,Lance Stroll,STR,18.0,Aston Martin
9447,1086,854,210,47,15,1:19.164,1:19.202,,2022,13,11,Hungarian Grand Prix,2022-07-31,Mick Schumacher,MSC,47.0,Haas F1 Team
9448,1086,852,213,22,16,1:19.240,,,2022,13,11,Hungarian Grand Prix,2022-07-31,Yuki Tsunoda,TSU,22.0,AlphaTauri
9449,1086,848,3,23,17,1:19.256,,,2022,13,11,Hungarian Grand Prix,2022-07-31,Alexander Albon,ALB,23.0,Williams
9450,1086,20,117,5,18,1:19.273,,,2022,13,11,Hungarian Grand Prix,2022-07-31,Sebastian Vettel,VET,5.0,Aston Martin
9451,1086,842,213,10,19,1:19.527,,,2022,13,11,Hungarian Grand Prix,2022-07-31,Pierre Gasly,GAS,10.0,AlphaTauri
9452,1086,849,3,6,20,1:19.570,,,2022,13,11,Hungarian Grand Prix,2022-07-31,Nicholas Latifi,LAT,6.0,Williams
9453,1087,830,9,1,1,1:44.581,1:44.723,1:43.665,2022,14,13,Belgian Grand Prix,2022-08-28,Max Verstappen,VER,33.0,Red Bull
9454,1087,832,6,55,2,1:45.050,1:45.418,1:44.297,2022,14,13,Belgian Grand Prix,2022-08-28,Carlos Sainz,SAI,55.0,Ferrari
9455,1087,815,9,11,3,1:45.377,1:44.794,1:44.462,2022,14,13,Belgian Grand Prix,2022-08-28,Sergio Pérez,PER,11.0,Red Bull
9456,1087,844,6,16,4,1:45.572,1:44.551,1:44.553,2022,14,13,Belgian Grand Prix,2022-08-28,Charles Leclerc,LEC,16.0,Ferrari
9457,1087,839,214,31,5,1:46.039,1:45.475,1:45.180,2022,14,13,Belgian Grand Prix,2022-08-28,Esteban Ocon,OCO,31.0,Alpine F1 Team
9458,1087,4,214,14,6,1:46.075,1:45.552,1:45.368,2022,14,13,Belgian Grand Prix,2022-08-28,Fernando Alonso,ALO,14.0,Alpine F1 Team
9459,1087,1,131,44,7,1:45.736,1:45.420,1:45.503,2022,14,13,Belgian Grand Prix,2022-08-28,Lewis Hamilton,HAM,44.0,Mercedes
9460,1087,847,131,63,8,1:45.650,1:45.461,1:45.776,2022,14,13,Belgian Grand Prix,2022-08-28,George Russell,RUS,63.0,Mercedes
9461,1087,848,3,23,9,1:45.672,1:45.675,1:45.837,2022,14,13,Belgian Grand Prix,2022-08-28,Alexander Albon,ALB,23.0,Williams
9462,1087,846,1,4,10,1:45.745,1:45.603,1:46.178,2022,14,13,Belgian Grand Prix,2022-08-28,Lando Norris,NOR,4.0,McLaren
9463,1087,817,1,3,11,1:46.212,1:45.767,,2022,14,13,Belgian Grand Prix,2022-08-28,Daniel Ricciardo,RIC,3.0,McLaren
9464,1087,842,213,10,12,1:46.183,1:45.827,,2022,14,13,Belgian Grand Prix,2022-08-28,Pierre Gasly,GAS,10.0,AlphaTauri
9465,1087,855,51,24,13,1:46.178,1:46.085,,2022,14,13,Belgian Grand Prix,2022-08-28,Guanyu Zhou,ZHO,24.0,Alfa Romeo
9466,1087,840,117,18,14,1:46.256,1:46.611,,2022,14,13,Belgian Grand Prix,2022-08-28,Lance Stroll,STR,18.0,Aston Martin
9467,1087,854,210,47,15,1:46.342,1:47.718,,2022,14,13,Belgian Grand Prix,2022-08-28,Mick Schumacher,MSC,47.0,Haas F1 Team
9468,1087,20,117,5,16,1:46.344,,,2022,14,13,Belgian Grand Prix,2022-08-28,Sebastian Vettel,VET,5.0,Aston Martin
9469,1087,849,3,6,17,1:46.401,,,2022,14,13,Belgian Grand Prix,2022-08-28,Nicholas Latifi,LAT,6.0,Williams
9470,1087,825,210,20,18,1:46.557,,,2022,14,13,Belgian Grand Prix,2022-08-28,Kevin Magnussen,MAG,20.0,Haas F1 Team
9471,1087,852,213,22,19,1:46.692,,,2022,14,13,Belgian Grand Prix,2022-08-28,Yuki Tsunoda,TSU,22.0,AlphaTauri
9472,1087,822,51,77,20,1:47.866,,,2022,14,13,Belgian Grand Prix,2022-08-28,Valtteri Bottas,BOT,77.0,Alfa Romeo
9473,1088,830,9,1,1,1:11.317,1:10.927,1:10.342,2022,15,39,Dutch Grand Prix,2022-09-04,Max Verstappen,VER,33.0,Red Bull
9474,1088,844,6,16,2,1:11.443,1:10.988,1:10.363,2022,15,39,Dutch Grand Prix,2022-09-04,Charles Leclerc,LEC,16.0,Ferrari
9475,1088,832,6,55,3,1:11.767,1:10.814,1:10.434,2022,15,39,Dutch Grand Prix,2022-09-04,Carlos Sainz,SAI,55.0,Ferrari
9476,1088,1,131,44,4,1:11.331,1:11.075,1:10.648,2022,15,39,Dutch Grand Prix,2022-09-04,Lewis Hamilton,HAM,44.0,Mercedes
9477,1088,815,9,11,5,1:11.641,1:11.314,1:11.077,2022,15,39,Dutch Grand Prix,2022-09-04,Sergio Pérez,PER,11.0,Red Bull
9478,1088,847,131,63,6,1:11.561,1:10.824,1:11.147,2022,15,39,Dutch Grand Prix,2022-09-04,George Russell,RUS,63.0,Mercedes
9479,1088,846,1,4,7,1:11.556,1:11.116,1:11.174,2022,15,39,Dutch Grand Prix,2022-09-04,Lando Norris,NOR,4.0,McLaren
9480,1088,854,210,47,8,1:11.741,1:11.420,1:11.442,2022,15,39,Dutch Grand Prix,2022-09-04,Mick Schumacher,MSC,47.0,Haas F1 Team
9481,1088,852,213,22,9,1:11.427,1:11.428,1:12.556,2022,15,39,Dutch Grand Prix,2022-09-04,Yuki Tsunoda,TSU,22.0,AlphaTauri
9482,1088,840,117,18,10,1:11.568,1:11.416,,2022,15,39,Dutch Grand Prix,2022-09-04,Lance Stroll,STR,18.0,Aston Martin
9483,1088,842,213,10,11,1:11.705,1:11.512,,2022,15,39,Dutch Grand Prix,2022-09-04,Pierre Gasly,GAS,10.0,AlphaTauri
9484,1088,839,214,31,12,1:11.748,1:11.605,,2022,15,39,Dutch Grand Prix,2022-09-04,Esteban Ocon,OCO,31.0,Alpine F1 Team
9485,1088,4,214,14,13,1:11.667,1:11.613,,2022,15,39,Dutch Grand Prix,2022-09-04,Fernando Alonso,ALO,14.0,Alpine F1 Team
9486,1088,855,51,24,14,1:11.826,1:11.704,,2022,15,39,Dutch Grand Prix,2022-09-04,Guanyu Zhou,ZHO,24.0,Alfa Romeo
9487,1088,848,3,23,15,1:11.695,1:11.802,,2022,15,39,Dutch Grand Prix,2022-09-04,Alexander Albon,ALB,23.0,Williams
9488,1088,822,51,77,16,1:11.961,,,2022,15,39,Dutch Grand Prix,2022-09-04,Valtteri Bottas,BOT,77.0,Alfa Romeo
9489,1088,817,1,3,17,1:12.081,,,2022,15,39,Dutch Grand Prix,2022-09-04,Daniel Ricciardo,RIC,3.0,McLaren
9490,1088,825,210,20,18,1:12.319,,,2022,15,39,Dutch Grand Prix,2022-09-04,Kevin Magnussen,MAG,20.0,Haas F1 Team
9491,1088,20,117,5,19,1:12.391,,,2022,15,39,Dutch Grand Prix,2022-09-04,Sebastian Vettel,VET,5.0,Aston Martin
9492,1088,849,3,6,20,1:13.353,,,2022,15,39,Dutch Grand Prix,2022-09-04,Nicholas Latifi,LAT,6.0,Williams
9493,1089,844,6,16,1,1:21.280,1:21.208,1:20.161,2022,16,14,Italian Grand Prix,2022-09-11,Charles Leclerc,LEC,16.0,Ferrari
9494,1089,830,9,1,2,1:20.922,1:21.265,1:20.306,2022,16,14,Italian Grand Prix,2022-09-11,Max Verstappen,VER,33.0,Red Bull
9495,1089,832,6,55,3,1:21.348,1:20.878,1:20.429,2022,16,14,Italian Grand Prix,2022-09-11,Carlos Sainz,SAI,55.0,Ferrari
9496,1089,815,9,11,4,1:21.495,1:21.358,1:21.206,2022,16,14,Italian Grand Prix,2022-09-11,Sergio Pérez,PER,11.0,Red Bull
9497,1089,1,131,44,5,1:22.048,1:21.708,1:21.524,2022,16,14,Italian Grand Prix,2022-09-11,Lewis Hamilton,HAM,44.0,Mercedes
9498,1089,847,131,63,6,1:21.785,1:21.747,1:21.542,2022,16,14,Italian Grand Prix,2022-09-11,George Russell,RUS,63.0,Mercedes
9499,1089,846,1,4,7,1:22.130,1:21.831,1:21.584,2022,16,14,Italian Grand Prix,2022-09-11,Lando Norris,NOR,4.0,McLaren
9500,1089,817,1,3,8,1:22.139,1:21.855,1:21.925,2022,16,14,Italian Grand Prix,2022-09-11,Daniel Ricciardo,RIC,3.0,McLaren
9501,1089,842,213,10,9,1:22.010,1:22.062,1:22.648,2022,16,14,Italian Grand Prix,2022-09-11,Pierre Gasly,GAS,10.0,AlphaTauri
9502,1089,4,214,14,10,1:22.089,1:21.861,,2022,16,14,Italian Grand Prix,2022-09-11,Fernando Alonso,ALO,14.0,Alpine F1 Team
9503,1089,839,214,31,11,1:22.166,1:22.130,,2022,16,14,Italian Grand Prix,2022-09-11,Esteban Ocon,OCO,31.0,Alpine F1 Team
9504,1089,822,51,77,12,1:22.254,1:22.235,,2022,16,14,Italian Grand Prix,2022-09-11,Valtteri Bottas,BOT,77.0,Alfa Romeo
9505,1089,856,3,45,13,1:22.567,1:22.471,,2022,16,14,Italian Grand Prix,2022-09-11,Nyck de Vries,DEV,21.0,Williams
9506,1089,855,51,24,14,1:22.003,1:22.577,,2022,16,14,Italian Grand Prix,2022-09-11,Guanyu Zhou,ZHO,24.0,Alfa Romeo
9507,1089,852,213,22,15,1:22.020,,,2022,16,14,Italian Grand Prix,2022-09-11,Yuki Tsunoda,TSU,22.0,AlphaTauri
9508,1089,849,3,6,16,1:22.587,,,2022,16,14,Italian Grand Prix,2022-09-11,Nicholas Latifi,LAT,6.0,Williams
9509,1089,20,117,5,17,1:22.636,,,2022,16,14,Italian Grand Prix,2022-09-11,Sebastian Vettel,VET,5.0,Aston Martin
9510,1089,840,117,18,18,1:22.748,,,2022,16,14,Italian Grand Prix,2022-09-11,Lance Stroll,STR,18.0,Aston Martin
9511,1089,825,210,20,19,1:22.908,,,2022,16,14,Italian Grand Prix,2022-09-11,Kevin Magnussen,MAG,20.0,Haas F1 Team
9512,1089,854,210,47,20,1:23.005,,,2022,16,14,Italian Grand Prix,2022-09-11,Mick Schumacher,MSC,47.0,Haas F1 Team
9513,1091,844,6,16,1,1:54.129,1:52.343,1:49.412,2022,17,15,Singapore Grand Prix,2022-10-02,Charles Leclerc,LEC,16.0,Ferrari
9514,1091,815,9,11,2,1:54.404,1:52.818,1:49.434,2022,17,15,Singapore Grand Prix,2022-10-02,Sergio Pérez,PER,11.0,Red Bull
9515,1091,1,131,44,3,1:53.161,1:52.691,1:49.466,2022,17,15,Singapore Grand Prix,2022-10-02,Lewis Hamilton,HAM,44.0,Mercedes
9516,1091,832,6,55,4,1:54.559,1:53.219,1:49.583,2022,17,15,Singapore Grand Prix,2022-10-02,Carlos Sainz,SAI,55.0,Ferrari
9517,1091,4,214,14,5,1:55.360,1:53.127,1:49.966,2022,17,15,Singapore Grand Prix,2022-10-02,Fernando Alonso,ALO,14.0,Alpine F1 Team
9518,1091,846,1,4,6,1:55.914,1:53.942,1:50.584,2022,17,15,Singapore Grand Prix,2022-10-02,Lando Norris,NOR,4.0,McLaren
9519,1091,842,213,10,7,1:55.606,1:53.546,1:51.211,2022,17,15,Singapore Grand Prix,2022-10-02,Pierre Gasly,GAS,10.0,AlphaTauri
9520,1091,830,9,1,8,1:53.057,1:52.723,1:51.395,2022,17,15,Singapore Grand Prix,2022-10-02,Max Verstappen,VER,33.0,Red Bull
9521,1091,825,210,20,9,1:55.103,1:54.006,1:51.573,2022,17,15,Singapore Grand Prix,2022-10-02,Kevin Magnussen,MAG,20.0,Haas F1 Team
9522,1091,852,213,22,10,1:55.314,1:53.848,1:51.983,2022,17,15,Singapore Grand Prix,2022-10-02,Yuki Tsunoda,TSU,22.0,AlphaTauri
9523,1091,847,131,63,11,1:54.633,1:54.012,,2022,17,15,Singapore Grand Prix,2022-10-02,George Russell,RUS,63.0,Mercedes
9524,1091,840,117,18,12,1:55.629,1:54.211,,2022,17,15,Singapore Grand Prix,2022-10-02,Lance Stroll,STR,18.0,Aston Martin
9525,1091,854,210,47,13,1:55.736,1:54.370,,2022,17,15,Singapore Grand Prix,2022-10-02,Mick Schumacher,MSC,47.0,Haas F1 Team
9526,1091,20,117,5,14,1:55.602,1:54.380,,2022,17,15,Singapore Grand Prix,2022-10-02,Sebastian Vettel,VET,5.0,Aston Martin
9527,1091,855,51,24,15,1:55.375,1:55.518,,2022,17,15,Singapore Grand Prix,2022-10-02,Guanyu Zhou,ZHO,24.0,Alfa Romeo
9528,1091,822,51,77,16,1:56.083,,,2022,17,15,Singapore Grand Prix,2022-10-02,Valtteri Bottas,BOT,77.0,Alfa Romeo
9529,1091,817,1,3,17,1:56.226,,,2022,17,15,Singapore Grand Prix,2022-10-02,Daniel Ricciardo,RIC,3.0,McLaren
9530,1091,839,214,31,18,1:56.337,,,2022,17,15,Singapore Grand Prix,2022-10-02,Esteban Ocon,OCO,31.0,Alpine F1 Team
9531,1091,848,3,23,19,1:56.985,,,2022,17,15,Singapore Grand Prix,2022-10-02,Alexander Albon,ALB,23.0,Williams
9532,1091,849,3,6,20,1:57.532,,,2022,17,15,Singapore Grand Prix,2022-10-02,Nicholas Latifi,LAT,6.0,Williams
9533,1092,830,9,1,1,1:30.224,1:30.346,1:29.304,2022,18,22,Japanese Grand Prix,2022-10-09,Max Verstappen,VER,33.0,Red Bull
9534,1092,844,6,16,2,1:30.402,1:30.486,1:29.314,2022,18,22,Japanese Grand Prix,2022-10-09,Charles Leclerc,LEC,16.0,Ferrari
9535,1092,832,6,55,3,1:30.336,1:30.444,1:29.361,2022,18,22,Japanese Grand Prix,2022-10-09,Carlos Sainz,SAI,55.0,Ferrari
9536,1092,815,9,11,4,1:30.622,1:29.925,1:29.709,2022,18,22,Japanese Grand Prix,2022-10-09,Sergio Pérez,PER,11.0,Red Bull
9537,1092,839,214,31,5,1:30.696,1:30.357,1:30.165,2022,18,22,Japanese Grand Prix,2022-10-09,Esteban Ocon,OCO,31.0,Alpine F1 Team
9538,1092,1,131,44,6,1:30.906,1:30.443,1:30.261,2022,18,22,Japanese Grand Prix,2022-10-09,Lewis Hamilton,HAM,44.0,Mercedes
9539,1092,4,214,14,7,1:30.603,1:30.343,1:30.322,2022,18,22,Japanese Grand Prix,2022-10-09,Fernando Alonso,ALO,14.0,Alpine F1 Team
9540,1092,847,131,63,8,1:30.865,1:30.465,1:30.389,2022,18,22,Japanese Grand Prix,2022-10-09,George Russell,RUS,63.0,Mercedes
9541,1092,20,117,5,9,1:31.256,1:30.656,1:30.554,2022,18,22,Japanese Grand Prix,2022-10-09,Sebastian Vettel,VET,5.0,Aston Martin
9542,1092,846,1,4,10,1:30.881,1:30.473,1:31.003,2022,18,22,Japanese Grand Prix,2022-10-09,Lando Norris,NOR,4.0,McLaren
9543,1092,817,1,3,11,1:30.880,1:30.659,,2022,18,22,Japanese Grand Prix,2022-10-09,Daniel Ricciardo,RIC,3.0,McLaren
9544,1092,822,51,77,12,1:31.226,1:30.709,,2022,18,22,Japanese Grand Prix,2022-10-09,Valtteri Bottas,BOT,77.0,Alfa Romeo
9545,1092,852,213,22,13,1:31.130,1:30.808,,2022,18,22,Japanese Grand Prix,2022-10-09,Yuki Tsunoda,TSU,22.0,AlphaTauri
9546,1092,855,51,24,14,1:30.894,1:30.953,,2022,18,22,Japanese Grand Prix,2022-10-09,Guanyu Zhou,ZHO,24.0,Alfa Romeo
9547,1092,854,210,47,15,1:31.152,1:31.439,,2022,18,22,Japanese Grand Prix,2022-10-09,Mick Schumacher,MSC,47.0,Haas F1 Team
9548,1092,848,3,23,16,1:31.311,,,2022,18,22,Japanese Grand Prix,2022-10-09,Alexander Albon,ALB,23.0,Williams
9549,1092,842,213,10,17,1:31.322,,,2022,18,22,Japanese Grand Prix,2022-10-09,Pierre Gasly,GAS,10.0,AlphaTauri
9550,1092,825,210,20,18,1:31.352,,,2022,18,22,Japanese Grand Prix,2022-10-09,Kevin Magnussen,MAG,20.0,Haas F1 Team
9551,1092,840,117,18,19,1:31.419,,,2022,18,22,Japanese Grand Prix,2022-10-09,Lance Stroll,STR,18.0,Aston Martin
9552,1092,849,3,6,20,1:31.511,,,2022,18,22,Japanese Grand Prix,2022-10-09,Nicholas Latifi,LAT,6.0,Williams
9553,1093,832,6,55,1,1:35.297,1:35.590,1:34.356,2022,19,69,United States Grand Prix,2022-10-23,Carlos Sainz,SAI,55.0,Ferrari
9554,1093,844,6,16,2,1:35.795,1:35.246,1:34.421,2022,19,69,United States Grand Prix,2022-10-23,Charles Leclerc,LEC,16.0,Ferrari
9555,1093,830,9,1,3,1:35.864,1:35.294,1:34.448,2022,19,69,United States Grand Prix,2022-10-23,Max Verstappen,VER,33.0,Red Bull
9556,1093,815,9,11,4,1:36.163,1:35.864,1:34.645,2022,19,69,United States Grand Prix,2022-10-23,Sergio Pérez,PER,11.0,Red Bull
9557,1093,1,131,44,5,1:36.148,1:35.732,1:34.947,2022,19,69,United States Grand Prix,2022-10-23,Lewis Hamilton,HAM,44.0,Mercedes
9558,1093,847,131,63,6,1:36.195,1:35.692,1:34.988,2022,19,69,United States Grand Prix,2022-10-23,George Russell,RUS,63.0,Mercedes
9559,1093,840,117,18,7,1:36.860,1:36.032,1:35.598,2022,19,69,United States Grand Prix,2022-10-23,Lance Stroll,STR,18.0,Aston Martin
9560,1093,846,1,4,8,1:36.465,1:36.341,1:35.690,2022,19,69,United States Grand Prix,2022-10-23,Lando Norris,NOR,4.0,McLaren
9561,1093,4,214,14,9,1:36.446,1:35.988,1:35.876,2022,19,69,United States Grand Prix,2022-10-23,Fernando Alonso,ALO,14.0,Alpine F1 Team
9562,1093,822,51,77,10,1:36.746,1:36.321,1:36.319,2022,19,69,United States Grand Prix,2022-10-23,Valtteri Bottas,BOT,77.0,Alfa Romeo
9563,1093,848,3,23,11,1:36.932,1:36.368,,2022,19,69,United States Grand Prix,2022-10-23,Alexander Albon,ALB,23.0,Williams
9564,1093,20,117,5,12,1:36.695,1:36.398,,2022,19,69,United States Grand Prix,2022-10-23,Sebastian Vettel,VET,5.0,Aston Martin
9565,1093,842,213,10,13,1:36.577,1:36.740,,2022,19,69,United States Grand Prix,2022-10-23,Pierre Gasly,GAS,10.0,AlphaTauri
9566,1093,855,51,24,14,1:36.656,1:36.970,,2022,19,69,United States Grand Prix,2022-10-23,Guanyu Zhou,ZHO,24.0,Alfa Romeo
9567,1093,852,213,22,15,1:36.808,1:37.147,,2022,19,69,United States Grand Prix,2022-10-23,Yuki Tsunoda,TSU,22.0,AlphaTauri
9568,1093,825,210,20,16,1:36.949,,,2022,19,69,United States Grand Prix,2022-10-23,Kevin Magnussen,MAG,20.0,Haas F1 Team
9569,1093,817,1,3,17,1:37.046,,,2022,19,69,United States Grand Prix,2022-10-23,Daniel Ricciardo,RIC,3.0,McLaren
9570,1093,839,214,31,18,1:37.068,,,2022,19,69,United States Grand Prix,2022-10-23,Esteban Ocon,OCO,31.0,Alpine F1 Team
9571,1093,854,210,47,19,1:37.111,,,2022,19,69,United States Grand Prix,2022-10-23,Mick Schumacher,MSC,47.0,Haas F1 Team
9572,1093,849,3,6,20,1:37.244,,,2022,19,69,United States Grand Prix,2022-10-23,Nicholas Latifi,LAT,6.0,Williams
9573,1094,830,9,1,1,1:19.222,1:18.566,1:17.775,2022,20,32,Mexico City Grand Prix,2022-10-30,Max Verstappen,VER,33.0,Red Bull
9574,1094,847,131,63,2,1:19.583,1:18.565,1:18.079,2022,20,32,Mexico City Grand Prix,2022-10-30,George Russell,RUS,63.0,Mercedes
9575,1094,1,131,44,3,1:19.169,1:18.552,1:18.084,2022,20,32,Mexico City Grand Prix,2022-10-30,Lewis Hamilton,HAM,44.0,Mercedes
9576,1094,815,9,11,4,1:19.706,1:18.615,1:18.128,2022,20,32,Mexico City Grand Prix,2022-10-30,Sergio Pérez,PER,11.0,Red Bull
9577,1094,832,6,55,5,1:19.566,1:18.560,1:18.351,2022,20,32,Mexico City Grand Prix,2022-10-30,Carlos Sainz,SAI,55.0,Ferrari
9578,1094,822,51,77,6,1:19.523,1:18.762,1:18.401,2022,20,32,Mexico City Grand Prix,2022-10-30,Valtteri Bottas,BOT,77.0,Alfa Romeo
9579,1094,844,6,16,7,1:19.505,1:19.109,1:18.555,2022,20,32,Mexico City Grand Prix,2022-10-30,Charles Leclerc,LEC,16.0,Ferrari
9580,1094,846,1,4,8,1:19.857,1:19.119,1:18.721,2022,20,32,Mexico City Grand Prix,2022-10-30,Lando Norris,NOR,4.0,McLaren
9581,1094,4,214,14,9,1:20.006,1:19.272,1:18.939,2022,20,32,Mexico City Grand Prix,2022-10-30,Fernando Alonso,ALO,14.0,Alpine F1 Team
9582,1094,839,214,31,10,1:19.945,1:19.081,1:19.010,2022,20,32,Mexico City Grand Prix,2022-10-30,Esteban Ocon,OCO,31.0,Alpine F1 Team
9583,1094,817,1,3,11,1:20.279,1:19.325,,2022,20,32,Mexico City Grand Prix,2022-10-30,Daniel Ricciardo,RIC,3.0,McLaren
9584,1094,855,51,24,12,1:20.283,1:19.476,,2022,20,32,Mexico City Grand Prix,2022-10-30,Guanyu Zhou,ZHO,24.0,Alfa Romeo
9585,1094,852,213,22,13,1:19.907,1:19.589,,2022,20,32,Mexico City Grand Prix,2022-10-30,Yuki Tsunoda,TSU,22.0,AlphaTauri
9586,1094,842,213,10,14,1:20.256,1:19.672,,2022,20,32,Mexico City Grand Prix,2022-10-30,Pierre Gasly,GAS,10.0,AlphaTauri
9587,1094,825,210,20,15,1:20.293,1:19.833,,2022,20,32,Mexico City Grand Prix,2022-10-30,Kevin Magnussen,MAG,20.0,Haas F1 Team
9588,1094,854,210,47,16,1:20.419,,,2022,20,32,Mexico City Grand Prix,2022-10-30,Mick Schumacher,MSC,47.0,Haas F1 Team
9589,1094,20,117,5,17,1:20.419,,,2022,20,32,Mexico City Grand Prix,2022-10-30,Sebastian Vettel,VET,5.0,Aston Martin
9590,1094,840,117,18,18,1:20.520,,,2022,20,32,Mexico City Grand Prix,2022-10-30,Lance Stroll,STR,18.0,Aston Martin
9591,1094,848,3,23,19,1:20.859,,,2022,20,32,Mexico City Grand Prix,2022-10-30,Alexander Albon,ALB,23.0,Williams
9592,1094,849,3,6,20,1:21.167,,,2022,20,32,Mexico City Grand Prix,2022-10-30,Nicholas Latifi,LAT,6.0,Williams
9593,1095,825,210,20,1,1:13.954,1:11.410,1:11.674,2022,21,18,São Paulo Grand Prix,2022-11-13,Kevin Magnussen,MAG,20.0,Haas F1 Team
9594,1095,830,9,1,2,1:13.625,1:10.881,1:11.877,2022,21,18,São Paulo Grand Prix,2022-11-13,Max Verstappen,VER,33.0,Red Bull
9595,1095,847,131,63,3,1:14.427,1:11.318,1:12.059,2022,21,18,São Paulo Grand Prix,2022-11-13,George Russell,RUS,63.0,Mercedes
9596,1095,846,1,4,4,1:13.106,1:11.377,1:12.263,2022,21,18,São Paulo Grand Prix,2022-11-13,Lando Norris,NOR,4.0,McLaren
9597,1095,832,6,55,5,1:14.680,1:10.890,1:12.357,2022,21,18,São Paulo Grand Prix,2022-11-13,Carlos Sainz,SAI,55.0,Ferrari
9598,1095,839,214,31,6,1:14.663,1:11.587,1:12.425,2022,21,18,São Paulo Grand Prix,2022-11-13,Esteban Ocon,OCO,31.0,Alpine F1 Team
9599,1095,4,214,14,7,1:13.542,1:11.394,1:12.504,2022,21,18,São Paulo Grand Prix,2022-11-13,Fernando Alonso,ALO,14.0,Alpine F1 Team
9600,1095,1,131,44,8,1:13.403,1:11.539,1:12.611,2022,21,18,São Paulo Grand Prix,2022-11-13,Lewis Hamilton,HAM,44.0,Mercedes
9601,1095,815,9,11,9,1:13.613,1:11.456,1:15.601,2022,21,18,São Paulo Grand Prix,2022-11-13,Sergio Pérez,PER,11.0,Red Bull
9602,1095,844,6,16,10,1:14.486,1:10.950,,2022,21,18,São Paulo Grand Prix,2022-11-13,Charles Leclerc,LEC,16.0,Ferrari
9603,1095,848,3,23,11,1:14.324,1:11.631,,2022,21,18,São Paulo Grand Prix,2022-11-13,Alexander Albon,ALB,23.0,Williams
9604,1095,842,213,10,12,1:14.371,1:11.675,,2022,21,18,São Paulo Grand Prix,2022-11-13,Pierre Gasly,GAS,10.0,AlphaTauri
9605,1095,20,117,5,13,1:13.597,1:11.678,,2022,21,18,São Paulo Grand Prix,2022-11-13,Sebastian Vettel,VET,5.0,Aston Martin
9606,1095,817,1,3,14,1:14.931,1:12.140,,2022,21,18,São Paulo Grand Prix,2022-11-13,Daniel Ricciardo,RIC,3.0,McLaren
9607,1095,849,3,6,16,1:15.095,,,2022,21,18,São Paulo Grand Prix,2022-11-13,Nicholas Latifi,LAT,6.0,Williams
9608,1095,855,51,24,17,1:15.197,,,2022,21,18,São Paulo Grand Prix,2022-11-13,Guanyu Zhou,ZHO,24.0,Alfa Romeo
9609,1095,822,51,77,18,1:15.486,,,2022,21,18,São Paulo Grand Prix,2022-11-13,Valtteri Bottas,BOT,77.0,Alfa Romeo
9610,1095,852,213,22,19,1:16.264,,,2022,21,18,São Paulo Grand Prix,2022-11-13,Yuki Tsunoda,TSU,22.0,AlphaTauri
9611,1095,854,210,47,20,1:16.361,,,2022,21,18,São Paulo Grand Prix,2022-11-13,Mick Schumacher,MSC,47.0,Haas F1 Team
9612,1095,840,117,18,15,1:14.398,1:12.210,,2022,21,18,São Paulo Grand Prix,2022-11-13,Lance Stroll,STR,18.0,Aston Martin
9613,1096,830,9,1,1,1:24.754,1:24.622,1:23.824,2022,22,24,Abu Dhabi Grand Prix,2022-11-20,Max Verstappen,VER,33.0,Red Bull
9614,1096,815,9,11,2,1:24.820,1:24.419,1:24.052,2022,22,24,Abu Dhabi Grand Prix,2022-11-20,Sergio Pérez,PER,11.0,Red Bull
9615,1096,844,6,16,3,1:25.211,1:24.517,1:24.092,2022,22,24,Abu Dhabi Grand Prix,2022-11-20,Charles Leclerc,LEC,16.0,Ferrari
9616,1096,832,6,55,4,1:25.090,1:24.521,1:24.242,2022,22,24,Abu Dhabi Grand Prix,2022-11-20,Carlos Sainz,SAI,55.0,Ferrari
9617,1096,1,131,44,5,1:25.594,1:24.774,1:24.508,2022,22,24,Abu Dhabi Grand Prix,2022-11-20,Lewis Hamilton,HAM,44.0,Mercedes
9618,1096,847,131,63,6,1:25.545,1:24.940,1:24.511,2022,22,24,Abu Dhabi Grand Prix,2022-11-20,George Russell,RUS,63.0,Mercedes
9619,1096,846,1,4,7,1:25.387,1:24.903,1:24.769,2022,22,24,Abu Dhabi Grand Prix,2022-11-20,Lando Norris,NOR,4.0,McLaren
9620,1096,839,214,31,8,1:25.735,1:25.007,1:24.830,2022,22,24,Abu Dhabi Grand Prix,2022-11-20,Esteban Ocon,OCO,31.0,Alpine F1 Team
9621,1096,20,117,5,9,1:25.523,1:24.974,1:24.961,2022,22,24,Abu Dhabi Grand Prix,2022-11-20,Sebastian Vettel,VET,5.0,Aston Martin
9622,1096,817,1,3,10,1:25.766,1:25.068,1:25.045,2022,22,24,Abu Dhabi Grand Prix,2022-11-20,Daniel Ricciardo,RIC,3.0,McLaren
9623,1096,4,214,14,11,1:25.782,1:25.096,,2022,22,24,Abu Dhabi Grand Prix,2022-11-20,Fernando Alonso,ALO,14.0,Alpine F1 Team
9624,1096,852,213,22,12,1:25.630,1:25.219,,2022,22,24,Abu Dhabi Grand Prix,2022-11-20,Yuki Tsunoda,TSU,22.0,AlphaTauri
9625,1096,854,210,47,13,1:25.711,1:25.225,,2022,22,24,Abu Dhabi Grand Prix,2022-11-20,Mick Schumacher,MSC,47.0,Haas F1 Team
9626,1096,840,117,18,14,1:25.741,1:25.359,,2022,22,24,Abu Dhabi Grand Prix,2022-11-20,Lance Stroll,STR,18.0,Aston Martin
9627,1096,855,51,24,15,1:25.594,1:25.408,,2022,22,24,Abu Dhabi Grand Prix,2022-11-20,Guanyu Zhou,ZHO,24.0,Alfa Romeo
9628,1096,825,210,20,16,1:25.834,,,2022,22,24,Abu Dhabi Grand Prix,2022-11-20,Kevin Magnussen,MAG,20.0,Haas F1 Team
9629,1096,842,213,10,17,1:25.859,,,2022,22,24,Abu Dhabi Grand Prix,2022-11-20,Pierre Gasly,GAS,10.0,AlphaTauri
9630,1096,822,51,77,18,1:25.892,,,2022,22,24,Abu Dhabi Grand Prix,2022-11-20,Valtteri Bottas,BOT,77.0,Alfa Romeo
9631,1096,848,3,23,19,1:26.028,,,2022,22,24,Abu Dhabi Grand Prix,2022-11-20,Alexander Albon,ALB,23.0,Williams
9632,1096,849,3,6,20,1:26.054,,,2022,22,24,Abu Dhabi Grand Prix,2022-11-20,Nicholas Latifi,LAT,6.0,Williams
9633,1098,830,9,1,1,1:31.295,1:30.503,1:29.708,2023,1,3,Bahrain Grand Prix,2023-03-05,Max Verstappen,VER,33.0,Red Bull
9634,1098,815,9,11,2,1:31.479,1:30.746,1:29.846,2023,1,3,Bahrain Grand Prix,2023-03-05,Sergio Pérez,PER,11.0,Red Bull
9635,1098,844,6,16,3,1:31.094,1:30.282,1:30.000,2023,1,3,Bahrain Grand Prix,2023-03-05,Charles Leclerc,LEC,16.0,Ferrari
9636,1098,832,6,55,4,1:30.993,1:30.515,1:30.154,2023,1,3,Bahrain Grand Prix,2023-03-05,Carlos Sainz,SAI,55.0,Ferrari
9637,1098,4,117,14,5,1:31.158,1:30.645,1:30.336,2023,1,3,Bahrain Grand Prix,2023-03-05,Fernando Alonso,ALO,14.0,Aston Martin
9638,1098,847,131,63,6,1:31.057,1:30.507,1:30.340,2023,1,3,Bahrain Grand Prix,2023-03-05,George Russell,RUS,63.0,Mercedes
9639,1098,1,131,44,7,1:31.543,1:30.513,1:30.384,2023,1,3,Bahrain Grand Prix,2023-03-05,Lewis Hamilton,HAM,44.0,Mercedes
9640,1098,840,117,18,8,1:31.184,1:31.127,1:30.836,2023,1,3,Bahrain Grand Prix,2023-03-05,Lance Stroll,STR,18.0,Aston Martin
9641,1098,839,214,31,9,1:31.508,1:30.914,1:30.984,2023,1,3,Bahrain Grand Prix,2023-03-05,Esteban Ocon,OCO,31.0,Alpine F1 Team
9642,1098,807,210,27,10,1:31.204,1:30.809,,2023,1,3,Bahrain Grand Prix,2023-03-05,Nico Hülkenberg,HUL,27.0,Haas F1 Team
9643,1098,846,1,4,11,1:31.652,1:31.381,,2023,1,3,Bahrain Grand Prix,2023-03-05,Lando Norris,NOR,4.0,McLaren
9644,1098,822,51,77,12,1:31.504,1:31.443,,2023,1,3,Bahrain Grand Prix,2023-03-05,Valtteri Bottas,BOT,77.0,Alfa Romeo
9645,1098,855,51,24,13,1:31.615,1:31.473,,2023,1,3,Bahrain Grand Prix,2023-03-05,Guanyu Zhou,ZHO,24.0,Alfa Romeo
9646,1098,852,213,22,14,1:31.400,1:32.510,,2023,1,3,Bahrain Grand Prix,2023-03-05,Yuki Tsunoda,TSU,22.0,AlphaTauri
9647,1098,848,3,23,15,1:31.461,,,2023,1,3,Bahrain Grand Prix,2023-03-05,Alexander Albon,ALB,23.0,Williams
9648,1098,858,3,2,16,1:31.652,,,2023,1,3,Bahrain Grand Prix,2023-03-05,Logan Sargeant,SAR,2.0,Williams
9649,1098,825,210,20,17,1:31.892,,,2023,1,3,Bahrain Grand Prix,2023-03-05,Kevin Magnussen,MAG,20.0,Haas F1 Team
9650,1098,857,1,81,18,1:32.101,,,2023,1,3,Bahrain Grand Prix,2023-03-05,Oscar Piastri,PIA,81.0,McLaren
9651,1098,856,213,21,19,1:32.121,,,2023,1,3,Bahrain Grand Prix,2023-03-05,Nyck de Vries,DEV,21.0,AlphaTauri
9652,1098,842,214,10,20,1:32.181,,,2023,1,3,Bahrain Grand Prix,2023-03-05,Pierre Gasly,GAS,10.0,Alpine F1 Team
9653,1099,815,9,11,1,1:29.244,1:28.635,1:28.265,2023,2,77,Saudi Arabian Grand Prix,2023-03-19,Sergio Pérez,PER,11.0,Red Bull
9654,1099,844,6,16,2,1:29.376,1:28.903,1:28.420,2023,2,77,Saudi Arabian Grand Prix,2023-03-19,Charles Leclerc,LEC,16.0,Ferrari
9655,1099,4,117,14,3,1:29.298,1:28.757,1:28.730,2023,2,77,Saudi Arabian Grand Prix,2023-03-19,Fernando Alonso,ALO,14.0,Aston Martin
9656,1099,847,131,63,4,1:29.592,1:29.132,1:28.857,2023,2,77,Saudi Arabian Grand Prix,2023-03-19,George Russell,RUS,63.0,Mercedes
9657,1099,832,6,55,5,1:29.411,1:28.957,1:28.931,2023,2,77,Saudi Arabian Grand Prix,2023-03-19,Carlos Sainz,SAI,55.0,Ferrari
9658,1099,840,117,18,6,1:29.335,1:28.962,1:28.945,2023,2,77,Saudi Arabian Grand Prix,2023-03-19,Lance Stroll,STR,18.0,Aston Martin
9659,1099,839,214,31,7,1:29.707,1:29.255,1:29.078,2023,2,77,Saudi Arabian Grand Prix,2023-03-19,Esteban Ocon,OCO,31.0,Alpine F1 Team
9660,1099,1,131,44,8,1:29.689,1:29.374,1:29.223,2023,2,77,Saudi Arabian Grand Prix,2023-03-19,Lewis Hamilton,HAM,44.0,Mercedes
9661,1099,857,1,81,9,1:29.706,1:29.378,1:29.243,2023,2,77,Saudi Arabian Grand Prix,2023-03-19,Oscar Piastri,PIA,81.0,McLaren
9662,1099,842,214,10,10,1:29.890,1:29.411,1:29.357,2023,2,77,Saudi Arabian Grand Prix,2023-03-19,Pierre Gasly,GAS,10.0,Alpine F1 Team
9663,1099,807,210,27,11,1:29.547,1:29.451,,2023,2,77,Saudi Arabian Grand Prix,2023-03-19,Nico Hülkenberg,HUL,27.0,Haas F1 Team
9664,1099,855,51,24,12,1:29.654,1:29.461,,2023,2,77,Saudi Arabian Grand Prix,2023-03-19,Guanyu Zhou,ZHO,24.0,Alfa Romeo
9665,1099,825,210,20,13,1:29.744,1:29.634,,2023,2,77,Saudi Arabian Grand Prix,2023-03-19,Kevin Magnussen,MAG,20.0,Haas F1 Team
9666,1099,822,51,77,14,1:29.929,1:29.668,,2023,2,77,Saudi Arabian Grand Prix,2023-03-19,Valtteri Bottas,BOT,77.0,Alfa Romeo
9667,1099,830,9,1,15,1:28.761,1:49.953,,2023,2,77,Saudi Arabian Grand Prix,2023-03-19,Max Verstappen,VER,33.0,Red Bull
9668,1099,852,213,22,16,1:29.939,,,2023,2,77,Saudi Arabian Grand Prix,2023-03-19,Yuki Tsunoda,TSU,22.0,AlphaTauri
9669,1099,848,3,23,17,1:29.994,,,2023,2,77,Saudi Arabian Grand Prix,2023-03-19,Alexander Albon,ALB,23.0,Williams
9670,1099,856,213,21,18,1:30.244,,,2023,2,77,Saudi Arabian Grand Prix,2023-03-19,Nyck de Vries,DEV,21.0,AlphaTauri
9671,1099,846,1,4,19,1:30.447,,,2023,2,77,Saudi Arabian Grand Prix,2023-03-19,Lando Norris,NOR,4.0,McLaren
9672,1099,858,3,2,20,2:08.510,,,2023,2,77,Saudi Arabian Grand Prix,2023-03-19,Logan Sargeant,SAR,2.0,Williams
9673,1100,830,9,1,1,1:17.384,1:17.056,1:16.732,2023,3,1,Australian Grand Prix,2023-04-02,Max Verstappen,VER,33.0,Red Bull
9674,1100,847,131,63,2,1:17.654,1:17.513,1:16.968,2023,3,1,Australian Grand Prix,2023-04-02,George Russell,RUS,63.0,Mercedes
9675,1100,1,131,44,3,1:17.689,1:17.551,1:17.104,2023,3,1,Australian Grand Prix,2023-04-02,Lewis Hamilton,HAM,44.0,Mercedes
9676,1100,4,117,14,4,1:17.832,1:17.283,1:17.139,2023,3,1,Australian Grand Prix,2023-04-02,Fernando Alonso,ALO,14.0,Aston Martin
9677,1100,832,6,55,5,1:17.928,1:17.349,1:17.270,2023,3,1,Australian Grand Prix,2023-04-02,Carlos Sainz,SAI,55.0,Ferrari
9678,1100,840,117,18,6,1:17.873,1:17.616,1:17.308,2023,3,1,Australian Grand Prix,2023-04-02,Lance Stroll,STR,18.0,Aston Martin
9679,1100,844,6,16,7,1:18.218,1:17.390,1:17.369,2023,3,1,Australian Grand Prix,2023-04-02,Charles Leclerc,LEC,16.0,Ferrari
9680,1100,848,3,23,8,1:17.962,1:17.761,1:17.609,2023,3,1,Australian Grand Prix,2023-04-02,Alexander Albon,ALB,23.0,Williams
9681,1100,842,214,10,9,1:18.312,1:17.574,1:17.675,2023,3,1,Australian Grand Prix,2023-04-02,Pierre Gasly,GAS,10.0,Alpine F1 Team
9682,1100,807,210,27,10,1:18.029,1:17.412,1:17.735,2023,3,1,Australian Grand Prix,2023-04-02,Nico Hülkenberg,HUL,27.0,Haas F1 Team
9683,1100,839,214,31,11,1:17.770,1:17.768,,2023,3,1,Australian Grand Prix,2023-04-02,Esteban Ocon,OCO,31.0,Alpine F1 Team
9684,1100,852,213,22,12,1:18.471,1:18.099,,2023,3,1,Australian Grand Prix,2023-04-02,Yuki Tsunoda,TSU,22.0,AlphaTauri
9685,1100,846,1,4,13,1:18.243,1:18.119,,2023,3,1,Australian Grand Prix,2023-04-02,Lando Norris,NOR,4.0,McLaren
9686,1100,825,210,20,14,1:18.159,1:18.129,,2023,3,1,Australian Grand Prix,2023-04-02,Kevin Magnussen,MAG,20.0,Haas F1 Team
9687,1100,856,213,21,15,1:18.450,1:18.335,,2023,3,1,Australian Grand Prix,2023-04-02,Nyck de Vries,DEV,21.0,AlphaTauri
9688,1100,857,1,81,16,1:18.517,,,2023,3,1,Australian Grand Prix,2023-04-02,Oscar Piastri,PIA,81.0,McLaren
9689,1100,855,51,24,17,1:18.540,,,2023,3,1,Australian Grand Prix,2023-04-02,Guanyu Zhou,ZHO,24.0,Alfa Romeo
9690,1100,858,3,2,18,1:18.557,,,2023,3,1,Australian Grand Prix,2023-04-02,Logan Sargeant,SAR,2.0,Williams
9691,1100,822,51,77,19,1:18.714,,,2023,3,1,Australian Grand Prix,2023-04-02,Valtteri Bottas,BOT,77.0,Alfa Romeo
9692,1100,815,9,11,20,,,,2023,3,1,Australian Grand Prix,2023-04-02,Sergio Pérez,PER,11.0,Red Bull
9693,1101,844,6,16,1,1:41.269,1:41.037,1:40.203,2023,4,73,Azerbaijan Grand Prix,2023-04-30,Charles Leclerc,LEC,16.0,Ferrari
9694,1101,830,9,1,2,1:41.398,1:40.822,1:40.391,2023,4,73,Azerbaijan Grand Prix,2023-04-30,Max Verstappen,VER,33.0,Red Bull
9695,1101,815,9,11,3,1:41.756,1:41.131,1:40.495,2023,4,73,Azerbaijan Grand Prix,2023-04-30,Sergio Pérez,PER,11.0,Red Bull
9696,1101,832,6,55,4,1:42.197,1:41.369,1:41.016,2023,4,73,Azerbaijan Grand Prix,2023-04-30,Carlos Sainz,SAI,55.0,Ferrari
9697,1101,1,131,44,5,1:42.113,1:41.650,1:41.177,2023,4,73,Azerbaijan Grand Prix,2023-04-30,Lewis Hamilton,HAM,44.0,Mercedes
9698,1101,4,117,14,6,1:41.720,1:41.370,1:41.253,2023,4,73,Azerbaijan Grand Prix,2023-04-30,Fernando Alonso,ALO,14.0,Aston Martin
9699,1101,846,1,4,7,1:42.154,1:41.485,1:41.281,2023,4,73,Azerbaijan Grand Prix,2023-04-30,Lando Norris,NOR,4.0,McLaren
9700,1101,852,213,22,8,1:42.234,1:41.569,1:41.581,2023,4,73,Azerbaijan Grand Prix,2023-04-30,Yuki Tsunoda,TSU,22.0,AlphaTauri
9701,1101,840,117,18,9,1:42.524,1:41.576,1:41.611,2023,4,73,Azerbaijan Grand Prix,2023-04-30,Lance Stroll,STR,18.0,Aston Martin
9702,1101,857,1,81,10,1:42.455,1:41.636,1:41.611,2023,4,73,Azerbaijan Grand Prix,2023-04-30,Oscar Piastri,PIA,81.0,McLaren
9703,1101,847,131,63,11,1:42.073,1:41.654,,2023,4,73,Azerbaijan Grand Prix,2023-04-30,George Russell,RUS,63.0,Mercedes
9704,1101,839,214,31,12,1:42.622,1:41.798,,2023,4,73,Azerbaijan Grand Prix,2023-04-30,Esteban Ocon,OCO,31.0,Alpine F1 Team
9705,1101,848,3,23,13,1:42.171,1:41.818,,2023,4,73,Azerbaijan Grand Prix,2023-04-30,Alexander Albon,ALB,23.0,Williams
9706,1101,822,51,77,14,1:42.582,1:42.259,,2023,4,73,Azerbaijan Grand Prix,2023-04-30,Valtteri Bottas,BOT,77.0,Alfa Romeo
9707,1101,858,3,2,15,1:42.242,1:42.395,,2023,4,73,Azerbaijan Grand Prix,2023-04-30,Logan Sargeant,SAR,2.0,Williams
9708,1101,855,51,24,16,1:42.642,,,2023,4,73,Azerbaijan Grand Prix,2023-04-30,Guanyu Zhou,ZHO,24.0,Alfa Romeo
9709,1101,807,210,27,17,1:42.755,,,2023,4,73,Azerbaijan Grand Prix,2023-04-30,Nico Hülkenberg,HUL,27.0,Haas F1 Team
9710,1101,825,210,20,18,1:43.417,,,2023,4,73,Azerbaijan Grand Prix,2023-04-30,Kevin Magnussen,MAG,20.0,Haas F1 Team
9711,1101,842,214,10,19,1:44.853,,,2023,4,73,Azerbaijan Grand Prix,2023-04-30,Pierre Gasly,GAS,10.0,Alpine F1 Team
9712,1101,856,213,21,20,,,,2023,4,73,Azerbaijan Grand Prix,2023-04-30,Nyck de Vries,DEV,21.0,AlphaTauri
9713,1102,815,9,11,1,1:27.713,1:27.328,1:26.841,2023,5,79,Miami Grand Prix,2023-05-07,Sergio Pérez,PER,11.0,Red Bull
9714,1102,4,117,14,2,1:28.179,1:27.097,1:27.202,2023,5,79,Miami Grand Prix,2023-05-07,Fernando Alonso,ALO,14.0,Aston Martin
9715,1102,832,6,55,3,1:27.686,1:27.148,1:27.349,2023,5,79,Miami Grand Prix,2023-05-07,Carlos Sainz,SAI,55.0,Ferrari
9716,1102,825,210,20,4,1:27.809,1:27.673,1:27.767,2023,5,79,Miami Grand Prix,2023-05-07,Kevin Magnussen,MAG,20.0,Haas F1 Team
9717,1102,842,214,10,5,1:28.061,1:27.612,1:27.786,2023,5,79,Miami Grand Prix,2023-05-07,Pierre Gasly,GAS,10.0,Alpine F1 Team
9718,1102,847,131,63,6,1:28.086,1:27.743,1:27.804,2023,5,79,Miami Grand Prix,2023-05-07,George Russell,RUS,63.0,Mercedes
9719,1102,844,6,16,7,1:27.713,1:26.964,1:27.861,2023,5,79,Miami Grand Prix,2023-05-07,Charles Leclerc,LEC,16.0,Ferrari
9720,1102,839,214,31,8,1:27.872,1:27.444,1:27.935,2023,5,79,Miami Grand Prix,2023-05-07,Esteban Ocon,OCO,31.0,Alpine F1 Team
9721,1102,830,9,1,9,1:27.363,1:26.814,,2023,5,79,Miami Grand Prix,2023-05-07,Max Verstappen,VER,33.0,Red Bull
9722,1102,822,51,77,10,1:27.864,1:27.564,,2023,5,79,Miami Grand Prix,2023-05-07,Valtteri Bottas,BOT,77.0,Alfa Romeo
9723,1102,848,3,23,11,1:28.234,1:27.795,,2023,5,79,Miami Grand Prix,2023-05-07,Alexander Albon,ALB,23.0,Williams
9724,1102,807,210,27,12,1:27.945,1:27.903,,2023,5,79,Miami Grand Prix,2023-05-07,Nico Hülkenberg,HUL,27.0,Haas F1 Team
9725,1102,1,131,44,13,1:27.846,1:27.975,,2023,5,79,Miami Grand Prix,2023-05-07,Lewis Hamilton,HAM,44.0,Mercedes
9726,1102,855,51,24,14,1:28.180,1:28.091,,2023,5,79,Miami Grand Prix,2023-05-07,Guanyu Zhou,ZHO,24.0,Alfa Romeo
9727,1102,856,213,21,15,1:28.325,1:28.395,,2023,5,79,Miami Grand Prix,2023-05-07,Nyck de Vries,DEV,21.0,AlphaTauri
9728,1102,846,1,4,16,1:28.394,,,2023,5,79,Miami Grand Prix,2023-05-07,Lando Norris,NOR,4.0,McLaren
9729,1102,852,213,22,17,1:28.429,,,2023,5,79,Miami Grand Prix,2023-05-07,Yuki Tsunoda,TSU,22.0,AlphaTauri
9730,1102,840,117,18,18,1:28.476,,,2023,5,79,Miami Grand Prix,2023-05-07,Lance Stroll,STR,18.0,Aston Martin
9731,1102,857,1,81,19,1:28.484,,,2023,5,79,Miami Grand Prix,2023-05-07,Oscar Piastri,PIA,81.0,McLaren
9732,1102,858,3,2,20,1:28.577,,,2023,5,79,Miami Grand Prix,2023-05-07,Logan Sargeant,SAR,2.0,Williams
9733,1104,830,9,1,1,1:12.386,1:11.908,1:11.365,2023,6,6,Monaco Grand Prix,2023-05-28,Max Verstappen,VER,33.0,Red Bull
9734,1104,4,117,14,2,1:12.886,1:12.107,1:11.449,2023,6,6,Monaco Grand Prix,2023-05-28,Fernando Alonso,ALO,14.0,Aston Martin
9735,1104,844,6,16,3,1:12.912,1:12.103,1:11.471,2023,6,6,Monaco Grand Prix,2023-05-28,Charles Leclerc,LEC,16.0,Ferrari
9736,1104,839,214,31,4,1:12.967,1:12.248,1:11.553,2023,6,6,Monaco Grand Prix,2023-05-28,Esteban Ocon,OCO,31.0,Alpine F1 Team
9737,1104,832,6,55,5,1:12.717,1:12.210,1:11.630,2023,6,6,Monaco Grand Prix,2023-05-28,Carlos Sainz,SAI,55.0,Ferrari
9738,1104,1,131,44,6,1:12.872,1:12.156,1:11.725,2023,6,6,Monaco Grand Prix,2023-05-28,Lewis Hamilton,HAM,44.0,Mercedes
9739,1104,842,214,10,7,1:13.033,1:12.169,1:11.933,2023,6,6,Monaco Grand Prix,2023-05-28,Pierre Gasly,GAS,10.0,Alpine F1 Team
9740,1104,847,131,63,8,1:12.769,1:12.151,1:11.964,2023,6,6,Monaco Grand Prix,2023-05-28,George Russell,RUS,63.0,Mercedes
9741,1104,852,213,22,9,1:12.642,1:12.249,1:12.082,2023,6,6,Monaco Grand Prix,2023-05-28,Yuki Tsunoda,TSU,22.0,AlphaTauri
9742,1104,846,1,4,10,1:12.877,1:12.377,1:12.254,2023,6,6,Monaco Grand Prix,2023-05-28,Lando Norris,NOR,4.0,McLaren
9743,1104,857,1,81,11,1:13.006,1:12.395,,2023,6,6,Monaco Grand Prix,2023-05-28,Oscar Piastri,PIA,81.0,McLaren
9744,1104,856,213,21,12,1:13.054,1:12.428,,2023,6,6,Monaco Grand Prix,2023-05-28,Nyck de Vries,DEV,21.0,AlphaTauri
9745,1104,848,3,23,13,1:12.706,1:12.527,,2023,6,6,Monaco Grand Prix,2023-05-28,Alexander Albon,ALB,23.0,Williams
9746,1104,840,117,18,14,1:12.722,1:12.623,,2023,6,6,Monaco Grand Prix,2023-05-28,Lance Stroll,STR,18.0,Aston Martin
9747,1104,822,51,77,15,1:13.038,1:12.625,,2023,6,6,Monaco Grand Prix,2023-05-28,Valtteri Bottas,BOT,77.0,Alfa Romeo
9748,1104,858,3,2,16,1:13.113,,,2023,6,6,Monaco Grand Prix,2023-05-28,Logan Sargeant,SAR,2.0,Williams
9749,1104,825,210,20,17,1:13.270,,,2023,6,6,Monaco Grand Prix,2023-05-28,Kevin Magnussen,MAG,20.0,Haas F1 Team
9750,1104,807,210,27,18,1:13.279,,,2023,6,6,Monaco Grand Prix,2023-05-28,Nico Hülkenberg,HUL,27.0,Haas F1 Team
9751,1104,855,51,24,19,1:13.523,,,2023,6,6,Monaco Grand Prix,2023-05-28,Guanyu Zhou,ZHO,24.0,Alfa Romeo
9752,1104,815,9,11,20,1:13.850,,,2023,6,6,Monaco Grand Prix,2023-05-28,Sergio Pérez,PER,11.0,Red Bull
9753,1105,830,9,1,1,1:13.615,1:12.760,1:12.272,2023,7,4,Spanish Grand Prix,2023-06-04,Max Verstappen,VER,33.0,Red Bull
9754,1105,832,6,55,2,1:13.411,1:12.790,1:12.734,2023,7,4,Spanish Grand Prix,2023-06-04,Carlos Sainz,SAI,55.0,Ferrari
9755,1105,846,1,4,3,1:13.295,1:12.776,1:12.792,2023,7,4,Spanish Grand Prix,2023-06-04,Lando Norris,NOR,4.0,McLaren
9756,1105,842,214,10,4,1:13.471,1:13.186,1:12.816,2023,7,4,Spanish Grand Prix,2023-06-04,Pierre Gasly,GAS,10.0,Alpine F1 Team
9757,1105,1,131,44,5,1:12.937,1:12.999,1:12.818,2023,7,4,Spanish Grand Prix,2023-06-04,Lewis Hamilton,HAM,44.0,Mercedes
9758,1105,840,117,18,6,1:13.766,1:13.082,1:12.994,2023,7,4,Spanish Grand Prix,2023-06-04,Lance Stroll,STR,18.0,Aston Martin
9759,1105,839,214,31,7,1:13.433,1:13.001,1:13.083,2023,7,4,Spanish Grand Prix,2023-06-04,Esteban Ocon,OCO,31.0,Alpine F1 Team
9760,1105,807,210,27,8,1:13.420,1:13.283,1:13.229,2023,7,4,Spanish Grand Prix,2023-06-04,Nico Hülkenberg,HUL,27.0,Haas F1 Team
9761,1105,4,117,14,9,1:13.747,1:13.098,1:13.507,2023,7,4,Spanish Grand Prix,2023-06-04,Fernando Alonso,ALO,14.0,Aston Martin
9762,1105,857,1,81,10,1:13.691,1:13.059,1:13.682,2023,7,4,Spanish Grand Prix,2023-06-04,Oscar Piastri,PIA,81.0,McLaren
9763,1105,815,9,11,11,1:13.874,1:13.334,,2023,7,4,Spanish Grand Prix,2023-06-04,Sergio Pérez,PER,11.0,Red Bull
9764,1105,847,131,63,12,1:13.326,1:13.447,,2023,7,4,Spanish Grand Prix,2023-06-04,George Russell,RUS,63.0,Mercedes
9765,1105,855,51,24,13,1:13.677,1:13.521,,2023,7,4,Spanish Grand Prix,2023-06-04,Guanyu Zhou,ZHO,24.0,Alfa Romeo
9766,1105,856,213,21,14,1:13.581,1:14.083,,2023,7,4,Spanish Grand Prix,2023-06-04,Nyck de Vries,DEV,21.0,AlphaTauri
9767,1105,852,213,22,15,1:13.862,1:14.477,,2023,7,4,Spanish Grand Prix,2023-06-04,Yuki Tsunoda,TSU,22.0,AlphaTauri
9768,1105,822,51,77,16,1:13.977,,,2023,7,4,Spanish Grand Prix,2023-06-04,Valtteri Bottas,BOT,77.0,Alfa Romeo
9769,1105,825,210,20,17,1:14.042,,,2023,7,4,Spanish Grand Prix,2023-06-04,Kevin Magnussen,MAG,20.0,Haas F1 Team
9770,1105,848,3,23,18,1:14.063,,,2023,7,4,Spanish Grand Prix,2023-06-04,Alexander Albon,ALB,23.0,Williams
9771,1105,844,6,16,19,1:14.079,,,2023,7,4,Spanish Grand Prix,2023-06-04,Charles Leclerc,LEC,16.0,Ferrari
9772,1105,858,3,2,20,1:14.699,,,2023,7,4,Spanish Grand Prix,2023-06-04,Logan Sargeant,SAR,2.0,Williams
9773,1106,830,9,1,1,1:20.851,1:19.092,1:25.858,2023,8,7,Canadian Grand Prix,2023-06-18,Max Verstappen,VER,33.0,Red Bull
9774,1106,807,210,27,2,1:22.730,1:20.305,1:27.102,2023,8,7,Canadian Grand Prix,2023-06-18,Nico Hülkenberg,HUL,27.0,Haas F1 Team
9775,1106,4,117,14,3,1:21.481,1:19.776,1:27.286,2023,8,7,Canadian Grand Prix,2023-06-18,Fernando Alonso,ALO,14.0,Aston Martin
9776,1106,1,131,44,4,1:21.554,1:20.426,1:27.627,2023,8,7,Canadian Grand Prix,2023-06-18,Lewis Hamilton,HAM,44.0,Mercedes
9777,1106,847,131,63,5,1:21.798,1:20.098,1:27.893,2023,8,7,Canadian Grand Prix,2023-06-18,George Russell,RUS,63.0,Mercedes
9778,1106,839,214,31,6,1:22.114,1:20.406,1:27.945,2023,8,7,Canadian Grand Prix,2023-06-18,Esteban Ocon,OCO,31.0,Alpine F1 Team
9779,1106,846,1,4,7,1:21.998,1:19.347,1:28.046,2023,8,7,Canadian Grand Prix,2023-06-18,Lando Norris,NOR,4.0,McLaren
9780,1106,832,6,55,8,1:22.248,1:19.856,1:29.294,2023,8,7,Canadian Grand Prix,2023-06-18,Carlos Sainz,SAI,55.0,Ferrari
9781,1106,857,1,81,9,1:22.190,1:19.659,1:31.349,2023,8,7,Canadian Grand Prix,2023-06-18,Oscar Piastri,PIA,81.0,McLaren
9782,1106,848,3,23,10,1:21.938,1:18.725,,2023,8,7,Canadian Grand Prix,2023-06-18,Alexander Albon,ALB,23.0,Williams
9783,1106,844,6,16,11,1:21.843,1:20.615,,2023,8,7,Canadian Grand Prix,2023-06-18,Charles Leclerc,LEC,16.0,Ferrari
9784,1106,815,9,11,12,1:22.151,1:20.959,,2023,8,7,Canadian Grand Prix,2023-06-18,Sergio Pérez,PER,11.0,Red Bull
9785,1106,840,117,18,13,1:22.677,1:21.484,,2023,8,7,Canadian Grand Prix,2023-06-18,Lance Stroll,STR,18.0,Aston Martin
9786,1106,825,210,20,14,1:22.351,1:21.678,,2023,8,7,Canadian Grand Prix,2023-06-18,Kevin Magnussen,MAG,20.0,Haas F1 Team
9787,1106,822,51,77,15,1:22.332,1:21.821,,2023,8,7,Canadian Grand Prix,2023-06-18,Valtteri Bottas,BOT,77.0,Alfa Romeo
9788,1106,852,213,22,16,1:22.746,,,2023,8,7,Canadian Grand Prix,2023-06-18,Yuki Tsunoda,TSU,22.0,AlphaTauri
9789,1106,842,214,10,17,1:22.886,,,2023,8,7,Canadian Grand Prix,2023-06-18,Pierre Gasly,GAS,10.0,Alpine F1 Team
9790,1106,856,213,21,18,1:23.137,,,2023,8,7,Canadian Grand Prix,2023-06-18,Nyck de Vries,DEV,21.0,AlphaTauri
9791,1106,858,3,2,19,1:23.337,,,2023,8,7,Canadian Grand Prix,2023-06-18,Logan Sargeant,SAR,2.0,Williams
9792,1106,855,51,24,20,1:23.342,,,2023,8,7,Canadian Grand Prix,2023-06-18,Guanyu Zhou,ZHO,24.0,Alfa Romeo
9793,1107,830,9,1,1,1:05.116,1:04.951,1:04.391,2023,9,70,Austrian Grand Prix,2023-07-02,Max Verstappen,VER,33.0,Red Bull
9794,1107,844,6,16,2,1:05.577,1:05.087,1:04.439,2023,9,70,Austrian Grand Prix,2023-07-02,Charles Leclerc,LEC,16.0,Ferrari
9795,1107,832,6,55,3,1:05.339,1:04.975,1:04.581,2023,9,70,Austrian Grand Prix,2023-07-02,Carlos Sainz,SAI,55.0,Ferrari
9796,1107,846,1,4,4,1:05.617,1:05.038,1:04.658,2023,9,70,Austrian Grand Prix,2023-07-02,Lando Norris,NOR,4.0,McLaren
9797,1107,1,131,44,5,1:05.673,1:05.188,1:04.819,2023,9,70,Austrian Grand Prix,2023-07-02,Lewis Hamilton,HAM,44.0,Mercedes
9798,1107,840,117,18,6,1:05.710,1:05.121,1:04.893,2023,9,70,Austrian Grand Prix,2023-07-02,Lance Stroll,STR,18.0,Aston Martin
9799,1107,4,117,14,7,1:05.655,1:05.181,1:04.911,2023,9,70,Austrian Grand Prix,2023-07-02,Fernando Alonso,ALO,14.0,Aston Martin
9800,1107,807,210,27,8,1:05.740,1:05.362,1:05.090,2023,9,70,Austrian Grand Prix,2023-07-02,Nico Hülkenberg,HUL,27.0,Haas F1 Team
9801,1107,842,214,10,9,1:05.515,1:05.308,1:05.170,2023,9,70,Austrian Grand Prix,2023-07-02,Pierre Gasly,GAS,10.0,Alpine F1 Team
9802,1107,848,3,23,10,1:05.673,1:05.387,1:05.823,2023,9,70,Austrian Grand Prix,2023-07-02,Alexander Albon,ALB,23.0,Williams
9803,1107,847,131,63,11,1:05.686,1:05.428,,2023,9,70,Austrian Grand Prix,2023-07-02,George Russell,RUS,63.0,Mercedes
9804,1107,839,214,31,12,1:05.729,1:05.453,,2023,9,70,Austrian Grand Prix,2023-07-02,Esteban Ocon,OCO,31.0,Alpine F1 Team
9805,1107,857,1,81,13,1:05.683,1:05.605,,2023,9,70,Austrian Grand Prix,2023-07-02,Oscar Piastri,PIA,81.0,McLaren
9806,1107,822,51,77,14,1:05.763,1:05.680,,2023,9,70,Austrian Grand Prix,2023-07-02,Valtteri Bottas,BOT,77.0,Alfa Romeo
9807,1107,815,9,11,15,1:05.177,2:06.688,,2023,9,70,Austrian Grand Prix,2023-07-02,Sergio Pérez,PER,11.0,Red Bull
9808,1107,852,213,22,16,1:05.784,,,2023,9,70,Austrian Grand Prix,2023-07-02,Yuki Tsunoda,TSU,22.0,AlphaTauri
9809,1107,855,51,24,17,1:05.818,,,2023,9,70,Austrian Grand Prix,2023-07-02,Guanyu Zhou,ZHO,24.0,Alfa Romeo
9810,1107,858,3,2,18,1:05.948,,,2023,9,70,Austrian Grand Prix,2023-07-02,Logan Sargeant,SAR,2.0,Williams
9811,1107,825,210,20,19,1:05.971,,,2023,9,70,Austrian Grand Prix,2023-07-02,Kevin Magnussen,MAG,20.0,Haas F1 Team
9812,1107,856,213,21,20,1:05.974,,,2023,9,70,Austrian Grand Prix,2023-07-02,Nyck de Vries,DEV,21.0,AlphaTauri
9813,1108,830,9,1,1,1:29.428,1:27.702,1:26.720,2023,10,9,British Grand Prix,2023-07-09,Max Verstappen,VER,33.0,Red Bull
9814,1108,846,1,4,2,1:28.917,1:28.042,1:26.961,2023,10,9,British Grand Prix,2023-07-09,Lando Norris,NOR,4.0,McLaren
9815,1108,857,1,81,3,1:29.874,1:27.845,1:27.092,2023,10,9,British Grand Prix,2023-07-09,Oscar Piastri,PIA,81.0,McLaren
9816,1108,844,6,16,4,1:29.143,1:28.361,1:27.136,2023,10,9,British Grand Prix,2023-07-09,Charles Leclerc,LEC,16.0,Ferrari
9817,1108,832,6,55,5,1:29.865,1:28.265,1:27.148,2023,10,9,British Grand Prix,2023-07-09,Carlos Sainz,SAI,55.0,Ferrari
9818,1108,847,131,63,6,1:29.412,1:28.782,1:27.155,2023,10,9,British Grand Prix,2023-07-09,George Russell,RUS,63.0,Mercedes
9819,1108,1,131,44,7,1:29.415,1:28.545,1:27.211,2023,10,9,British Grand Prix,2023-07-09,Lewis Hamilton,HAM,44.0,Mercedes
9820,1108,848,3,23,8,1:29.466,1:28.067,1:27.530,2023,10,9,British Grand Prix,2023-07-09,Alexander Albon,ALB,23.0,Williams
9821,1108,4,117,14,9,1:29.949,1:28.368,1:27.659,2023,10,9,British Grand Prix,2023-07-09,Fernando Alonso,ALO,14.0,Aston Martin
9822,1108,842,214,10,10,1:29.533,1:28.751,1:27.689,2023,10,9,British Grand Prix,2023-07-09,Pierre Gasly,GAS,10.0,Alpine F1 Team
9823,1108,807,210,27,11,1:29.603,1:28.896,,2023,10,9,British Grand Prix,2023-07-09,Nico Hülkenberg,HUL,27.0,Haas F1 Team
9824,1108,840,117,18,12,1:29.448,1:28.935,,2023,10,9,British Grand Prix,2023-07-09,Lance Stroll,STR,18.0,Aston Martin
9825,1108,839,214,31,13,1:29.700,1:28.956,,2023,10,9,British Grand Prix,2023-07-09,Esteban Ocon,OCO,31.0,Alpine F1 Team
9826,1108,858,3,2,14,1:29.873,1:29.031,,2023,10,9,British Grand Prix,2023-07-09,Logan Sargeant,SAR,2.0,Williams
9827,1108,822,51,77,15,1:29.798,,,2023,10,9,British Grand Prix,2023-07-09,Valtteri Bottas,BOT,77.0,Alfa Romeo
9828,1108,815,9,11,16,1:29.968,,,2023,10,9,British Grand Prix,2023-07-09,Sergio Pérez,PER,11.0,Red Bull
9829,1108,852,213,22,17,1:30.025,,,2023,10,9,British Grand Prix,2023-07-09,Yuki Tsunoda,TSU,22.0,AlphaTauri
9830,1108,855,51,24,18,1:30.123,,,2023,10,9,British Grand Prix,2023-07-09,Guanyu Zhou,ZHO,24.0,Alfa Romeo
9831,1108,856,213,21,19,1:30.513,,,2023,10,9,British Grand Prix,2023-07-09,Nyck de Vries,DEV,21.0,AlphaTauri
9832,1108,825,210,20,20,1:32.378,,,2023,10,9,British Grand Prix,2023-07-09,Kevin Magnussen,MAG,20.0,Haas F1 Team
9833,1109,1,131,44,1,1:18.577,1:17.427,1:16.609,2023,11,11,Hungarian Grand Prix,2023-07-23,Lewis Hamilton,HAM,44.0,Mercedes
9834,1109,830,9,1,2,1:18.318,1:17.547,1:16.612,2023,11,11,Hungarian Grand Prix,2023-07-23,Max Verstappen,VER,33.0,Red Bull
9835,1109,846,1,4,3,1:18.697,1:17.328,1:16.694,2023,11,11,Hungarian Grand Prix,2023-07-23,Lando Norris,NOR,4.0,McLaren
9836,1109,857,1,81,4,1:18.464,1:17.571,1:16.905,2023,11,11,Hungarian Grand Prix,2023-07-23,Oscar Piastri,PIA,81.0,McLaren
9837,1109,855,51,24,5,1:18.143,1:17.700,1:16.971,2023,11,11,Hungarian Grand Prix,2023-07-23,Guanyu Zhou,ZHO,24.0,Alfa Romeo
9838,1109,844,6,16,6,1:18.440,1:17.580,1:16.992,2023,11,11,Hungarian Grand Prix,2023-07-23,Charles Leclerc,LEC,16.0,Ferrari
9839,1109,822,51,77,7,1:18.775,1:17.563,1:17.034,2023,11,11,Hungarian Grand Prix,2023-07-23,Valtteri Bottas,BOT,77.0,Alfa Romeo
9840,1109,4,117,14,8,1:18.580,1:17.701,1:17.035,2023,11,11,Hungarian Grand Prix,2023-07-23,Fernando Alonso,ALO,14.0,Aston Martin
9841,1109,815,9,11,9,1:18.360,1:17.675,1:17.045,2023,11,11,Hungarian Grand Prix,2023-07-23,Sergio Pérez,PER,11.0,Red Bull
9842,1109,807,210,27,10,1:18.695,1:17.652,1:17.186,2023,11,11,Hungarian Grand Prix,2023-07-23,Nico Hülkenberg,HUL,27.0,Haas F1 Team
9843,1109,832,6,55,11,1:18.393,1:17.703,,2023,11,11,Hungarian Grand Prix,2023-07-23,Carlos Sainz,SAI,55.0,Ferrari
9844,1109,839,214,31,12,1:18.854,1:17.841,,2023,11,11,Hungarian Grand Prix,2023-07-23,Esteban Ocon,OCO,31.0,Alpine F1 Team
9845,1109,817,213,3,13,1:18.906,1:18.002,,2023,11,11,Hungarian Grand Prix,2023-07-23,Daniel Ricciardo,RIC,3.0,AlphaTauri
9846,1109,840,117,18,14,1:18.782,1:18.144,,2023,11,11,Hungarian Grand Prix,2023-07-23,Lance Stroll,STR,18.0,Aston Martin
9847,1109,842,214,10,15,1:18.743,1:18.217,,2023,11,11,Hungarian Grand Prix,2023-07-23,Pierre Gasly,GAS,10.0,Alpine F1 Team
9848,1109,848,3,23,16,1:18.917,,,2023,11,11,Hungarian Grand Prix,2023-07-23,Alexander Albon,ALB,23.0,Williams
9849,1109,852,213,22,17,1:18.919,,,2023,11,11,Hungarian Grand Prix,2023-07-23,Yuki Tsunoda,TSU,22.0,AlphaTauri
9850,1109,847,131,63,18,1:19.027,,,2023,11,11,Hungarian Grand Prix,2023-07-23,George Russell,RUS,63.0,Mercedes
9851,1109,825,210,20,19,1:19.206,,,2023,11,11,Hungarian Grand Prix,2023-07-23,Kevin Magnussen,MAG,20.0,Haas F1 Team
9852,1109,858,3,2,20,1:19.248,,,2023,11,11,Hungarian Grand Prix,2023-07-23,Logan Sargeant,SAR,2.0,Williams
9853,1110,830,9,1,1,1:58.515,1:52.784,1:46.168,2023,12,13,Belgian Grand Prix,2023-07-30,Max Verstappen,VER,33.0,Red Bull
9854,1110,844,6,16,2,1:58.300,1:52.017,1:46.988,2023,12,13,Belgian Grand Prix,2023-07-30,Charles Leclerc,LEC,16.0,Ferrari
9855,1110,815,9,11,3,1:58.899,1:52.353,1:47.045,2023,12,13,Belgian Grand Prix,2023-07-30,Sergio Pérez,PER,11.0,Red Bull
9856,1110,1,131,44,4,1:58.563,1:52.345,1:47.087,2023,12,13,Belgian Grand Prix,2023-07-30,Lewis Hamilton,HAM,44.0,Mercedes
9857,1110,832,6,55,5,1:58.688,1:51.711,1:47.152,2023,12,13,Belgian Grand Prix,2023-07-30,Carlos Sainz,SAI,55.0,Ferrari
9858,1110,857,1,81,6,1:58.872,1:51.534,1:47.365,2023,12,13,Belgian Grand Prix,2023-07-30,Oscar Piastri,PIA,81.0,McLaren
9859,1110,846,1,4,7,1:59.981,1:52.252,1:47.669,2023,12,13,Belgian Grand Prix,2023-07-30,Lando Norris,NOR,4.0,McLaren
9860,1110,847,131,63,8,1:59.035,1:52.605,1:47.805,2023,12,13,Belgian Grand Prix,2023-07-30,George Russell,RUS,63.0,Mercedes
9861,1110,4,117,14,9,1:58.834,1:52.751,1:47.843,2023,12,13,Belgian Grand Prix,2023-07-30,Fernando Alonso,ALO,14.0,Aston Martin
9862,1110,840,117,18,10,1:59.663,1:52.193,1:48.841,2023,12,13,Belgian Grand Prix,2023-07-30,Lance Stroll,STR,18.0,Aston Martin
9863,1110,852,213,22,11,1:59.044,1:53.148,,2023,12,13,Belgian Grand Prix,2023-07-30,Yuki Tsunoda,TSU,22.0,AlphaTauri
9864,1110,842,214,10,12,1:59.511,1:53.671,,2023,12,13,Belgian Grand Prix,2023-07-30,Pierre Gasly,GAS,10.0,Alpine F1 Team
9865,1110,825,210,20,13,2:00.020,1:54.160,,2023,12,13,Belgian Grand Prix,2023-07-30,Kevin Magnussen,MAG,20.0,Haas F1 Team
9866,1110,822,51,77,14,1:59.484,1:54.694,,2023,12,13,Belgian Grand Prix,2023-07-30,Valtteri Bottas,BOT,77.0,Alfa Romeo
9867,1110,839,214,31,15,1:59.634,1:56.372,,2023,12,13,Belgian Grand Prix,2023-07-30,Esteban Ocon,OCO,31.0,Alpine F1 Team
9868,1110,848,3,23,16,2:00.314,,,2023,12,13,Belgian Grand Prix,2023-07-30,Alexander Albon,ALB,23.0,Williams
9869,1110,855,51,24,17,2:00.832,,,2023,12,13,Belgian Grand Prix,2023-07-30,Guanyu Zhou,ZHO,24.0,Alfa Romeo
9870,1110,858,3,2,18,2:01.535,,,2023,12,13,Belgian Grand Prix,2023-07-30,Logan Sargeant,SAR,2.0,Williams
9871,1110,817,213,3,19,2:02.159,,,2023,12,13,Belgian Grand Prix,2023-07-30,Daniel Ricciardo,RIC,3.0,AlphaTauri
9872,1110,807,210,27,20,2:03.166,,,2023,12,13,Belgian Grand Prix,2023-07-30,Nico Hülkenberg,HUL,27.0,Haas F1 Team
9873,1111,830,9,1,1,1:20.965,1:18.856,1:10.567,2023,13,39,Dutch Grand Prix,2023-08-27,Max Verstappen,VER,33.0,Red Bull
9874,1111,846,1,4,2,1:21.276,1:19.769,1:11.104,2023,13,39,Dutch Grand Prix,2023-08-27,Lando Norris,NOR,4.0,McLaren
9875,1111,847,131,63,3,1:21.345,1:19.620,1:11.294,2023,13,39,Dutch Grand Prix,2023-08-27,George Russell,RUS,63.0,Mercedes
9876,1111,848,3,23,4,1:20.939,1:19.399,1:11.419,2023,13,39,Dutch Grand Prix,2023-08-27,Alexander Albon,ALB,23.0,Williams
9877,1111,4,117,14,5,1:21.840,1:19.429,1:11.506,2023,13,39,Dutch Grand Prix,2023-08-27,Fernando Alonso,ALO,14.0,Aston Martin
9878,1111,832,6,55,6,1:21.321,1:19.929,1:11.754,2023,13,39,Dutch Grand Prix,2023-08-27,Carlos Sainz,SAI,55.0,Ferrari
9879,1111,815,9,11,7,1:21.972,1:19.856,1:11.880,2023,13,39,Dutch Grand Prix,2023-08-27,Sergio Pérez,PER,11.0,Red Bull
9880,1111,857,1,81,8,1:21.231,1:19.392,1:11.938,2023,13,39,Dutch Grand Prix,2023-08-27,Oscar Piastri,PIA,81.0,McLaren
9881,1111,844,6,16,9,1:22.019,1:19.600,1:12.665,2023,13,39,Dutch Grand Prix,2023-08-27,Charles Leclerc,LEC,16.0,Ferrari
9882,1111,858,3,2,10,1:22.036,1:20.067,1:16.748,2023,13,39,Dutch Grand Prix,2023-08-27,Logan Sargeant,SAR,2.0,Williams
9883,1111,840,117,18,11,1:21.570,1:20.121,,2023,13,39,Dutch Grand Prix,2023-08-27,Lance Stroll,STR,18.0,Aston Martin
9884,1111,842,214,10,12,1:21.735,1:20.128,,2023,13,39,Dutch Grand Prix,2023-08-27,Pierre Gasly,GAS,10.0,Alpine F1 Team
9885,1111,1,131,44,13,1:21.919,1:20.151,,2023,13,39,Dutch Grand Prix,2023-08-27,Lewis Hamilton,HAM,44.0,Mercedes
9886,1111,852,213,22,14,1:21.781,1:20.230,,2023,13,39,Dutch Grand Prix,2023-08-27,Yuki Tsunoda,TSU,22.0,AlphaTauri
9887,1111,807,210,27,15,1:21.891,1:20.250,,2023,13,39,Dutch Grand Prix,2023-08-27,Nico Hülkenberg,HUL,27.0,Haas F1 Team
9888,1111,855,51,24,16,1:22.067,,,2023,13,39,Dutch Grand Prix,2023-08-27,Guanyu Zhou,ZHO,24.0,Alfa Romeo
9889,1111,839,214,31,17,1:22.110,,,2023,13,39,Dutch Grand Prix,2023-08-27,Esteban Ocon,OCO,31.0,Alpine F1 Team
9890,1111,825,210,20,18,1:22.192,,,2023,13,39,Dutch Grand Prix,2023-08-27,Kevin Magnussen,MAG,20.0,Haas F1 Team
9891,1111,822,51,77,19,1:22.260,,,2023,13,39,Dutch Grand Prix,2023-08-27,Valtteri Bottas,BOT,77.0,Alfa Romeo
9892,1111,859,213,40,20,1:23.420,,,2023,13,39,Dutch Grand Prix,2023-08-27,Liam Lawson,LAW,30.0,AlphaTauri
9893,1112,832,6,55,1,1:21.965,1:20.991,1:20.294,2023,14,14,Italian Grand Prix,2023-09-03,Carlos Sainz,SAI,55.0,Ferrari
9894,1112,830,9,1,2,1:21.573,1:20.937,1:20.307,2023,14,14,Italian Grand Prix,2023-09-03,Max Verstappen,VER,33.0,Red Bull
9895,1112,844,6,16,3,1:21.788,1:20.977,1:20.361,2023,14,14,Italian Grand Prix,2023-09-03,Charles Leclerc,LEC,16.0,Ferrari
9896,1112,847,131,63,4,1:22.148,1:21.382,1:20.671,2023,14,14,Italian Grand Prix,2023-09-03,George Russell,RUS,63.0,Mercedes
9897,1112,815,9,11,5,1:21.911,1:21.240,1:20.688,2023,14,14,Italian Grand Prix,2023-09-03,Sergio Pérez,PER,11.0,Red Bull
9898,1112,848,3,23,6,1:21.661,1:21.272,1:20.760,2023,14,14,Italian Grand Prix,2023-09-03,Alexander Albon,ALB,23.0,Williams
9899,1112,857,1,81,7,1:22.106,1:21.527,1:20.785,2023,14,14,Italian Grand Prix,2023-09-03,Oscar Piastri,PIA,81.0,McLaren
9900,1112,1,131,44,8,1:21.977,1:21.369,1:20.820,2023,14,14,Italian Grand Prix,2023-09-03,Lewis Hamilton,HAM,44.0,Mercedes
9901,1112,846,1,4,9,1:21.995,1:21.581,1:20.979,2023,14,14,Italian Grand Prix,2023-09-03,Lando Norris,NOR,4.0,McLaren
9902,1112,4,117,14,10,1:22.043,1:21.543,1:21.417,2023,14,14,Italian Grand Prix,2023-09-03,Fernando Alonso,ALO,14.0,Aston Martin
9903,1112,852,213,22,11,1:21.852,1:21.594,,2023,14,14,Italian Grand Prix,2023-09-03,Yuki Tsunoda,TSU,22.0,AlphaTauri
9904,1112,859,213,40,12,1:22.112,1:21.758,,2023,14,14,Italian Grand Prix,2023-09-03,Liam Lawson,LAW,30.0,AlphaTauri
9905,1112,807,210,27,13,1:22.343,1:21.776,,2023,14,14,Italian Grand Prix,2023-09-03,Nico Hülkenberg,HUL,27.0,Haas F1 Team
9906,1112,822,51,77,14,1:22.249,1:21.940,,2023,14,14,Italian Grand Prix,2023-09-03,Valtteri Bottas,BOT,77.0,Alfa Romeo
9907,1112,858,3,2,15,1:21.930,1:21.944,,2023,14,14,Italian Grand Prix,2023-09-03,Logan Sargeant,SAR,2.0,Williams
9908,1112,855,51,24,16,1:22.390,,,2023,14,14,Italian Grand Prix,2023-09-03,Guanyu Zhou,ZHO,24.0,Alfa Romeo
9909,1112,842,214,10,17,1:22.545,,,2023,14,14,Italian Grand Prix,2023-09-03,Pierre Gasly,GAS,10.0,Alpine F1 Team
9910,1112,839,214,31,18,1:22.548,,,2023,14,14,Italian Grand Prix,2023-09-03,Esteban Ocon,OCO,31.0,Alpine F1 Team
9911,1112,825,210,20,19,1:22.592,,,2023,14,14,Italian Grand Prix,2023-09-03,Kevin Magnussen,MAG,20.0,Haas F1 Team
9912,1112,840,117,18,20,1:22.860,,,2023,14,14,Italian Grand Prix,2023-09-03,Lance Stroll,STR,18.0,Aston Martin
9913,1113,832,6,55,1,1:32.339,1:31.439,1:30.984,2023,15,15,Singapore Grand Prix,2023-09-17,Carlos Sainz,SAI,55.0,Ferrari
9914,1113,847,131,63,2,1:32.331,1:31.743,1:31.056,2023,15,15,Singapore Grand Prix,2023-09-17,George Russell,RUS,63.0,Mercedes
9915,1113,844,6,16,3,1:32.406,1:32.012,1:31.063,2023,15,15,Singapore Grand Prix,2023-09-17,Charles Leclerc,LEC,16.0,Ferrari
9916,1113,846,1,4,4,1:32.483,1:31.951,1:31.270,2023,15,15,Singapore Grand Prix,2023-09-17,Lando Norris,NOR,4.0,McLaren
9917,1113,1,131,44,5,1:32.651,1:32.019,1:31.485,2023,15,15,Singapore Grand Prix,2023-09-17,Lewis Hamilton,HAM,44.0,Mercedes
9918,1113,825,210,20,6,1:32.242,1:31.892,1:31.575,2023,15,15,Singapore Grand Prix,2023-09-17,Kevin Magnussen,MAG,20.0,Haas F1 Team
9919,1113,4,117,14,7,1:32.584,1:31.835,1:31.615,2023,15,15,Singapore Grand Prix,2023-09-17,Fernando Alonso,ALO,14.0,Aston Martin
9920,1113,839,214,31,8,1:32.369,1:32.089,1:31.673,2023,15,15,Singapore Grand Prix,2023-09-17,Esteban Ocon,OCO,31.0,Alpine F1 Team
9921,1113,807,210,27,9,1:32.100,1:31.994,1:31.808,2023,15,15,Singapore Grand Prix,2023-09-17,Nico Hülkenberg,HUL,27.0,Haas F1 Team
9922,1113,859,213,40,10,1:32.215,1:32.166,1:32.268,2023,15,15,Singapore Grand Prix,2023-09-17,Liam Lawson,LAW,30.0,AlphaTauri
9923,1113,830,9,1,11,1:32.398,1:32.173,,2023,15,15,Singapore Grand Prix,2023-09-17,Max Verstappen,VER,33.0,Red Bull
9924,1113,842,214,10,12,1:32.452,1:32.274,,2023,15,15,Singapore Grand Prix,2023-09-17,Pierre Gasly,GAS,10.0,Alpine F1 Team
9925,1113,815,9,11,13,1:32.099,1:32.310,,2023,15,15,Singapore Grand Prix,2023-09-17,Sergio Pérez,PER,11.0,Red Bull
9926,1113,848,3,23,14,1:32.668,1:33.719,,2023,15,15,Singapore Grand Prix,2023-09-17,Alexander Albon,ALB,23.0,Williams
9927,1113,852,213,22,15,1:31.991,,,2023,15,15,Singapore Grand Prix,2023-09-17,Yuki Tsunoda,TSU,22.0,AlphaTauri
9928,1113,822,51,77,16,1:32.809,,,2023,15,15,Singapore Grand Prix,2023-09-17,Valtteri Bottas,BOT,77.0,Alfa Romeo
9929,1113,857,1,81,17,1:32.902,,,2023,15,15,Singapore Grand Prix,2023-09-17,Oscar Piastri,PIA,81.0,McLaren
9930,1113,858,3,2,18,1:33.252,,,2023,15,15,Singapore Grand Prix,2023-09-17,Logan Sargeant,SAR,2.0,Williams
9931,1113,855,51,24,19,1:33.258,,,2023,15,15,Singapore Grand Prix,2023-09-17,Guanyu Zhou,ZHO,24.0,Alfa Romeo
9932,1113,840,117,18,20,1:33.397,,,2023,15,15,Singapore Grand Prix,2023-09-17,Lance Stroll,STR,18.0,Aston Martin
9933,1114,830,9,1,1,1:29.878,1:29.964,1:28.877,2023,16,22,Japanese Grand Prix,2023-09-24,Max Verstappen,VER,33.0,Red Bull
9934,1114,857,1,81,2,1:30.439,1:30.122,1:29.458,2023,16,22,Japanese Grand Prix,2023-09-24,Oscar Piastri,PIA,81.0,McLaren
9935,1114,846,1,4,3,1:30.063,1:30.296,1:29.493,2023,16,22,Japanese Grand Prix,2023-09-24,Lando Norris,NOR,4.0,McLaren
9936,1114,844,6,16,4,1:30.393,1:29.940,1:29.542,2023,16,22,Japanese Grand Prix,2023-09-24,Charles Leclerc,LEC,16.0,Ferrari
9937,1114,815,9,11,5,1:30.652,1:29.965,1:29.650,2023,16,22,Japanese Grand Prix,2023-09-24,Sergio Pérez,PER,11.0,Red Bull
9938,1114,832,6,55,6,1:30.651,1:30.067,1:29.850,2023,16,22,Japanese Grand Prix,2023-09-24,Carlos Sainz,SAI,55.0,Ferrari
9939,1114,1,131,44,7,1:30.811,1:30.040,1:29.908,2023,16,22,Japanese Grand Prix,2023-09-24,Lewis Hamilton,HAM,44.0,Mercedes
9940,1114,847,131,63,8,1:30.811,1:30.268,1:30.219,2023,16,22,Japanese Grand Prix,2023-09-24,George Russell,RUS,63.0,Mercedes
9941,1114,852,213,22,9,1:30.733,1:30.204,1:30.303,2023,16,22,Japanese Grand Prix,2023-09-24,Yuki Tsunoda,TSU,22.0,AlphaTauri
9942,1114,4,117,14,10,1:30.971,1:30.465,1:30.560,2023,16,22,Japanese Grand Prix,2023-09-24,Fernando Alonso,ALO,14.0,Aston Martin
9943,1114,859,213,40,11,1:30.425,1:30.508,,2023,16,22,Japanese Grand Prix,2023-09-24,Liam Lawson,LAW,30.0,AlphaTauri
9944,1114,842,214,10,12,1:30.843,1:30.509,,2023,16,22,Japanese Grand Prix,2023-09-24,Pierre Gasly,GAS,10.0,Alpine F1 Team
9945,1114,848,3,23,13,1:30.941,1:30.537,,2023,16,22,Japanese Grand Prix,2023-09-24,Alexander Albon,ALB,23.0,Williams
9946,1114,839,214,31,14,1:30.960,1:30.586,,2023,16,22,Japanese Grand Prix,2023-09-24,Esteban Ocon,OCO,31.0,Alpine F1 Team
9947,1114,825,210,20,15,1:30.976,1:30.665,,2023,16,22,Japanese Grand Prix,2023-09-24,Kevin Magnussen,MAG,20.0,Haas F1 Team
9948,1114,822,51,77,16,1:31.049,,,2023,16,22,Japanese Grand Prix,2023-09-24,Valtteri Bottas,BOT,77.0,Alfa Romeo
9949,1114,840,117,18,17,1:31.181,,,2023,16,22,Japanese Grand Prix,2023-09-24,Lance Stroll,STR,18.0,Aston Martin
9950,1114,807,210,27,18,1:31.299,,,2023,16,22,Japanese Grand Prix,2023-09-24,Nico Hülkenberg,HUL,27.0,Haas F1 Team
9951,1114,855,51,24,19,1:31.398,,,2023,16,22,Japanese Grand Prix,2023-09-24,Guanyu Zhou,ZHO,24.0,Alfa Romeo
9952,1114,858,3,2,20,,,,2023,16,22,Japanese Grand Prix,2023-09-24,Logan Sargeant,SAR,2.0,Williams
9953,1115,830,9,1,1,1:25.007,1:24.483,1:23.778,2023,17,78,Qatar Grand Prix,2023-10-08,Max Verstappen,VER,33.0,Red Bull
9954,1115,847,131,63,2,1:25.334,1:24.827,1:24.219,2023,17,78,Qatar Grand Prix,2023-10-08,George Russell,RUS,63.0,Mercedes
9955,1115,1,131,44,3,1:26.076,1:24.381,1:24.305,2023,17,78,Qatar Grand Prix,2023-10-08,Lewis Hamilton,HAM,44.0,Mercedes
9956,1115,4,117,14,4,1:25.223,1:25.241,1:24.369,2023,17,78,Qatar Grand Prix,2023-10-08,Fernando Alonso,ALO,14.0,Aston Martin
9957,1115,844,6,16,5,1:25.452,1:25.079,1:24.424,2023,17,78,Qatar Grand Prix,2023-10-08,Charles Leclerc,LEC,16.0,Ferrari
9958,1115,857,1,81,6,1:25.266,1:24.724,1:24.540,2023,17,78,Qatar Grand Prix,2023-10-08,Oscar Piastri,PIA,81.0,McLaren
9959,1115,842,214,10,7,1:25.566,1:24.918,1:24.553,2023,17,78,Qatar Grand Prix,2023-10-08,Pierre Gasly,GAS,10.0,Alpine F1 Team
9960,1115,839,214,31,8,1:25.711,1:24.928,1:24.763,2023,17,78,Qatar Grand Prix,2023-10-08,Esteban Ocon,OCO,31.0,Alpine F1 Team
9961,1115,822,51,77,9,1:26.038,1:25.297,1:25.058,2023,17,78,Qatar Grand Prix,2023-10-08,Valtteri Bottas,BOT,77.0,Alfa Romeo
9962,1115,846,1,4,10,1:25.131,1:24.685,,2023,17,78,Qatar Grand Prix,2023-10-08,Lando Norris,NOR,4.0,McLaren
9963,1115,852,213,22,11,1:26.058,1:25.301,,2023,17,78,Qatar Grand Prix,2023-10-08,Yuki Tsunoda,TSU,22.0,AlphaTauri
9964,1115,832,6,55,12,1:25.808,1:25.328,,2023,17,78,Qatar Grand Prix,2023-10-08,Carlos Sainz,SAI,55.0,Ferrari
9965,1115,815,9,11,13,1:25.991,1:25.462,,2023,17,78,Qatar Grand Prix,2023-10-08,Sergio Pérez,PER,11.0,Red Bull
9966,1115,848,3,23,14,1:26.118,1:25.707,,2023,17,78,Qatar Grand Prix,2023-10-08,Alexander Albon,ALB,23.0,Williams
9967,1115,807,210,27,15,1:25.904,1:25.783,,2023,17,78,Qatar Grand Prix,2023-10-08,Nico Hülkenberg,HUL,27.0,Haas F1 Team
9968,1115,858,3,2,16,1:26.210,,,2023,17,78,Qatar Grand Prix,2023-10-08,Logan Sargeant,SAR,2.0,Williams
9969,1115,840,117,18,17,1:26.345,,,2023,17,78,Qatar Grand Prix,2023-10-08,Lance Stroll,STR,18.0,Aston Martin
9970,1115,859,213,40,18,1:26.635,,,2023,17,78,Qatar Grand Prix,2023-10-08,Liam Lawson,LAW,30.0,AlphaTauri
9971,1115,825,210,20,19,1:27.046,,,2023,17,78,Qatar Grand Prix,2023-10-08,Kevin Magnussen,MAG,20.0,Haas F1 Team
9972,1115,855,51,24,20,1:27.432,,,2023,17,78,Qatar Grand Prix,2023-10-08,Guanyu Zhou,ZHO,24.0,Alfa Romeo
9973,1116,844,6,16,1,1:36.061,1:35.004,1:34.723,2023,18,69,United States Grand Prix,2023-10-22,Charles Leclerc,LEC,16.0,Ferrari
9974,1116,846,1,4,2,1:35.110,1:35.441,1:34.853,2023,18,69,United States Grand Prix,2023-10-22,Lando Norris,NOR,4.0,McLaren
9975,1116,1,131,44,3,1:35.091,1:35.240,1:34.862,2023,18,69,United States Grand Prix,2023-10-22,Lewis Hamilton,HAM,44.0,Mercedes
9976,1116,832,6,55,4,1:35.824,1:35.302,1:34.945,2023,18,69,United States Grand Prix,2023-10-22,Carlos Sainz,SAI,55.0,Ferrari
9977,1116,847,131,63,5,1:36.165,1:35.606,1:35.079,2023,18,69,United States Grand Prix,2023-10-22,George Russell,RUS,63.0,Mercedes
9978,1116,830,9,1,6,1:35.346,1:35.008,1:35.081,2023,18,69,United States Grand Prix,2023-10-22,Max Verstappen,VER,33.0,Red Bull
9979,1116,842,214,10,7,1:36.158,1:35.496,1:35.089,2023,18,69,United States Grand Prix,2023-10-22,Pierre Gasly,GAS,10.0,Alpine F1 Team
9980,1116,839,214,31,8,1:36.131,1:35.413,1:35.154,2023,18,69,United States Grand Prix,2023-10-22,Esteban Ocon,OCO,31.0,Alpine F1 Team
9981,1116,815,9,11,9,1:35.989,1:35.679,1:35.173,2023,18,69,United States Grand Prix,2023-10-22,Sergio Pérez,PER,11.0,Red Bull
9982,1116,857,1,81,10,1:36.064,1:35.576,1:35.467,2023,18,69,United States Grand Prix,2023-10-22,Oscar Piastri,PIA,81.0,McLaren
9983,1116,852,213,22,11,1:35.913,1:35.697,,2023,18,69,United States Grand Prix,2023-10-22,Yuki Tsunoda,TSU,22.0,AlphaTauri
9984,1116,855,51,24,12,1:36.052,1:35.698,,2023,18,69,United States Grand Prix,2023-10-22,Guanyu Zhou,ZHO,24.0,Alfa Romeo
9985,1116,822,51,77,13,1:36.082,1:35.858,,2023,18,69,United States Grand Prix,2023-10-22,Valtteri Bottas,BOT,77.0,Alfa Romeo
9986,1116,825,210,20,14,1:36.009,1:35.880,,2023,18,69,United States Grand Prix,2023-10-22,Kevin Magnussen,MAG,20.0,Haas F1 Team
9987,1116,817,213,3,15,1:36.213,1:35.974,,2023,18,69,United States Grand Prix,2023-10-22,Daniel Ricciardo,RIC,3.0,AlphaTauri
9988,1116,807,210,27,16,1:36.235,,,2023,18,69,United States Grand Prix,2023-10-22,Nico Hülkenberg,HUL,27.0,Haas F1 Team
9989,1116,4,117,14,17,1:36.268,,,2023,18,69,United States Grand Prix,2023-10-22,Fernando Alonso,ALO,14.0,Aston Martin
9990,1116,848,3,23,18,1:36.315,,,2023,18,69,United States Grand Prix,2023-10-22,Alexander Albon,ALB,23.0,Williams
9991,1116,840,117,18,19,1:36.589,,,2023,18,69,United States Grand Prix,2023-10-22,Lance Stroll,STR,18.0,Aston Martin
9992,1116,858,3,2,20,1:36.827,,,2023,18,69,United States Grand Prix,2023-10-22,Logan Sargeant,SAR,2.0,Williams
9993,1117,844,6,16,1,1:18.401,1:17.901,1:17.166,2023,19,32,Mexico City Grand Prix,2023-10-29,Charles Leclerc,LEC,16.0,Ferrari
9994,1117,832,6,55,2,1:18.755,1:18.382,1:17.233,2023,19,32,Mexico City Grand Prix,2023-10-29,Carlos Sainz,SAI,55.0,Ferrari
9995,1117,830,9,1,3,1:18.099,1:17.625,1:17.263,2023,19,32,Mexico City Grand Prix,2023-10-29,Max Verstappen,VER,33.0,Red Bull
9996,1117,817,213,3,4,1:18.341,1:17.706,1:17.382,2023,19,32,Mexico City Grand Prix,2023-10-29,Daniel Ricciardo,RIC,3.0,AlphaTauri
9997,1117,815,9,11,5,1:18.553,1:18.124,1:17.423,2023,19,32,Mexico City Grand Prix,2023-10-29,Sergio Pérez,PER,11.0,Red Bull
9998,1117,1,131,44,6,1:18.677,1:17.571,1:17.454,2023,19,32,Mexico City Grand Prix,2023-10-29,Lewis Hamilton,HAM,44.0,Mercedes
9999,1117,857,1,81,7,1:18.241,1:17.874,1:17.623,2023,19,32,Mexico City Grand Prix,2023-10-29,Oscar Piastri,PIA,81.0,McLaren
10000,1117,847,131,63,8,1:18.893,1:17.673,1:17.674,2023,19,32,Mexico City Grand Prix,2023-10-29,George Russell,RUS,63.0,Mercedes
10001,1117,822,51,77,9,1:18.429,1:18.016,1:18.032,2023,19,32,Mexico City Grand Prix,2023-10-29,Valtteri Bottas,BOT,77.0,Alfa Romeo
10002,1117,855,51,24,10,1:19.016,1:18.440,1:18.050,2023,19,32,Mexico City Grand Prix,2023-10-29,Guanyu Zhou,ZHO,24.0,Alfa Romeo
10003,1117,842,214,10,11,1:18.945,1:18.521,,2023,19,32,Mexico City Grand Prix,2023-10-29,Pierre Gasly,GAS,10.0,Alpine F1 Team
10004,1117,807,210,27,12,1:18.969,1:18.524,,2023,19,32,Mexico City Grand Prix,2023-10-29,Nico Hülkenberg,HUL,27.0,Haas F1 Team
10005,1117,4,117,14,13,1:18.848,1:18.738,,2023,19,32,Mexico City Grand Prix,2023-10-29,Fernando Alonso,ALO,14.0,Aston Martin
10006,1117,848,3,23,14,1:18.828,1:19.147,,2023,19,32,Mexico City Grand Prix,2023-10-29,Alexander Albon,ALB,23.0,Williams
10007,1117,852,213,22,15,1:18.890,,,2023,19,32,Mexico City Grand Prix,2023-10-29,Yuki Tsunoda,TSU,22.0,AlphaTauri
10008,1117,839,214,31,16,1:19.080,,,2023,19,32,Mexico City Grand Prix,2023-10-29,Esteban Ocon,OCO,31.0,Alpine F1 Team
10009,1117,825,210,20,17,1:19.163,,,2023,19,32,Mexico City Grand Prix,2023-10-29,Kevin Magnussen,MAG,20.0,Haas F1 Team
10010,1117,840,117,18,18,1:19.227,,,2023,19,32,Mexico City Grand Prix,2023-10-29,Lance Stroll,STR,18.0,Aston Martin
10011,1117,846,1,4,19,1:21.554,,,2023,19,32,Mexico City Grand Prix,2023-10-29,Lando Norris,NOR,4.0,McLaren
10012,1117,858,3,2,20,,,,2023,19,32,Mexico City Grand Prix,2023-10-29,Logan Sargeant,SAR,2.0,Williams
10013,1118,830,9,1,1,1:10.436,1:10.162,1:10.727,2023,20,18,São Paulo Grand Prix,2023-11-05,Max Verstappen,VER,33.0,Red Bull
10014,1118,844,6,16,2,1:10.472,1:10.303,1:11.021,2023,20,18,São Paulo Grand Prix,2023-11-05,Charles Leclerc,LEC,16.0,Ferrari
10015,1118,840,117,18,3,1:10.551,1:10.375,1:11.344,2023,20,18,São Paulo Grand Prix,2023-11-05,Lance Stroll,STR,18.0,Aston Martin
10016,1118,4,117,14,4,1:10.557,1:10.237,1:11.387,2023,20,18,São Paulo Grand Prix,2023-11-05,Fernando Alonso,ALO,14.0,Aston Martin
10017,1118,1,131,44,5,1:10.604,1:10.266,1:11.469,2023,20,18,São Paulo Grand Prix,2023-11-05,Lewis Hamilton,HAM,44.0,Mercedes
10018,1118,847,131,63,6,1:10.340,1:10.316,1:11.590,2023,20,18,São Paulo Grand Prix,2023-11-05,George Russell,RUS,63.0,Mercedes
10019,1118,846,1,4,7,1:10.623,1:10.021,1:11.987,2023,20,18,São Paulo Grand Prix,2023-11-05,Lando Norris,NOR,4.0,McLaren
10020,1118,832,6,55,8,1:10.624,1:10.254,1:11.989,2023,20,18,São Paulo Grand Prix,2023-11-05,Carlos Sainz,SAI,55.0,Ferrari
10021,1118,815,9,11,9,1:10.668,1:10.219,1:12.321,2023,20,18,São Paulo Grand Prix,2023-11-05,Sergio Pérez,PER,11.0,Red Bull
10022,1118,857,1,81,10,1:10.519,1:10.330,,2023,20,18,São Paulo Grand Prix,2023-11-05,Oscar Piastri,PIA,81.0,McLaren
10023,1118,807,210,27,11,1:10.475,1:10.547,,2023,20,18,São Paulo Grand Prix,2023-11-05,Nico Hülkenberg,HUL,27.0,Haas F1 Team
10024,1118,839,214,31,12,1:10.763,1:10.562,,2023,20,18,São Paulo Grand Prix,2023-11-05,Esteban Ocon,OCO,31.0,Alpine F1 Team
10025,1118,842,214,10,13,1:10.793,1:10.567,,2023,20,18,São Paulo Grand Prix,2023-11-05,Pierre Gasly,GAS,10.0,Alpine F1 Team
10026,1118,825,210,20,14,1:10.602,1:10.723,,2023,20,18,São Paulo Grand Prix,2023-11-05,Kevin Magnussen,MAG,20.0,Haas F1 Team
10027,1118,848,3,23,15,1:10.621,1:10.840,,2023,20,18,São Paulo Grand Prix,2023-11-05,Alexander Albon,ALB,23.0,Williams
10028,1118,852,213,22,16,1:10.837,,,2023,20,18,São Paulo Grand Prix,2023-11-05,Yuki Tsunoda,TSU,22.0,AlphaTauri
10029,1118,817,213,3,17,1:10.843,,,2023,20,18,São Paulo Grand Prix,2023-11-05,Daniel Ricciardo,RIC,3.0,AlphaTauri
10030,1118,822,51,77,18,1:10.955,,,2023,20,18,São Paulo Grand Prix,2023-11-05,Valtteri Bottas,BOT,77.0,Alfa Romeo
10031,1118,858,3,2,19,1:11.035,,,2023,20,18,São Paulo Grand Prix,2023-11-05,Logan Sargeant,SAR,2.0,Williams
10032,1118,855,51,24,20,1:11.275,,,2023,20,18,São Paulo Grand Prix,2023-11-05,Guanyu Zhou,ZHO,24.0,Alfa Romeo
10033,1119,844,6,16,1,1:33.617,1:32.775,1:32.726,2023,21,80,Las Vegas Grand Prix,2023-11-19,Charles Leclerc,LEC,16.0,Ferrari
10034,1119,832,6,55,2,1:33.851,1:33.338,1:32.770,2023,21,80,Las Vegas Grand Prix,2023-11-19,Carlos Sainz,SAI,55.0,Ferrari
10035,1119,830,9,1,3,1:34.190,1:33.572,1:33.104,2023,21,80,Las Vegas Grand Prix,2023-11-19,Max Verstappen,VER,33.0,Red Bull
10036,1119,847,131,63,4,1:34.137,1:33.351,1:33.112,2023,21,80,Las Vegas Grand Prix,2023-11-19,George Russell,RUS,63.0,Mercedes
10037,1119,842,214,10,5,1:34.272,1:33.494,1:33.239,2023,21,80,Las Vegas Grand Prix,2023-11-19,Pierre Gasly,GAS,10.0,Alpine F1 Team
10038,1119,848,3,23,6,1:34.634,1:33.588,1:33.323,2023,21,80,Las Vegas Grand Prix,2023-11-19,Alexander Albon,ALB,23.0,Williams
10039,1119,858,3,2,7,1:34.525,1:33.733,1:33.513,2023,21,80,Las Vegas Grand Prix,2023-11-19,Logan Sargeant,SAR,2.0,Williams
10040,1119,822,51,77,8,1:34.305,1:33.809,1:33.525,2023,21,80,Las Vegas Grand Prix,2023-11-19,Valtteri Bottas,BOT,77.0,Alfa Romeo
10041,1119,825,210,20,9,1:34.337,1:33.664,1:33.537,2023,21,80,Las Vegas Grand Prix,2023-11-19,Kevin Magnussen,MAG,20.0,Haas F1 Team
10042,1119,4,117,14,10,1:34.422,1:33.617,1:33.555,2023,21,80,Las Vegas Grand Prix,2023-11-19,Fernando Alonso,ALO,14.0,Aston Martin
10043,1119,1,131,44,11,1:34.307,1:33.837,,2023,21,80,Las Vegas Grand Prix,2023-11-19,Lewis Hamilton,HAM,44.0,Mercedes
10044,1119,815,9,11,12,1:34.574,1:33.855,,2023,21,80,Las Vegas Grand Prix,2023-11-19,Sergio Pérez,PER,11.0,Red Bull
10045,1119,807,210,27,13,1:34.265,1:33.979,,2023,21,80,Las Vegas Grand Prix,2023-11-19,Nico Hülkenberg,HUL,27.0,Haas F1 Team
10046,1119,840,117,18,14,1:34.504,1:34.199,,2023,21,80,Las Vegas Grand Prix,2023-11-19,Lance Stroll,STR,18.0,Aston Martin
10047,1119,817,213,3,15,1:34.683,1:34.308,,2023,21,80,Las Vegas Grand Prix,2023-11-19,Daniel Ricciardo,RIC,3.0,AlphaTauri
10048,1119,846,1,4,16,1:34.703,,,2023,21,80,Las Vegas Grand Prix,2023-11-19,Lando Norris,NOR,4.0,McLaren
10049,1119,839,214,31,17,1:34.834,,,2023,21,80,Las Vegas Grand Prix,2023-11-19,Esteban Ocon,OCO,31.0,Alpine F1 Team
10050,1119,855,51,24,18,1:34.849,,,2023,21,80,Las Vegas Grand Prix,2023-11-19,Guanyu Zhou,ZHO,24.0,Alfa Romeo
10051,1119,857,1,81,19,1:34.850,,,2023,21,80,Las Vegas Grand Prix,2023-11-19,Oscar Piastri,PIA,81.0,McLaren
10052,1119,852,213,22,20,1:36.447,,,2023,21,80,Las Vegas Grand Prix,2023-11-19,Yuki Tsunoda,TSU,22.0,AlphaTauri
10053,1120,830,9,1,1,1:24.160,1:23.740,1:23.445,2023,22,24,Abu Dhabi Grand Prix,2023-11-26,Max Verstappen,VER,33.0,Red Bull
10054,1120,844,6,16,2,1:24.459,1:23.969,1:23.584,2023,22,24,Abu Dhabi Grand Prix,2023-11-26,Charles Leclerc,LEC,16.0,Ferrari
10055,1120,857,1,81,3,1:24.487,1:24.278,1:23.782,2023,22,24,Abu Dhabi Grand Prix,2023-11-26,Oscar Piastri,PIA,81.0,McLaren
10056,1120,847,131,63,4,1:24.337,1:24.013,1:23.788,2023,22,24,Abu Dhabi Grand Prix,2023-11-26,George Russell,RUS,63.0,Mercedes
10057,1120,846,1,4,5,1:24.368,1:23.920,1:23.816,2023,22,24,Abu Dhabi Grand Prix,2023-11-26,Lando Norris,NOR,4.0,McLaren
10058,1120,852,213,22,6,1:24.286,1:24.207,1:23.968,2023,22,24,Abu Dhabi Grand Prix,2023-11-26,Yuki Tsunoda,TSU,22.0,AlphaTauri
10059,1120,4,117,14,7,1:24.501,1:24.131,1:24.084,2023,22,24,Abu Dhabi Grand Prix,2023-11-26,Fernando Alonso,ALO,14.0,Aston Martin
10060,1120,807,210,27,8,1:24.425,1:24.213,1:24.108,2023,22,24,Abu Dhabi Grand Prix,2023-11-26,Nico Hülkenberg,HUL,27.0,Haas F1 Team
10061,1120,815,9,11,9,1:24.209,1:24.116,1:24.171,2023,22,24,Abu Dhabi Grand Prix,2023-11-26,Sergio Pérez,PER,11.0,Red Bull
10062,1120,842,214,10,10,1:24.600,1:24.078,1:24.548,2023,22,24,Abu Dhabi Grand Prix,2023-11-26,Pierre Gasly,GAS,10.0,Alpine F1 Team
10063,1120,1,131,44,11,1:24.437,1:24.359,,2023,22,24,Abu Dhabi Grand Prix,2023-11-26,Lewis Hamilton,HAM,44.0,Mercedes
10064,1120,839,214,31,12,1:24.565,1:24.391,,2023,22,24,Abu Dhabi Grand Prix,2023-11-26,Esteban Ocon,OCO,31.0,Alpine F1 Team
10065,1120,840,117,18,13,1:24.405,1:24.422,,2023,22,24,Abu Dhabi Grand Prix,2023-11-26,Lance Stroll,STR,18.0,Aston Martin
10066,1120,848,3,23,14,1:24.298,1:24.439,,2023,22,24,Abu Dhabi Grand Prix,2023-11-26,Alexander Albon,ALB,23.0,Williams
10067,1120,817,213,3,15,1:24.461,1:24.442,,2023,22,24,Abu Dhabi Grand Prix,2023-11-26,Daniel Ricciardo,RIC,3.0,AlphaTauri
10068,1120,832,6,55,16,1:24.738,,,2023,22,24,Abu Dhabi Grand Prix,2023-11-26,Carlos Sainz,SAI,55.0,Ferrari
10069,1120,825,210,20,17,1:24.764,,,2023,22,24,Abu Dhabi Grand Prix,2023-11-26,Kevin Magnussen,MAG,20.0,Haas F1 Team
10070,1120,822,51,77,18,1:24.788,,,2023,22,24,Abu Dhabi Grand Prix,2023-11-26,Valtteri Bottas,BOT,77.0,Alfa Romeo
10071,1120,855,51,24,19,1:25.159,,,2023,22,24,Abu Dhabi Grand Prix,2023-11-26,Guanyu Zhou,ZHO,24.0,Alfa Romeo
10072,1120,858,3,2,20,,,,2023,22,24,Abu Dhabi Grand Prix,2023-11-26,Logan Sargeant,SAR,2.0,Williams
10073,1121,830,9,1,1,1:30.031,1:29.374,1:29.179,2024,1,3,Bahrain Grand Prix,2024-03-02,Max Verstappen,VER,33.0,Red Bull
10074,1121,844,6,16,2,1:30.243,1:29.165,1:29.407,2024,1,3,Bahrain Grand Prix,2024-03-02,Charles Leclerc,LEC,16.0,Ferrari
10075,1121,847,131,63,3,1:30.350,1:29.922,1:29.485,2024,1,3,Bahrain Grand Prix,2024-03-02,George Russell,RUS,63.0,Mercedes
10076,1121,832,6,55,4,1:29.909,1:29.573,1:29.507,2024,1,3,Bahrain Grand Prix,2024-03-02,Carlos Sainz,SAI,55.0,Ferrari
10077,1121,815,9,11,5,1:30.221,1:29.932,1:29.537,2024,1,3,Bahrain Grand Prix,2024-03-02,Sergio Pérez,PER,11.0,Red Bull
10078,1121,4,117,14,6,1:30.179,1:29.801,1:29.542,2024,1,3,Bahrain Grand Prix,2024-03-02,Fernando Alonso,ALO,14.0,Aston Martin
10079,1121,846,1,4,7,1:30.143,1:29.941,1:29.614,2024,1,3,Bahrain Grand Prix,2024-03-02,Lando Norris,NOR,4.0,McLaren
10080,1121,857,1,81,8,1:30.531,1:30.122,1:29.683,2024,1,3,Bahrain Grand Prix,2024-03-02,Oscar Piastri,PIA,81.0,McLaren
10081,1121,1,131,44,9,1:30.451,1:29.718,1:29.710,2024,1,3,Bahrain Grand Prix,2024-03-02,Lewis Hamilton,HAM,44.0,Mercedes
10082,1121,807,210,27,10,1:30.566,1:29.851,1:30.502,2024,1,3,Bahrain Grand Prix,2024-03-02,Nico Hülkenberg,HUL,27.0,Haas F1 Team
10083,1121,852,215,22,11,1:30.481,1:30.129,,2024,1,3,Bahrain Grand Prix,2024-03-02,Yuki Tsunoda,TSU,22.0,RB F1 Team
10084,1121,840,117,18,12,1:29.965,1:30.200,,2024,1,3,Bahrain Grand Prix,2024-03-02,Lance Stroll,STR,18.0,Aston Martin
10085,1121,848,3,23,13,1:30.397,1:30.221,,2024,1,3,Bahrain Grand Prix,2024-03-02,Alexander Albon,ALB,23.0,Williams
10086,1121,817,215,3,14,1:30.562,1:30.278,,2024,1,3,Bahrain Grand Prix,2024-03-02,Daniel Ricciardo,RIC,3.0,RB F1 Team
10087,1121,825,210,20,15,1:30.646,1:30.529,,2024,1,3,Bahrain Grand Prix,2024-03-02,Kevin Magnussen,MAG,20.0,Haas F1 Team
10088,1121,822,15,77,16,1:30.756,,,2024,1,3,Bahrain Grand Prix,2024-03-02,Valtteri Bottas,BOT,77.0,Sauber
10089,1121,855,15,24,17,1:30.757,,,2024,1,3,Bahrain Grand Prix,2024-03-02,Guanyu Zhou,ZHO,24.0,Sauber
10090,1121,858,3,2,18,1:30.770,,,2024,1,3,Bahrain Grand Prix,2024-03-02,Logan Sargeant,SAR,2.0,Williams
10091,1121,839,214,31,19,1:30.793,,,2024,1,3,Bahrain Grand Prix,2024-03-02,Esteban Ocon,OCO,31.0,Alpine F1 Team
10092,1121,842,214,10,20,1:30.948,,,2024,1,3,Bahrain Grand Prix,2024-03-02,Pierre Gasly,GAS,10.0,Alpine F1 Team
10093,1122,830,9,1,1,1:28.171,1:28.033,1:27.472,2024,2,77,Saudi Arabian Grand Prix,2024-03-09,Max Verstappen,VER,33.0,Red Bull
10094,1122,844,6,16,2,1:28.318,1:28.112,1:27.791,2024,2,77,Saudi Arabian Grand Prix,2024-03-09,Charles Leclerc,LEC,16.0,Ferrari
10095,1122,815,9,11,3,1:28.638,1:28.467,1:27.807,2024,2,77,Saudi Arabian Grand Prix,2024-03-09,Sergio Pérez,PER,11.0,Red Bull
10096,1122,4,117,14,4,1:28.706,1:28.122,1:27.846,2024,2,77,Saudi Arabian Grand Prix,2024-03-09,Fernando Alonso,ALO,14.0,Aston Martin
10097,1122,857,1,81,5,1:28.755,1:28.343,1:28.089,2024,2,77,Saudi Arabian Grand Prix,2024-03-09,Oscar Piastri,PIA,81.0,McLaren
10098,1122,846,1,4,6,1:28.805,1:28.479,1:28.132,2024,2,77,Saudi Arabian Grand Prix,2024-03-09,Lando Norris,NOR,4.0,McLaren
10099,1122,847,131,63,7,1:28.749,1:28.448,1:28.316,2024,2,77,Saudi Arabian Grand Prix,2024-03-09,George Russell,RUS,63.0,Mercedes
10100,1122,1,131,44,8,1:28.994,1:28.606,1:28.460,2024,2,77,Saudi Arabian Grand Prix,2024-03-09,Lewis Hamilton,HAM,44.0,Mercedes
10101,1122,852,215,22,9,1:28.988,1:28.564,1:28.547,2024,2,77,Saudi Arabian Grand Prix,2024-03-09,Yuki Tsunoda,TSU,22.0,RB F1 Team
10102,1122,840,117,18,10,1:28.250,1:28.578,1:28.572,2024,2,77,Saudi Arabian Grand Prix,2024-03-09,Lance Stroll,STR,18.0,Aston Martin
10103,1122,860,6,38,11,1:28.984,1:28.642,,2024,2,77,Saudi Arabian Grand Prix,2024-03-09,Oliver Bearman,BEA,38.0,Ferrari
10104,1122,848,3,23,12,1:29.107,1:28.980,,2024,2,77,Saudi Arabian Grand Prix,2024-03-09,Alexander Albon,ALB,23.0,Williams
10105,1122,825,210,20,13,1:29.069,1:29.020,,2024,2,77,Saudi Arabian Grand Prix,2024-03-09,Kevin Magnussen,MAG,20.0,Haas F1 Team
10106,1122,817,215,3,14,1:29.065,1:29.025,,2024,2,77,Saudi Arabian Grand Prix,2024-03-09,Daniel Ricciardo,RIC,3.0,RB F1 Team
10107,1122,807,210,27,15,1:29.055,,,2024,2,77,Saudi Arabian Grand Prix,2024-03-09,Nico Hülkenberg,HUL,27.0,Haas F1 Team
10108,1122,822,15,77,16,1:29.179,,,2024,2,77,Saudi Arabian Grand Prix,2024-03-09,Valtteri Bottas,BOT,77.0,Sauber
10109,1122,839,214,31,17,1:29.475,,,2024,2,77,Saudi Arabian Grand Prix,2024-03-09,Esteban Ocon,OCO,31.0,Alpine F1 Team
10110,1122,842,214,10,18,1:29.479,,,2024,2,77,Saudi Arabian Grand Prix,2024-03-09,Pierre Gasly,GAS,10.0,Alpine F1 Team
10111,1122,858,3,2,19,1:29.526,,,2024,2,77,Saudi Arabian Grand Prix,2024-03-09,Logan Sargeant,SAR,2.0,Williams
10112,1122,855,15,24,20,,,,2024,2,77,Saudi Arabian Grand Prix,2024-03-09,Guanyu Zhou,ZHO,24.0,Sauber
10113,1123,830,9,1,1,1:16.819,1:16.387,1:15.915,2024,3,1,Australian Grand Prix,2024-03-24,Max Verstappen,VER,33.0,Red Bull
10114,1123,832,6,55,2,1:16.731,1:16.189,1:16.185,2024,3,1,Australian Grand Prix,2024-03-24,Carlos Sainz,SAI,55.0,Ferrari
10115,1123,815,9,11,3,1:16.805,1:16.631,1:16.274,2024,3,1,Australian Grand Prix,2024-03-24,Sergio Pérez,PER,11.0,Red Bull
10116,1123,846,1,4,4,1:17.430,1:16.750,1:16.315,2024,3,1,Australian Grand Prix,2024-03-24,Lando Norris,NOR,4.0,McLaren
10117,1123,844,6,16,5,1:16.984,1:16.304,1:16.435,2024,3,1,Australian Grand Prix,2024-03-24,Charles Leclerc,LEC,16.0,Ferrari
10118,1123,857,1,81,6,1:17.369,1:16.601,1:16.572,2024,3,1,Australian Grand Prix,2024-03-24,Oscar Piastri,PIA,81.0,McLaren
10119,1123,847,131,63,7,1:17.062,1:16.901,1:16.724,2024,3,1,Australian Grand Prix,2024-03-24,George Russell,RUS,63.0,Mercedes
10120,1123,852,215,22,8,1:17.356,1:16.791,1:16.788,2024,3,1,Australian Grand Prix,2024-03-24,Yuki Tsunoda,TSU,22.0,RB F1 Team
10121,1123,840,117,18,9,1:17.376,1:16.780,1:17.072,2024,3,1,Australian Grand Prix,2024-03-24,Lance Stroll,STR,18.0,Aston Martin
10122,1123,4,117,14,10,1:16.991,1:16.710,1:17.552,2024,3,1,Australian Grand Prix,2024-03-24,Fernando Alonso,ALO,14.0,Aston Martin
10123,1123,1,131,44,11,1:17.499,1:16.960,,2024,3,1,Australian Grand Prix,2024-03-24,Lewis Hamilton,HAM,44.0,Mercedes
10124,1123,848,3,23,12,1:17.130,1:17.167,,2024,3,1,Australian Grand Prix,2024-03-24,Alexander Albon,ALB,23.0,Williams
10125,1123,822,15,77,13,1:17.543,1:17.340,,2024,3,1,Australian Grand Prix,2024-03-24,Valtteri Bottas,BOT,77.0,Sauber
10126,1123,825,210,20,14,1:17.709,1:17.427,,2024,3,1,Australian Grand Prix,2024-03-24,Kevin Magnussen,MAG,20.0,Haas F1 Team
10127,1123,839,214,31,15,1:17.617,1:17.697,,2024,3,1,Australian Grand Prix,2024-03-24,Esteban Ocon,OCO,31.0,Alpine F1 Team
10128,1123,807,210,27,16,1:17.976,,,2024,3,1,Australian Grand Prix,2024-03-24,Nico Hülkenberg,HUL,27.0,Haas F1 Team
10129,1123,842,214,10,17,1:17.982,,,2024,3,1,Australian Grand Prix,2024-03-24,Pierre Gasly,GAS,10.0,Alpine F1 Team
10130,1123,817,215,3,18,1:18.085,,,2024,3,1,Australian Grand Prix,2024-03-24,Daniel Ricciardo,RIC,3.0,RB F1 Team
10131,1123,855,15,24,19,1:18.188,,,2024,3,1,Australian Grand Prix,2024-03-24,Guanyu Zhou,ZHO,24.0,Sauber
10132,1124,830,9,1,1,1:28.866,1:28.740,1:28.197,2024,4,22,Japanese Grand Prix,2024-04-07,Max Verstappen,VER,33.0,Red Bull
10133,1124,815,9,11,2,1:29.303,1:28.752,1:28.263,2024,4,22,Japanese Grand Prix,2024-04-07,Sergio Pérez,PER,11.0,Red Bull
10134,1124,846,1,4,3,1:29.536,1:28.940,1:28.489,2024,4,22,Japanese Grand Prix,2024-04-07,Lando Norris,NOR,4.0,McLaren
10135,1124,832,6,55,4,1:29.513,1:29.099,1:28.682,2024,4,22,Japanese Grand Prix,2024-04-07,Carlos Sainz,SAI,55.0,Ferrari
10136,1124,4,117,14,5,1:29.254,1:29.082,1:28.686,2024,4,22,Japanese Grand Prix,2024-04-07,Fernando Alonso,ALO,14.0,Aston Martin
10137,1124,857,1,81,6,1:29.425,1:29.148,1:28.760,2024,4,22,Japanese Grand Prix,2024-04-07,Oscar Piastri,PIA,81.0,McLaren
10138,1124,1,131,44,7,1:29.661,1:28.887,1:28.766,2024,4,22,Japanese Grand Prix,2024-04-07,Lewis Hamilton,HAM,44.0,Mercedes
10139,1124,844,6,16,8,1:29.338,1:29.196,1:28.786,2024,4,22,Japanese Grand Prix,2024-04-07,Charles Leclerc,LEC,16.0,Ferrari
10140,1124,847,131,63,9,1:29.799,1:29.140,1:29.008,2024,4,22,Japanese Grand Prix,2024-04-07,George Russell,RUS,63.0,Mercedes
10141,1124,852,215,22,10,1:29.775,1:29.417,1:29.413,2024,4,22,Japanese Grand Prix,2024-04-07,Yuki Tsunoda,TSU,22.0,RB F1 Team
10142,1124,817,215,3,11,1:29.727,1:29.472,,2024,4,22,Japanese Grand Prix,2024-04-07,Daniel Ricciardo,RIC,3.0,RB F1 Team
10143,1124,807,210,27,12,1:29.821,1:29.494,,2024,4,22,Japanese Grand Prix,2024-04-07,Nico Hülkenberg,HUL,27.0,Haas F1 Team
10144,1124,822,15,77,13,1:29.602,1:29.593,,2024,4,22,Japanese Grand Prix,2024-04-07,Valtteri Bottas,BOT,77.0,Sauber
10145,1124,848,3,23,14,1:29.963,1:29.714,,2024,4,22,Japanese Grand Prix,2024-04-07,Alexander Albon,ALB,23.0,Williams
10146,1124,839,214,31,15,1:29.811,1:29.816,,2024,4,22,Japanese Grand Prix,2024-04-07,Esteban Ocon,OCO,31.0,Alpine F1 Team
10147,1124,840,117,18,16,1:30.024,,,2024,4,22,Japanese Grand Prix,2024-04-07,Lance Stroll,STR,18.0,Aston Martin
10148,1124,842,214,10,17,1:30.119,,,2024,4,22,Japanese Grand Prix,2024-04-07,Pierre Gasly,GAS,10.0,Alpine F1 Team
10149,1124,825,210,20,18,1:30.131,,,2024,4,22,Japanese Grand Prix,2024-04-07,Kevin Magnussen,MAG,20.0,Haas F1 Team
10150,1124,858,3,2,19,1:30.139,,,2024,4,22,Japanese Grand Prix,2024-04-07,Logan Sargeant,SAR,2.0,Williams
10151,1124,855,15,24,20,1:30.143,,,2024,4,22,Japanese Grand Prix,2024-04-07,Guanyu Zhou,ZHO,24.0,Sauber
10152,1125,830,9,1,1,1:34.742,1:33.794,1:33.660,2024,5,17,Chinese Grand Prix,2024-04-21,Max Verstappen,VER,33.0,Red Bull
10153,1125,815,9,11,2,1:35.457,1:34.026,1:33.982,2024,5,17,Chinese Grand Prix,2024-04-21,Sergio Pérez,PER,11.0,Red Bull
10154,1125,4,117,14,3,1:35.116,1:34.652,1:34.148,2024,5,17,Chinese Grand Prix,2024-04-21,Fernando Alonso,ALO,14.0,Aston Martin
10155,1125,846,1,4,4,1:34.842,1:34.460,1:34.165,2024,5,17,Chinese Grand Prix,2024-04-21,Lando Norris,NOR,4.0,McLaren
10156,1125,857,1,81,5,1:35.014,1:34.659,1:34.273,2024,5,17,Chinese Grand Prix,2024-04-21,Oscar Piastri,PIA,81.0,McLaren
10157,1125,844,6,16,6,1:34.797,1:34.399,1:34.289,2024,5,17,Chinese Grand Prix,2024-04-21,Charles Leclerc,LEC,16.0,Ferrari
10158,1125,832,6,55,7,1:34.970,1:34.368,1:34.297,2024,5,17,Chinese Grand Prix,2024-04-21,Carlos Sainz,SAI,55.0,Ferrari
10159,1125,847,131,63,8,1:35.084,1:34.609,1:34.433,2024,5,17,Chinese Grand Prix,2024-04-21,George Russell,RUS,63.0,Mercedes
10160,1125,807,210,27,9,1:35.068,1:34.667,1:34.604,2024,5,17,Chinese Grand Prix,2024-04-21,Nico Hülkenberg,HUL,27.0,Haas F1 Team
10161,1125,822,15,77,10,1:35.169,1:34.769,1:34.665,2024,5,17,Chinese Grand Prix,2024-04-21,Valtteri Bottas,BOT,77.0,Sauber
10162,1125,840,117,18,11,1:35.334,1:34.838,,2024,5,17,Chinese Grand Prix,2024-04-21,Lance Stroll,STR,18.0,Aston Martin
10163,1125,817,215,3,12,1:35.443,1:34.934,,2024,5,17,Chinese Grand Prix,2024-04-21,Daniel Ricciardo,RIC,3.0,RB F1 Team
10164,1125,839,214,31,13,1:35.356,1:35.223,,2024,5,17,Chinese Grand Prix,2024-04-21,Esteban Ocon,OCO,31.0,Alpine F1 Team
10165,1125,848,3,23,14,1:35.384,1:35.241,,2024,5,17,Chinese Grand Prix,2024-04-21,Alexander Albon,ALB,23.0,Williams
10166,1125,842,214,10,15,1:35.287,1:35.463,,2024,5,17,Chinese Grand Prix,2024-04-21,Pierre Gasly,GAS,10.0,Alpine F1 Team
10167,1125,855,15,24,16,1:35.505,,,2024,5,17,Chinese Grand Prix,2024-04-21,Guanyu Zhou,ZHO,24.0,Sauber
10168,1125,825,210,20,17,1:35.516,,,2024,5,17,Chinese Grand Prix,2024-04-21,Kevin Magnussen,MAG,20.0,Haas F1 Team
10169,1125,1,131,44,18,1:35.573,,,2024,5,17,Chinese Grand Prix,2024-04-21,Lewis Hamilton,HAM,44.0,Mercedes
10170,1125,852,215,22,19,1:35.746,,,2024,5,17,Chinese Grand Prix,2024-04-21,Yuki Tsunoda,TSU,22.0,RB F1 Team
10171,1125,858,3,2,20,1:36.358,,,2024,5,17,Chinese Grand Prix,2024-04-21,Logan Sargeant,SAR,2.0,Williams
10172,1126,830,9,1,1,1:27.689,1:27.566,1:27.241,2024,6,79,Miami Grand Prix,2024-05-05,Max Verstappen,VER,33.0,Red Bull
10173,1126,844,6,16,2,1:28.081,1:27.533,1:27.382,2024,6,79,Miami Grand Prix,2024-05-05,Charles Leclerc,LEC,16.0,Ferrari
10174,1126,832,6,55,3,1:27.937,1:27.941,1:27.455,2024,6,79,Miami Grand Prix,2024-05-05,Carlos Sainz,SAI,55.0,Ferrari
10175,1126,815,9,11,4,1:27.772,1:27.839,1:27.460,2024,6,79,Miami Grand Prix,2024-05-05,Sergio Pérez,PER,11.0,Red Bull
10176,1126,846,1,4,5,1:27.913,1:27.871,1:27.594,2024,6,79,Miami Grand Prix,2024-05-05,Lando Norris,NOR,4.0,McLaren
10177,1126,857,1,81,6,1:28.032,1:27.721,1:27.675,2024,6,79,Miami Grand Prix,2024-05-05,Oscar Piastri,PIA,81.0,McLaren
10178,1126,847,131,63,7,1:28.159,1:28.095,1:28.067,2024,6,79,Miami Grand Prix,2024-05-05,George Russell,RUS,63.0,Mercedes
10179,1126,1,131,44,8,1:28.167,1:27.697,1:28.107,2024,6,79,Miami Grand Prix,2024-05-05,Lewis Hamilton,HAM,44.0,Mercedes
10180,1126,807,210,27,9,1:28.383,1:28.200,1:28.146,2024,6,79,Miami Grand Prix,2024-05-05,Nico Hülkenberg,HUL,27.0,Haas F1 Team
10181,1126,852,215,22,10,1:28.324,1:28.167,1:28.192,2024,6,79,Miami Grand Prix,2024-05-05,Yuki Tsunoda,TSU,22.0,RB F1 Team
10182,1126,840,117,18,11,1:28.177,1:28.222,,2024,6,79,Miami Grand Prix,2024-05-05,Lance Stroll,STR,18.0,Aston Martin
10183,1126,842,214,10,12,1:27.976,1:28.324,,2024,6,79,Miami Grand Prix,2024-05-05,Pierre Gasly,GAS,10.0,Alpine F1 Team
10184,1126,839,214,31,13,1:28.209,1:28.371,,2024,6,79,Miami Grand Prix,2024-05-05,Esteban Ocon,OCO,31.0,Alpine F1 Team
10185,1126,848,3,23,14,1:28.343,1:28.413,,2024,6,79,Miami Grand Prix,2024-05-05,Alexander Albon,ALB,23.0,Williams
10186,1126,4,117,14,15,1:28.453,1:28.427,,2024,6,79,Miami Grand Prix,2024-05-05,Fernando Alonso,ALO,14.0,Aston Martin
10187,1126,822,15,77,16,1:28.463,,,2024,6,79,Miami Grand Prix,2024-05-05,Valtteri Bottas,BOT,77.0,Sauber
10188,1126,858,3,2,17,1:28.487,,,2024,6,79,Miami Grand Prix,2024-05-05,Logan Sargeant,SAR,2.0,Williams
10189,1126,817,215,3,18,1:28.617,,,2024,6,79,Miami Grand Prix,2024-05-05,Daniel Ricciardo,RIC,3.0,RB F1 Team
10190,1126,825,210,20,19,1:28.619,,,2024,6,79,Miami Grand Prix,2024-05-05,Kevin Magnussen,MAG,20.0,Haas F1 Team
10191,1126,855,15,24,20,1:28.824,,,2024,6,79,Miami Grand Prix,2024-05-05,Guanyu Zhou,ZHO,24.0,Sauber
10192,1127,830,9,1,1,1:15.762,1:15.176,1:14.746,2024,7,21,Emilia Romagna Grand Prix,2024-05-19,Max Verstappen,VER,33.0,Red Bull
10193,1127,857,1,81,2,1:15.940,1:15.407,1:14.820,2024,7,21,Emilia Romagna Grand Prix,2024-05-19,Oscar Piastri,PIA,81.0,McLaren
10194,1127,846,1,4,3,1:15.915,1:15.371,1:14.837,2024,7,21,Emilia Romagna Grand Prix,2024-05-19,Lando Norris,NOR,4.0,McLaren
10195,1127,844,6,16,4,1:15.823,1:15.328,1:14.970,2024,7,21,Emilia Romagna Grand Prix,2024-05-19,Charles Leclerc,LEC,16.0,Ferrari
10196,1127,832,6,55,5,1:16.015,1:15.512,1:15.233,2024,7,21,Emilia Romagna Grand Prix,2024-05-19,Carlos Sainz,SAI,55.0,Ferrari
10197,1127,847,131,63,6,1:16.107,1:15.671,1:15.234,2024,7,21,Emilia Romagna Grand Prix,2024-05-19,George Russell,RUS,63.0,Mercedes
10198,1127,852,215,22,7,1:15.894,1:15.358,1:15.465,2024,7,21,Emilia Romagna Grand Prix,2024-05-19,Yuki Tsunoda,TSU,22.0,RB F1 Team
10199,1127,1,131,44,8,1:16.604,1:15.677,1:15.504,2024,7,21,Emilia Romagna Grand Prix,2024-05-19,Lewis Hamilton,HAM,44.0,Mercedes
10200,1127,817,215,3,9,1:16.060,1:15.691,1:15.674,2024,7,21,Emilia Romagna Grand Prix,2024-05-19,Daniel Ricciardo,RIC,3.0,RB F1 Team
10201,1127,807,210,27,10,1:15.841,1:15.569,1:15.980,2024,7,21,Emilia Romagna Grand Prix,2024-05-19,Nico Hülkenberg,HUL,27.0,Haas F1 Team
10202,1127,815,9,11,11,1:16.404,1:15.706,,2024,7,21,Emilia Romagna Grand Prix,2024-05-19,Sergio Pérez,PER,11.0,Red Bull
10203,1127,839,214,31,12,1:16.361,1:15.906,,2024,7,21,Emilia Romagna Grand Prix,2024-05-19,Esteban Ocon,OCO,31.0,Alpine F1 Team
10204,1127,840,117,18,13,1:16.458,1:15.992,,2024,7,21,Emilia Romagna Grand Prix,2024-05-19,Lance Stroll,STR,18.0,Aston Martin
10205,1127,848,3,23,14,1:16.524,1:16.200,,2024,7,21,Emilia Romagna Grand Prix,2024-05-19,Alexander Albon,ALB,23.0,Williams
10206,1127,842,214,10,15,1:16.015,1:16.381,,2024,7,21,Emilia Romagna Grand Prix,2024-05-19,Pierre Gasly,GAS,10.0,Alpine F1 Team
10207,1127,822,15,77,16,1:16.626,,,2024,7,21,Emilia Romagna Grand Prix,2024-05-19,Valtteri Bottas,BOT,77.0,Sauber
10208,1127,855,15,24,17,1:16.834,,,2024,7,21,Emilia Romagna Grand Prix,2024-05-19,Guanyu Zhou,ZHO,24.0,Sauber
10209,1127,825,210,20,18,1:16.854,,,2024,7,21,Emilia Romagna Grand Prix,2024-05-19,Kevin Magnussen,MAG,20.0,Haas F1 Team
10210,1127,4,117,14,19,1:16.917,,,2024,7,21,Emilia Romagna Grand Prix,2024-05-19,Fernando Alonso,ALO,14.0,Aston Martin
10211,1127,858,3,2,20,,,,2024,7,21,Emilia Romagna Grand Prix,2024-05-19,Logan Sargeant,SAR,2.0,Williams
10212,1128,844,6,16,1,1:11.584,1:10.825,1:10.270,2024,8,6,Monaco Grand Prix,2024-05-26,Charles Leclerc,LEC,16.0,Ferrari
10213,1128,857,1,81,2,1:11.500,1:10.756,1:10.424,2024,8,6,Monaco Grand Prix,2024-05-26,Oscar Piastri,PIA,81.0,McLaren
10214,1128,832,6,55,3,1:11.543,1:11.075,1:10.518,2024,8,6,Monaco Grand Prix,2024-05-26,Carlos Sainz,SAI,55.0,Ferrari
10215,1128,846,1,4,4,1:11.760,1:10.732,1:10.542,2024,8,6,Monaco Grand Prix,2024-05-26,Lando Norris,NOR,4.0,McLaren
10216,1128,847,131,63,5,1:11.492,1:10.929,1:10.543,2024,8,6,Monaco Grand Prix,2024-05-26,George Russell,RUS,63.0,Mercedes
10217,1128,830,9,1,6,1:11.711,1:10.745,1:10.567,2024,8,6,Monaco Grand Prix,2024-05-26,Max Verstappen,VER,33.0,Red Bull
10218,1128,1,131,44,7,1:11.528,1:11.056,1:10.621,2024,8,6,Monaco Grand Prix,2024-05-26,Lewis Hamilton,HAM,44.0,Mercedes
10219,1128,852,215,22,8,1:11.852,1:11.106,1:10.858,2024,8,6,Monaco Grand Prix,2024-05-26,Yuki Tsunoda,TSU,22.0,RB F1 Team
10220,1128,848,3,23,9,1:11.623,1:11.216,1:10.948,2024,8,6,Monaco Grand Prix,2024-05-26,Alexander Albon,ALB,23.0,Williams
10221,1128,842,214,10,10,1:11.714,1:10.896,1:11.311,2024,8,6,Monaco Grand Prix,2024-05-26,Pierre Gasly,GAS,10.0,Alpine F1 Team
10222,1128,839,214,31,11,1:11.887,1:11.285,,2024,8,6,Monaco Grand Prix,2024-05-26,Esteban Ocon,OCO,31.0,Alpine F1 Team
10223,1128,807,210,27,12,1:11.876,1:11.440,,2024,8,6,Monaco Grand Prix,2024-05-26,Nico Hülkenberg,HUL,27.0,Haas F1 Team
10224,1128,817,215,3,13,1:11.785,1:11.482,,2024,8,6,Monaco Grand Prix,2024-05-26,Daniel Ricciardo,RIC,3.0,RB F1 Team
10225,1128,840,117,18,14,1:11.728,1:11.563,,2024,8,6,Monaco Grand Prix,2024-05-26,Lance Stroll,STR,18.0,Aston Martin
10226,1128,825,210,20,15,1:11.832,1:11.725,,2024,8,6,Monaco Grand Prix,2024-05-26,Kevin Magnussen,MAG,20.0,Haas F1 Team
10227,1128,4,117,14,16,1:12.019,,,2024,8,6,Monaco Grand Prix,2024-05-26,Fernando Alonso,ALO,14.0,Aston Martin
10228,1128,858,3,2,17,1:12.020,,,2024,8,6,Monaco Grand Prix,2024-05-26,Logan Sargeant,SAR,2.0,Williams
10229,1128,815,9,11,18,1:12.060,,,2024,8,6,Monaco Grand Prix,2024-05-26,Sergio Pérez,PER,11.0,Red Bull
10230,1128,822,15,77,19,1:12.512,,,2024,8,6,Monaco Grand Prix,2024-05-26,Valtteri Bottas,BOT,77.0,Sauber
10231,1128,855,15,24,20,1:13.028,,,2024,8,6,Monaco Grand Prix,2024-05-26,Guanyu Zhou,ZHO,24.0,Sauber
10232,1129,847,131,63,1,1:13.013,1:11.742,1:12.000,2024,9,7,Canadian Grand Prix,2024-06-09,George Russell,RUS,63.0,Mercedes
10233,1129,830,9,1,2,1:12.360,1:12.549,1:12.000,2024,9,7,Canadian Grand Prix,2024-06-09,Max Verstappen,VER,33.0,Red Bull
10234,1129,846,1,4,3,1:12.959,1:12.201,1:12.021,2024,9,7,Canadian Grand Prix,2024-06-09,Lando Norris,NOR,4.0,McLaren
10235,1129,857,1,81,4,1:12.907,1:12.462,1:12.103,2024,9,7,Canadian Grand Prix,2024-06-09,Oscar Piastri,PIA,81.0,McLaren
10236,1129,817,215,3,5,1:13.240,1:12.572,1:12.178,2024,9,7,Canadian Grand Prix,2024-06-09,Daniel Ricciardo,RIC,3.0,RB F1 Team
10237,1129,4,117,14,6,1:13.117,1:12.635,1:12.228,2024,9,7,Canadian Grand Prix,2024-06-09,Fernando Alonso,ALO,14.0,Aston Martin
10238,1129,1,131,44,7,1:12.851,1:11.979,1:12.280,2024,9,7,Canadian Grand Prix,2024-06-09,Lewis Hamilton,HAM,44.0,Mercedes
10239,1129,852,215,22,8,1:12.748,1:12.303,1:12.414,2024,9,7,Canadian Grand Prix,2024-06-09,Yuki Tsunoda,TSU,22.0,RB F1 Team
10240,1129,840,117,18,9,1:13.088,1:12.659,1:12.701,2024,9,7,Canadian Grand Prix,2024-06-09,Lance Stroll,STR,18.0,Aston Martin
10241,1129,848,3,23,10,1:12.896,1:12.485,1:12.796,2024,9,7,Canadian Grand Prix,2024-06-09,Alexander Albon,ALB,23.0,Williams
10242,1129,844,6,16,11,1:13.107,1:12.691,,2024,9,7,Canadian Grand Prix,2024-06-09,Charles Leclerc,LEC,16.0,Ferrari
10243,1129,832,6,55,12,1:13.038,1:12.728,,2024,9,7,Canadian Grand Prix,2024-06-09,Carlos Sainz,SAI,55.0,Ferrari
10244,1129,858,3,2,13,1:13.063,1:12.736,,2024,9,7,Canadian Grand Prix,2024-06-09,Logan Sargeant,SAR,2.0,Williams
10245,1129,825,210,20,14,1:13.217,1:12.916,,2024,9,7,Canadian Grand Prix,2024-06-09,Kevin Magnussen,MAG,20.0,Haas F1 Team
10246,1129,842,214,10,15,1:13.289,1:12.940,,2024,9,7,Canadian Grand Prix,2024-06-09,Pierre Gasly,GAS,10.0,Alpine F1 Team
10247,1129,815,9,11,16,1:13.326,,,2024,9,7,Canadian Grand Prix,2024-06-09,Sergio Pérez,PER,11.0,Red Bull
10248,1129,822,15,77,17,1:13.366,,,2024,9,7,Canadian Grand Prix,2024-06-09,Valtteri Bottas,BOT,77.0,Sauber
10249,1129,839,214,31,18,1:13.435,,,2024,9,7,Canadian Grand Prix,2024-06-09,Esteban Ocon,OCO,31.0,Alpine F1 Team
10250,1129,807,210,27,19,1:13.978,,,2024,9,7,Canadian Grand Prix,2024-06-09,Nico Hülkenberg,HUL,27.0,Haas F1 Team
10251,1129,855,15,24,20,1:14.292,,,2024,9,7,Canadian Grand Prix,2024-06-09,Guanyu Zhou,ZHO,24.0,Sauber
10252,1130,846,1,4,1,1:12.386,1:11.872,1:11.383,2024,10,4,Spanish Grand Prix,2024-06-23,Lando Norris,NOR,4.0,McLaren
10253,1130,830,9,1,2,1:12.306,1:11.653,1:11.403,2024,10,4,Spanish Grand Prix,2024-06-23,Max Verstappen,VER,33.0,Red Bull
10254,1130,1,131,44,3,1:12.143,1:11.792,1:11.701,2024,10,4,Spanish Grand Prix,2024-06-23,Lewis Hamilton,HAM,44.0,Mercedes
10255,1130,847,131,63,4,1:12.456,1:11.812,1:11.703,2024,10,4,Spanish Grand Prix,2024-06-23,George Russell,RUS,63.0,Mercedes
10256,1130,844,6,16,5,1:12.257,1:12.038,1:11.731,2024,10,4,Spanish Grand Prix,2024-06-23,Charles Leclerc,LEC,16.0,Ferrari
10257,1130,832,6,55,6,1:12.403,1:11.874,1:11.736,2024,10,4,Spanish Grand Prix,2024-06-23,Carlos Sainz,SAI,55.0,Ferrari
10258,1130,842,214,10,7,1:12.651,1:12.079,1:11.857,2024,10,4,Spanish Grand Prix,2024-06-23,Pierre Gasly,GAS,10.0,Alpine F1 Team
10259,1130,815,9,11,8,1:12.477,1:12.054,1:12.061,2024,10,4,Spanish Grand Prix,2024-06-23,Sergio Pérez,PER,11.0,Red Bull
10260,1130,839,214,31,9,1:12.691,1:12.109,1:12.125,2024,10,4,Spanish Grand Prix,2024-06-23,Esteban Ocon,OCO,31.0,Alpine F1 Team
10261,1130,857,1,81,10,1:12.460,1:12.011,,2024,10,4,Spanish Grand Prix,2024-06-23,Oscar Piastri,PIA,81.0,McLaren
10262,1130,4,117,14,11,1:12.505,1:12.128,,2024,10,4,Spanish Grand Prix,2024-06-23,Fernando Alonso,ALO,14.0,Aston Martin
10263,1130,822,15,77,12,1:12.758,1:12.227,,2024,10,4,Spanish Grand Prix,2024-06-23,Valtteri Bottas,BOT,77.0,Sauber
10264,1130,807,210,27,13,1:12.708,1:12.310,,2024,10,4,Spanish Grand Prix,2024-06-23,Nico Hülkenberg,HUL,27.0,Haas F1 Team
10265,1130,840,117,18,14,1:12.881,1:12.372,,2024,10,4,Spanish Grand Prix,2024-06-23,Lance Stroll,STR,18.0,Aston Martin
10266,1130,855,15,24,15,1:12.880,1:12.738,,2024,10,4,Spanish Grand Prix,2024-06-23,Guanyu Zhou,ZHO,24.0,Sauber
10267,1130,825,210,20,16,1:12.937,,,2024,10,4,Spanish Grand Prix,2024-06-23,Kevin Magnussen,MAG,20.0,Haas F1 Team
10268,1130,852,215,22,17,1:12.985,,,2024,10,4,Spanish Grand Prix,2024-06-23,Yuki Tsunoda,TSU,22.0,RB F1 Team
10269,1130,817,215,3,18,1:13.075,,,2024,10,4,Spanish Grand Prix,2024-06-23,Daniel Ricciardo,RIC,3.0,RB F1 Team
10270,1130,848,3,23,19,1:13.153,,,2024,10,4,Spanish Grand Prix,2024-06-23,Alexander Albon,ALB,23.0,Williams
10271,1130,858,3,2,20,1:13.509,,,2024,10,4,Spanish Grand Prix,2024-06-23,Logan Sargeant,SAR,2.0,Williams
10272,1131,830,9,1,1,1:05.336,1:04.469,1:04.314,2024,11,70,Austrian Grand Prix,2024-06-30,Max Verstappen,VER,33.0,Red Bull
10273,1131,846,1,4,2,1:05.450,1:05.103,1:04.718,2024,11,70,Austrian Grand Prix,2024-06-30,Lando Norris,NOR,4.0,McLaren
10274,1131,847,131,63,3,1:05.585,1:05.016,1:04.840,2024,11,70,Austrian Grand Prix,2024-06-30,George Russell,RUS,63.0,Mercedes
10275,1131,832,6,55,4,1:05.263,1:05.016,1:04.851,2024,11,70,Austrian Grand Prix,2024-06-30,Carlos Sainz,SAI,55.0,Ferrari
10276,1131,1,131,44,5,1:05.541,1:05.053,1:04.903,2024,11,70,Austrian Grand Prix,2024-06-30,Lewis Hamilton,HAM,44.0,Mercedes
10277,1131,844,6,16,6,1:05.509,1:05.104,1:05.044,2024,11,70,Austrian Grand Prix,2024-06-30,Charles Leclerc,LEC,16.0,Ferrari
10278,1131,857,1,81,7,1:05.311,1:05.070,1:05.048,2024,11,70,Austrian Grand Prix,2024-06-30,Oscar Piastri,PIA,81.0,McLaren
10279,1131,815,9,11,8,1:05.587,1:05.144,1:05.202,2024,11,70,Austrian Grand Prix,2024-06-30,Sergio Pérez,PER,11.0,Red Bull
10280,1131,807,210,27,9,1:05.596,1:05.262,1:05.385,2024,11,70,Austrian Grand Prix,2024-06-30,Nico Hülkenberg,HUL,27.0,Haas F1 Team
10281,1131,839,214,31,10,1:05.574,1:05.274,1:05.883,2024,11,70,Austrian Grand Prix,2024-06-30,Esteban Ocon,OCO,31.0,Alpine F1 Team
10282,1131,817,215,3,11,1:05.569,1:05.289,,2024,11,70,Austrian Grand Prix,2024-06-30,Daniel Ricciardo,RIC,3.0,RB F1 Team
10283,1131,825,210,20,12,1:05.508,1:05.347,,2024,11,70,Austrian Grand Prix,2024-06-30,Kevin Magnussen,MAG,20.0,Haas F1 Team
10284,1131,842,214,10,13,1:05.598,1:05.359,,2024,11,70,Austrian Grand Prix,2024-06-30,Pierre Gasly,GAS,10.0,Alpine F1 Team
10285,1131,852,215,22,14,1:05.563,1:05.412,,2024,11,70,Austrian Grand Prix,2024-06-30,Yuki Tsunoda,TSU,22.0,RB F1 Team
10286,1131,4,117,14,15,1:05.656,1:05.639,,2024,11,70,Austrian Grand Prix,2024-06-30,Fernando Alonso,ALO,14.0,Aston Martin
10287,1131,848,3,23,16,1:05.736,,,2024,11,70,Austrian Grand Prix,2024-06-30,Alexander Albon,ALB,23.0,Williams
10288,1131,840,117,18,17,1:05.819,,,2024,11,70,Austrian Grand Prix,2024-06-30,Lance Stroll,STR,18.0,Aston Martin
10289,1131,822,15,77,18,1:05.847,,,2024,11,70,Austrian Grand Prix,2024-06-30,Valtteri Bottas,BOT,77.0,Sauber
10290,1131,858,3,2,19,1:05.856,,,2024,11,70,Austrian Grand Prix,2024-06-30,Logan Sargeant,SAR,2.0,Williams
10291,1131,855,15,24,20,1:06.061,,,2024,11,70,Austrian Grand Prix,2024-06-30,Guanyu Zhou,ZHO,24.0,Sauber
10292,1132,847,131,63,1,1:30.106,1:26.723,1:25.819,2024,12,9,British Grand Prix,2024-07-07,George Russell,RUS,63.0,Mercedes
10293,1132,1,131,44,2,1:29.547,1:26.770,1:25.990,2024,12,9,British Grand Prix,2024-07-07,Lewis Hamilton,HAM,44.0,Mercedes
10294,1132,846,1,4,3,1:31.596,1:26.559,1:26.030,2024,12,9,British Grand Prix,2024-07-07,Lando Norris,NOR,4.0,McLaren
10295,1132,830,9,1,4,1:31.342,1:26.796,1:26.203,2024,12,9,British Grand Prix,2024-07-07,Max Verstappen,VER,33.0,Red Bull
10296,1132,857,1,81,5,1:30.895,1:26.733,1:26.237,2024,12,9,British Grand Prix,2024-07-07,Oscar Piastri,PIA,81.0,McLaren
10297,1132,807,210,27,6,1:31.929,1:26.847,1:26.338,2024,12,9,British Grand Prix,2024-07-07,Nico Hülkenberg,HUL,27.0,Haas F1 Team
10298,1132,832,6,55,7,1:30.557,1:26.843,1:26.509,2024,12,9,British Grand Prix,2024-07-07,Carlos Sainz,SAI,55.0,Ferrari
10299,1132,840,117,18,8,1:31.410,1:26.938,1:26.585,2024,12,9,British Grand Prix,2024-07-07,Lance Stroll,STR,18.0,Aston Martin
10300,1132,848,3,23,9,1:31.135,1:26.933,1:26.640,2024,12,9,British Grand Prix,2024-07-07,Alexander Albon,ALB,23.0,Williams
10301,1132,4,117,14,10,1:31.264,1:26.730,1:26.917,2024,12,9,British Grand Prix,2024-07-07,Fernando Alonso,ALO,14.0,Aston Martin
10302,1132,844,6,16,11,1:30.496,1:27.097,,2024,12,9,British Grand Prix,2024-07-07,Charles Leclerc,LEC,16.0,Ferrari
10303,1132,858,3,2,12,1:31.608,1:27.175,,2024,12,9,British Grand Prix,2024-07-07,Logan Sargeant,SAR,2.0,Williams
10304,1132,852,215,22,13,1:30.994,1:27.269,,2024,12,9,British Grand Prix,2024-07-07,Yuki Tsunoda,TSU,22.0,RB F1 Team
10305,1132,855,15,24,14,1:31.190,1:27.867,,2024,12,9,British Grand Prix,2024-07-07,Guanyu Zhou,ZHO,24.0,Sauber
10306,1132,817,215,3,15,1:31.291,1:27.949,,2024,12,9,British Grand Prix,2024-07-07,Daniel Ricciardo,RIC,3.0,RB F1 Team
10307,1132,822,15,77,16,1:32.431,,,2024,12,9,British Grand Prix,2024-07-07,Valtteri Bottas,BOT,77.0,Sauber
10308,1132,825,210,20,17,1:32.905,,,2024,12,9,British Grand Prix,2024-07-07,Kevin Magnussen,MAG,20.0,Haas F1 Team
10309,1132,839,214,31,18,1:34.557,,,2024,12,9,British Grand Prix,2024-07-07,Esteban Ocon,OCO,31.0,Alpine F1 Team
10310,1132,815,9,11,19,1:38.348,,,2024,12,9,British Grand Prix,2024-07-07,Sergio Pérez,PER,11.0,Red Bull
10311,1132,842,214,10,20,1:39.804,,,2024,12,9,British Grand Prix,2024-07-07,Pierre Gasly,GAS,10.0,Alpine F1 Team
10312,1133,846,1,4,1,1:17.755,1:15.540,1:15.227,2024,13,11,Hungarian Grand Prix,2024-07-21,Lando Norris,NOR,4.0,McLaren
10313,1133,857,1,81,2,1:17.504,1:15.785,1:15.249,2024,13,11,Hungarian Grand Prix,2024-07-21,Oscar Piastri,PIA,81.0,McLaren
10314,1133,830,9,1,3,1:17.087,1:15.770,1:15.273,2024,13,11,Hungarian Grand Prix,2024-07-21,Max Verstappen,VER,33.0,Red Bull
10315,1133,832,6,55,4,1:17.244,1:15.885,1:15.696,2024,13,11,Hungarian Grand Prix,2024-07-21,Carlos Sainz,SAI,55.0,Ferrari
10316,1133,1,131,44,5,1:17.087,1:16.307,1:15.854,2024,13,11,Hungarian Grand Prix,2024-07-21,Lewis Hamilton,HAM,44.0,Mercedes
10317,1133,844,6,16,6,1:17.437,1:15.891,1:15.905,2024,13,11,Hungarian Grand Prix,2024-07-21,Charles Leclerc,LEC,16.0,Ferrari
10318,1133,4,117,14,7,1:17.624,1:16.117,1:16.043,2024,13,11,Hungarian Grand Prix,2024-07-21,Fernando Alonso,ALO,14.0,Aston Martin
10319,1133,840,117,18,8,1:17.405,1:16.075,1:16.244,2024,13,11,Hungarian Grand Prix,2024-07-21,Lance Stroll,STR,18.0,Aston Martin
10320,1133,817,215,3,9,1:17.050,1:16.202,1:16.447,2024,13,11,Hungarian Grand Prix,2024-07-21,Daniel Ricciardo,RIC,3.0,RB F1 Team
10321,1133,852,215,22,10,1:17.436,1:16.121,1:16.477,2024,13,11,Hungarian Grand Prix,2024-07-21,Yuki Tsunoda,TSU,22.0,RB F1 Team
10322,1133,807,210,27,11,1:17.362,1:16.317,,2024,13,11,Hungarian Grand Prix,2024-07-21,Nico Hülkenberg,HUL,27.0,Haas F1 Team
10323,1133,822,15,77,12,1:17.487,1:16.384,,2024,13,11,Hungarian Grand Prix,2024-07-21,Valtteri Bottas,BOT,77.0,Sauber
10324,1133,848,3,23,13,1:17.280,1:16.429,,2024,13,11,Hungarian Grand Prix,2024-07-21,Alexander Albon,ALB,23.0,Williams
10325,1133,858,3,2,14,1:17.770,1:16.543,,2024,13,11,Hungarian Grand Prix,2024-07-21,Logan Sargeant,SAR,2.0,Williams
10326,1133,825,210,20,15,1:17.851,1:16.548,,2024,13,11,Hungarian Grand Prix,2024-07-21,Kevin Magnussen,MAG,20.0,Haas F1 Team
10327,1133,815,9,11,16,1:17.886,,,2024,13,11,Hungarian Grand Prix,2024-07-21,Sergio Pérez,PER,11.0,Red Bull
10328,1133,847,131,63,17,1:17.968,,,2024,13,11,Hungarian Grand Prix,2024-07-21,George Russell,RUS,63.0,Mercedes
10329,1133,855,15,24,18,1:18.037,,,2024,13,11,Hungarian Grand Prix,2024-07-21,Guanyu Zhou,ZHO,24.0,Sauber
10330,1133,839,214,31,19,1:18.049,,,2024,13,11,Hungarian Grand Prix,2024-07-21,Esteban Ocon,OCO,31.0,Alpine F1 Team
10331,1133,842,214,10,20,1:18.166,,,2024,13,11,Hungarian Grand Prix,2024-07-21,Pierre Gasly,GAS,10.0,Alpine F1 Team
10332,1134,830,9,1,1,1:54.938,1:53.837,1:53.159,2024,14,13,Belgian Grand Prix,2024-07-28,Max Verstappen,VER,33.0,Red Bull
10333,1134,844,6,16,2,1:55.349,1:54.193,1:53.754,2024,14,13,Belgian Grand Prix,2024-07-28,Charles Leclerc,LEC,16.0,Ferrari
10334,1134,815,9,11,3,1:55.139,1:54.470,1:53.765,2024,14,13,Belgian Grand Prix,2024-07-28,Sergio Pérez,PER,11.0,Red Bull
10335,1134,1,131,44,4,1:55.692,1:54.037,1:53.835,2024,14,13,Belgian Grand Prix,2024-07-28,Lewis Hamilton,HAM,44.0,Mercedes
10336,1134,846,1,4,5,1:55.582,1:54.358,1:53.981,2024,14,13,Belgian Grand Prix,2024-07-28,Lando Norris,NOR,4.0,McLaren
10337,1134,857,1,81,6,1:54.835,1:54.136,1:54.027,2024,14,13,Belgian Grand Prix,2024-07-28,Oscar Piastri,PIA,81.0,McLaren
10338,1134,847,131,63,7,1:55.353,1:54.095,1:54.184,2024,14,13,Belgian Grand Prix,2024-07-28,George Russell,RUS,63.0,Mercedes
10339,1134,832,6,55,8,1:55.169,1:54.112,1:54.477,2024,14,13,Belgian Grand Prix,2024-07-28,Carlos Sainz,SAI,55.0,Ferrari
10340,1134,4,117,14,9,1:55.489,1:54.258,1:54.765,2024,14,13,Belgian Grand Prix,2024-07-28,Fernando Alonso,ALO,14.0,Aston Martin
10341,1134,839,214,31,10,1:55.417,1:54.460,1:54.810,2024,14,13,Belgian Grand Prix,2024-07-28,Esteban Ocon,OCO,31.0,Alpine F1 Team
10342,1134,848,3,23,11,1:55.722,1:54.473,,2024,14,13,Belgian Grand Prix,2024-07-28,Alexander Albon,ALB,23.0,Williams
10343,1134,842,214,10,12,1:54.911,1:54.635,,2024,14,13,Belgian Grand Prix,2024-07-28,Pierre Gasly,GAS,10.0,Alpine F1 Team
10344,1134,817,215,3,13,1:55.451,1:54.682,,2024,14,13,Belgian Grand Prix,2024-07-28,Daniel Ricciardo,RIC,3.0,RB F1 Team
10345,1134,822,15,77,14,1:55.531,1:54.764,,2024,14,13,Belgian Grand Prix,2024-07-28,Valtteri Bottas,BOT,77.0,Sauber
10346,1134,840,117,18,15,1:56.072,1:55.716,,2024,14,13,Belgian Grand Prix,2024-07-28,Lance Stroll,STR,18.0,Aston Martin
10347,1134,807,210,27,16,1:56.308,,,2024,14,13,Belgian Grand Prix,2024-07-28,Nico Hülkenberg,HUL,27.0,Haas F1 Team
10348,1134,825,210,20,17,1:56.500,,,2024,14,13,Belgian Grand Prix,2024-07-28,Kevin Magnussen,MAG,20.0,Haas F1 Team
10349,1134,852,215,22,18,1:56.593,,,2024,14,13,Belgian Grand Prix,2024-07-28,Yuki Tsunoda,TSU,22.0,RB F1 Team
10350,1134,858,3,2,19,1:57.230,,,2024,14,13,Belgian Grand Prix,2024-07-28,Logan Sargeant,SAR,2.0,Williams
10351,1134,855,15,24,20,1:57.775,,,2024,14,13,Belgian Grand Prix,2024-07-28,Guanyu Zhou,ZHO,24.0,Sauber
10352,1135,846,1,4,1,1:11.377,1:10.496,1:09.673,2024,15,39,Dutch Grand Prix,2024-08-25,Lando Norris,NOR,4.0,McLaren
10353,1135,830,9,1,2,1:11.393,1:10.811,1:10.029,2024,15,39,Dutch Grand Prix,2024-08-25,Max Verstappen,VER,33.0,Red Bull
10354,1135,857,1,81,3,1:11.541,1:10.505,1:10.172,2024,15,39,Dutch Grand Prix,2024-08-25,Oscar Piastri,PIA,81.0,McLaren
10355,1135,847,131,63,4,1:11.049,1:10.552,1:10.244,2024,15,39,Dutch Grand Prix,2024-08-25,George Russell,RUS,63.0,Mercedes
10356,1135,815,9,11,5,1:11.006,1:10.678,1:10.416,2024,15,39,Dutch Grand Prix,2024-08-25,Sergio Pérez,PER,11.0,Red Bull
10357,1135,844,6,16,6,1:11.370,1:10.689,1:10.582,2024,15,39,Dutch Grand Prix,2024-08-25,Charles Leclerc,LEC,16.0,Ferrari
10358,1135,4,117,14,7,1:11.493,1:10.845,1:10.633,2024,15,39,Dutch Grand Prix,2024-08-25,Fernando Alonso,ALO,14.0,Aston Martin
10359,1135,840,117,18,8,1:11.518,1:10.661,1:10.857,2024,15,39,Dutch Grand Prix,2024-08-25,Lance Stroll,STR,18.0,Aston Martin
10360,1135,842,214,10,9,1:11.718,1:10.815,1:10.977,2024,15,39,Dutch Grand Prix,2024-08-25,Pierre Gasly,GAS,10.0,Alpine F1 Team
10361,1135,832,6,55,10,1:11.327,1:10.914,,2024,15,39,Dutch Grand Prix,2024-08-25,Carlos Sainz,SAI,55.0,Ferrari
10362,1135,1,131,44,11,1:11.375,1:10.948,,2024,15,39,Dutch Grand Prix,2024-08-25,Lewis Hamilton,HAM,44.0,Mercedes
10363,1135,852,215,22,12,1:11.603,1:10.955,,2024,15,39,Dutch Grand Prix,2024-08-25,Yuki Tsunoda,TSU,22.0,RB F1 Team
10364,1135,807,210,27,13,1:11.832,1:11.215,,2024,15,39,Dutch Grand Prix,2024-08-25,Nico Hülkenberg,HUL,27.0,Haas F1 Team
10365,1135,825,210,20,14,1:11.630,1:11.295,,2024,15,39,Dutch Grand Prix,2024-08-25,Kevin Magnussen,MAG,20.0,Haas F1 Team
10366,1135,817,215,3,15,1:11.943,,,2024,15,39,Dutch Grand Prix,2024-08-25,Daniel Ricciardo,RIC,3.0,RB F1 Team
10367,1135,839,214,31,16,1:11.995,,,2024,15,39,Dutch Grand Prix,2024-08-25,Esteban Ocon,OCO,31.0,Alpine F1 Team
10368,1135,822,15,77,17,1:12.168,,,2024,15,39,Dutch Grand Prix,2024-08-25,Valtteri Bottas,BOT,77.0,Sauber
10369,1135,855,15,24,18,1:13.261,,,2024,15,39,Dutch Grand Prix,2024-08-25,Guanyu Zhou,ZHO,24.0,Sauber
10370,1135,848,3,23,19,,,,2024,15,39,Dutch Grand Prix,2024-08-25,Alexander Albon,ALB,23.0,Williams
10371,1135,858,3,2,20,,,,2024,15,39,Dutch Grand Prix,2024-08-25,Logan Sargeant,SAR,2.0,Williams
10372,1136,846,1,4,1,1:19.911,1:19.727,1:19.327,2024,16,14,Italian Grand Prix,2024-09-01,Lando Norris,NOR,4.0,McLaren
10373,1136,857,1,81,2,1:20.076,1:19.808,1:19.436,2024,16,14,Italian Grand Prix,2024-09-01,Oscar Piastri,PIA,81.0,McLaren
10374,1136,847,131,63,3,1:20.169,1:19.877,1:19.440,2024,16,14,Italian Grand Prix,2024-09-01,George Russell,RUS,63.0,Mercedes
10375,1136,844,6,16,4,1:20.074,1:20.007,1:19.461,2024,16,14,Italian Grand Prix,2024-09-01,Charles Leclerc,LEC,16.0,Ferrari
10376,1136,832,6,55,5,1:20.149,1:19.799,1:19.467,2024,16,14,Italian Grand Prix,2024-09-01,Carlos Sainz,SAI,55.0,Ferrari
10377,1136,1,131,44,6,1:20.477,1:19.641,1:19.513,2024,16,14,Italian Grand Prix,2024-09-01,Lewis Hamilton,HAM,44.0,Mercedes
10378,1136,830,9,1,7,1:20.226,1:19.662,1:20.022,2024,16,14,Italian Grand Prix,2024-09-01,Max Verstappen,VER,33.0,Red Bull
10379,1136,815,9,11,8,1:20.598,1:20.216,1:20.062,2024,16,14,Italian Grand Prix,2024-09-01,Sergio Pérez,PER,11.0,Red Bull
10380,1136,848,3,23,9,1:20.542,1:20.314,1:20.299,2024,16,14,Italian Grand Prix,2024-09-01,Alexander Albon,ALB,23.0,Williams
10381,1136,807,210,27,10,1:20.781,1:20.411,1:20.339,2024,16,14,Italian Grand Prix,2024-09-01,Nico Hülkenberg,HUL,27.0,Haas F1 Team
10382,1136,4,117,14,11,1:20.617,1:20.421,,2024,16,14,Italian Grand Prix,2024-09-01,Fernando Alonso,ALO,14.0,Aston Martin
10383,1136,817,215,3,12,1:20.901,1:20.479,,2024,16,14,Italian Grand Prix,2024-09-01,Daniel Ricciardo,RIC,3.0,RB F1 Team
10384,1136,825,210,20,13,1:20.856,1:20.698,,2024,16,14,Italian Grand Prix,2024-09-01,Kevin Magnussen,MAG,20.0,Haas F1 Team
10385,1136,842,214,10,14,1:20.748,1:20.738,,2024,16,14,Italian Grand Prix,2024-09-01,Pierre Gasly,GAS,10.0,Alpine F1 Team
10386,1136,839,214,31,15,1:20.764,1:20.766,,2024,16,14,Italian Grand Prix,2024-09-01,Esteban Ocon,OCO,31.0,Alpine F1 Team
10387,1136,852,215,22,16,1:20.945,,,2024,16,14,Italian Grand Prix,2024-09-01,Yuki Tsunoda,TSU,22.0,RB F1 Team
10388,1136,840,117,18,17,1:21.013,,,2024,16,14,Italian Grand Prix,2024-09-01,Lance Stroll,STR,18.0,Aston Martin
10389,1136,861,3,43,18,1:21.061,,,2024,16,14,Italian Grand Prix,2024-09-01,Franco Colapinto,COL,43.0,Williams
10390,1136,822,15,77,19,1:21.101,,,2024,16,14,Italian Grand Prix,2024-09-01,Valtteri Bottas,BOT,77.0,Sauber
10391,1136,855,15,24,20,1:21.445,,,2024,16,14,Italian Grand Prix,2024-09-01,Guanyu Zhou,ZHO,24.0,Sauber
10392,1137,844,6,16,1,1:42.775,1:42.056,1:41.365,2024,17,73,Azerbaijan Grand Prix,2024-09-15,Charles Leclerc,LEC,16.0,Ferrari
10393,1137,857,1,81,2,1:43.033,1:42.598,1:41.686,2024,17,73,Azerbaijan Grand Prix,2024-09-15,Oscar Piastri,PIA,81.0,McLaren
10394,1137,832,6,55,3,1:43.357,1:42.503,1:41.805,2024,17,73,Azerbaijan Grand Prix,2024-09-15,Carlos Sainz,SAI,55.0,Ferrari
10395,1137,815,9,11,4,1:43.213,1:42.263,1:41.813,2024,17,73,Azerbaijan Grand Prix,2024-09-15,Sergio Pérez,PER,11.0,Red Bull
10396,1137,847,131,63,5,1:43.139,1:42.329,1:41.874,2024,17,73,Azerbaijan Grand Prix,2024-09-15,George Russell,RUS,63.0,Mercedes
10397,1137,830,9,1,6,1:43.097,1:42.042,1:42.023,2024,17,73,Azerbaijan Grand Prix,2024-09-15,Max Verstappen,VER,33.0,Red Bull
10398,1137,1,131,44,7,1:43.089,1:42.765,1:42.289,2024,17,73,Azerbaijan Grand Prix,2024-09-15,Lewis Hamilton,HAM,44.0,Mercedes
10399,1137,4,117,14,8,1:43.472,1:42.426,1:42.369,2024,17,73,Azerbaijan Grand Prix,2024-09-15,Fernando Alonso,ALO,14.0,Aston Martin
10400,1137,861,3,43,9,1:43.138,1:42.473,1:42.530,2024,17,73,Azerbaijan Grand Prix,2024-09-15,Franco Colapinto,COL,43.0,Williams
10401,1137,848,3,23,10,1:42.899,1:42.840,1:42.859,2024,17,73,Azerbaijan Grand Prix,2024-09-15,Alexander Albon,ALB,23.0,Williams
10402,1137,860,210,50,11,1:43.471,1:42.968,,2024,17,73,Azerbaijan Grand Prix,2024-09-15,Oliver Bearman,BEA,38.0,Haas F1 Team
10403,1137,852,215,22,12,1:43.337,1:43.035,,2024,17,73,Azerbaijan Grand Prix,2024-09-15,Yuki Tsunoda,TSU,22.0,RB F1 Team
10404,1137,807,210,27,13,1:43.101,1:43.191,,2024,17,73,Azerbaijan Grand Prix,2024-09-15,Nico Hülkenberg,HUL,27.0,Haas F1 Team
10405,1137,840,117,18,14,1:43.370,1:43.404,,2024,17,73,Azerbaijan Grand Prix,2024-09-15,Lance Stroll,STR,18.0,Aston Martin
10406,1137,817,215,3,15,1:43.547,,,2024,17,73,Azerbaijan Grand Prix,2024-09-15,Daniel Ricciardo,RIC,3.0,RB F1 Team
10407,1137,846,1,4,16,1:43.609,,,2024,17,73,Azerbaijan Grand Prix,2024-09-15,Lando Norris,NOR,4.0,McLaren
10408,1137,822,15,77,17,1:43.618,,,2024,17,73,Azerbaijan Grand Prix,2024-09-15,Valtteri Bottas,BOT,77.0,Sauber
10409,1137,855,15,24,18,1:44.246,,,2024,17,73,Azerbaijan Grand Prix,2024-09-15,Guanyu Zhou,ZHO,24.0,Sauber
10410,1137,839,214,31,19,1:44.504,,,2024,17,73,Azerbaijan Grand Prix,2024-09-15,Esteban Ocon,OCO,31.0,Alpine F1 Team
10411,1137,842,214,10,20,1:43.088,1:43.179,,2024,17,73,Azerbaijan Grand Prix,2024-09-15,Pierre Gasly,GAS,10.0,Alpine F1 Team
10412,1138,846,1,4,1,1:30.002,1:30.007,1:29.525,2024,18,15,Singapore Grand Prix,2024-09-22,Lando Norris,NOR,4.0,McLaren
10413,1138,830,9,1,2,1:30.157,1:29.680,1:29.728,2024,18,15,Singapore Grand Prix,2024-09-22,Max Verstappen,VER,33.0,Red Bull
10414,1138,1,131,44,3,1:30.393,1:29.929,1:29.841,2024,18,15,Singapore Grand Prix,2024-09-22,Lewis Hamilton,HAM,44.0,Mercedes
10415,1138,847,131,63,4,1:30.811,1:30.153,1:29.867,2024,18,15,Singapore Grand Prix,2024-09-22,George Russell,RUS,63.0,Mercedes
10416,1138,857,1,81,5,1:30.258,1:29.640,1:29.953,2024,18,15,Singapore Grand Prix,2024-09-22,Oscar Piastri,PIA,81.0,McLaren
10417,1138,807,210,27,6,1:30.724,1:30.150,1:30.115,2024,18,15,Singapore Grand Prix,2024-09-22,Nico Hülkenberg,HUL,27.0,Haas F1 Team
10418,1138,4,117,14,7,1:30.684,1:30.450,1:30.214,2024,18,15,Singapore Grand Prix,2024-09-22,Fernando Alonso,ALO,14.0,Aston Martin
10419,1138,852,215,22,8,1:30.710,1:30.289,1:30.354,2024,18,15,Singapore Grand Prix,2024-09-22,Yuki Tsunoda,TSU,22.0,RB F1 Team
10420,1138,844,6,16,9,1:30.786,1:29.747,,2024,18,15,Singapore Grand Prix,2024-09-22,Charles Leclerc,LEC,16.0,Ferrari
10421,1138,832,6,55,10,1:30.670,1:30.108,,2024,18,15,Singapore Grand Prix,2024-09-22,Carlos Sainz,SAI,55.0,Ferrari
10422,1138,848,3,23,11,1:30.679,1:30.474,,2024,18,15,Singapore Grand Prix,2024-09-22,Alexander Albon,ALB,23.0,Williams
10423,1138,861,3,43,12,1:30.704,1:30.481,,2024,18,15,Singapore Grand Prix,2024-09-22,Franco Colapinto,COL,43.0,Williams
10424,1138,815,9,11,13,1:30.624,1:30.579,,2024,18,15,Singapore Grand Prix,2024-09-22,Sergio Pérez,PER,11.0,Red Bull
10425,1138,825,210,20,14,1:30.829,1:30.653,,2024,18,15,Singapore Grand Prix,2024-09-22,Kevin Magnussen,MAG,20.0,Haas F1 Team
10426,1138,839,214,31,15,1:30.958,1:30.769,,2024,18,15,Singapore Grand Prix,2024-09-22,Esteban Ocon,OCO,31.0,Alpine F1 Team
10427,1138,817,215,3,16,1:31.085,,,2024,18,15,Singapore Grand Prix,2024-09-22,Daniel Ricciardo,RIC,3.0,RB F1 Team
10428,1138,840,117,18,17,1:31.094,,,2024,18,15,Singapore Grand Prix,2024-09-22,Lance Stroll,STR,18.0,Aston Martin
10429,1138,842,214,10,18,1:31.312,,,2024,18,15,Singapore Grand Prix,2024-09-22,Pierre Gasly,GAS,10.0,Alpine F1 Team
10430,1138,822,15,77,19,1:31.572,,,2024,18,15,Singapore Grand Prix,2024-09-22,Valtteri Bottas,BOT,77.0,Sauber
10431,1138,855,15,24,20,1:32.054,,,2024,18,15,Singapore Grand Prix,2024-09-22,Guanyu Zhou,ZHO,24.0,Sauber
10432,1139,846,1,4,1,1:33.616,1:32.851,1:32.330,2024,19,69,United States Grand Prix,2024-10-20,Lando Norris,NOR,4.0,McLaren
10433,1139,830,9,1,2,1:33.046,1:32.584,1:32.361,2024,19,69,United States Grand Prix,2024-10-20,Max Verstappen,VER,33.0,Red Bull
10434,1139,832,6,55,3,1:33.556,1:32.836,1:32.652,2024,19,69,United States Grand Prix,2024-10-20,Carlos Sainz,SAI,55.0,Ferrari
10435,1139,844,6,16,4,1:33.241,1:32.962,1:32.740,2024,19,69,United States Grand Prix,2024-10-20,Charles Leclerc,LEC,16.0,Ferrari
10436,1139,857,1,81,5,1:33.864,1:33.057,1:32.950,2024,19,69,United States Grand Prix,2024-10-20,Oscar Piastri,PIA,81.0,McLaren
10437,1139,847,131,63,6,1:33.536,1:33.142,1:32.974,2024,19,69,United States Grand Prix,2024-10-20,George Russell,RUS,63.0,Mercedes
10438,1139,842,214,10,7,1:33.550,1:33.162,1:33.018,2024,19,69,United States Grand Prix,2024-10-20,Pierre Gasly,GAS,10.0,Alpine F1 Team
10439,1139,4,117,14,8,1:33.973,1:33.429,1:33.309,2024,19,69,United States Grand Prix,2024-10-20,Fernando Alonso,ALO,14.0,Aston Martin
10440,1139,825,210,20,9,1:33.564,1:33.474,1:33.481,2024,19,69,United States Grand Prix,2024-10-20,Kevin Magnussen,MAG,20.0,Haas F1 Team
10441,1139,815,9,11,10,1:33.611,1:33.020,,2024,19,69,United States Grand Prix,2024-10-20,Sergio Pérez,PER,11.0,Red Bull
10442,1139,852,215,22,11,1:33.795,1:33.506,,2024,19,69,United States Grand Prix,2024-10-20,Yuki Tsunoda,TSU,22.0,RB F1 Team
10443,1139,807,210,27,12,1:33.601,1:33.544,,2024,19,69,United States Grand Prix,2024-10-20,Nico Hülkenberg,HUL,27.0,Haas F1 Team
10444,1139,839,214,31,13,1:33.986,1:33.597,,2024,19,69,United States Grand Prix,2024-10-20,Esteban Ocon,OCO,31.0,Alpine F1 Team
10445,1139,840,117,18,14,1:34.033,1:33.759,,2024,19,69,United States Grand Prix,2024-10-20,Lance Stroll,STR,18.0,Aston Martin
10446,1139,859,215,30,15,1:33.339,,,2024,19,69,United States Grand Prix,2024-10-20,Liam Lawson,LAW,30.0,RB F1 Team
10447,1139,848,3,23,16,1:34.051,,,2024,19,69,United States Grand Prix,2024-10-20,Alexander Albon,ALB,23.0,Williams
10448,1139,861,3,43,17,1:34.062,,,2024,19,69,United States Grand Prix,2024-10-20,Franco Colapinto,COL,43.0,Williams
10449,1139,822,15,77,18,1:34.152,,,2024,19,69,United States Grand Prix,2024-10-20,Valtteri Bottas,BOT,77.0,Sauber
10450,1139,1,131,44,19,1:34.154,,,2024,19,69,United States Grand Prix,2024-10-20,Lewis Hamilton,HAM,44.0,Mercedes
10451,1139,855,15,24,20,1:34.228,,,2024,19,69,United States Grand Prix,2024-10-20,Guanyu Zhou,ZHO,24.0,Sauber
10452,1140,832,6,55,1,1:16.778,1:16.515,1:15.946,2024,20,32,Mexico City Grand Prix,2024-10-27,Carlos Sainz,SAI,55.0,Ferrari
10453,1140,830,9,1,2,1:16.803,1:16.514,1:16.171,2024,20,32,Mexico City Grand Prix,2024-10-27,Max Verstappen,VER,33.0,Red Bull
10454,1140,846,1,4,3,1:16.505,1:16.301,1:16.260,2024,20,32,Mexico City Grand Prix,2024-10-27,Lando Norris,NOR,4.0,McLaren
10455,1140,844,6,16,4,1:16.972,1:16.641,1:16.265,2024,20,32,Mexico City Grand Prix,2024-10-27,Charles Leclerc,LEC,16.0,Ferrari
10456,1140,847,131,63,5,1:17.194,1:16.937,1:16.356,2024,20,32,Mexico City Grand Prix,2024-10-27,George Russell,RUS,63.0,Mercedes
10457,1140,1,131,44,6,1:17.306,1:16.973,1:16.651,2024,20,32,Mexico City Grand Prix,2024-10-27,Lewis Hamilton,HAM,44.0,Mercedes
10458,1140,825,210,20,7,1:17.125,1:17.003,1:16.886,2024,20,32,Mexico City Grand Prix,2024-10-27,Kevin Magnussen,MAG,20.0,Haas F1 Team
10459,1140,842,214,10,8,1:17.149,1:17.048,1:16.892,2024,20,32,Mexico City Grand Prix,2024-10-27,Pierre Gasly,GAS,10.0,Alpine F1 Team
10460,1140,848,3,23,9,1:17.189,1:16.988,1:17.065,2024,20,32,Mexico City Grand Prix,2024-10-27,Alexander Albon,ALB,23.0,Williams
10461,1140,807,210,27,10,1:17.186,1:16.995,1:17.365,2024,20,32,Mexico City Grand Prix,2024-10-27,Nico Hülkenberg,HUL,27.0,Haas F1 Team
10462,1140,852,215,22,11,1:17.182,1:17.129,,2024,20,32,Mexico City Grand Prix,2024-10-27,Yuki Tsunoda,TSU,22.0,RB F1 Team
10463,1140,859,215,30,12,1:17.380,1:17.162,,2024,20,32,Mexico City Grand Prix,2024-10-27,Liam Lawson,LAW,30.0,RB F1 Team
10464,1140,4,117,14,13,1:17.307,1:17.168,,2024,20,32,Mexico City Grand Prix,2024-10-27,Fernando Alonso,ALO,14.0,Aston Martin
10465,1140,840,117,18,14,1:17.407,1:17.294,,2024,20,32,Mexico City Grand Prix,2024-10-27,Lance Stroll,STR,18.0,Aston Martin
10466,1140,822,15,77,15,1:17.393,1:17.817,,2024,20,32,Mexico City Grand Prix,2024-10-27,Valtteri Bottas,BOT,77.0,Sauber
10467,1140,861,3,43,16,1:17.558,,,2024,20,32,Mexico City Grand Prix,2024-10-27,Franco Colapinto,COL,43.0,Williams
10468,1140,857,1,81,17,1:17.597,,,2024,20,32,Mexico City Grand Prix,2024-10-27,Oscar Piastri,PIA,81.0,McLaren
10469,1140,815,9,11,18,1:17.611,,,2024,20,32,Mexico City Grand Prix,2024-10-27,Sergio Pérez,PER,11.0,Red Bull
10470,1140,839,214,31,19,1:17.617,,,2024,20,32,Mexico City Grand Prix,2024-10-27,Esteban Ocon,OCO,31.0,Alpine F1 Team
10471,1140,855,15,24,20,1:18.072,,,2024,20,32,Mexico City Grand Prix,2024-10-27,Guanyu Zhou,ZHO,24.0,Sauber
10472,1141,846,1,4,1,1:30.944,1:24.844,1:23.405,2024,21,18,São Paulo Grand Prix,2024-11-03,Lando Norris,NOR,4.0,McLaren
10473,1141,847,131,63,2,1:29.121,1:26.307,1:23.578,2024,21,18,São Paulo Grand Prix,2024-11-03,George Russell,RUS,63.0,Mercedes
10474,1141,852,215,22,3,1:29.172,1:26.464,1:24.111,2024,21,18,São Paulo Grand Prix,2024-11-03,Yuki Tsunoda,TSU,22.0,RB F1 Team
10475,1141,839,214,31,4,1:29.171,1:26.206,1:24.475,2024,21,18,São Paulo Grand Prix,2024-11-03,Esteban Ocon,OCO,31.0,Alpine F1 Team
10476,1141,859,215,30,5,1:30.758,1:25.654,1:24.484,2024,21,18,São Paulo Grand Prix,2024-11-03,Liam Lawson,LAW,30.0,RB F1 Team
10477,1141,844,6,16,6,1:29.839,1:26.097,1:24.525,2024,21,18,São Paulo Grand Prix,2024-11-03,Charles Leclerc,LEC,16.0,Ferrari
10478,1141,848,3,23,7,1:29.072,1:25.889,1:24.657,2024,21,18,São Paulo Grand Prix,2024-11-03,Alexander Albon,ALB,23.0,Williams
10479,1141,857,1,81,8,1:30.114,1:25.179,1:24.686,2024,21,18,São Paulo Grand Prix,2024-11-03,Oscar Piastri,PIA,81.0,McLaren
10480,1141,4,117,14,9,1:30.207,1:25.035,1:28.998,2024,21,18,São Paulo Grand Prix,2024-11-03,Fernando Alonso,ALO,14.0,Aston Martin
10481,1141,840,117,18,10,1:30.580,1:26.334,,2024,21,18,São Paulo Grand Prix,2024-11-03,Lance Stroll,STR,18.0,Aston Martin
10482,1141,822,15,77,11,1:30.633,1:26.472,,2024,21,18,São Paulo Grand Prix,2024-11-03,Valtteri Bottas,BOT,77.0,Sauber
10483,1141,830,9,1,12,1:28.522,1:27.771,,2024,21,18,São Paulo Grand Prix,2024-11-03,Max Verstappen,VER,33.0,Red Bull
10484,1141,815,9,11,13,1:30.035,1:28.158,,2024,21,18,São Paulo Grand Prix,2024-11-03,Sergio Pérez,PER,11.0,Red Bull
10485,1141,832,6,55,14,1:30.303,1:29.406,,2024,21,18,São Paulo Grand Prix,2024-11-03,Carlos Sainz,SAI,55.0,Ferrari
10486,1141,842,214,10,15,1:29.420,1:29.614,,2024,21,18,São Paulo Grand Prix,2024-11-03,Pierre Gasly,GAS,10.0,Alpine F1 Team
10487,1141,1,131,44,16,1:31.150,,,2024,21,18,São Paulo Grand Prix,2024-11-03,Lewis Hamilton,HAM,44.0,Mercedes
10488,1141,860,210,50,17,1:31.229,,,2024,21,18,São Paulo Grand Prix,2024-11-03,Oliver Bearman,BEA,38.0,Haas F1 Team
10489,1141,861,3,43,18,1:31.270,,,2024,21,18,São Paulo Grand Prix,2024-11-03,Franco Colapinto,COL,43.0,Williams
10490,1141,807,210,27,19,1:31.623,,,2024,21,18,São Paulo Grand Prix,2024-11-03,Nico Hülkenberg,HUL,27.0,Haas F1 Team
10491,1141,855,15,24,20,1:32.263,,,2024,21,18,São Paulo Grand Prix,2024-11-03,Guanyu Zhou,ZHO,24.0,Sauber
10492,1142,847,131,63,1,1:33.186,1:32.779,1:32.312,2024,22,80,Las Vegas Grand Prix,2024-11-23,George Russell,RUS,63.0,Mercedes
10493,1142,832,6,55,2,1:33.484,1:32.711,1:32.410,2024,22,80,Las Vegas Grand Prix,2024-11-23,Carlos Sainz,SAI,55.0,Ferrari
10494,1142,842,214,10,3,1:33.691,1:32.879,1:32.664,2024,22,80,Las Vegas Grand Prix,2024-11-23,Pierre Gasly,GAS,10.0,Alpine F1 Team
10495,1142,844,6,16,4,1:33.446,1:33.016,1:32.783,2024,22,80,Las Vegas Grand Prix,2024-11-23,Charles Leclerc,LEC,16.0,Ferrari
10496,1142,830,9,1,5,1:33.299,1:33.085,1:32.797,2024,22,80,Las Vegas Grand Prix,2024-11-23,Max Verstappen,VER,33.0,Red Bull
10497,1142,846,1,4,6,1:33.592,1:33.099,1:33.008,2024,22,80,Las Vegas Grand Prix,2024-11-23,Lando Norris,NOR,4.0,McLaren
10498,1142,852,215,22,7,1:33.789,1:33.089,1:33.029,2024,22,80,Las Vegas Grand Prix,2024-11-23,Yuki Tsunoda,TSU,22.0,RB F1 Team
10499,1142,857,1,81,8,1:33.450,1:33.024,1:33.033,2024,22,80,Las Vegas Grand Prix,2024-11-23,Oscar Piastri,PIA,81.0,McLaren
10500,1142,807,210,27,9,1:33.920,1:33.114,1:33.062,2024,22,80,Las Vegas Grand Prix,2024-11-23,Nico Hülkenberg,HUL,27.0,Haas F1 Team
10501,1142,1,131,44,10,1:33.225,1:32.567,1:48.106,2024,22,80,Las Vegas Grand Prix,2024-11-23,Lewis Hamilton,HAM,44.0,Mercedes
10502,1142,839,214,31,11,1:33.968,1:33.221,,2024,22,80,Las Vegas Grand Prix,2024-11-23,Esteban Ocon,OCO,31.0,Alpine F1 Team
10503,1142,825,210,20,12,1:33.991,1:33.297,,2024,22,80,Las Vegas Grand Prix,2024-11-23,Kevin Magnussen,MAG,20.0,Haas F1 Team
10504,1142,855,15,24,13,1:34.079,1:33.566,,2024,22,80,Las Vegas Grand Prix,2024-11-23,Guanyu Zhou,ZHO,24.0,Sauber
10505,1142,861,3,43,14,1:33.746,1:33.749,,2024,22,80,Las Vegas Grand Prix,2024-11-23,Franco Colapinto,COL,43.0,Williams
10506,1142,859,215,30,15,1:34.087,1:34.257,,2024,22,80,Las Vegas Grand Prix,2024-11-23,Liam Lawson,LAW,30.0,RB F1 Team
10507,1142,815,9,11,16,1:34.155,,,2024,22,80,Las Vegas Grand Prix,2024-11-23,Sergio Pérez,PER,11.0,Red Bull
10508,1142,4,117,14,17,1:34.258,,,2024,22,80,Las Vegas Grand Prix,2024-11-23,Fernando Alonso,ALO,14.0,Aston Martin
10509,1142,848,3,23,18,1:34.425,,,2024,22,80,Las Vegas Grand Prix,2024-11-23,Alexander Albon,ALB,23.0,Williams
10510,1142,822,15,77,19,1:34.430,,,2024,22,80,Las Vegas Grand Prix,2024-11-23,Valtteri Bottas,BOT,77.0,Sauber
10511,1142,840,117,18,20,1:34.484,,,2024,22,80,Las Vegas Grand Prix,2024-11-23,Lance Stroll,STR,18.0,Aston Martin
10512,1143,830,9,1,1,1:21.579,1:20.687,1:20.520,2024,23,78,Qatar Grand Prix,2024-12-01,Max Verstappen,VER,33.0,Red Bull
10513,1143,847,131,63,2,1:21.241,1:21.069,1:20.575,2024,23,78,Qatar Grand Prix,2024-12-01,George Russell,RUS,63.0,Mercedes
10514,1143,846,1,4,3,1:21.578,1:20.983,1:20.772,2024,23,78,Qatar Grand Prix,2024-12-01,Lando Norris,NOR,4.0,McLaren
10515,1143,857,1,81,4,1:21.821,1:21.121,1:20.829,2024,23,78,Qatar Grand Prix,2024-12-01,Oscar Piastri,PIA,81.0,McLaren
10516,1143,844,6,16,5,1:21.278,1:21.000,1:20.852,2024,23,78,Qatar Grand Prix,2024-12-01,Charles Leclerc,LEC,16.0,Ferrari
10517,1143,1,131,44,6,1:21.637,1:21.095,1:21.011,2024,23,78,Qatar Grand Prix,2024-12-01,Lewis Hamilton,HAM,44.0,Mercedes
10518,1143,832,6,55,7,1:21.447,1:21.199,1:21.041,2024,23,78,Qatar Grand Prix,2024-12-01,Carlos Sainz,SAI,55.0,Ferrari
10519,1143,4,117,14,8,1:21.608,1:21.208,1:21.251,2024,23,78,Qatar Grand Prix,2024-12-01,Fernando Alonso,ALO,14.0,Aston Martin
10520,1143,815,9,11,9,1:21.675,1:21.425,1:21.425,2024,23,78,Qatar Grand Prix,2024-12-01,Sergio Pérez,PER,11.0,Red Bull
10521,1143,825,210,20,10,1:21.891,1:21.387,1:21.500,2024,23,78,Qatar Grand Prix,2024-12-01,Kevin Magnussen,MAG,20.0,Haas F1 Team
10522,1143,842,214,10,11,1:21.843,1:21.437,,2024,23,78,Qatar Grand Prix,2024-12-01,Pierre Gasly,GAS,10.0,Alpine F1 Team
10523,1143,855,15,24,12,1:22.103,1:21.501,,2024,23,78,Qatar Grand Prix,2024-12-01,Guanyu Zhou,ZHO,24.0,Sauber
10524,1143,822,15,77,13,1:21.927,1:21.731,,2024,23,78,Qatar Grand Prix,2024-12-01,Valtteri Bottas,BOT,77.0,Sauber
10525,1143,852,215,22,14,1:22.364,1:21.771,,2024,23,78,Qatar Grand Prix,2024-12-01,Yuki Tsunoda,TSU,22.0,RB F1 Team
10526,1143,840,117,18,15,1:22.011,1:21.911,,2024,23,78,Qatar Grand Prix,2024-12-01,Lance Stroll,STR,18.0,Aston Martin
10527,1143,848,3,23,16,1:22.390,,,2024,23,78,Qatar Grand Prix,2024-12-01,Alexander Albon,ALB,23.0,Williams
10528,1143,859,215,30,17,1:22.411,,,2024,23,78,Qatar Grand Prix,2024-12-01,Liam Lawson,LAW,30.0,RB F1 Team
10529,1143,807,210,27,18,1:22.442,,,2024,23,78,Qatar Grand Prix,2024-12-01,Nico Hülkenberg,HUL,27.0,Haas F1 Team
10530,1143,861,3,43,19,1:22.594,,,2024,23,78,Qatar Grand Prix,2024-12-01,Franco Colapinto,COL,43.0,Williams
10531,1143,839,214,31,20,1:22.714,,,2024,23,78,Qatar Grand Prix,2024-12-01,Esteban Ocon,OCO,31.0,Alpine F1 Team
10532,1144,846,1,4,1,1:23.682,1:23.098,1:22.595,2024,24,24,Abu Dhabi Grand Prix,2024-12-08,Lando Norris,NOR,4.0,McLaren
10533,1144,857,1,81,2,1:23.640,1:23.199,1:22.804,2024,24,24,Abu Dhabi Grand Prix,2024-12-08,Oscar Piastri,PIA,81.0,McLaren
10534,1144,832,6,55,3,1:23.487,1:22.985,1:22.824,2024,24,24,Abu Dhabi Grand Prix,2024-12-08,Carlos Sainz,SAI,55.0,Ferrari
10535,1144,807,210,27,4,1:23.722,1:23.040,1:22.886,2024,24,24,Abu Dhabi Grand Prix,2024-12-08,Nico Hülkenberg,HUL,27.0,Haas F1 Team
10536,1144,830,9,1,5,1:23.516,1:22.998,1:22.945,2024,24,24,Abu Dhabi Grand Prix,2024-12-08,Max Verstappen,VER,33.0,Red Bull
10537,1144,842,214,10,6,1:23.548,1:23.086,1:22.984,2024,24,24,Abu Dhabi Grand Prix,2024-12-08,Pierre Gasly,GAS,10.0,Alpine F1 Team
10538,1144,847,131,63,7,1:23.678,1:23.283,1:23.132,2024,24,24,Abu Dhabi Grand Prix,2024-12-08,George Russell,RUS,63.0,Mercedes
10539,1144,4,117,14,8,1:23.794,1:23.268,1:23.196,2024,24,24,Abu Dhabi Grand Prix,2024-12-08,Fernando Alonso,ALO,14.0,Aston Martin
10540,1144,822,15,77,9,1:23.481,1:23.341,1:23.204,2024,24,24,Abu Dhabi Grand Prix,2024-12-08,Valtteri Bottas,BOT,77.0,Sauber
10541,1144,815,9,11,10,1:23.559,1:23.379,1:23.264,2024,24,24,Abu Dhabi Grand Prix,2024-12-08,Sergio Pérez,PER,11.0,Red Bull
10542,1144,852,215,22,11,1:23.735,1:23.419,,2024,24,24,Abu Dhabi Grand Prix,2024-12-08,Yuki Tsunoda,TSU,22.0,RB F1 Team
10543,1144,859,215,30,12,1:23.733,1:23.472,,2024,24,24,Abu Dhabi Grand Prix,2024-12-08,Liam Lawson,LAW,30.0,RB F1 Team
10544,1144,840,117,18,13,1:23.729,1:23.784,,2024,24,24,Abu Dhabi Grand Prix,2024-12-08,Lance Stroll,STR,18.0,Aston Martin
10545,1144,844,6,16,14,1:23.302,1:23.833,,2024,24,24,Abu Dhabi Grand Prix,2024-12-08,Charles Leclerc,LEC,16.0,Ferrari
10546,1144,825,210,20,15,1:23.632,1:23.877,,2024,24,24,Abu Dhabi Grand Prix,2024-12-08,Kevin Magnussen,MAG,20.0,Haas F1 Team
10547,1144,848,3,23,16,1:23.821,,,2024,24,24,Abu Dhabi Grand Prix,2024-12-08,Alexander Albon,ALB,23.0,Williams
10548,1144,855,15,24,17,1:23.880,,,2024,24,24,Abu Dhabi Grand Prix,2024-12-08,Guanyu Zhou,ZHO,24.0,Sauber
10549,1144,1,131,44,18,1:23.887,,,2024,24,24,Abu Dhabi Grand Prix,2024-12-08,Lewis Hamilton,HAM,44.0,Mercedes
10550,1144,861,3,43,19,1:23.912,,,2024,24,24,Abu Dhabi Grand Prix,2024-12-08,Franco Colapinto,COL,43.0,Williams
10551,1144,862,214,61,20,1:24.105,,,2024,24,24,Abu Dhabi Grand Prix,2024-12-08,Jack Doohan,DOO,61.0,Alpine F1 Team
10552,1145,846,1,4,1,1:15.912,1:15.415,1:15.096,2025,1,1,Australian Grand Prix,2025-03-16,Lando Norris,NOR,4.0,McLaren
10553,1145,857,1,81,2,1:16.062,1:15.468,1:15.180,2025,1,1,Australian Grand Prix,2025-03-16,Oscar Piastri,PIA,81.0,McLaren
10554,1145,830,9,33,3,1:16.018,1:15.565,1:15.481,2025,1,1,Australian Grand Prix,2025-03-16,Max Verstappen,VER,33.0,Red Bull
10555,1145,847,131,63,4,1:15.971,1:15.798,1:15.546,2025,1,1,Australian Grand Prix,2025-03-16,George Russell,RUS,63.0,Mercedes
10556,1145,852,215,22,5,1:16.225,1:16.009,1:15.670,2025,1,1,Australian Grand Prix,2025-03-16,Yuki Tsunoda,TSU,22.0,RB F1 Team
10557,1145,848,3,23,6,1:16.245,1:16.017,1:15.737,2025,1,1,Australian Grand Prix,2025-03-16,Alexander Albon,ALB,23.0,Williams
10558,1145,844,6,16,7,1:16.029,1:15.827,1:15.755,2025,1,1,Australian Grand Prix,2025-03-16,Charles Leclerc,LEC,16.0,Ferrari
10559,1145,1,6,44,8,1:16.213,1:15.919,1:15.973,2025,1,1,Australian Grand Prix,2025-03-16,Lewis Hamilton,HAM,44.0,Ferrari
10560,1145,842,214,10,9,1:16.328,1:16.112,1:15.980,2025,1,1,Australian Grand Prix,2025-03-16,Pierre Gasly,GAS,10.0,Alpine F1 Team
10561,1145,832,3,55,10,1:16.360,1:15.931,1:16.062,2025,1,1,Australian Grand Prix,2025-03-16,Carlos Sainz,SAI,55.0,Williams
10562,1145,865,215,6,11,1:16.354,1:16.175,,2025,1,1,Australian Grand Prix,2025-03-16,Isack Hadjar,HAD,6.0,RB F1 Team
10563,1145,4,117,14,12,1:16.288,1:16.453,,2025,1,1,Australian Grand Prix,2025-03-16,Fernando Alonso,ALO,14.0,Aston Martin
10564,1145,840,117,18,13,1:16.369,1:16.483,,2025,1,1,Australian Grand Prix,2025-03-16,Lance Stroll,STR,18.0,Aston Martin
10565,1145,862,214,7,14,1:16.315,1:16.863,,2025,1,1,Australian Grand Prix,2025-03-16,Jack Doohan,DOO,61.0,Alpine F1 Team
10566,1145,864,15,5,15,1:16.516,1:17.520,,2025,1,1,Australian Grand Prix,2025-03-16,Gabriel Bortoleto,BOR,5.0,Sauber
10567,1145,863,131,12,16,1:16.525,,,2025,1,1,Australian Grand Prix,2025-03-16,Andrea Kimi Antonelli,ANT,12.0,Mercedes
10568,1145,807,15,27,17,1:16.579,,,2025,1,1,Australian Grand Prix,2025-03-16,Nico Hülkenberg,HUL,27.0,Sauber
10569,1145,859,9,30,18,1:17.094,,,2025,1,1,Australian Grand Prix,2025-03-16,Liam Lawson,LAW,30.0,Red Bull
10570,1145,839,210,31,19,1:17.147,,,2025,1,1,Australian Grand Prix,2025-03-16,Esteban Ocon,OCO,31.0,Haas F1 Team
10571,1145,860,210,87,20,,,,2025,1,1,Australian Grand Prix,2025-03-16,Oliver Bearman,BEA,38.0,Haas F1 Team
10572,1146,857,1,81,1,1:31.591,1:31.200,1:30.641,2025,2,17,Chinese Grand Prix,2025-03-23,Oscar Piastri,PIA,81.0,McLaren
10573,1146,847,131,63,2,1:31.295,1:31.307,1:30.723,2025,2,17,Chinese Grand Prix,2025-03-23,George Russell,RUS,63.0,Mercedes
10574,1146,846,1,4,3,1:30.983,1:30.787,1:30.793,2025,2,17,Chinese Grand Prix,2025-03-23,Lando Norris,NOR,4.0,McLaren
10575,1146,830,9,33,4,1:31.424,1:31.142,1:30.817,2025,2,17,Chinese Grand Prix,2025-03-23,Max Verstappen,VER,33.0,Red Bull
10576,1146,1,6,44,5,1:31.690,1:31.501,1:30.927,2025,2,17,Chinese Grand Prix,2025-03-23,Lewis Hamilton,HAM,44.0,Ferrari
10577,1146,844,6,16,6,1:31.579,1:31.450,1:31.021,2025,2,17,Chinese Grand Prix,2025-03-23,Charles Leclerc,LEC,16.0,Ferrari
10578,1146,865,215,6,7,1:31.162,1:31.253,1:31.079,2025,2,17,Chinese Grand Prix,2025-03-23,Isack Hadjar,HAD,6.0,RB F1 Team
10579,1146,863,131,12,8,1:31.676,1:31.590,1:31.103,2025,2,17,Chinese Grand Prix,2025-03-23,Andrea Kimi Antonelli,ANT,12.0,Mercedes
10580,1146,852,215,22,9,1:31.238,1:31.260,1:31.638,2025,2,17,Chinese Grand Prix,2025-03-23,Yuki Tsunoda,TSU,22.0,RB F1 Team
10581,1146,848,3,23,10,1:31.503,1:31.595,1:31.706,2025,2,17,Chinese Grand Prix,2025-03-23,Alexander Albon,ALB,23.0,Williams
10582,1146,839,210,31,11,1:31.876,1:31.625,,2025,2,17,Chinese Grand Prix,2025-03-23,Esteban Ocon,OCO,31.0,Haas F1 Team
10583,1146,807,15,27,12,1:31.921,1:31.632,,2025,2,17,Chinese Grand Prix,2025-03-23,Nico Hülkenberg,HUL,27.0,Sauber
10584,1146,4,117,14,13,1:31.719,1:31.688,,2025,2,17,Chinese Grand Prix,2025-03-23,Fernando Alonso,ALO,14.0,Aston Martin
10585,1146,840,117,18,14,1:31.923,1:31.773,,2025,2,17,Chinese Grand Prix,2025-03-23,Lance Stroll,STR,18.0,Aston Martin
10586,1146,832,3,55,15,1:31.628,1:31.840,,2025,2,17,Chinese Grand Prix,2025-03-23,Carlos Sainz,SAI,55.0,Williams
10587,1146,842,214,10,16,1:31.992,,,2025,2,17,Chinese Grand Prix,2025-03-23,Pierre Gasly,GAS,10.0,Alpine F1 Team
10588,1146,860,210,87,17,1:32.018,,,2025,2,17,Chinese Grand Prix,2025-03-23,Oliver Bearman,BEA,38.0,Haas F1 Team
10589,1146,862,214,7,18,1:32.092,,,2025,2,17,Chinese Grand Prix,2025-03-23,Jack Doohan,DOO,61.0,Alpine F1 Team
10590,1146,864,15,5,19,1:32.141,,,2025,2,17,Chinese Grand Prix,2025-03-23,Gabriel Bortoleto,BOR,5.0,Sauber
10591,1146,859,9,30,20,1:32.174,,,2025,2,17,Chinese Grand Prix,2025-03-23,Liam Lawson,LAW,30.0,Red Bull
10592,1147,830,9,33,1,1:27.943,1:27.502,1:26.983,2025,3,22,Japanese Grand Prix,2025-04-06,Max Verstappen,VER,33.0,Red Bull
10593,1147,846,1,4,2,1:27.845,1:27.146,1:26.995,2025,3,22,Japanese Grand Prix,2025-04-06,Lando Norris,NOR,4.0,McLaren
10594,1147,857,1,81,3,1:27.687,1:27.507,1:27.027,2025,3,22,Japanese Grand Prix,2025-04-06,Oscar Piastri,PIA,81.0,McLaren
10595,1147,844,6,16,4,1:27.920,1:27.555,1:27.299,2025,3,22,Japanese Grand Prix,2025-04-06,Charles Leclerc,LEC,16.0,Ferrari
10596,1147,847,131,63,5,1:27.843,1:27.400,1:27.318,2025,3,22,Japanese Grand Prix,2025-04-06,George Russell,RUS,63.0,Mercedes
10597,1147,863,131,12,6,1:27.968,1:27.639,1:27.555,2025,3,22,Japanese Grand Prix,2025-04-06,Andrea Kimi Antonelli,ANT,12.0,Mercedes
10598,1147,865,215,6,7,1:28.278,1:27.775,1:27.569,2025,3,22,Japanese Grand Prix,2025-04-06,Isack Hadjar,HAD,6.0,RB F1 Team
10599,1147,1,6,44,8,1:27.942,1:27.610,1:27.610,2025,3,22,Japanese Grand Prix,2025-04-06,Lewis Hamilton,HAM,44.0,Ferrari
10600,1147,848,3,23,9,1:28.218,1:27.783,1:27.615,2025,3,22,Japanese Grand Prix,2025-04-06,Alexander Albon,ALB,23.0,Williams
10601,1147,860,210,87,10,1:28.228,1:27.711,1:27.867,2025,3,22,Japanese Grand Prix,2025-04-06,Oliver Bearman,BEA,38.0,Haas F1 Team
10602,1147,842,214,10,11,1:28.186,1:27.822,,2025,3,22,Japanese Grand Prix,2025-04-06,Pierre Gasly,GAS,10.0,Alpine F1 Team
10603,1147,832,3,55,12,1:28.209,1:27.836,,2025,3,22,Japanese Grand Prix,2025-04-06,Carlos Sainz,SAI,55.0,Williams
10604,1147,4,117,14,13,1:28.337,1:27.897,,2025,3,22,Japanese Grand Prix,2025-04-06,Fernando Alonso,ALO,14.0,Aston Martin
10605,1147,859,215,30,14,1:28.554,1:27.906,,2025,3,22,Japanese Grand Prix,2025-04-06,Liam Lawson,LAW,30.0,RB F1 Team
10606,1147,852,9,22,15,1:27.967,1:28.000,,2025,3,22,Japanese Grand Prix,2025-04-06,Yuki Tsunoda,TSU,22.0,Red Bull
10607,1147,807,15,27,16,1:28.570,,,2025,3,22,Japanese Grand Prix,2025-04-06,Nico Hülkenberg,HUL,27.0,Sauber
10608,1147,864,15,5,17,1:28.622,,,2025,3,22,Japanese Grand Prix,2025-04-06,Gabriel Bortoleto,BOR,5.0,Sauber
10609,1147,839,210,31,18,1:28.696,,,2025,3,22,Japanese Grand Prix,2025-04-06,Esteban Ocon,OCO,31.0,Haas F1 Team
10610,1147,862,214,7,19,1:28.877,,,2025,3,22,Japanese Grand Prix,2025-04-06,Jack Doohan,DOO,61.0,Alpine F1 Team
10611,1147,840,117,18,20,1:29.271,,,2025,3,22,Japanese Grand Prix,2025-04-06,Lance Stroll,STR,18.0,Aston Martin
10612,1148,857,1,81,1,1:31.392,1:30.454,1:29.841,2025,4,3,Bahrain Grand Prix,2025-04-13,Oscar Piastri,PIA,81.0,McLaren
10613,1148,847,131,63,2,1:31.494,1:30.664,1:30.009,2025,4,3,Bahrain Grand Prix,2025-04-13,George Russell,RUS,63.0,Mercedes
10614,1148,844,6,16,3,1:31.454,1:30.724,1:30.175,2025,4,3,Bahrain Grand Prix,2025-04-13,Charles Leclerc,LEC,16.0,Ferrari
10615,1148,863,131,12,4,1:31.415,1:30.716,1:30.213,2025,4,3,Bahrain Grand Prix,2025-04-13,Andrea Kimi Antonelli,ANT,12.0,Mercedes
10616,1148,842,214,10,5,1:31.462,1:30.643,1:30.216,2025,4,3,Bahrain Grand Prix,2025-04-13,Pierre Gasly,GAS,10.0,Alpine F1 Team
10617,1148,846,1,4,6,1:31.107,1:30.560,1:30.267,2025,4,3,Bahrain Grand Prix,2025-04-13,Lando Norris,NOR,4.0,McLaren
10618,1148,830,9,33,7,1:31.303,1:31.019,1:30.423,2025,4,3,Bahrain Grand Prix,2025-04-13,Max Verstappen,VER,33.0,Red Bull
10619,1148,832,3,55,8,1:31.591,1:30.844,1:30.680,2025,4,3,Bahrain Grand Prix,2025-04-13,Carlos Sainz,SAI,55.0,Williams
10620,1148,1,6,44,9,1:31.219,1:31.009,1:30.772,2025,4,3,Bahrain Grand Prix,2025-04-13,Lewis Hamilton,HAM,44.0,Ferrari
10621,1148,852,9,22,10,1:31.751,1:31.228,1:31.303,2025,4,3,Bahrain Grand Prix,2025-04-13,Yuki Tsunoda,TSU,22.0,Red Bull
10622,1148,862,214,7,11,1:31.414,1:31.245,,2025,4,3,Bahrain Grand Prix,2025-04-13,Jack Doohan,DOO,61.0,Alpine F1 Team
10623,1148,865,215,6,12,1:31.591,1:31.271,,2025,4,3,Bahrain Grand Prix,2025-04-13,Isack Hadjar,HAD,6.0,RB F1 Team
10624,1148,4,117,14,13,1:31.634,1:31.886,,2025,4,3,Bahrain Grand Prix,2025-04-13,Fernando Alonso,ALO,14.0,Aston Martin
10625,1148,839,210,31,14,1:31.594,,,2025,4,3,Bahrain Grand Prix,2025-04-13,Esteban Ocon,OCO,31.0,Haas F1 Team
10626,1148,848,3,23,15,1:32.040,,,2025,4,3,Bahrain Grand Prix,2025-04-13,Alexander Albon,ALB,23.0,Williams
10627,1148,807,15,27,16,1:32.067,,,2025,4,3,Bahrain Grand Prix,2025-04-13,Nico Hülkenberg,HUL,27.0,Sauber
10628,1148,859,215,30,17,1:32.165,,,2025,4,3,Bahrain Grand Prix,2025-04-13,Liam Lawson,LAW,30.0,RB F1 Team
10629,1148,864,15,5,18,1:32.186,,,2025,4,3,Bahrain Grand Prix,2025-04-13,Gabriel Bortoleto,BOR,5.0,Sauber
10630,1148,840,117,18,19,1:32.283,,,2025,4,3,Bahrain Grand Prix,2025-04-13,Lance Stroll,STR,18.0,Aston Martin
10631,1148,860,210,87,20,1:32.373,,,2025,4,3,Bahrain Grand Prix,2025-04-13,Oliver Bearman,BEA,38.0,Haas F1 Team
10632,1149,830,9,33,1,1:27.778,1:27.529,1:27.294,2025,5,77,Saudi Arabian Grand Prix,2025-04-20,Max Verstappen,VER,33.0,Red Bull
10633,1149,857,1,81,2,1:27.901,1:27.545,1:27.304,2025,5,77,Saudi Arabian Grand Prix,2025-04-20,Oscar Piastri,PIA,81.0,McLaren
10634,1149,847,131,63,3,1:28.282,1:27.599,1:27.407,2025,5,77,Saudi Arabian Grand Prix,2025-04-20,George Russell,RUS,63.0,Mercedes
10635,1149,844,6,16,4,1:28.552,1:27.866,1:27.670,2025,5,77,Saudi Arabian Grand Prix,2025-04-20,Charles Leclerc,LEC,16.0,Ferrari
10636,1149,863,131,12,5,1:28.128,1:27.798,1:27.866,2025,5,77,Saudi Arabian Grand Prix,2025-04-20,Andrea Kimi Antonelli,ANT,12.0,Mercedes
10637,1149,832,3,55,6,1:28.354,1:28.024,1:28.164,2025,5,77,Saudi Arabian Grand Prix,2025-04-20,Carlos Sainz,SAI,55.0,Williams
10638,1149,1,6,44,7,1:28.372,1:28.102,1:28.201,2025,5,77,Saudi Arabian Grand Prix,2025-04-20,Lewis Hamilton,HAM,44.0,Ferrari
10639,1149,852,9,22,8,1:28.226,1:27.990,1:28.204,2025,5,77,Saudi Arabian Grand Prix,2025-04-20,Yuki Tsunoda,TSU,22.0,Red Bull
10640,1149,842,214,10,9,1:28.421,1:28.025,1:28.367,2025,5,77,Saudi Arabian Grand Prix,2025-04-20,Pierre Gasly,GAS,10.0,Alpine F1 Team
10641,1149,846,1,4,10,1:27.805,1:27.481,,2025,5,77,Saudi Arabian Grand Prix,2025-04-20,Lando Norris,NOR,4.0,McLaren
10642,1149,848,3,23,11,1:28.279,1:28.109,,2025,5,77,Saudi Arabian Grand Prix,2025-04-20,Alexander Albon,ALB,23.0,Williams
10643,1149,859,215,30,12,1:28.561,1:28.191,,2025,5,77,Saudi Arabian Grand Prix,2025-04-20,Liam Lawson,LAW,30.0,RB F1 Team
10644,1149,4,117,14,13,1:28.548,1:28.303,,2025,5,77,Saudi Arabian Grand Prix,2025-04-20,Fernando Alonso,ALO,14.0,Aston Martin
10645,1149,865,215,6,14,1:28.571,1:28.418,,2025,5,77,Saudi Arabian Grand Prix,2025-04-20,Isack Hadjar,HAD,6.0,RB F1 Team
10646,1149,860,210,87,15,1:28.536,1:28.648,,2025,5,77,Saudi Arabian Grand Prix,2025-04-20,Oliver Bearman,BEA,38.0,Haas F1 Team
10647,1149,840,117,18,16,1:28.645,,,2025,5,77,Saudi Arabian Grand Prix,2025-04-20,Lance Stroll,STR,18.0,Aston Martin
10648,1149,862,214,7,17,1:28.739,,,2025,5,77,Saudi Arabian Grand Prix,2025-04-20,Jack Doohan,DOO,61.0,Alpine F1 Team
10649,1149,807,15,27,18,1:28.782,,,2025,5,77,Saudi Arabian Grand Prix,2025-04-20,Nico Hülkenberg,HUL,27.0,Sauber
10650,1149,839,210,31,19,1:29.092,,,2025,5,77,Saudi Arabian Grand Prix,2025-04-20,Esteban Ocon,OCO,31.0,Haas F1 Team
10651,1149,864,15,5,20,1:29.462,,,2025,5,77,Saudi Arabian Grand Prix,2025-04-20,Gabriel Bortoleto,BOR,5.0,Sauber
10652,1150,830,9,33,1,1:26.870,1:26.643,1:26.204,2025,6,79,Miami Grand Prix,2025-05-04,Max Verstappen,VER,33.0,Red Bull
10653,1150,846,1,4,2,1:26.955,1:26.499,1:26.269,2025,6,79,Miami Grand Prix,2025-05-04,Lando Norris,NOR,4.0,McLaren
10654,1150,863,131,12,3,1:27.077,1:26.606,1:26.271,2025,6,79,Miami Grand Prix,2025-05-04,Andrea Kimi Antonelli,ANT,12.0,Mercedes
10655,1150,857,1,81,4,1:27.006,1:26.269,1:26.375,2025,6,79,Miami Grand Prix,2025-05-04,Oscar Piastri,PIA,81.0,McLaren
10656,1150,847,131,63,5,1:27.014,1:26.575,1:26.385,2025,6,79,Miami Grand Prix,2025-05-04,George Russell,RUS,63.0,Mercedes
10657,1150,832,3,55,6,1:27.098,1:26.847,1:26.569,2025,6,79,Miami Grand Prix,2025-05-04,Carlos Sainz,SAI,55.0,Williams
10658,1150,848,3,23,7,1:27.042,1:26.855,1:26.682,2025,6,79,Miami Grand Prix,2025-05-04,Alexander Albon,ALB,23.0,Williams
10659,1150,844,6,16,8,1:27.417,1:26.948,1:26.754,2025,6,79,Miami Grand Prix,2025-05-04,Charles Leclerc,LEC,16.0,Ferrari
10660,1150,839,210,31,9,1:27.450,1:26.967,1:26.824,2025,6,79,Miami Grand Prix,2025-05-04,Esteban Ocon,OCO,31.0,Haas F1 Team
10661,1150,852,9,22,10,1:27.298,1:26.959,1:26.943,2025,6,79,Miami Grand Prix,2025-05-04,Yuki Tsunoda,TSU,22.0,Red Bull
10662,1150,865,215,6,11,1:27.301,1:26.987,,2025,6,79,Miami Grand Prix,2025-05-04,Isack Hadjar,HAD,6.0,RB F1 Team
10663,1150,1,6,44,12,1:27.279,1:27.006,,2025,6,79,Miami Grand Prix,2025-05-04,Lewis Hamilton,HAM,44.0,Ferrari
10664,1150,864,15,5,13,1:27.343,1:27.151,,2025,6,79,Miami Grand Prix,2025-05-04,Gabriel Bortoleto,BOR,5.0,Sauber
10665,1150,862,214,7,14,1:27.422,1:27.186,,2025,6,79,Miami Grand Prix,2025-05-04,Jack Doohan,DOO,61.0,Alpine F1 Team
10666,1150,859,215,30,15,1:27.444,1:27.363,,2025,6,79,Miami Grand Prix,2025-05-04,Liam Lawson,LAW,30.0,RB F1 Team
10667,1150,807,15,27,16,1:27.473,,,2025,6,79,Miami Grand Prix,2025-05-04,Nico Hülkenberg,HUL,27.0,Sauber
10668,1150,4,117,14,17,1:27.604,,,2025,6,79,Miami Grand Prix,2025-05-04,Fernando Alonso,ALO,14.0,Aston Martin
10669,1150,842,214,10,18,1:27.710,,,2025,6,79,Miami Grand Prix,2025-05-04,Pierre Gasly,GAS,10.0,Alpine F1 Team
10670,1150,840,117,18,19,1:27.830,,,2025,6,79,Miami Grand Prix,2025-05-04,Lance Stroll,STR,18.0,Aston Martin
10671,1150,860,210,87,20,1:27.999,,,2025,6,79,Miami Grand Prix,2025-05-04,Oliver Bearman,BEA,38.0,Haas F1 Team
10672,1151,857,1,81,1,1:15.500,1:15.214,1:14.670,2025,7,21,Emilia Romagna Grand Prix,2025-05-18,Oscar Piastri,PIA,81.0,McLaren
10673,1151,830,9,33,2,1:15.175,1:15.394,1:14.704,2025,7,21,Emilia Romagna Grand Prix,2025-05-18,Max Verstappen,VER,33.0,Red Bull
10674,1151,847,131,63,3,1:15.852,1:15.334,1:14.807,2025,7,21,Emilia Romagna Grand Prix,2025-05-18,George Russell,RUS,63.0,Mercedes
10675,1151,846,1,4,4,1:15.894,1:14.962,,2025,7,21,Emilia Romagna Grand Prix,2025-05-18,Lando Norris,NOR,4.0,McLaren
10676,1151,4,117,14,5,1:15.695,1:15.442,1:15.431,2025,7,21,Emilia Romagna Grand Prix,2025-05-18,Fernando Alonso,ALO,14.0,Aston Martin
10677,1151,832,3,55,6,1:15.987,1:15.198,1:15.432,2025,7,21,Emilia Romagna Grand Prix,2025-05-18,Carlos Sainz,SAI,55.0,Williams
10678,1151,848,3,23,7,1:16.123,1:15.521,1:15.473,2025,7,21,Emilia Romagna Grand Prix,2025-05-18,Alexander Albon,ALB,23.0,Williams
10679,1151,840,117,18,8,1:15.817,1:15.497,1:15.581,2025,7,21,Emilia Romagna Grand Prix,2025-05-18,Lance Stroll,STR,18.0,Aston Martin
10680,1151,865,215,6,9,1:16.253,1:15.510,1:15.746,2025,7,21,Emilia Romagna Grand Prix,2025-05-18,Isack Hadjar,HAD,6.0,RB F1 Team
10681,1151,842,214,10,10,1:15.937,1:15.505,1:15.787,2025,7,21,Emilia Romagna Grand Prix,2025-05-18,Pierre Gasly,GAS,10.0,Alpine F1 Team
10682,1151,844,6,16,11,1:16.108,1:15.604,,2025,7,21,Emilia Romagna Grand Prix,2025-05-18,Charles Leclerc,LEC,16.0,Ferrari
10683,1151,1,6,44,12,1:16.163,1:15.765,,2025,7,21,Emilia Romagna Grand Prix,2025-05-18,Lewis Hamilton,HAM,44.0,Ferrari
10684,1151,863,131,12,13,1:15.943,1:15.772,,2025,7,21,Emilia Romagna Grand Prix,2025-05-18,Andrea Kimi Antonelli,ANT,12.0,Mercedes
10685,1151,864,15,5,14,1:16.340,1:16.260,,2025,7,21,Emilia Romagna Grand Prix,2025-05-18,Gabriel Bortoleto,BOR,5.0,Sauber
10686,1151,861,214,43,15,1:16.256,,,2025,7,21,Emilia Romagna Grand Prix,2025-05-18,Franco Colapinto,COL,43.0,Alpine F1 Team
10687,1151,859,215,30,16,1:16.379,,,2025,7,21,Emilia Romagna Grand Prix,2025-05-18,Liam Lawson,LAW,30.0,RB F1 Team
10688,1151,807,15,27,17,1:16.518,,,2025,7,21,Emilia Romagna Grand Prix,2025-05-18,Nico Hülkenberg,HUL,27.0,Sauber
10689,1151,839,210,31,18,1:16.613,,,2025,7,21,Emilia Romagna Grand Prix,2025-05-18,Esteban Ocon,OCO,31.0,Haas F1 Team
10690,1151,860,210,87,19,1:16.918,,,2025,7,21,Emilia Romagna Grand Prix,2025-05-18,Oliver Bearman,BEA,38.0,Haas F1 Team
10691,1151,852,9,22,20,,,,2025,7,21,Emilia Romagna Grand Prix,2025-05-18,Yuki Tsunoda,TSU,22.0,Red Bull
10692,1152,846,1,4,1,1:11.285,1:10.570,1:09.954,2025,8,6,Monaco Grand Prix,2025-05-25,Lando Norris,NOR,4.0,McLaren
10693,1152,844,6,16,2,1:11.229,1:10.581,1:10.063,2025,8,6,Monaco Grand Prix,2025-05-25,Charles Leclerc,LEC,16.0,Ferrari
10694,1152,857,1,81,3,1:11.308,1:10.858,1:10.129,2025,8,6,Monaco Grand Prix,2025-05-25,Oscar Piastri,PIA,81.0,McLaren
10695,1152,1,6,44,4,1:11.575,1:10.883,1:10.382,2025,8,6,Monaco Grand Prix,2025-05-25,Lewis Hamilton,HAM,44.0,Ferrari
10696,1152,830,9,33,5,1:11.431,1:10.875,1:10.669,2025,8,6,Monaco Grand Prix,2025-05-25,Max Verstappen,VER,33.0,Red Bull
10697,1152,865,215,6,6,1:11.811,1:11.040,1:10.923,2025,8,6,Monaco Grand Prix,2025-05-25,Isack Hadjar,HAD,6.0,RB F1 Team
10698,1152,4,117,14,7,1:11.674,1:11.182,1:10.924,2025,8,6,Monaco Grand Prix,2025-05-25,Fernando Alonso,ALO,14.0,Aston Martin
10699,1152,839,210,31,8,1:11.839,1:11.262,1:10.942,2025,8,6,Monaco Grand Prix,2025-05-25,Esteban Ocon,OCO,31.0,Haas F1 Team
10700,1152,859,215,30,9,1:11.818,1:11.250,1:11.129,2025,8,6,Monaco Grand Prix,2025-05-25,Liam Lawson,LAW,30.0,RB F1 Team
10701,1152,848,3,23,10,1:11.629,1:10.732,1:11.213,2025,8,6,Monaco Grand Prix,2025-05-25,Alexander Albon,ALB,23.0,Williams
10702,1152,832,3,55,11,1:11.707,1:11.362,,2025,8,6,Monaco Grand Prix,2025-05-25,Carlos Sainz,SAI,55.0,Williams
10703,1152,852,9,22,12,1:11.800,1:11.415,,2025,8,6,Monaco Grand Prix,2025-05-25,Yuki Tsunoda,TSU,22.0,Red Bull
10704,1152,807,15,27,13,1:11.871,1:11.596,,2025,8,6,Monaco Grand Prix,2025-05-25,Nico Hülkenberg,HUL,27.0,Sauber
10705,1152,847,131,63,14,1:11.507,,,2025,8,6,Monaco Grand Prix,2025-05-25,George Russell,RUS,63.0,Mercedes
10706,1152,863,131,12,15,1:11.880,,,2025,8,6,Monaco Grand Prix,2025-05-25,Andrea Kimi Antonelli,ANT,12.0,Mercedes
10707,1152,864,15,5,16,1:11.902,,,2025,8,6,Monaco Grand Prix,2025-05-25,Gabriel Bortoleto,BOR,5.0,Sauber
10708,1152,860,210,87,17,1:11.979,,,2025,8,6,Monaco Grand Prix,2025-05-25,Oliver Bearman,BEA,38.0,Haas F1 Team
10709,1152,842,214,10,18,1:11.994,,,2025,8,6,Monaco Grand Prix,2025-05-25,Pierre Gasly,GAS,10.0,Alpine F1 Team
10710,1152,840,117,18,19,1:12.563,,,2025,8,6,Monaco Grand Prix,2025-05-25,Lance Stroll,STR,18.0,Aston Martin
10711,1152,861,214,43,20,1:12.597,,,2025,8,6,Monaco Grand Prix,2025-05-25,Franco Colapinto,COL,43.0,Alpine F1 Team
10712,1153,857,1,81,1,1:12.551,1:11.998,1:11.546,2025,9,4,Spanish Grand Prix,2025-06-01,Oscar Piastri,PIA,81.0,McLaren
10713,1153,846,1,4,2,1:12.799,1:12.056,1:11.755,2025,9,4,Spanish Grand Prix,2025-06-01,Lando Norris,NOR,4.0,McLaren
10714,1153,830,9,33,3,1:12.798,1:12.358,1:11.848,2025,9,4,Spanish Grand Prix,2025-06-01,Max Verstappen,VER,33.0,Red Bull
10715,1153,847,131,63,4,1:12.806,1:12.407,1:11.848,2025,9,4,Spanish Grand Prix,2025-06-01,George Russell,RUS,63.0,Mercedes
10716,1153,1,6,44,5,1:13.058,1:12.447,1:12.045,2025,9,4,Spanish Grand Prix,2025-06-01,Lewis Hamilton,HAM,44.0,Ferrari
10717,1153,863,131,12,6,1:12.815,1:12.585,1:12.111,2025,9,4,Spanish Grand Prix,2025-06-01,Andrea Kimi Antonelli,ANT,12.0,Mercedes
10718,1153,844,6,16,7,1:13.014,1:12.495,1:12.131,2025,9,4,Spanish Grand Prix,2025-06-01,Charles Leclerc,LEC,16.0,Ferrari
10719,1153,842,214,10,8,1:13.081,1:12.611,1:12.199,2025,9,4,Spanish Grand Prix,2025-06-01,Pierre Gasly,GAS,10.0,Alpine F1 Team
10720,1153,865,215,6,9,1:13.139,1:12.461,1:12.252,2025,9,4,Spanish Grand Prix,2025-06-01,Isack Hadjar,HAD,6.0,RB F1 Team
10721,1153,4,117,14,10,1:13.102,1:12.523,1:12.284,2025,9,4,Spanish Grand Prix,2025-06-01,Fernando Alonso,ALO,14.0,Aston Martin
10722,1153,848,3,23,11,1:13.044,1:12.641,,2025,9,4,Spanish Grand Prix,2025-06-01,Alexander Albon,ALB,23.0,Williams
10723,1153,864,15,5,12,1:13.045,1:12.756,,2025,9,4,Spanish Grand Prix,2025-06-01,Gabriel Bortoleto,BOR,5.0,Sauber
10724,1153,859,215,30,13,1:13.039,1:12.763,,2025,9,4,Spanish Grand Prix,2025-06-01,Liam Lawson,LAW,30.0,RB F1 Team
10725,1153,840,117,18,14,1:13.038,1:13.058,,2025,9,4,Spanish Grand Prix,2025-06-01,Lance Stroll,STR,18.0,Aston Martin
10726,1153,860,210,87,15,1:13.074,1:13.315,,2025,9,4,Spanish Grand Prix,2025-06-01,Oliver Bearman,BEA,38.0,Haas F1 Team
10727,1153,807,15,27,16,1:13.190,,,2025,9,4,Spanish Grand Prix,2025-06-01,Nico Hülkenberg,HUL,27.0,Sauber
10728,1153,839,210,31,17,1:13.201,,,2025,9,4,Spanish Grand Prix,2025-06-01,Esteban Ocon,OCO,31.0,Haas F1 Team
10729,1153,832,3,55,18,1:13.203,,,2025,9,4,Spanish Grand Prix,2025-06-01,Carlos Sainz,SAI,55.0,Williams
10730,1153,861,214,43,19,1:13.334,,,2025,9,4,Spanish Grand Prix,2025-06-01,Franco Colapinto,COL,43.0,Alpine F1 Team
10731,1153,852,9,22,20,1:13.385,,,2025,9,4,Spanish Grand Prix,2025-06-01,Yuki Tsunoda,TSU,22.0,Red Bull
10732,1154,847,131,63,1,1:12.075,1:11.570,1:10.899,2025,10,7,Canadian Grand Prix,2025-06-15,George Russell,RUS,63.0,Mercedes
10733,1154,830,9,33,2,1:12.054,1:11.638,1:11.059,2025,10,7,Canadian Grand Prix,2025-06-15,Max Verstappen,VER,33.0,Red Bull
10734,1154,857,1,81,3,1:11.939,1:11.715,1:11.120,2025,10,7,Canadian Grand Prix,2025-06-15,Oscar Piastri,PIA,81.0,McLaren
10735,1154,863,131,12,4,1:12.279,1:11.974,1:11.391,2025,10,7,Canadian Grand Prix,2025-06-15,Andrea Kimi Antonelli,ANT,12.0,Mercedes
10736,1154,1,6,44,5,1:11.952,1:11.885,1:11.526,2025,10,7,Canadian Grand Prix,2025-06-15,Lewis Hamilton,HAM,44.0,Ferrari
10737,1154,4,117,14,6,1:12.073,1:11.805,1:11.586,2025,10,7,Canadian Grand Prix,2025-06-15,Fernando Alonso,ALO,14.0,Aston Martin
10738,1154,846,1,4,7,1:11.826,1:11.599,1:11.625,2025,10,7,Canadian Grand Prix,2025-06-15,Lando Norris,NOR,4.0,McLaren
10739,1154,844,6,16,8,1:12.038,1:11.626,1:11.682,2025,10,7,Canadian Grand Prix,2025-06-15,Charles Leclerc,LEC,16.0,Ferrari
10740,1154,865,215,6,9,1:12.211,1:12.003,1:11.867,2025,10,7,Canadian Grand Prix,2025-06-15,Isack Hadjar,HAD,6.0,RB F1 Team
10741,1154,848,3,23,10,1:12.090,1:11.892,1:11.907,2025,10,7,Canadian Grand Prix,2025-06-15,Alexander Albon,ALB,23.0,Williams
10742,1154,852,9,22,11,1:12.334,1:12.102,,2025,10,7,Canadian Grand Prix,2025-06-15,Yuki Tsunoda,TSU,22.0,Red Bull
10743,1154,861,214,43,12,1:12.234,1:12.142,,2025,10,7,Canadian Grand Prix,2025-06-15,Franco Colapinto,COL,43.0,Alpine F1 Team
10744,1154,807,15,27,13,1:12.323,1:12.183,,2025,10,7,Canadian Grand Prix,2025-06-15,Nico Hülkenberg,HUL,27.0,Sauber
10745,1154,860,210,87,14,1:12.306,1:12.340,,2025,10,7,Canadian Grand Prix,2025-06-15,Oliver Bearman,BEA,38.0,Haas F1 Team
10746,1154,839,210,31,15,1:12.378,1:12.634,,2025,10,7,Canadian Grand Prix,2025-06-15,Esteban Ocon,OCO,31.0,Haas F1 Team
10747,1154,864,15,5,16,1:12.385,,,2025,10,7,Canadian Grand Prix,2025-06-15,Gabriel Bortoleto,BOR,5.0,Sauber
10748,1154,832,3,55,17,1:12.398,,,2025,10,7,Canadian Grand Prix,2025-06-15,Carlos Sainz,SAI,55.0,Williams
10749,1154,840,117,18,18,1:12.517,,,2025,10,7,Canadian Grand Prix,2025-06-15,Lance Stroll,STR,18.0,Aston Martin
10750,1154,859,215,30,19,1:12.525,,,2025,10,7,Canadian Grand Prix,2025-06-15,Liam Lawson,LAW,30.0,RB F1 Team
10751,1154,842,214,10,20,1:12.667,,,2025,10,7,Canadian Grand Prix,2025-06-15,Pierre Gasly,GAS,10.0,Alpine F1 Team
10752,1155,846,1,4,1,1:04.672,1:04.410,1:03.971,2025,11,70,Austrian Grand Prix,2025-06-29,Lando Norris,NOR,4.0,McLaren
10753,1155,844,6,16,2,1:05.197,1:04.734,1:04.492,2025,11,70,Austrian Grand Prix,2025-06-29,Charles Leclerc,LEC,16.0,Ferrari
10754,1155,857,1,81,3,1:04.966,1:04.556,1:04.554,2025,11,70,Austrian Grand Prix,2025-06-29,Oscar Piastri,PIA,81.0,McLaren
10755,1155,1,6,44,4,1:05.115,1:04.896,1:04.582,2025,11,70,Austrian Grand Prix,2025-06-29,Lewis Hamilton,HAM,44.0,Ferrari
10756,1155,847,131,63,5,1:05.189,1:04.860,1:04.763,2025,11,70,Austrian Grand Prix,2025-06-29,George Russell,RUS,63.0,Mercedes
10757,1155,859,215,30,6,1:05.017,1:05.041,1:04.926,2025,11,70,Austrian Grand Prix,2025-06-29,Liam Lawson,LAW,30.0,RB F1 Team
10758,1155,830,9,33,7,1:05.106,1:04.836,1:04.929,2025,11,70,Austrian Grand Prix,2025-06-29,Max Verstappen,VER,33.0,Red Bull
10759,1155,864,15,5,8,1:05.123,1:04.846,1:05.132,2025,11,70,Austrian Grand Prix,2025-06-29,Gabriel Bortoleto,BOR,5.0,Sauber
10760,1155,863,131,12,9,1:05.178,1:05.052,1:05.276,2025,11,70,Austrian Grand Prix,2025-06-29,Andrea Kimi Antonelli,ANT,12.0,Mercedes
10761,1155,842,214,10,10,1:05.054,1:04.846,1:05.649,2025,11,70,Austrian Grand Prix,2025-06-29,Pierre Gasly,GAS,10.0,Alpine F1 Team
10762,1155,4,117,14,11,1:05.197,1:05.128,,2025,11,70,Austrian Grand Prix,2025-06-29,Fernando Alonso,ALO,14.0,Aston Martin
10763,1155,848,3,23,12,1:05.143,1:05.205,,2025,11,70,Austrian Grand Prix,2025-06-29,Alexander Albon,ALB,23.0,Williams
10764,1155,865,215,6,13,1:05.063,1:05.226,,2025,11,70,Austrian Grand Prix,2025-06-29,Isack Hadjar,HAD,6.0,RB F1 Team
10765,1155,861,214,43,14,1:05.278,1:05.288,,2025,11,70,Austrian Grand Prix,2025-06-29,Franco Colapinto,COL,43.0,Alpine F1 Team
10766,1155,860,210,87,15,1:05.218,1:05.312,,2025,11,70,Austrian Grand Prix,2025-06-29,Oliver Bearman,BEA,38.0,Haas F1 Team
10767,1155,840,117,18,16,1:05.329,,,2025,11,70,Austrian Grand Prix,2025-06-29,Lance Stroll,STR,18.0,Aston Martin
10768,1155,839,210,31,17,1:05.364,,,2025,11,70,Austrian Grand Prix,2025-06-29,Esteban Ocon,OCO,31.0,Haas F1 Team
10769,1155,852,9,22,18,1:05.369,,,2025,11,70,Austrian Grand Prix,2025-06-29,Yuki Tsunoda,TSU,22.0,Red Bull
10770,1155,832,3,55,19,1:05.582,,,2025,11,70,Austrian Grand Prix,2025-06-29,Carlos Sainz,SAI,55.0,Williams
10771,1155,807,15,27,20,1:05.606,,,2025,11,70,Austrian Grand Prix,2025-06-29,Nico Hülkenberg,HUL,27.0,Sauber
10772,1156,830,9,33,1,1:25.886,1:25.316,1:24.892,2025,12,9,British Grand Prix,2025-07-06,Max Verstappen,VER,33.0,Red Bull
10773,1156,857,1,81,2,1:25.963,1:25.316,1:24.995,2025,12,9,British Grand Prix,2025-07-06,Oscar Piastri,PIA,81.0,McLaren
10774,1156,846,1,4,3,1:26.123,1:25.231,1:25.010,2025,12,9,British Grand Prix,2025-07-06,Lando Norris,NOR,4.0,McLaren
10775,1156,847,131,63,4,1:26.236,1:25.637,1:25.029,2025,12,9,British Grand Prix,2025-07-06,George Russell,RUS,63.0,Mercedes
10776,1156,1,6,44,5,1:26.296,1:25.084,1:25.095,2025,12,9,British Grand Prix,2025-07-06,Lewis Hamilton,HAM,44.0,Ferrari
10777,1156,844,6,16,6,1:26.186,1:25.133,1:25.121,2025,12,9,British Grand Prix,2025-07-06,Charles Leclerc,LEC,16.0,Ferrari
10778,1156,863,131,12,7,1:26.265,1:25.620,1:25.374,2025,12,9,British Grand Prix,2025-07-06,Andrea Kimi Antonelli,ANT,12.0,Mercedes
10779,1156,860,210,87,8,1:26.005,1:25.534,1:25.471,2025,12,9,British Grand Prix,2025-07-06,Oliver Bearman,BEA,38.0,Haas F1 Team
10780,1156,4,117,14,9,1:26.108,1:25.593,1:25.621,2025,12,9,British Grand Prix,2025-07-06,Fernando Alonso,ALO,14.0,Aston Martin
10781,1156,842,214,10,10,1:26.328,1:25.711,1:25.785,2025,12,9,British Grand Prix,2025-07-06,Pierre Gasly,GAS,10.0,Alpine F1 Team
10782,1156,832,3,55,11,1:26.175,1:25.746,,2025,12,9,British Grand Prix,2025-07-06,Carlos Sainz,SAI,55.0,Williams
10783,1156,852,9,22,12,1:26.275,1:25.826,,2025,12,9,British Grand Prix,2025-07-06,Yuki Tsunoda,TSU,22.0,Red Bull
10784,1156,865,215,6,13,1:26.177,1:25.864,,2025,12,9,British Grand Prix,2025-07-06,Isack Hadjar,HAD,6.0,RB F1 Team
10785,1156,848,3,23,14,1:26.093,1:25.889,,2025,12,9,British Grand Prix,2025-07-06,Alexander Albon,ALB,23.0,Williams
10786,1156,839,210,31,15,1:26.136,1:25.950,,2025,12,9,British Grand Prix,2025-07-06,Esteban Ocon,OCO,31.0,Haas F1 Team
10787,1156,859,215,30,16,1:26.440,,,2025,12,9,British Grand Prix,2025-07-06,Liam Lawson,LAW,30.0,RB F1 Team
10788,1156,864,15,5,17,1:26.446,,,2025,12,9,British Grand Prix,2025-07-06,Gabriel Bortoleto,BOR,5.0,Sauber
10789,1156,840,117,18,18,1:26.504,,,2025,12,9,British Grand Prix,2025-07-06,Lance Stroll,STR,18.0,Aston Martin
10790,1156,807,15,27,19,1:26.574,,,2025,12,9,British Grand Prix,2025-07-06,Nico Hülkenberg,HUL,27.0,Sauber
10791,1156,861,214,43,20,1:27.060,,,2025,12,9,British Grand Prix,2025-07-06,Franco Colapinto,COL,43.0,Alpine F1 Team
10792,1157,846,1,4,1,1:41.010,1:40.715,1:40.562,2025,13,13,Belgian Grand Prix,2025-07-27,Lando Norris,NOR,4.0,McLaren
10793,1157,857,1,81,2,1:41.201,1:40.626,1:40.647,2025,13,13,Belgian Grand Prix,2025-07-27,Oscar Piastri,PIA,81.0,McLaren
10794,1157,844,6,16,3,1:41.635,1:41.084,1:40.900,2025,13,13,Belgian Grand Prix,2025-07-27,Charles Leclerc,LEC,16.0,Ferrari
10795,1157,830,9,33,4,1:41.334,1:40.951,1:40.903,2025,13,13,Belgian Grand Prix,2025-07-27,Max Verstappen,VER,33.0,Red Bull
10796,1157,848,3,23,5,1:41.772,1:41.505,1:41.201,2025,13,13,Belgian Grand Prix,2025-07-27,Alexander Albon,ALB,23.0,Williams
10797,1157,847,131,63,6,1:41.784,1:41.254,1:41.260,2025,13,13,Belgian Grand Prix,2025-07-27,George Russell,RUS,63.0,Mercedes
10798,1157,852,9,22,7,1:41.840,1:41.245,1:41.284,2025,13,13,Belgian Grand Prix,2025-07-27,Yuki Tsunoda,TSU,22.0,Red Bull
10799,1157,865,215,6,8,1:41.572,1:41.281,1:41.310,2025,13,13,Belgian Grand Prix,2025-07-27,Isack Hadjar,HAD,6.0,RB F1 Team
10800,1157,859,215,30,9,1:41.748,1:41.297,1:41.328,2025,13,13,Belgian Grand Prix,2025-07-27,Liam Lawson,LAW,30.0,RB F1 Team
10801,1157,864,15,5,10,1:41.908,1:41.336,1:42.387,2025,13,13,Belgian Grand Prix,2025-07-27,Gabriel Bortoleto,BOR,5.0,Sauber
10802,1157,839,210,31,11,1:41.884,1:41.525,,2025,13,13,Belgian Grand Prix,2025-07-27,Esteban Ocon,OCO,31.0,Haas F1 Team
10803,1157,860,210,87,12,1:41.617,1:41.617,,2025,13,13,Belgian Grand Prix,2025-07-27,Oliver Bearman,BEA,38.0,Haas F1 Team
10804,1157,842,214,10,13,1:41.800,1:41.633,,2025,13,13,Belgian Grand Prix,2025-07-27,Pierre Gasly,GAS,10.0,Alpine F1 Team
10805,1157,807,15,27,14,1:41.844,1:41.707,,2025,13,13,Belgian Grand Prix,2025-07-27,Nico Hülkenberg,HUL,27.0,Sauber
10806,1157,832,3,55,15,1:41.691,1:41.758,,2025,13,13,Belgian Grand Prix,2025-07-27,Carlos Sainz,SAI,55.0,Williams
10807,1157,1,6,44,16,1:41.939,,,2025,13,13,Belgian Grand Prix,2025-07-27,Lewis Hamilton,HAM,44.0,Ferrari
10808,1157,861,214,43,17,1:42.022,,,2025,13,13,Belgian Grand Prix,2025-07-27,Franco Colapinto,COL,43.0,Alpine F1 Team
10809,1157,863,131,12,18,1:42.139,,,2025,13,13,Belgian Grand Prix,2025-07-27,Andrea Kimi Antonelli,ANT,12.0,Mercedes
10810,1157,4,117,14,19,1:42.385,,,2025,13,13,Belgian Grand Prix,2025-07-27,Fernando Alonso,ALO,14.0,Aston Martin
10811,1157,840,117,18,20,1:42.502,,,2025,13,13,Belgian Grand Prix,2025-07-27,Lance Stroll,STR,18.0,Aston Martin
10812,1158,844,6,16,1,1:15.582,1:15.455,1:15.372,2025,14,11,Hungarian Grand Prix,2025-08-03,Charles Leclerc,LEC,16.0,Ferrari
10813,1158,857,1,81,2,1:15.211,1:14.941,1:15.398,2025,14,11,Hungarian Grand Prix,2025-08-03,Oscar Piastri,PIA,81.0,McLaren
10814,1158,846,1,4,3,1:15.523,1:14.890,1:15.413,2025,14,11,Hungarian Grand Prix,2025-08-03,Lando Norris,NOR,4.0,McLaren
10815,1158,847,131,63,4,1:15.627,1:15.201,1:15.425,2025,14,11,Hungarian Grand Prix,2025-08-03,George Russell,RUS,63.0,Mercedes
10816,1158,4,117,14,5,1:15.281,1:15.395,1:15.481,2025,14,11,Hungarian Grand Prix,2025-08-03,Fernando Alonso,ALO,14.0,Aston Martin
10817,1158,840,117,18,6,1:15.673,1:15.129,1:15.498,2025,14,11,Hungarian Grand Prix,2025-08-03,Lance Stroll,STR,18.0,Aston Martin
10818,1158,864,15,5,7,1:15.586,1:15.687,1:15.725,2025,14,11,Hungarian Grand Prix,2025-08-03,Gabriel Bortoleto,BOR,5.0,Sauber
10819,1158,830,9,33,8,1:15.736,1:15.547,1:15.728,2025,14,11,Hungarian Grand Prix,2025-08-03,Max Verstappen,VER,33.0,Red Bull
10820,1158,859,215,30,9,1:15.849,1:15.630,1:15.821,2025,14,11,Hungarian Grand Prix,2025-08-03,Liam Lawson,LAW,30.0,RB F1 Team
10821,1158,865,215,6,10,1:15.516,1:15.469,1:15.915,2025,14,11,Hungarian Grand Prix,2025-08-03,Isack Hadjar,HAD,6.0,RB F1 Team
10822,1158,860,210,87,11,1:15.750,1:15.694,,2025,14,11,Hungarian Grand Prix,2025-08-03,Oliver Bearman,BEA,38.0,Haas F1 Team
10823,1158,1,6,44,12,1:15.733,1:15.702,,2025,14,11,Hungarian Grand Prix,2025-08-03,Lewis Hamilton,HAM,44.0,Ferrari
10824,1158,832,3,55,13,1:15.652,1:15.781,,2025,14,11,Hungarian Grand Prix,2025-08-03,Carlos Sainz,SAI,55.0,Williams
10825,1158,861,214,43,14,1:15.875,1:16.159,,2025,14,11,Hungarian Grand Prix,2025-08-03,Franco Colapinto,COL,43.0,Alpine F1 Team
10826,1158,863,131,12,15,1:15.782,1:16.386,,2025,14,11,Hungarian Grand Prix,2025-08-03,Andrea Kimi Antonelli,ANT,12.0,Mercedes
10827,1158,852,9,22,16,1:15.899,,,2025,14,11,Hungarian Grand Prix,2025-08-03,Yuki Tsunoda,TSU,22.0,Red Bull
10828,1158,842,214,10,17,1:15.966,,,2025,14,11,Hungarian Grand Prix,2025-08-03,Pierre Gasly,GAS,10.0,Alpine F1 Team
10829,1158,839,210,31,18,1:16.023,,,2025,14,11,Hungarian Grand Prix,2025-08-03,Esteban Ocon,OCO,31.0,Haas F1 Team
10830,1158,807,15,27,19,1:16.081,,,2025,14,11,Hungarian Grand Prix,2025-08-03,Nico Hülkenberg,HUL,27.0,Sauber
10831,1158,848,3,23,20,1:16.223,,,2025,14,11,Hungarian Grand Prix,2025-08-03,Alexander Albon,ALB,23.0,Williams
10832,1159,857,1,81,1,1:09.338,1:08.964,1:08.662,2025,15,39,Dutch Grand Prix,2025-08-31,Oscar Piastri,PIA,81.0,McLaren
10833,1159,846,1,4,2,1:09.469,1:08.874,1:08.674,2025,15,39,Dutch Grand Prix,2025-08-31,Lando Norris,NOR,4.0,McLaren
10834,1159,830,9,33,3,1:09.696,1:09.122,1:08.925,2025,15,39,Dutch Grand Prix,2025-08-31,Max Verstappen,VER,33.0,Red Bull
10835,1159,865,215,6,4,1:09.966,1:09.439,1:09.208,2025,15,39,Dutch Grand Prix,2025-08-31,Isack Hadjar,HAD,6.0,RB F1 Team
10836,1159,847,131,63,5,1:09.676,1:09.313,1:09.255,2025,15,39,Dutch Grand Prix,2025-08-31,George Russell,RUS,63.0,Mercedes
10837,1159,844,6,16,6,1:09.906,1:09.304,1:09.340,2025,15,39,Dutch Grand Prix,2025-08-31,Charles Leclerc,LEC,16.0,Ferrari
10838,1159,1,6,44,7,1:09.900,1:09.261,1:09.390,2025,15,39,Dutch Grand Prix,2025-08-31,Lewis Hamilton,HAM,44.0,Ferrari
10839,1159,859,215,30,8,1:09.779,1:09.383,1:09.500,2025,15,39,Dutch Grand Prix,2025-08-31,Liam Lawson,LAW,30.0,RB F1 Team
10840,1159,832,3,55,9,1:09.980,1:09.472,1:09.505,2025,15,39,Dutch Grand Prix,2025-08-31,Carlos Sainz,SAI,55.0,Williams
10841,1159,4,117,14,10,1:09.950,1:09.366,1:09.630,2025,15,39,Dutch Grand Prix,2025-08-31,Fernando Alonso,ALO,14.0,Aston Martin
10842,1159,863,131,12,11,1:09.845,1:09.493,,2025,15,39,Dutch Grand Prix,2025-08-31,Andrea Kimi Antonelli,ANT,12.0,Mercedes
10843,1159,852,9,22,12,1:09.954,1:09.622,,2025,15,39,Dutch Grand Prix,2025-08-31,Yuki Tsunoda,TSU,22.0,Red Bull
10844,1159,864,15,5,13,1:10.037,1:09.622,,2025,15,39,Dutch Grand Prix,2025-08-31,Gabriel Bortoleto,BOR,5.0,Sauber
10845,1159,842,214,10,14,1:09.894,1:09.637,,2025,15,39,Dutch Grand Prix,2025-08-31,Pierre Gasly,GAS,10.0,Alpine F1 Team
10846,1159,848,3,23,15,1:09.792,1:09.652,,2025,15,39,Dutch Grand Prix,2025-08-31,Alexander Albon,ALB,23.0,Williams
10847,1159,861,214,43,16,1:10.104,,,2025,15,39,Dutch Grand Prix,2025-08-31,Franco Colapinto,COL,43.0,Alpine F1 Team
10848,1159,807,15,27,17,1:10.195,,,2025,15,39,Dutch Grand Prix,2025-08-31,Nico Hülkenberg,HUL,27.0,Sauber
10849,1159,839,210,31,18,1:10.197,,,2025,15,39,Dutch Grand Prix,2025-08-31,Esteban Ocon,OCO,31.0,Haas F1 Team
10850,1159,860,210,87,19,1:10.262,,,2025,15,39,Dutch Grand Prix,2025-08-31,Oliver Bearman,BEA,38.0,Haas F1 Team
10851,1159,840,117,18,20,,,,2025,15,39,Dutch Grand Prix,2025-08-31,Lance Stroll,STR,18.0,Aston Martin
10852,1160,830,9,33,1,1:19.455,1:19.140,1:18.792,2025,16,14,Italian Grand Prix,2025-09-07,Max Verstappen,VER,33.0,Red Bull
10853,1160,846,1,4,2,1:19.517,1:19.293,1:18.869,2025,16,14,Italian Grand Prix,2025-09-07,Lando Norris,NOR,4.0,McLaren
10854,1160,857,1,81,3,1:19.711,1:19.286,1:18.982,2025,16,14,Italian Grand Prix,2025-09-07,Oscar Piastri,PIA,81.0,McLaren
10855,1160,844,6,16,4,1:19.689,1:19.310,1:19.007,2025,16,14,Italian Grand Prix,2025-09-07,Charles Leclerc,LEC,16.0,Ferrari
10856,1160,1,6,44,5,1:19.765,1:19.371,1:19.124,2025,16,14,Italian Grand Prix,2025-09-07,Lewis Hamilton,HAM,44.0,Ferrari
10857,1160,847,131,63,6,1:19.414,1:19.287,1:19.157,2025,16,14,Italian Grand Prix,2025-09-07,George Russell,RUS,63.0,Mercedes
10858,1160,863,131,12,7,1:19.747,1:19.245,1:19.200,2025,16,14,Italian Grand Prix,2025-09-07,Andrea Kimi Antonelli,ANT,12.0,Mercedes
10859,1160,864,15,5,8,1:19.688,1:19.323,1:19.390,2025,16,14,Italian Grand Prix,2025-09-07,Gabriel Bortoleto,BOR,5.0,Sauber
10860,1160,4,117,14,9,1:19.658,1:19.362,1:19.424,2025,16,14,Italian Grand Prix,2025-09-07,Fernando Alonso,ALO,14.0,Aston Martin
10861,1160,852,9,22,10,1:19.619,1:19.433,1:19.519,2025,16,14,Italian Grand Prix,2025-09-07,Yuki Tsunoda,TSU,22.0,Red Bull
10862,1160,860,210,87,11,1:19.688,1:19.446,,2025,16,14,Italian Grand Prix,2025-09-07,Oliver Bearman,BEA,38.0,Haas F1 Team
10863,1160,807,15,27,12,1:19.777,1:19.498,,2025,16,14,Italian Grand Prix,2025-09-07,Nico Hülkenberg,HUL,27.0,Sauber
10864,1160,832,3,55,13,1:19.644,1:19.528,,2025,16,14,Italian Grand Prix,2025-09-07,Carlos Sainz,SAI,55.0,Williams
10865,1160,848,3,23,14,1:19.837,1:19.583,,2025,16,14,Italian Grand Prix,2025-09-07,Alexander Albon,ALB,23.0,Williams
10866,1160,839,210,31,15,1:19.816,1:19.707,,2025,16,14,Italian Grand Prix,2025-09-07,Esteban Ocon,OCO,31.0,Haas F1 Team
10867,1160,865,215,6,16,1:19.917,,,2025,16,14,Italian Grand Prix,2025-09-07,Isack Hadjar,HAD,6.0,RB F1 Team
10868,1160,840,117,18,17,1:19.948,,,2025,16,14,Italian Grand Prix,2025-09-07,Lance Stroll,STR,18.0,Aston Martin
10869,1160,861,214,43,18,1:19.992,,,2025,16,14,Italian Grand Prix,2025-09-07,Franco Colapinto,COL,43.0,Alpine F1 Team
10870,1160,842,214,10,19,1:20.103,,,2025,16,14,Italian Grand Prix,2025-09-07,Pierre Gasly,GAS,10.0,Alpine F1 Team
10871,1160,859,215,30,20,1:20.279,,,2025,16,14,Italian Grand Prix,2025-09-07,Liam Lawson,LAW,30.0,RB F1 Team
10872,1161,830,9,33,1,1:41.331,1:41.255,1:41.117,2025,17,73,Azerbaijan Grand Prix,2025-09-21,Max Verstappen,VER,33.0,Red Bull
10873,1161,832,3,55,2,1:42.635,1:41.675,1:41.595,2025,17,73,Azerbaijan Grand Prix,2025-09-21,Carlos Sainz,SAI,55.0,Williams
10874,1161,859,215,30,3,1:42.257,1:41.537,1:41.707,2025,17,73,Azerbaijan Grand Prix,2025-09-21,Liam Lawson,LAW,30.0,RB F1 Team
10875,1161,863,131,12,4,1:42.247,1:41.464,1:41.717,2025,17,73,Azerbaijan Grand Prix,2025-09-21,Andrea Kimi Antonelli,ANT,12.0,Mercedes
10876,1161,847,131,63,5,1:41.646,1:41.455,1:42.070,2025,17,73,Azerbaijan Grand Prix,2025-09-21,George Russell,RUS,63.0,Mercedes
10877,1161,852,9,22,6,1:42.347,1:41.788,1:42.143,2025,17,73,Azerbaijan Grand Prix,2025-09-21,Yuki Tsunoda,TSU,22.0,Red Bull
10878,1161,846,1,4,7,1:41.322,1:41.396,1:42.239,2025,17,73,Azerbaijan Grand Prix,2025-09-21,Lando Norris,NOR,4.0,McLaren
10879,1161,865,215,6,8,1:41.656,1:41.647,1:42.372,2025,17,73,Azerbaijan Grand Prix,2025-09-21,Isack Hadjar,HAD,6.0,RB F1 Team
10880,1161,857,1,81,9,1:41.839,1:41.414,,2025,17,73,Azerbaijan Grand Prix,2025-09-21,Oscar Piastri,PIA,81.0,McLaren
10881,1161,844,6,16,10,1:41.458,1:41.519,,2025,17,73,Azerbaijan Grand Prix,2025-09-21,Charles Leclerc,LEC,16.0,Ferrari
10882,1161,4,117,14,11,1:42.211,1:41.857,,2025,17,73,Azerbaijan Grand Prix,2025-09-21,Fernando Alonso,ALO,14.0,Aston Martin
10883,1161,1,6,44,12,1:41.821,1:42.183,,2025,17,73,Azerbaijan Grand Prix,2025-09-21,Lewis Hamilton,HAM,44.0,Ferrari
10884,1161,864,15,5,13,1:42.511,1:42.277,,2025,17,73,Azerbaijan Grand Prix,2025-09-21,Gabriel Bortoleto,BOR,5.0,Sauber
10885,1161,840,117,18,14,1:42.101,1:43.061,,2025,17,73,Azerbaijan Grand Prix,2025-09-21,Lance Stroll,STR,18.0,Aston Martin
10886,1161,860,210,87,15,1:42.666,,,2025,17,73,Azerbaijan Grand Prix,2025-09-21,Oliver Bearman,BEA,38.0,Haas F1 Team
10887,1161,861,214,43,16,1:42.779,,,2025,17,73,Azerbaijan Grand Prix,2025-09-21,Franco Colapinto,COL,43.0,Alpine F1 Team
10888,1161,807,15,27,17,1:42.916,,,2025,17,73,Azerbaijan Grand Prix,2025-09-21,Nico Hülkenberg,HUL,27.0,Sauber
10889,1161,842,214,10,18,1:43.139,,,2025,17,73,Azerbaijan Grand Prix,2025-09-21,Pierre Gasly,GAS,10.0,Alpine F1 Team
10890,1161,848,3,23,19,1:43.778,,,2025,17,73,Azerbaijan Grand Prix,2025-09-21,Alexander Albon,ALB,23.0,Williams
10891,1161,839,210,31,20,,,,2025,17,73,Azerbaijan Grand Prix,2025-09-21,Esteban Ocon,OCO,31.0,Haas F1 Team
10892,1162,847,131,63,1,1:29.928,1:29.562,1:29.158,2025,18,15,Singapore Grand Prix,2025-10-05,George Russell,RUS,63.0,Mercedes
10893,1162,830,9,33,2,1:30.028,1:29.572,1:29.340,2025,18,15,Singapore Grand Prix,2025-10-05,Max Verstappen,VER,33.0,Red Bull
10894,1162,857,1,81,3,1:30.313,1:29.813,1:29.524,2025,18,15,Singapore Grand Prix,2025-10-05,Oscar Piastri,PIA,81.0,McLaren
10895,1162,863,131,12,4,1:30.036,1:29.649,1:29.537,2025,18,15,Singapore Grand Prix,2025-10-05,Andrea Kimi Antonelli,ANT,12.0,Mercedes
10896,1162,846,1,4,5,1:29.932,1:29.809,1:29.586,2025,18,15,Singapore Grand Prix,2025-10-05,Lando Norris,NOR,4.0,McLaren
10897,1162,1,6,44,6,1:29.765,1:29.936,1:29.688,2025,18,15,Singapore Grand Prix,2025-10-05,Lewis Hamilton,HAM,44.0,Ferrari
10898,1162,844,6,16,7,1:30.370,1:29.914,1:29.784,2025,18,15,Singapore Grand Prix,2025-10-05,Charles Leclerc,LEC,16.0,Ferrari
10899,1162,865,215,6,8,1:30.214,1:30.016,1:29.846,2025,18,15,Singapore Grand Prix,2025-10-05,Isack Hadjar,HAD,6.0,RB F1 Team
10900,1162,860,210,87,9,1:30.420,1:30.076,1:29.868,2025,18,15,Singapore Grand Prix,2025-10-05,Oliver Bearman,BEA,38.0,Haas F1 Team
10901,1162,4,117,14,10,1:30.745,1:30.054,1:29.955,2025,18,15,Singapore Grand Prix,2025-10-05,Fernando Alonso,ALO,14.0,Aston Martin
10902,1162,807,15,27,11,1:30.715,1:30.141,,2025,18,15,Singapore Grand Prix,2025-10-05,Nico Hülkenberg,HUL,27.0,Sauber
10903,1162,859,215,30,12,1:30.681,1:30.320,,2025,18,15,Singapore Grand Prix,2025-10-05,Liam Lawson,LAW,30.0,RB F1 Team
10904,1162,848,3,23,12,,1:30.202,,2025,18,15,Singapore Grand Prix,2025-10-05,Alexander Albon,ALB,23.0,Williams
10905,1162,852,9,22,13,1:30.574,1:30.353,,2025,18,15,Singapore Grand Prix,2025-10-05,Yuki Tsunoda,TSU,22.0,Red Bull
10906,1162,832,3,55,13,,1:30.235,,2025,18,15,Singapore Grand Prix,2025-10-05,Carlos Sainz,SAI,55.0,Williams
10907,1162,864,15,5,14,1:30.820,,,2025,18,15,Singapore Grand Prix,2025-10-05,Gabriel Bortoleto,BOR,5.0,Sauber
10908,1162,840,117,18,15,1:30.949,,,2025,18,15,Singapore Grand Prix,2025-10-05,Lance Stroll,STR,18.0,Aston Martin
10909,1162,861,214,43,16,1:30.982,,,2025,18,15,Singapore Grand Prix,2025-10-05,Franco Colapinto,COL,43.0,Alpine F1 Team
10910,1162,839,210,31,17,1:30.989,,,2025,18,15,Singapore Grand Prix,2025-10-05,Esteban Ocon,OCO,31.0,Haas F1 Team
10911,1162,842,214,10,18,1:31.261,,,2025,18,15,Singapore Grand Prix,2025-10-05,Pierre Gasly,GAS,10.0,Alpine F1 Team
10912,1163,830,9,33,1,1:33.207,1:32.701,1:32.510,2025,19,69,United States Grand Prix,2025-10-19,Max Verstappen,VER,33.0,Red Bull
10913,1163,846,1,4,2,1:33.843,1:32.876,1:32.801,2025,19,69,United States Grand Prix,2025-10-19,Lando Norris,NOR,4.0,McLaren
10914,1163,844,6,16,3,1:33.525,1:32.869,1:32.807,2025,19,69,United States Grand Prix,2025-10-19,Charles Leclerc,LEC,16.0,Ferrari
10915,1163,847,131,63,4,1:33.311,1:33.058,1:32.826,2025,19,69,United States Grand Prix,2025-10-19,George Russell,RUS,63.0,Mercedes
10916,1163,1,6,44,5,1:33.685,1:32.914,1:32.912,2025,19,69,United States Grand Prix,2025-10-19,Lewis Hamilton,HAM,44.0,Ferrari
10917,1163,857,1,81,6,1:33.746,1:33.228,1:33.084,2025,19,69,United States Grand Prix,2025-10-19,Oscar Piastri,PIA,81.0,McLaren
10918,1163,863,131,12,7,1:33.501,1:33.044,1:33.114,2025,19,69,United States Grand Prix,2025-10-19,Andrea Kimi Antonelli,ANT,12.0,Mercedes
10919,1163,860,210,87,8,1:33.921,1:33.238,1:33.139,2025,19,69,United States Grand Prix,2025-10-19,Oliver Bearman,BEA,38.0,Haas F1 Team
10920,1163,832,3,55,9,1:33.739,1:33.124,1:33.150,2025,19,69,United States Grand Prix,2025-10-19,Carlos Sainz,SAI,55.0,Williams
10921,1163,4,117,14,10,1:33.741,1:33.237,1:33.160,2025,19,69,United States Grand Prix,2025-10-19,Fernando Alonso,ALO,14.0,Aston Martin
10922,1163,807,15,27,11,1:33.551,1:33.334,,2025,19,69,United States Grand Prix,2025-10-19,Nico Hülkenberg,HUL,27.0,Sauber
10923,1163,859,215,30,12,1:33.549,1:33.360,,2025,19,69,United States Grand Prix,2025-10-19,Liam Lawson,LAW,30.0,RB F1 Team
10924,1163,852,9,22,13,1:33.935,1:33.466,,2025,19,69,United States Grand Prix,2025-10-19,Yuki Tsunoda,TSU,22.0,Red Bull
10925,1163,842,214,10,14,1:33.599,1:33.651,,2025,19,69,United States Grand Prix,2025-10-19,Pierre Gasly,GAS,10.0,Alpine F1 Team
10926,1163,861,214,43,15,1:34.039,1:34.044,,2025,19,69,United States Grand Prix,2025-10-19,Franco Colapinto,COL,43.0,Alpine F1 Team
10927,1163,864,15,5,16,1:34.125,,,2025,19,69,United States Grand Prix,2025-10-19,Gabriel Bortoleto,BOR,5.0,Sauber
10928,1163,839,210,31,17,1:34.136,,,2025,19,69,United States Grand Prix,2025-10-19,Esteban Ocon,OCO,31.0,Haas F1 Team
10929,1163,840,117,18,18,1:34.540,,,2025,19,69,United States Grand Prix,2025-10-19,Lance Stroll,STR,18.0,Aston Martin
10930,1163,848,3,23,19,1:34.690,,,2025,19,69,United States Grand Prix,2025-10-19,Alexander Albon,ALB,23.0,Williams
10931,1163,865,215,6,20,,,,2025,19,69,United States Grand Prix,2025-10-19,Isack Hadjar,HAD,6.0,RB F1 Team
10932,1164,846,1,4,1,1:16.899,1:16.252,1:15.586,2025,20,32,Mexico City Grand Prix,2025-10-26,Lando Norris,NOR,4.0,McLaren
10933,1164,844,6,16,2,1:17.024,1:16.658,1:15.848,2025,20,32,Mexico City Grand Prix,2025-10-26,Charles Leclerc,LEC,16.0,Ferrari
10934,1164,1,6,44,3,1:16.736,1:16.458,1:15.938,2025,20,32,Mexico City Grand Prix,2025-10-26,Lewis Hamilton,HAM,44.0,Ferrari
10935,1164,847,131,63,4,1:16.895,1:16.537,1:16.034,2025,20,32,Mexico City Grand Prix,2025-10-26,George Russell,RUS,63.0,Mercedes
10936,1164,830,9,33,5,1:17.076,1:16.605,1:16.070,2025,20,32,Mexico City Grand Prix,2025-10-26,Max Verstappen,VER,33.0,Red Bull
10937,1164,863,131,12,6,1:17.291,1:16.773,1:16.118,2025,20,32,Mexico City Grand Prix,2025-10-26,Andrea Kimi Antonelli,ANT,12.0,Mercedes
10938,1164,832,3,55,7,1:17.171,1:16.607,1:16.172,2025,20,32,Mexico City Grand Prix,2025-10-26,Carlos Sainz,SAI,55.0,Williams
10939,1164,857,1,81,8,1:17.158,1:16.737,1:16.174,2025,20,32,Mexico City Grand Prix,2025-10-26,Oscar Piastri,PIA,81.0,McLaren
10940,1164,865,215,6,9,1:16.733,1:16.804,1:16.252,2025,20,32,Mexico City Grand Prix,2025-10-26,Isack Hadjar,HAD,6.0,RB F1 Team
10941,1164,860,210,87,10,1:17.040,1:16.787,1:16.460,2025,20,32,Mexico City Grand Prix,2025-10-26,Oliver Bearman,BEA,38.0,Haas F1 Team
10942,1164,852,9,22,11,1:17.234,1:16.816,,2025,20,32,Mexico City Grand Prix,2025-10-26,Yuki Tsunoda,TSU,22.0,Red Bull
10943,1164,839,210,31,12,1:16.948,1:16.837,,2025,20,32,Mexico City Grand Prix,2025-10-26,Esteban Ocon,OCO,31.0,Haas F1 Team
10944,1164,807,15,27,13,1:17.251,1:17.016,,2025,20,32,Mexico City Grand Prix,2025-10-26,Nico Hülkenberg,HUL,27.0,Sauber
10945,1164,4,117,14,14,1:17.232,1:17.103,,2025,20,32,Mexico City Grand Prix,2025-10-26,Fernando Alonso,ALO,14.0,Aston Martin
10946,1164,859,215,30,15,1:16.961,1:18.072,,2025,20,32,Mexico City Grand Prix,2025-10-26,Liam Lawson,LAW,30.0,RB F1 Team
10947,1164,864,15,5,16,1:17.412,,,2025,20,32,Mexico City Grand Prix,2025-10-26,Gabriel Bortoleto,BOR,5.0,Sauber
10948,1164,848,3,23,17,1:17.490,,,2025,20,32,Mexico City Grand Prix,2025-10-26,Alexander Albon,ALB,23.0,Williams
10949,1164,842,214,10,18,1:17.546,,,2025,20,32,Mexico City Grand Prix,2025-10-26,Pierre Gasly,GAS,10.0,Alpine F1 Team
10950,1164,840,117,18,19,1:17.606,,,2025,20,32,Mexico City Grand Prix,2025-10-26,Lance Stroll,STR,18.0,Aston Martin
10951,1164,861,214,43,20,1:17.670,,,2025,20,32,Mexico City Grand Prix,2025-10-26,Franco Colapinto,COL,43.0,Alpine F1 Team
10952,1165,846,1,4,1,1:09.656,1:09.616,1:09.511,2025,21,18,São Paulo Grand Prix,2025-11-09,Lando Norris,NOR,4.0,McLaren
10953,1165,863,131,12,2,1:10.192,1:09.774,1:09.685,2025,21,18,São Paulo Grand Prix,2025-11-09,Andrea Kimi Antonelli,ANT,12.0,Mercedes
10954,1165,844,6,16,3,1:09.934,1:09.801,1:09.805,2025,21,18,São Paulo Grand Prix,2025-11-09,Charles Leclerc,LEC,16.0,Ferrari
10955,1165,857,1,81,4,1:09.928,1:09.835,1:09.886,2025,21,18,São Paulo Grand Prix,2025-11-09,Oscar Piastri,PIA,81.0,McLaren
10956,1165,865,215,6,5,1:10.083,1:09.970,1:09.931,2025,21,18,São Paulo Grand Prix,2025-11-09,Isack Hadjar,HAD,6.0,RB F1 Team
10957,1165,847,131,63,6,1:09.935,1:09.880,1:09.942,2025,21,18,São Paulo Grand Prix,2025-11-09,George Russell,RUS,63.0,Mercedes
10958,1165,859,215,30,7,1:10.108,1:09.950,1:09.962,2025,21,18,São Paulo Grand Prix,2025-11-09,Liam Lawson,LAW,30.0,RB F1 Team
10959,1165,860,210,87,8,1:09.891,1:09.755,1:09.977,2025,21,18,São Paulo Grand Prix,2025-11-09,Oliver Bearman,BEA,38.0,Haas F1 Team
10960,1165,842,214,10,9,1:09.885,1:09.857,1:10.002,2025,21,18,São Paulo Grand Prix,2025-11-09,Pierre Gasly,GAS,10.0,Alpine F1 Team
10961,1165,807,15,27,10,1:10.337,1:09.985,1:10.039,2025,21,18,São Paulo Grand Prix,2025-11-09,Nico Hülkenberg,HUL,27.0,Sauber
10962,1165,4,117,14,11,1:10.181,1:10.001,,2025,21,18,São Paulo Grand Prix,2025-11-09,Fernando Alonso,ALO,14.0,Aston Martin
10963,1165,848,3,23,12,1:10.115,1:10.053,,2025,21,18,São Paulo Grand Prix,2025-11-09,Alexander Albon,ALB,23.0,Williams
10964,1165,1,6,44,13,1:10.016,1:10.100,,2025,21,18,São Paulo Grand Prix,2025-11-09,Lewis Hamilton,HAM,44.0,Ferrari
10965,1165,840,117,18,14,1:10.041,1:10.161,,2025,21,18,São Paulo Grand Prix,2025-11-09,Lance Stroll,STR,18.0,Aston Martin
10966,1165,832,3,55,15,1:10.184,1:10.472,,2025,21,18,São Paulo Grand Prix,2025-11-09,Carlos Sainz,SAI,55.0,Williams
10967,1165,830,9,33,16,1:10.403,,,2025,21,18,São Paulo Grand Prix,2025-11-09,Max Verstappen,VER,33.0,Red Bull
10968,1165,839,210,31,17,1:10.438,,,2025,21,18,São Paulo Grand Prix,2025-11-09,Esteban Ocon,OCO,31.0,Haas F1 Team
10969,1165,861,214,43,18,1:10.632,,,2025,21,18,São Paulo Grand Prix,2025-11-09,Franco Colapinto,COL,43.0,Alpine F1 Team
10970,1165,852,9,22,19,1:10.711,,,2025,21,18,São Paulo Grand Prix,2025-11-09,Yuki Tsunoda,TSU,22.0,Red Bull
10971,1166,846,1,4,1,1:55.473,1:51.379,1:47.934,2025,22,80,Las Vegas Grand Prix,2025-11-23,Lando Norris,NOR,4.0,McLaren
10972,1166,830,9,33,2,1:53.458,1:51.593,1:48.257,2025,22,80,Las Vegas Grand Prix,2025-11-23,Max Verstappen,VER,33.0,Red Bull
10973,1166,832,3,55,3,1:54.873,1:51.144,1:48.296,2025,22,80,Las Vegas Grand Prix,2025-11-23,Carlos Sainz,SAI,55.0,Williams
10974,1166,847,131,63,4,1:53.144,1:50.935,1:48.803,2025,22,80,Las Vegas Grand Prix,2025-11-23,George Russell,RUS,63.0,Mercedes
10975,1166,857,1,81,5,1:54.544,1:52.126,1:48.961,2025,22,80,Las Vegas Grand Prix,2025-11-23,Oscar Piastri,PIA,81.0,McLaren
10976,1166,859,215,30,6,1:54.828,1:51.621,1:49.062,2025,22,80,Las Vegas Grand Prix,2025-11-23,Liam Lawson,LAW,30.0,RB F1 Team
10977,1166,4,117,14,7,1:53.739,1:51.865,1:49.466,2025,22,80,Las Vegas Grand Prix,2025-11-23,Fernando Alonso,ALO,14.0,Aston Martin
10978,1166,865,215,6,8,1:55.613,1:51.120,1:49.554,2025,22,80,Las Vegas Grand Prix,2025-11-23,Isack Hadjar,HAD,6.0,RB F1 Team
10979,1166,844,6,16,9,1:54.814,1:51.952,1:49.872,2025,22,80,Las Vegas Grand Prix,2025-11-23,Charles Leclerc,LEC,16.0,Ferrari
10980,1166,842,214,10,10,1:54.432,1:51.760,1:51.540,2025,22,80,Las Vegas Grand Prix,2025-11-23,Pierre Gasly,GAS,10.0,Alpine F1 Team
10981,1166,807,15,27,11,1:54.555,1:52.781,,2025,22,80,Las Vegas Grand Prix,2025-11-23,Nico Hülkenberg,HUL,27.0,Sauber
10982,1166,840,117,18,12,1:54.416,1:52.850,,2025,22,80,Las Vegas Grand Prix,2025-11-23,Lance Stroll,STR,18.0,Aston Martin
10983,1166,839,210,31,13,1:54.635,1:52.987,,2025,22,80,Las Vegas Grand Prix,2025-11-23,Esteban Ocon,OCO,31.0,Haas F1 Team
10984,1166,860,210,87,14,1:56.016,1:53.094,,2025,22,80,Las Vegas Grand Prix,2025-11-23,Oliver Bearman,BEA,38.0,Haas F1 Team
10985,1166,861,214,43,15,1:54.847,1:53.683,,2025,22,80,Las Vegas Grand Prix,2025-11-23,Franco Colapinto,COL,43.0,Alpine F1 Team
10986,1166,848,3,23,16,1:56.220,,,2025,22,80,Las Vegas Grand Prix,2025-11-23,Alexander Albon,ALB,23.0,Williams
10987,1166,863,131,12,17,1:56.314,,,2025,22,80,Las Vegas Grand Prix,2025-11-23,Andrea Kimi Antonelli,ANT,12.0,Mercedes
10988,1166,864,15,5,18,1:56.674,,,2025,22,80,Las Vegas Grand Prix,2025-11-23,Gabriel Bortoleto,BOR,5.0,Sauber
10989,1166,852,9,22,19,1:56.798,,,2025,22,80,Las Vegas Grand Prix,2025-11-23,Yuki Tsunoda,TSU,22.0,Red Bull
10990,1166,1,6,44,20,1:57.115,,,2025,22,80,Las Vegas Grand Prix,2025-11-23,Lewis Hamilton,HAM,44.0,Ferrari
10991,1167,857,1,81,1,1:20.234,1:19.650,1:19.387,2025,23,78,Qatar Grand Prix,2025-11-30,Oscar Piastri,PIA,81.0,McLaren
10992,1167,846,1,4,2,1:20.157,1:19.861,1:19.495,2025,23,78,Qatar Grand Prix,2025-11-30,Lando Norris,NOR,4.0,McLaren
10993,1167,830,9,33,3,1:20.472,1:19.985,1:19.651,2025,23,78,Qatar Grand Prix,2025-11-30,Max Verstappen,VER,33.0,Red Bull
10994,1167,847,131,63,4,1:20.074,1:20.186,1:19.662,2025,23,78,Qatar Grand Prix,2025-11-30,George Russell,RUS,63.0,Mercedes
10995,1167,863,131,12,5,1:20.576,1:20.084,1:19.846,2025,23,78,Qatar Grand Prix,2025-11-30,Andrea Kimi Antonelli,ANT,12.0,Mercedes
10996,1167,865,215,6,6,1:20.603,1:20.350,1:20.114,2025,23,78,Qatar Grand Prix,2025-11-30,Isack Hadjar,HAD,6.0,RB F1 Team
10997,1167,832,3,55,7,1:20.520,1:20.251,1:20.287,2025,23,78,Qatar Grand Prix,2025-11-30,Carlos Sainz,SAI,55.0,Williams
10998,1167,4,117,14,8,1:20.598,1:20.219,1:20.418,2025,23,78,Qatar Grand Prix,2025-11-30,Fernando Alonso,ALO,14.0,Aston Martin
10999,1167,842,214,10,9,1:20.681,1:20.324,1:20.477,2025,23,78,Qatar Grand Prix,2025-11-30,Pierre Gasly,GAS,10.0,Alpine F1 Team
11000,1167,844,6,16,10,1:20.564,1:20.343,1:20.561,2025,23,78,Qatar Grand Prix,2025-11-30,Charles Leclerc,LEC,16.0,Ferrari
11001,1167,807,15,27,11,1:20.630,1:20.353,,2025,23,78,Qatar Grand Prix,2025-11-30,Nico Hülkenberg,HUL,27.0,Sauber
11002,1167,859,215,30,12,1:20.539,1:20.433,,2025,23,78,Qatar Grand Prix,2025-11-30,Liam Lawson,LAW,30.0,RB F1 Team
11003,1167,860,210,87,13,1:20.548,1:20.438,,2025,23,78,Qatar Grand Prix,2025-11-30,Oliver Bearman,BEA,38.0,Haas F1 Team
11004,1167,864,15,5,14,1:20.653,1:20.534,,2025,23,78,Qatar Grand Prix,2025-11-30,Gabriel Bortoleto,BOR,5.0,Sauber
11005,1167,848,3,23,15,1:20.629,1:20.629,,2025,23,78,Qatar Grand Prix,2025-11-30,Alexander Albon,ALB,23.0,Williams
11006,1167,852,9,22,16,1:20.761,,,2025,23,78,Qatar Grand Prix,2025-11-30,Yuki Tsunoda,TSU,22.0,Red Bull
11007,1167,839,210,31,17,1:20.864,,,2025,23,78,Qatar Grand Prix,2025-11-30,Esteban Ocon,OCO,31.0,Haas F1 Team
11008,1167,1,6,44,18,1:20.907,,,2025,23,78,Qatar Grand Prix,2025-11-30,Lewis Hamilton,HAM,44.0,Ferrari
11009,1167,840,117,18,19,1:21.058,,,2025,23,78,Qatar Grand Prix,2025-11-30,Lance Stroll,STR,18.0,Aston Martin
11010,1167,861,214,43,20,1:21.137,,,2025,23,78,Qatar Grand Prix,2025-11-30,Franco Colapinto,COL,43.0,Alpine F1 Team
11011,1168,830,9,33,1,1:22.877,1:22.752,1:22.207,2025,24,24,Abu Dhabi Grand Prix,2025-12-07,Max Verstappen,VER,33.0,Red Bull
11012,1168,846,1,4,2,1:23.178,1:22.804,1:22.408,2025,24,24,Abu Dhabi Grand Prix,2025-12-07,Lando Norris,NOR,4.0,McLaren
11013,1168,857,1,81,3,1:22.605,1:23.021,1:22.437,2025,24,24,Abu Dhabi Grand Prix,2025-12-07,Oscar Piastri,PIA,81.0,McLaren
11014,1168,847,131,63,4,1:23.247,1:22.730,1:22.645,2025,24,24,Abu Dhabi Grand Prix,2025-12-07,George Russell,RUS,63.0,Mercedes
11015,1168,844,6,16,5,1:23.163,1:22.948,1:22.730,2025,24,24,Abu Dhabi Grand Prix,2025-12-07,Charles Leclerc,LEC,16.0,Ferrari
11016,1168,4,117,14,6,1:23.071,1:22.861,1:22.902,2025,24,24,Abu Dhabi Grand Prix,2025-12-07,Fernando Alonso,ALO,14.0,Aston Martin
11017,1168,864,15,5,7,1:23.374,1:22.874,1:22.904,2025,24,24,Abu Dhabi Grand Prix,2025-12-07,Gabriel Bortoleto,BOR,5.0,Sauber
11018,1168,839,210,31,8,1:23.334,1:23.023,1:22.913,2025,24,24,Abu Dhabi Grand Prix,2025-12-07,Esteban Ocon,OCO,31.0,Haas F1 Team
11019,1168,865,215,6,9,1:23.373,1:22.997,1:23.072,2025,24,24,Abu Dhabi Grand Prix,2025-12-07,Isack Hadjar,HAD,6.0,RB F1 Team
11020,1168,852,9,22,10,1:23.386,1:23.034,,2025,24,24,Abu Dhabi Grand Prix,2025-12-07,Yuki Tsunoda,TSU,22.0,Red Bull
11021,1168,860,210,87,11,1:23.254,1:23.041,,2025,24,24,Abu Dhabi Grand Prix,2025-12-07,Oliver Bearman,BEA,38.0,Haas F1 Team
11022,1168,832,3,55,12,1:23.187,1:23.042,,2025,24,24,Abu Dhabi Grand Prix,2025-12-07,Carlos Sainz,SAI,55.0,Williams
11023,1168,859,215,30,13,1:23.265,1:23.077,,2025,24,24,Abu Dhabi Grand Prix,2025-12-07,Liam Lawson,LAW,30.0,RB F1 Team
11024,1168,863,131,12,14,1:22.894,1:23.080,,2025,24,24,Abu Dhabi Grand Prix,2025-12-07,Andrea Kimi Antonelli,ANT,12.0,Mercedes
11025,1168,840,117,18,15,1:23.316,1:23.097,,2025,24,24,Abu Dhabi Grand Prix,2025-12-07,Lance Stroll,STR,18.0,Aston Martin
11026,1168,1,6,44,16,1:23.394,,,2025,24,24,Abu Dhabi Grand Prix,2025-12-07,Lewis Hamilton,HAM,44.0,Ferrari
11027,1168,848,3,23,17,1:23.416,,,2025,24,24,Abu Dhabi Grand Prix,2025-12-07,Alexander Albon,ALB,23.0,Williams
11028,1168,807,15,27,18,1:23.450,,,2025,24,24,Abu Dhabi Grand Prix,2025-12-07,Nico Hülkenberg,HUL,27.0,Sauber
11029,1168,842,214,10,19,1:23.468,,,2025,24,24,Abu Dhabi Grand Prix,2025-12-07,Pierre Gasly,GAS,10.0,Alpine F1 Team
11030,1168,861,214,43,20,1:23.890,,,2025,24,24,Abu Dhabi Grand Prix,2025-12-07,Franco Colapinto,COL,43.0,Alpine F1 Team
